n_firms,shared_factor_correlation,cb_over_ch,n_periods,n_features,n_obs_heterogeneity,ridge_lambda,seed,local_seed_idx,master_seed,firm,metric,value
4,0.3,1.0,150,5,moderate,1.0,479243620,0,2026,firm_0,phi_operational,-0.013811002913890036
4,0.3,1.0,150,5,moderate,1.0,479243620,0,2026,firm_0,phi_accuracy,0.04071332198357236
4,0.3,1.0,150,5,moderate,1.0,479243620,0,2026,firm_0,ir_operational,0.0
4,0.3,1.0,150,5,moderate,1.0,479243620,0,2026,firm_0,ir_accuracy,1.0
4,0.3,1.0,150,5,moderate,1.0,479243620,0,2026,firm_1,phi_operational,0.714144859003703
4,0.3,1.0,150,5,moderate,1.0,479243620,0,2026,firm_1,phi_accuracy,0.034274014261805055
4,0.3,1.0,150,5,moderate,1.0,479243620,0,2026,firm_1,ir_operational,1.0
4,0.3,1.0,150,5,moderate,1.0,479243620,0,2026,firm_1,ir_accuracy,1.0
4,0.3,1.0,150,5,moderate,1.0,479243620,0,2026,firm_2,phi_operational,-0.7473966141153476
4,0.3,1.0,150,5,moderate,1.0,479243620,0,2026,firm_2,phi_accuracy,0.02301234271804009
4,0.3,1.0,150,5,moderate,1.0,479243620,0,2026,firm_2,ir_operational,0.0
4,0.3,1.0,150,5,moderate,1.0,479243620,0,2026,firm_2,ir_accuracy,1.0
4,0.3,1.0,150,5,moderate,1.0,479243620,0,2026,firm_3,phi_operational,-0.822021855911456
4,0.3,1.0,150,5,moderate,1.0,479243620,0,2026,firm_3,phi_accuracy,0.03701606037483388
4,0.3,1.0,150,5,moderate,1.0,479243620,0,2026,firm_3,ir_operational,0.0
4,0.3,1.0,150,5,moderate,1.0,479243620,0,2026,firm_3,ir_accuracy,1.0
4,0.3,1.0,150,5,moderate,1.0,479243620,0,2026,_summary,v_op_N,-0.869084613936991
4,0.3,1.0,150,5,moderate,1.0,479243620,0,2026,_summary,v_acc_N,0.1350157393382514
4,0.3,1.0,150,5,moderate,1.0,479243620,0,2026,_summary,spearman_rho,0.0
4,0.3,1.0,150,5,moderate,1.0,479243620,0,2026,_summary,payment_displacement,0.37307400444545646
4,0.3,1.0,150,5,moderate,1.0,479243620,0,2026,_summary,any_rank_reversal,1.0
4,0.3,1.0,150,5,moderate,1.0,479243620,0,2026,_summary,efficiency_gap_op,2.220446049250313e-16
4,0.3,1.0,150,5,moderate,1.0,454024514,1,2026,firm_0,phi_operational,3.1631274596206302
4,0.3,1.0,150,5,moderate,1.0,454024514,1,2026,firm_0,phi_accuracy,0.05722251485586025
4,0.3,1.0,150,5,moderate,1.0,454024514,1,2026,firm_0,ir_operational,1.0
4,0.3,1.0,150,5,moderate,1.0,454024514,1,2026,firm_0,ir_accuracy,1.0
4,0.3,1.0,150,5,moderate,1.0,454024514,1,2026,firm_1,phi_operational,-0.8016907816461725
4,0.3,1.0,150,5,moderate,1.0,454024514,1,2026,firm_1,phi_accuracy,0.02933691130395566
4,0.3,1.0,150,5,moderate,1.0,454024514,1,2026,firm_1,ir_operational,0.0
4,0.3,1.0,150,5,moderate,1.0,454024514,1,2026,firm_1,ir_accuracy,1.0
4,0.3,1.0,150,5,moderate,1.0,454024514,1,2026,firm_2,phi_operational,2.9130214376801526
4,0.3,1.0,150,5,moderate,1.0,454024514,1,2026,firm_2,phi_accuracy,0.014626848547231674
4,0.3,1.0,150,5,moderate,1.0,454024514,1,2026,firm_2,ir_operational,1.0
4,0.3,1.0,150,5,moderate,1.0,454024514,1,2026,firm_2,ir_accuracy,1.0
4,0.3,1.0,150,5,moderate,1.0,454024514,1,2026,firm_3,phi_operational,4.6947588894796155
4,0.3,1.0,150,5,moderate,1.0,454024514,1,2026,firm_3,phi_accuracy,0.010587385506021415
4,0.3,1.0,150,5,moderate,1.0,454024514,1,2026,firm_3,ir_operational,1.0
4,0.3,1.0,150,5,moderate,1.0,454024514,1,2026,firm_3,ir_accuracy,1.0
4,0.3,1.0,150,5,moderate,1.0,454024514,1,2026,_summary,v_op_N,9.969217005134226
4,0.3,1.0,150,5,moderate,1.0,454024514,1,2026,_summary,v_acc_N,0.111773660213069
4,0.3,1.0,150,5,moderate,1.0,454024514,1,2026,_summary,spearman_rho,-0.3999999999999999
4,0.3,1.0,150,5,moderate,1.0,454024514,1,2026,_summary,payment_displacement,0.25054398707428815
4,0.3,1.0,150,5,moderate,1.0,454024514,1,2026,_summary,any_rank_reversal,1.0
4,0.3,1.0,150,5,moderate,1.0,454024514,1,2026,_summary,efficiency_gap_op,0.0
4,0.3,1.0,150,5,moderate,1.0,1818751028,2,2026,firm_0,phi_operational,0.9530315270232136
4,0.3,1.0,150,5,moderate,1.0,1818751028,2,2026,firm_0,phi_accuracy,-0.014043938026530478
4,0.3,1.0,150,5,moderate,1.0,1818751028,2,2026,firm_0,ir_operational,1.0
4,0.3,1.0,150,5,moderate,1.0,1818751028,2,2026,firm_0,ir_accuracy,0.0
4,0.3,1.0,150,5,moderate,1.0,1818751028,2,2026,firm_1,phi_operational,0.9766467343501356
4,0.3,1.0,150,5,moderate,1.0,1818751028,2,2026,firm_1,phi_accuracy,-0.007381868589127741
4,0.3,1.0,150,5,moderate,1.0,1818751028,2,2026,firm_1,ir_operational,1.0
4,0.3,1.0,150,5,moderate,1.0,1818751028,2,2026,firm_1,ir_accuracy,0.0
4,0.3,1.0,150,5,moderate,1.0,1818751028,2,2026,firm_2,phi_operational,2.30780711371185
4,0.3,1.0,150,5,moderate,1.0,1818751028,2,2026,firm_2,phi_accuracy,0.0016892856886337644
4,0.3,1.0,150,5,moderate,1.0,1818751028,2,2026,firm_2,ir_operational,1.0
4,0.3,1.0,150,5,moderate,1.0,1818751028,2,2026,firm_2,ir_accuracy,1.0
4,0.3,1.0,150,5,moderate,1.0,1818751028,2,2026,firm_3,phi_operational,2.1973468737842694
4,0.3,1.0,150,5,moderate,1.0,1818751028,2,2026,firm_3,phi_accuracy,0.003687425674467744
4,0.3,1.0,150,5,moderate,1.0,1818751028,2,2026,firm_3,ir_operational,1.0
4,0.3,1.0,150,5,moderate,1.0,1818751028,2,2026,firm_3,ir_accuracy,1.0
4,0.3,1.0,150,5,moderate,1.0,1818751028,2,2026,_summary,v_op_N,6.434832248869469
4,0.3,1.0,150,5,moderate,1.0,1818751028,2,2026,_summary,v_acc_N,-0.01604909525255671
4,0.3,1.0,150,5,moderate,1.0,1818751028,2,2026,_summary,spearman_rho,0.8
4,0.3,1.0,150,5,moderate,1.0,1818751028,2,2026,_summary,payment_displacement,0.399697644682789
4,0.3,1.0,150,5,moderate,1.0,1818751028,2,2026,_summary,any_rank_reversal,1.0
4,0.3,1.0,150,5,moderate,1.0,1818751028,2,2026,_summary,efficiency_gap_op,0.0
4,0.3,1.0,150,5,moderate,1.0,2288458700,3,2026,firm_0,phi_operational,0.14039772819298219
4,0.3,1.0,150,5,moderate,1.0,2288458700,3,2026,firm_0,phi_accuracy,0.02101107579897556
4,0.3,1.0,150,5,moderate,1.0,2288458700,3,2026,firm_0,ir_operational,1.0
4,0.3,1.0,150,5,moderate,1.0,2288458700,3,2026,firm_0,ir_accuracy,1.0
4,0.3,1.0,150,5,moderate,1.0,2288458700,3,2026,firm_1,phi_operational,-0.2785217470923153
4,0.3,1.0,150,5,moderate,1.0,2288458700,3,2026,firm_1,phi_accuracy,0.014415026644474619
4,0.3,1.0,150,5,moderate,1.0,2288458700,3,2026,firm_1,ir_operational,0.0
4,0.3,1.0,150,5,moderate,1.0,2288458700,3,2026,firm_1,ir_accuracy,1.0
4,0.3,1.0,150,5,moderate,1.0,2288458700,3,2026,firm_2,phi_operational,1.0902150031605395
4,0.3,1.0,150,5,moderate,1.0,2288458700,3,2026,firm_2,phi_accuracy,0.020208935451863825
4,0.3,1.0,150,5,moderate,1.0,2288458700,3,2026,firm_2,ir_operational,1.0
4,0.3,1.0,150,5,moderate,1.0,2288458700,3,2026,firm_2,ir_accuracy,1.0
4,0.3,1.0,150,5,moderate,1.0,2288458700,3,2026,firm_3,phi_operational,1.5979109431818135
4,0.3,1.0,150,5,moderate,1.0,2288458700,3,2026,firm_3,phi_accuracy,0.02125929162361815
4,0.3,1.0,150,5,moderate,1.0,2288458700,3,2026,firm_3,ir_operational,1.0
4,0.3,1.0,150,5,moderate,1.0,2288458700,3,2026,firm_3,ir_accuracy,1.0
4,0.3,1.0,150,5,moderate,1.0,2288458700,3,2026,_summary,v_op_N,2.55000192744302
4,0.3,1.0,150,5,moderate,1.0,2288458700,3,2026,_summary,v_acc_N,0.07689432951893216
4,0.3,1.0,150,5,moderate,1.0,2288458700,3,2026,_summary,spearman_rho,0.8
4,0.3,1.0,150,5,moderate,1.0,2288458700,3,2026,_summary,payment_displacement,0.20776230720389122
4,0.3,1.0,150,5,moderate,1.0,2288458700,3,2026,_summary,any_rank_reversal,1.0
4,0.3,1.0,150,5,moderate,1.0,2288458700,3,2026,_summary,efficiency_gap_op,0.0
4,0.3,1.0,150,5,moderate,1.0,2115331525,4,2026,firm_0,phi_operational,-0.9448338136823414
4,0.3,1.0,150,5,moderate,1.0,2115331525,4,2026,firm_0,phi_accuracy,-0.011466103129438307
4,0.3,1.0,150,5,moderate,1.0,2115331525,4,2026,firm_0,ir_operational,0.0
4,0.3,1.0,150,5,moderate,1.0,2115331525,4,2026,firm_0,ir_accuracy,0.0
4,0.3,1.0,150,5,moderate,1.0,2115331525,4,2026,firm_1,phi_operational,1.1198098470532898
4,0.3,1.0,150,5,moderate,1.0,2115331525,4,2026,firm_1,phi_accuracy,0.0006048397800138272
4,0.3,1.0,150,5,moderate,1.0,2115331525,4,2026,firm_1,ir_operational,1.0
4,0.3,1.0,150,5,moderate,1.0,2115331525,4,2026,firm_1,ir_accuracy,1.0
4,0.3,1.0,150,5,moderate,1.0,2115331525,4,2026,firm_2,phi_operational,1.566836092948909
4,0.3,1.0,150,5,moderate,1.0,2115331525,4,2026,firm_2,phi_accuracy,0.022615921383266742
4,0.3,1.0,150,5,moderate,1.0,2115331525,4,2026,firm_2,ir_operational,1.0
4,0.3,1.0,150,5,moderate,1.0,2115331525,4,2026,firm_2,ir_accuracy,1.0
4,0.3,1.0,150,5,moderate,1.0,2115331525,4,2026,firm_3,phi_operational,1.3510527176650413
4,0.3,1.0,150,5,moderate,1.0,2115331525,4,2026,firm_3,phi_accuracy,0.008534630639805724
4,0.3,1.0,150,5,moderate,1.0,2115331525,4,2026,firm_3,ir_operational,1.0
4,0.3,1.0,150,5,moderate,1.0,2115331525,4,2026,firm_3,ir_accuracy,1.0
4,0.3,1.0,150,5,moderate,1.0,2115331525,4,2026,_summary,v_op_N,3.0928648439848985
4,0.3,1.0,150,5,moderate,1.0,2115331525,4,2026,_summary,v_acc_N,0.020289288673647987
4,0.3,1.0,150,5,moderate,1.0,2115331525,4,2026,_summary,spearman_rho,1.0
4,0.3,1.0,150,5,moderate,1.0,2115331525,4,2026,_summary,payment_displacement,0.14222417924761457
4,0.3,1.0,150,5,moderate,1.0,2115331525,4,2026,_summary,any_rank_reversal,0.0
4,0.3,1.0,150,5,moderate,1.0,2115331525,4,2026,_summary,efficiency_gap_op,0.0
4,0.3,1.0,150,5,moderate,1.0,2666256175,5,2026,firm_0,phi_operational,-0.7266349782098563
4,0.3,1.0,150,5,moderate,1.0,2666256175,5,2026,firm_0,phi_accuracy,0.02606195649983667
4,0.3,1.0,150,5,moderate,1.0,2666256175,5,2026,firm_0,ir_operational,0.0
4,0.3,1.0,150,5,moderate,1.0,2666256175,5,2026,firm_0,ir_accuracy,1.0
4,0.3,1.0,150,5,moderate,1.0,2666256175,5,2026,firm_1,phi_operational,-1.301481607342815
4,0.3,1.0,150,5,moderate,1.0,2666256175,5,2026,firm_1,phi_accuracy,0.02032758402278404
4,0.3,1.0,150,5,moderate,1.0,2666256175,5,2026,firm_1,ir_operational,0.0
4,0.3,1.0,150,5,moderate,1.0,2666256175,5,2026,firm_1,ir_accuracy,1.0
4,0.3,1.0,150,5,moderate,1.0,2666256175,5,2026,firm_2,phi_operational,1.4775895522527591
4,0.3,1.0,150,5,moderate,1.0,2666256175,5,2026,firm_2,phi_accuracy,0.04226708683788327
4,0.3,1.0,150,5,moderate,1.0,2666256175,5,2026,firm_2,ir_operational,1.0
4,0.3,1.0,150,5,moderate,1.0,2666256175,5,2026,firm_2,ir_accuracy,1.0
4,0.3,1.0,150,5,moderate,1.0,2666256175,5,2026,firm_3,phi_operational,-2.1590581176105013
4,0.3,1.0,150,5,moderate,1.0,2666256175,5,2026,firm_3,phi_accuracy,0.025246961629403614
4,0.3,1.0,150,5,moderate,1.0,2666256175,5,2026,firm_3,ir_operational,0.0
4,0.3,1.0,150,5,moderate,1.0,2666256175,5,2026,firm_3,ir_accuracy,1.0
4,0.3,1.0,150,5,moderate,1.0,2666256175,5,2026,_summary,v_op_N,-2.7095851509104136
4,0.3,1.0,150,5,moderate,1.0,2666256175,5,2026,_summary,v_acc_N,0.1139035889899076
4,0.3,1.0,150,5,moderate,1.0,2666256175,5,2026,_summary,spearman_rho,0.8
4,0.3,1.0,150,5,moderate,1.0,2666256175,5,2026,_summary,payment_displacement,0.3695806669390363
4,0.3,1.0,150,5,moderate,1.0,2666256175,5,2026,_summary,any_rank_reversal,1.0
4,0.3,1.0,150,5,moderate,1.0,2666256175,5,2026,_summary,efficiency_gap_op,0.0
4,0.3,1.0,150,5,moderate,1.0,975381835,6,2026,firm_0,phi_operational,7.351072429844582
4,0.3,1.0,150,5,moderate,1.0,975381835,6,2026,firm_0,phi_accuracy,0.10375361574535248
4,0.3,1.0,150,5,moderate,1.0,975381835,6,2026,firm_0,ir_operational,1.0
4,0.3,1.0,150,5,moderate,1.0,975381835,6,2026,firm_0,ir_accuracy,1.0
4,0.3,1.0,150,5,moderate,1.0,975381835,6,2026,firm_1,phi_operational,-3.7958213408812185
4,0.3,1.0,150,5,moderate,1.0,975381835,6,2026,firm_1,phi_accuracy,0.044127764527649195
4,0.3,1.0,150,5,moderate,1.0,975381835,6,2026,firm_1,ir_operational,0.0
4,0.3,1.0,150,5,moderate,1.0,975381835,6,2026,firm_1,ir_accuracy,1.0
4,0.3,1.0,150,5,moderate,1.0,975381835,6,2026,firm_2,phi_operational,4.82072191989558
4,0.3,1.0,150,5,moderate,1.0,975381835,6,2026,firm_2,phi_accuracy,0.0910229927986069
4,0.3,1.0,150,5,moderate,1.0,975381835,6,2026,firm_2,ir_operational,1.0
4,0.3,1.0,150,5,moderate,1.0,975381835,6,2026,firm_2,ir_accuracy,1.0
4,0.3,1.0,150,5,moderate,1.0,975381835,6,2026,firm_3,phi_operational,-2.5825672563603583
4,0.3,1.0,150,5,moderate,1.0,975381835,6,2026,firm_3,phi_accuracy,0.0729641805490118
4,0.3,1.0,150,5,moderate,1.0,975381835,6,2026,firm_3,ir_operational,0.0
4,0.3,1.0,150,5,moderate,1.0,975381835,6,2026,firm_3,ir_accuracy,1.0
4,0.3,1.0,150,5,moderate,1.0,975381835,6,2026,_summary,v_op_N,5.793405752498586
4,0.3,1.0,150,5,moderate,1.0,975381835,6,2026,_summary,v_acc_N,0.3118685536206204
4,0.3,1.0,150,5,moderate,1.0,975381835,6,2026,_summary,spearman_rho,1.0
4,0.3,1.0,150,5,moderate,1.0,975381835,6,2026,_summary,payment_displacement,0.2037207849032488
4,0.3,1.0,150,5,moderate,1.0,975381835,6,2026,_summary,any_rank_reversal,0.0
4,0.3,1.0,150,5,moderate,1.0,975381835,6,2026,_summary,efficiency_gap_op,0.0
4,0.3,1.0,150,5,moderate,1.0,2535166222,7,2026,firm_0,phi_operational,1.775960887621757
4,0.3,1.0,150,5,moderate,1.0,2535166222,7,2026,firm_0,phi_accuracy,-0.00015274273601531508
4,0.3,1.0,150,5,moderate,1.0,2535166222,7,2026,firm_0,ir_operational,1.0
4,0.3,1.0,150,5,moderate,1.0,2535166222,7,2026,firm_0,ir_accuracy,0.0
4,0.3,1.0,150,5,moderate,1.0,2535166222,7,2026,firm_1,phi_operational,0.8354838783088331
4,0.3,1.0,150,5,moderate,1.0,2535166222,7,2026,firm_1,phi_accuracy,0.06951622973829172
4,0.3,1.0,150,5,moderate,1.0,2535166222,7,2026,firm_1,ir_operational,1.0
4,0.3,1.0,150,5,moderate,1.0,2535166222,7,2026,firm_1,ir_accuracy,1.0
4,0.3,1.0,150,5,moderate,1.0,2535166222,7,2026,firm_2,phi_operational,0.6080355553324328
4,0.3,1.0,150,5,moderate,1.0,2535166222,7,2026,firm_2,phi_accuracy,-0.013631531845975736
4,0.3,1.0,150,5,moderate,1.0,2535166222,7,2026,firm_2,ir_operational,1.0
4,0.3,1.0,150,5,moderate,1.0,2535166222,7,2026,firm_2,ir_accuracy,0.0
4,0.3,1.0,150,5,moderate,1.0,2535166222,7,2026,firm_3,phi_operational,2.1065443575074143
4,0.3,1.0,150,5,moderate,1.0,2535166222,7,2026,firm_3,phi_accuracy,0.020413582437447092
4,0.3,1.0,150,5,moderate,1.0,2535166222,7,2026,firm_3,ir_operational,1.0
4,0.3,1.0,150,5,moderate,1.0,2535166222,7,2026,firm_3,ir_accuracy,1.0
4,0.3,1.0,150,5,moderate,1.0,2535166222,7,2026,_summary,v_op_N,5.3260246787704375
4,0.3,1.0,150,5,moderate,1.0,2535166222,7,2026,_summary,v_acc_N,0.07614553759374776
4,0.3,1.0,150,5,moderate,1.0,2535166222,7,2026,_summary,spearman_rho,0.4
4,0.3,1.0,150,5,moderate,1.0,2535166222,7,2026,_summary,payment_displacement,0.3231531261636893
4,0.3,1.0,150,5,moderate,1.0,2535166222,7,2026,_summary,any_rank_reversal,1.0
4,0.3,1.0,150,5,moderate,1.0,2535166222,7,2026,_summary,efficiency_gap_op,0.0
4,0.3,1.0,150,5,moderate,1.0,1079577930,8,2026,firm_0,phi_operational,-0.44086821968519985
4,0.3,1.0,150,5,moderate,1.0,1079577930,8,2026,firm_0,phi_accuracy,0.0018985153163457165
4,0.3,1.0,150,5,moderate,1.0,1079577930,8,2026,firm_0,ir_operational,0.0
4,0.3,1.0,150,5,moderate,1.0,1079577930,8,2026,firm_0,ir_accuracy,1.0
4,0.3,1.0,150,5,moderate,1.0,1079577930,8,2026,firm_1,phi_operational,0.256892472251972
4,0.3,1.0,150,5,moderate,1.0,1079577930,8,2026,firm_1,phi_accuracy,0.02118882317405333
4,0.3,1.0,150,5,moderate,1.0,1079577930,8,2026,firm_1,ir_operational,1.0
4,0.3,1.0,150,5,moderate,1.0,1079577930,8,2026,firm_1,ir_accuracy,1.0
4,0.3,1.0,150,5,moderate,1.0,1079577930,8,2026,firm_2,phi_operational,1.689073061355349
4,0.3,1.0,150,5,moderate,1.0,1079577930,8,2026,firm_2,phi_accuracy,0.04055298840408762
4,0.3,1.0,150,5,moderate,1.0,1079577930,8,2026,firm_2,ir_operational,1.0
4,0.3,1.0,150,5,moderate,1.0,1079577930,8,2026,firm_2,ir_accuracy,1.0
4,0.3,1.0,150,5,moderate,1.0,1079577930,8,2026,firm_3,phi_operational,0.03635576009470752
4,0.3,1.0,150,5,moderate,1.0,1079577930,8,2026,firm_3,phi_accuracy,0.01625623783043678
4,0.3,1.0,150,5,moderate,1.0,1079577930,8,2026,firm_3,ir_operational,1.0
4,0.3,1.0,150,5,moderate,1.0,1079577930,8,2026,firm_3,ir_accuracy,1.0
4,0.3,1.0,150,5,moderate,1.0,1079577930,8,2026,_summary,v_op_N,1.5414530740168289
4,0.3,1.0,150,5,moderate,1.0,1079577930,8,2026,_summary,v_acc_N,0.07989656472492346
4,0.3,1.0,150,5,moderate,1.0,1079577930,8,2026,_summary,spearman_rho,1.0
4,0.3,1.0,150,5,moderate,1.0,1079577930,8,2026,_summary,payment_displacement,0.18570696593710712
4,0.3,1.0,150,5,moderate,1.0,1079577930,8,2026,_summary,any_rank_reversal,0.0
4,0.3,1.0,150,5,moderate,1.0,1079577930,8,2026,_summary,efficiency_gap_op,2.220446049250313e-16
4,0.3,1.0,150,5,moderate,1.0,3715024065,9,2026,firm_0,phi_operational,-0.7710710665100653
4,0.3,1.0,150,5,moderate,1.0,3715024065,9,2026,firm_0,phi_accuracy,0.021223268058218742
4,0.3,1.0,150,5,moderate,1.0,3715024065,9,2026,firm_0,ir_operational,0.0
4,0.3,1.0,150,5,moderate,1.0,3715024065,9,2026,firm_0,ir_accuracy,1.0
4,0.3,1.0,150,5,moderate,1.0,3715024065,9,2026,firm_1,phi_operational,-2.885872250045433
4,0.3,1.0,150,5,moderate,1.0,3715024065,9,2026,firm_1,phi_accuracy,-0.024113160037856296
4,0.3,1.0,150,5,moderate,1.0,3715024065,9,2026,firm_1,ir_operational,0.0
4,0.3,1.0,150,5,moderate,1.0,3715024065,9,2026,firm_1,ir_accuracy,0.0
4,0.3,1.0,150,5,moderate,1.0,3715024065,9,2026,firm_2,phi_operational,0.8262263473493286
4,0.3,1.0,150,5,moderate,1.0,3715024065,9,2026,firm_2,phi_accuracy,-0.0008469788893146387
4,0.3,1.0,150,5,moderate,1.0,3715024065,9,2026,firm_2,ir_operational,1.0
4,0.3,1.0,150,5,moderate,1.0,3715024065,9,2026,firm_2,ir_accuracy,0.0
4,0.3,1.0,150,5,moderate,1.0,3715024065,9,2026,firm_3,phi_operational,1.0061202526155075
4,0.3,1.0,150,5,moderate,1.0,3715024065,9,2026,firm_3,phi_accuracy,-0.021391100229861293
4,0.3,1.0,150,5,moderate,1.0,3715024065,9,2026,firm_3,ir_operational,1.0
4,0.3,1.0,150,5,moderate,1.0,3715024065,9,2026,firm_3,ir_accuracy,0.0
4,0.3,1.0,150,5,moderate,1.0,3715024065,9,2026,_summary,v_op_N,-1.824596716590662
4,0.3,1.0,150,5,moderate,1.0,3715024065,9,2026,_summary,v_acc_N,-0.025127971098813484
4,0.3,1.0,150,5,moderate,1.0,3715024065,9,2026,_summary,spearman_rho,0.19999999999999996
4,0.3,1.0,150,5,moderate,1.0,3715024065,9,2026,_summary,payment_displacement,0.321580940566863
4,0.3,1.0,150,5,moderate,1.0,3715024065,9,2026,_summary,any_rank_reversal,1.0
4,0.3,1.0,150,5,moderate,1.0,3715024065,9,2026,_summary,efficiency_gap_op,0.0
4,0.3,1.0,150,5,moderate,1.0,2056590929,10,2026,firm_0,phi_operational,0.0124691738066076
4,0.3,1.0,150,5,moderate,1.0,2056590929,10,2026,firm_0,phi_accuracy,0.030212565398785723
4,0.3,1.0,150,5,moderate,1.0,2056590929,10,2026,firm_0,ir_operational,1.0
4,0.3,1.0,150,5,moderate,1.0,2056590929,10,2026,firm_0,ir_accuracy,1.0
4,0.3,1.0,150,5,moderate,1.0,2056590929,10,2026,firm_1,phi_operational,1.616036376338717
4,0.3,1.0,150,5,moderate,1.0,2056590929,10,2026,firm_1,phi_accuracy,0.01772401490239403
4,0.3,1.0,150,5,moderate,1.0,2056590929,10,2026,firm_1,ir_operational,1.0
4,0.3,1.0,150,5,moderate,1.0,2056590929,10,2026,firm_1,ir_accuracy,1.0
4,0.3,1.0,150,5,moderate,1.0,2056590929,10,2026,firm_2,phi_operational,0.5915230611549493
4,0.3,1.0,150,5,moderate,1.0,2056590929,10,2026,firm_2,phi_accuracy,0.03523335981377354
4,0.3,1.0,150,5,moderate,1.0,2056590929,10,2026,firm_2,ir_operational,1.0
4,0.3,1.0,150,5,moderate,1.0,2056590929,10,2026,firm_2,ir_accuracy,1.0
4,0.3,1.0,150,5,moderate,1.0,2056590929,10,2026,firm_3,phi_operational,0.043275214204787915
4,0.3,1.0,150,5,moderate,1.0,2056590929,10,2026,firm_3,phi_accuracy,0.025422009342165625
4,0.3,1.0,150,5,moderate,1.0,2056590929,10,2026,firm_3,ir_operational,1.0
4,0.3,1.0,150,5,moderate,1.0,2056590929,10,2026,firm_3,ir_accuracy,1.0
4,0.3,1.0,150,5,moderate,1.0,2056590929,10,2026,_summary,v_op_N,2.263303825505062
4,0.3,1.0,150,5,moderate,1.0,2056590929,10,2026,_summary,v_acc_N,0.10859194945711892
4,0.3,1.0,150,5,moderate,1.0,2056590929,10,2026,_summary,spearman_rho,-0.3999999999999999
4,0.3,1.0,150,5,moderate,1.0,2056590929,10,2026,_summary,payment_displacement,0.2753999439814684
4,0.3,1.0,150,5,moderate,1.0,2056590929,10,2026,_summary,any_rank_reversal,1.0
4,0.3,1.0,150,5,moderate,1.0,2056590929,10,2026,_summary,efficiency_gap_op,0.0
4,0.3,1.0,150,5,moderate,1.0,3339987600,11,2026,firm_0,phi_operational,0.32907844215234167
4,0.3,1.0,150,5,moderate,1.0,3339987600,11,2026,firm_0,phi_accuracy,0.01076890963612546
4,0.3,1.0,150,5,moderate,1.0,3339987600,11,2026,firm_0,ir_operational,1.0
4,0.3,1.0,150,5,moderate,1.0,3339987600,11,2026,firm_0,ir_accuracy,1.0
4,0.3,1.0,150,5,moderate,1.0,3339987600,11,2026,firm_1,phi_operational,0.5762719575407402
4,0.3,1.0,150,5,moderate,1.0,3339987600,11,2026,firm_1,phi_accuracy,0.035510735020437924
4,0.3,1.0,150,5,moderate,1.0,3339987600,11,2026,firm_1,ir_operational,1.0
4,0.3,1.0,150,5,moderate,1.0,3339987600,11,2026,firm_1,ir_accuracy,1.0
4,0.3,1.0,150,5,moderate,1.0,3339987600,11,2026,firm_2,phi_operational,0.46121863832001014
4,0.3,1.0,150,5,moderate,1.0,3339987600,11,2026,firm_2,phi_accuracy,0.008026388723254969
4,0.3,1.0,150,5,moderate,1.0,3339987600,11,2026,firm_2,ir_operational,1.0
4,0.3,1.0,150,5,moderate,1.0,3339987600,11,2026,firm_2,ir_accuracy,1.0
4,0.3,1.0,150,5,moderate,1.0,3339987600,11,2026,firm_3,phi_operational,0.25570409524775545
4,0.3,1.0,150,5,moderate,1.0,3339987600,11,2026,firm_3,phi_accuracy,-0.020638424139712765
4,0.3,1.0,150,5,moderate,1.0,3339987600,11,2026,firm_3,ir_operational,1.0
4,0.3,1.0,150,5,moderate,1.0,3339987600,11,2026,firm_3,ir_accuracy,0.0
4,0.3,1.0,150,5,moderate,1.0,3339987600,11,2026,_summary,v_op_N,1.6222731332608475
4,0.3,1.0,150,5,moderate,1.0,3339987600,11,2026,_summary,v_acc_N,0.03366760924010559
4,0.3,1.0,150,5,moderate,1.0,3339987600,11,2026,_summary,spearman_rho,0.8
4,0.3,1.0,150,5,moderate,1.0,3339987600,11,2026,_summary,payment_displacement,0.19699265272036945
4,0.3,1.0,150,5,moderate,1.0,3339987600,11,2026,_summary,any_rank_reversal,1.0
4,0.3,1.0,150,5,moderate,1.0,3339987600,11,2026,_summary,efficiency_gap_op,0.0
4,0.3,1.0,150,5,moderate,1.0,1788010607,12,2026,firm_0,phi_operational,1.7744853824612479
4,0.3,1.0,150,5,moderate,1.0,1788010607,12,2026,firm_0,phi_accuracy,0.05586948202051937
4,0.3,1.0,150,5,moderate,1.0,1788010607,12,2026,firm_0,ir_operational,1.0
4,0.3,1.0,150,5,moderate,1.0,1788010607,12,2026,firm_0,ir_accuracy,1.0
4,0.3,1.0,150,5,moderate,1.0,1788010607,12,2026,firm_1,phi_operational,0.09118385978395574
4,0.3,1.0,150,5,moderate,1.0,1788010607,12,2026,firm_1,phi_accuracy,0.0686831216011016
4,0.3,1.0,150,5,moderate,1.0,1788010607,12,2026,firm_1,ir_operational,1.0
4,0.3,1.0,150,5,moderate,1.0,1788010607,12,2026,firm_1,ir_accuracy,1.0
4,0.3,1.0,150,5,moderate,1.0,1788010607,12,2026,firm_2,phi_operational,-1.5732406466704867
4,0.3,1.0,150,5,moderate,1.0,1788010607,12,2026,firm_2,phi_accuracy,0.006551573773149372
4,0.3,1.0,150,5,moderate,1.0,1788010607,12,2026,firm_2,ir_operational,0.0
4,0.3,1.0,150,5,moderate,1.0,1788010607,12,2026,firm_2,ir_accuracy,1.0
4,0.3,1.0,150,5,moderate,1.0,1788010607,12,2026,firm_3,phi_operational,4.247054734563237
4,0.3,1.0,150,5,moderate,1.0,1788010607,12,2026,firm_3,phi_accuracy,0.07214642853720485
4,0.3,1.0,150,5,moderate,1.0,1788010607,12,2026,firm_3,ir_operational,1.0
4,0.3,1.0,150,5,moderate,1.0,1788010607,12,2026,firm_3,ir_accuracy,1.0
4,0.3,1.0,150,5,moderate,1.0,1788010607,12,2026,_summary,v_op_N,4.539483330137955
4,0.3,1.0,150,5,moderate,1.0,1788010607,12,2026,_summary,v_acc_N,0.2032506059319752
4,0.3,1.0,150,5,moderate,1.0,1788010607,12,2026,_summary,spearman_rho,0.8
4,0.3,1.0,150,5,moderate,1.0,1788010607,12,2026,_summary,payment_displacement,0.20114995893838258
4,0.3,1.0,150,5,moderate,1.0,1788010607,12,2026,_summary,any_rank_reversal,1.0
4,0.3,1.0,150,5,moderate,1.0,1788010607,12,2026,_summary,efficiency_gap_op,8.881784197001252e-16
4,0.3,1.0,150,5,moderate,1.0,2859898362,13,2026,firm_0,phi_operational,3.2726406480437142
4,0.3,1.0,150,5,moderate,1.0,2859898362,13,2026,firm_0,phi_accuracy,0.04416512022279266
4,0.3,1.0,150,5,moderate,1.0,2859898362,13,2026,firm_0,ir_operational,1.0
4,0.3,1.0,150,5,moderate,1.0,2859898362,13,2026,firm_0,ir_accuracy,1.0
4,0.3,1.0,150,5,moderate,1.0,2859898362,13,2026,firm_1,phi_operational,1.053105979501718
4,0.3,1.0,150,5,moderate,1.0,2859898362,13,2026,firm_1,phi_accuracy,0.04906753072303426
4,0.3,1.0,150,5,moderate,1.0,2859898362,13,2026,firm_1,ir_operational,1.0
4,0.3,1.0,150,5,moderate,1.0,2859898362,13,2026,firm_1,ir_accuracy,1.0
4,0.3,1.0,150,5,moderate,1.0,2859898362,13,2026,firm_2,phi_operational,-0.06166433689132589
4,0.3,1.0,150,5,moderate,1.0,2859898362,13,2026,firm_2,phi_accuracy,0.03262421646148645
4,0.3,1.0,150,5,moderate,1.0,2859898362,13,2026,firm_2,ir_operational,0.0
4,0.3,1.0,150,5,moderate,1.0,2859898362,13,2026,firm_2,ir_accuracy,1.0
4,0.3,1.0,150,5,moderate,1.0,2859898362,13,2026,firm_3,phi_operational,2.3826174636215236
4,0.3,1.0,150,5,moderate,1.0,2859898362,13,2026,firm_3,phi_accuracy,0.05940224171607544
4,0.3,1.0,150,5,moderate,1.0,2859898362,13,2026,firm_3,ir_operational,1.0
4,0.3,1.0,150,5,moderate,1.0,2859898362,13,2026,firm_3,ir_accuracy,1.0
4,0.3,1.0,150,5,moderate,1.0,2859898362,13,2026,_summary,v_op_N,6.64669975427563
4,0.3,1.0,150,5,moderate,1.0,2859898362,13,2026,_summary,v_acc_N,0.18525910912338883
4,0.3,1.0,150,5,moderate,1.0,2859898362,13,2026,_summary,spearman_rho,0.4
4,0.3,1.0,150,5,moderate,1.0,2859898362,13,2026,_summary,payment_displacement,0.14270263208088607
4,0.3,1.0,150,5,moderate,1.0,2859898362,13,2026,_summary,any_rank_reversal,1.0
4,0.3,1.0,150,5,moderate,1.0,2859898362,13,2026,_summary,efficiency_gap_op,0.0
4,0.3,1.0,150,5,moderate,1.0,1908601667,14,2026,firm_0,phi_operational,2.210380191595779
4,0.3,1.0,150,5,moderate,1.0,1908601667,14,2026,firm_0,phi_accuracy,0.0060076953200892316
4,0.3,1.0,150,5,moderate,1.0,1908601667,14,2026,firm_0,ir_operational,1.0
4,0.3,1.0,150,5,moderate,1.0,1908601667,14,2026,firm_0,ir_accuracy,1.0
4,0.3,1.0,150,5,moderate,1.0,1908601667,14,2026,firm_1,phi_operational,5.210731516044636
4,0.3,1.0,150,5,moderate,1.0,1908601667,14,2026,firm_1,phi_accuracy,0.0646349365551411
4,0.3,1.0,150,5,moderate,1.0,1908601667,14,2026,firm_1,ir_operational,1.0
4,0.3,1.0,150,5,moderate,1.0,1908601667,14,2026,firm_1,ir_accuracy,1.0
4,0.3,1.0,150,5,moderate,1.0,1908601667,14,2026,firm_2,phi_operational,2.9304548127208863
4,0.3,1.0,150,5,moderate,1.0,1908601667,14,2026,firm_2,phi_accuracy,0.05525417872527908
4,0.3,1.0,150,5,moderate,1.0,1908601667,14,2026,firm_2,ir_operational,1.0
4,0.3,1.0,150,5,moderate,1.0,1908601667,14,2026,firm_2,ir_accuracy,1.0
4,0.3,1.0,150,5,moderate,1.0,1908601667,14,2026,firm_3,phi_operational,0.3248480659452184
4,0.3,1.0,150,5,moderate,1.0,1908601667,14,2026,firm_3,phi_accuracy,-0.011209910194741416
4,0.3,1.0,150,5,moderate,1.0,1908601667,14,2026,firm_3,ir_operational,1.0
4,0.3,1.0,150,5,moderate,1.0,1908601667,14,2026,firm_3,ir_accuracy,0.0
4,0.3,1.0,150,5,moderate,1.0,1908601667,14,2026,_summary,v_op_N,10.676414586306521
4,0.3,1.0,150,5,moderate,1.0,1908601667,14,2026,_summary,v_acc_N,0.11468690040576801
4,0.3,1.0,150,5,moderate,1.0,1908601667,14,2026,_summary,spearman_rho,1.0
4,0.3,1.0,150,5,moderate,1.0,1908601667,14,2026,_summary,payment_displacement,0.10514120630993266
4,0.3,1.0,150,5,moderate,1.0,1908601667,14,2026,_summary,any_rank_reversal,0.0
4,0.3,1.0,150,5,moderate,1.0,1908601667,14,2026,_summary,efficiency_gap_op,0.0
4,0.3,1.0,150,5,moderate,1.0,726301638,15,2026,firm_0,phi_operational,6.392945750945467
4,0.3,1.0,150,5,moderate,1.0,726301638,15,2026,firm_0,phi_accuracy,0.09174563962692739
4,0.3,1.0,150,5,moderate,1.0,726301638,15,2026,firm_0,ir_operational,1.0
4,0.3,1.0,150,5,moderate,1.0,726301638,15,2026,firm_0,ir_accuracy,1.0
4,0.3,1.0,150,5,moderate,1.0,726301638,15,2026,firm_1,phi_operational,-0.33186413066248127
4,0.3,1.0,150,5,moderate,1.0,726301638,15,2026,firm_1,phi_accuracy,0.005527583240225139
4,0.3,1.0,150,5,moderate,1.0,726301638,15,2026,firm_1,ir_operational,0.0
4,0.3,1.0,150,5,moderate,1.0,726301638,15,2026,firm_1,ir_accuracy,1.0
4,0.3,1.0,150,5,moderate,1.0,726301638,15,2026,firm_2,phi_operational,1.0823488631334137
4,0.3,1.0,150,5,moderate,1.0,726301638,15,2026,firm_2,phi_accuracy,-0.01278734399661674
4,0.3,1.0,150,5,moderate,1.0,726301638,15,2026,firm_2,ir_operational,1.0
4,0.3,1.0,150,5,moderate,1.0,726301638,15,2026,firm_2,ir_accuracy,0.0
4,0.3,1.0,150,5,moderate,1.0,726301638,15,2026,firm_3,phi_operational,3.015045380633959
4,0.3,1.0,150,5,moderate,1.0,726301638,15,2026,firm_3,phi_accuracy,0.060138382857123175
4,0.3,1.0,150,5,moderate,1.0,726301638,15,2026,firm_3,ir_operational,1.0
4,0.3,1.0,150,5,moderate,1.0,726301638,15,2026,firm_3,ir_accuracy,1.0
4,0.3,1.0,150,5,moderate,1.0,726301638,15,2026,_summary,v_op_N,10.15847586405036
4,0.3,1.0,150,5,moderate,1.0,726301638,15,2026,_summary,v_acc_N,0.14462426172765896
4,0.3,1.0,150,5,moderate,1.0,726301638,15,2026,_summary,spearman_rho,0.8
4,0.3,1.0,150,5,moderate,1.0,726301638,15,2026,_summary,payment_displacement,0.09117626201638258
4,0.3,1.0,150,5,moderate,1.0,726301638,15,2026,_summary,any_rank_reversal,1.0
4,0.3,1.0,150,5,moderate,1.0,726301638,15,2026,_summary,efficiency_gap_op,1.7763568394002505e-15
4,0.3,1.0,150,5,moderate,1.0,2584016318,16,2026,firm_0,phi_operational,0.7447295363044948
4,0.3,1.0,150,5,moderate,1.0,2584016318,16,2026,firm_0,phi_accuracy,0.0015573049907783194
4,0.3,1.0,150,5,moderate,1.0,2584016318,16,2026,firm_0,ir_operational,1.0
4,0.3,1.0,150,5,moderate,1.0,2584016318,16,2026,firm_0,ir_accuracy,1.0
4,0.3,1.0,150,5,moderate,1.0,2584016318,16,2026,firm_1,phi_operational,-1.5573324978004923
4,0.3,1.0,150,5,moderate,1.0,2584016318,16,2026,firm_1,phi_accuracy,-0.021389174985013887
4,0.3,1.0,150,5,moderate,1.0,2584016318,16,2026,firm_1,ir_operational,0.0
4,0.3,1.0,150,5,moderate,1.0,2584016318,16,2026,firm_1,ir_accuracy,0.0
4,0.3,1.0,150,5,moderate,1.0,2584016318,16,2026,firm_2,phi_operational,0.5402981055784485
4,0.3,1.0,150,5,moderate,1.0,2584016318,16,2026,firm_2,phi_accuracy,0.10868495742076625
4,0.3,1.0,150,5,moderate,1.0,2584016318,16,2026,firm_2,ir_operational,1.0
4,0.3,1.0,150,5,moderate,1.0,2584016318,16,2026,firm_2,ir_accuracy,1.0
4,0.3,1.0,150,5,moderate,1.0,2584016318,16,2026,firm_3,phi_operational,-1.1819046411108096
4,0.3,1.0,150,5,moderate,1.0,2584016318,16,2026,firm_3,phi_accuracy,0.047182745206022454
4,0.3,1.0,150,5,moderate,1.0,2584016318,16,2026,firm_3,ir_operational,0.0
4,0.3,1.0,150,5,moderate,1.0,2584016318,16,2026,firm_3,ir_accuracy,1.0
4,0.3,1.0,150,5,moderate,1.0,2584016318,16,2026,_summary,v_op_N,-1.4542094970283586
4,0.3,1.0,150,5,moderate,1.0,2584016318,16,2026,_summary,v_acc_N,0.13603583263255314
4,0.3,1.0,150,5,moderate,1.0,2584016318,16,2026,_summary,spearman_rho,0.4
4,0.3,1.0,150,5,moderate,1.0,2584016318,16,2026,_summary,payment_displacement,0.36870704131241283
4,0.3,1.0,150,5,moderate,1.0,2584016318,16,2026,_summary,any_rank_reversal,1.0
4,0.3,1.0,150,5,moderate,1.0,2584016318,16,2026,_summary,efficiency_gap_op,0.0
4,0.3,1.0,150,5,moderate,1.0,4074852312,17,2026,firm_0,phi_operational,0.18745605627225126
4,0.3,1.0,150,5,moderate,1.0,4074852312,17,2026,firm_0,phi_accuracy,0.03830150239569131
4,0.3,1.0,150,5,moderate,1.0,4074852312,17,2026,firm_0,ir_operational,1.0
4,0.3,1.0,150,5,moderate,1.0,4074852312,17,2026,firm_0,ir_accuracy,1.0
4,0.3,1.0,150,5,moderate,1.0,4074852312,17,2026,firm_1,phi_operational,-0.3689755523896257
4,0.3,1.0,150,5,moderate,1.0,4074852312,17,2026,firm_1,phi_accuracy,0.00987197030033618
4,0.3,1.0,150,5,moderate,1.0,4074852312,17,2026,firm_1,ir_operational,0.0
4,0.3,1.0,150,5,moderate,1.0,4074852312,17,2026,firm_1,ir_accuracy,1.0
4,0.3,1.0,150,5,moderate,1.0,4074852312,17,2026,firm_2,phi_operational,1.3561040194125717
4,0.3,1.0,150,5,moderate,1.0,4074852312,17,2026,firm_2,phi_accuracy,0.0130247123066691
4,0.3,1.0,150,5,moderate,1.0,4074852312,17,2026,firm_2,ir_operational,1.0
4,0.3,1.0,150,5,moderate,1.0,4074852312,17,2026,firm_2,ir_accuracy,1.0
4,0.3,1.0,150,5,moderate,1.0,4074852312,17,2026,firm_3,phi_operational,0.6827395658835773
4,0.3,1.0,150,5,moderate,1.0,4074852312,17,2026,firm_3,phi_accuracy,-0.009112236846044461
4,0.3,1.0,150,5,moderate,1.0,4074852312,17,2026,firm_3,ir_operational,1.0
4,0.3,1.0,150,5,moderate,1.0,4074852312,17,2026,firm_3,ir_accuracy,0.0
4,0.3,1.0,150,5,moderate,1.0,4074852312,17,2026,_summary,v_op_N,1.8573240891787748
4,0.3,1.0,150,5,moderate,1.0,4074852312,17,2026,_summary,v_acc_N,0.05208594815665213
4,0.3,1.0,150,5,moderate,1.0,4074852312,17,2026,_summary,spearman_rho,0.0
4,0.3,1.0,150,5,moderate,1.0,4074852312,17,2026,_summary,payment_displacement,0.37126221530937054
4,0.3,1.0,150,5,moderate,1.0,4074852312,17,2026,_summary,any_rank_reversal,1.0
4,0.3,1.0,150,5,moderate,1.0,4074852312,17,2026,_summary,efficiency_gap_op,2.220446049250313e-16
4,0.3,1.0,150,5,moderate,1.0,3205241267,18,2026,firm_0,phi_operational,0.2438070060609997
4,0.3,1.0,150,5,moderate,1.0,3205241267,18,2026,firm_0,phi_accuracy,0.029798675548679134
4,0.3,1.0,150,5,moderate,1.0,3205241267,18,2026,firm_0,ir_operational,1.0
4,0.3,1.0,150,5,moderate,1.0,3205241267,18,2026,firm_0,ir_accuracy,1.0
4,0.3,1.0,150,5,moderate,1.0,3205241267,18,2026,firm_1,phi_operational,0.6772275117314687
4,0.3,1.0,150,5,moderate,1.0,3205241267,18,2026,firm_1,phi_accuracy,0.026279943833742842
4,0.3,1.0,150,5,moderate,1.0,3205241267,18,2026,firm_1,ir_operational,1.0
4,0.3,1.0,150,5,moderate,1.0,3205241267,18,2026,firm_1,ir_accuracy,1.0
4,0.3,1.0,150,5,moderate,1.0,3205241267,18,2026,firm_2,phi_operational,3.123978723449615
4,0.3,1.0,150,5,moderate,1.0,3205241267,18,2026,firm_2,phi_accuracy,0.045465293587224766
4,0.3,1.0,150,5,moderate,1.0,3205241267,18,2026,firm_2,ir_operational,1.0
4,0.3,1.0,150,5,moderate,1.0,3205241267,18,2026,firm_2,ir_accuracy,1.0
4,0.3,1.0,150,5,moderate,1.0,3205241267,18,2026,firm_3,phi_operational,-0.03864917067840658
4,0.3,1.0,150,5,moderate,1.0,3205241267,18,2026,firm_3,phi_accuracy,0.016017348053700215
4,0.3,1.0,150,5,moderate,1.0,3205241267,18,2026,firm_3,ir_operational,0.0
4,0.3,1.0,150,5,moderate,1.0,3205241267,18,2026,firm_3,ir_accuracy,1.0
4,0.3,1.0,150,5,moderate,1.0,3205241267,18,2026,_summary,v_op_N,4.006364070563677
4,0.3,1.0,150,5,moderate,1.0,3205241267,18,2026,_summary,v_acc_N,0.11756126102334696
4,0.3,1.0,150,5,moderate,1.0,3205241267,18,2026,_summary,spearman_rho,0.8
4,0.3,1.0,150,5,moderate,1.0,3205241267,18,2026,_summary,payment_displacement,0.19386083359952405
4,0.3,1.0,150,5,moderate,1.0,3205241267,18,2026,_summary,any_rank_reversal,1.0
4,0.3,1.0,150,5,moderate,1.0,3205241267,18,2026,_summary,efficiency_gap_op,0.0
4,0.3,1.0,150,5,moderate,1.0,1304481603,19,2026,firm_0,phi_operational,-3.232365481808369
4,0.3,1.0,150,5,moderate,1.0,1304481603,19,2026,firm_0,phi_accuracy,-0.019398762216887848
4,0.3,1.0,150,5,moderate,1.0,1304481603,19,2026,firm_0,ir_operational,0.0
4,0.3,1.0,150,5,moderate,1.0,1304481603,19,2026,firm_0,ir_accuracy,0.0
4,0.3,1.0,150,5,moderate,1.0,1304481603,19,2026,firm_1,phi_operational,-5.091849168733557
4,0.3,1.0,150,5,moderate,1.0,1304481603,19,2026,firm_1,phi_accuracy,-0.020508416463000972
4,0.3,1.0,150,5,moderate,1.0,1304481603,19,2026,firm_1,ir_operational,0.0
4,0.3,1.0,150,5,moderate,1.0,1304481603,19,2026,firm_1,ir_accuracy,0.0
4,0.3,1.0,150,5,moderate,1.0,1304481603,19,2026,firm_2,phi_operational,-4.515210868534458
4,0.3,1.0,150,5,moderate,1.0,1304481603,19,2026,firm_2,phi_accuracy,0.005831611185090392
4,0.3,1.0,150,5,moderate,1.0,1304481603,19,2026,firm_2,ir_operational,0.0
4,0.3,1.0,150,5,moderate,1.0,1304481603,19,2026,firm_2,ir_accuracy,1.0
4,0.3,1.0,150,5,moderate,1.0,1304481603,19,2026,firm_3,phi_operational,-1.1715126024704017
4,0.3,1.0,150,5,moderate,1.0,1304481603,19,2026,firm_3,phi_accuracy,-0.012659257955875663
4,0.3,1.0,150,5,moderate,1.0,1304481603,19,2026,firm_3,ir_operational,0.0
4,0.3,1.0,150,5,moderate,1.0,1304481603,19,2026,firm_3,ir_accuracy,0.0
4,0.3,1.0,150,5,moderate,1.0,1304481603,19,2026,_summary,v_op_N,-14.010938121546786
4,0.3,1.0,150,5,moderate,1.0,1304481603,19,2026,_summary,v_acc_N,-0.04673482545067409
4,0.3,1.0,150,5,moderate,1.0,1304481603,19,2026,_summary,spearman_rho,0.4
4,0.3,1.0,150,5,moderate,1.0,1304481603,19,2026,_summary,payment_displacement,0.16724979994099445
4,0.3,1.0,150,5,moderate,1.0,1304481603,19,2026,_summary,any_rank_reversal,1.0
4,0.3,1.0,150,5,moderate,1.0,1304481603,19,2026,_summary,efficiency_gap_op,0.0
4,0.3,1.0,150,5,moderate,1.0,2726751603,20,2026,firm_0,phi_operational,-2.7420427737784516
4,0.3,1.0,150,5,moderate,1.0,2726751603,20,2026,firm_0,phi_accuracy,-0.0008660446746750112
4,0.3,1.0,150,5,moderate,1.0,2726751603,20,2026,firm_0,ir_operational,0.0
4,0.3,1.0,150,5,moderate,1.0,2726751603,20,2026,firm_0,ir_accuracy,0.0
4,0.3,1.0,150,5,moderate,1.0,2726751603,20,2026,firm_1,phi_operational,1.6518443460431045
4,0.3,1.0,150,5,moderate,1.0,2726751603,20,2026,firm_1,phi_accuracy,-0.010073186470652085
4,0.3,1.0,150,5,moderate,1.0,2726751603,20,2026,firm_1,ir_operational,1.0
4,0.3,1.0,150,5,moderate,1.0,2726751603,20,2026,firm_1,ir_accuracy,0.0
4,0.3,1.0,150,5,moderate,1.0,2726751603,20,2026,firm_2,phi_operational,-1.4326290108536726
4,0.3,1.0,150,5,moderate,1.0,2726751603,20,2026,firm_2,phi_accuracy,0.032563040492063024
4,0.3,1.0,150,5,moderate,1.0,2726751603,20,2026,firm_2,ir_operational,0.0
4,0.3,1.0,150,5,moderate,1.0,2726751603,20,2026,firm_2,ir_accuracy,1.0
4,0.3,1.0,150,5,moderate,1.0,2726751603,20,2026,firm_3,phi_operational,0.4782552754549142
4,0.3,1.0,150,5,moderate,1.0,2726751603,20,2026,firm_3,phi_accuracy,0.0026231969705098144
4,0.3,1.0,150,5,moderate,1.0,2726751603,20,2026,firm_3,ir_operational,1.0
4,0.3,1.0,150,5,moderate,1.0,2726751603,20,2026,firm_3,ir_accuracy,1.0
4,0.3,1.0,150,5,moderate,1.0,2726751603,20,2026,_summary,v_op_N,-2.044572163134106
4,0.3,1.0,150,5,moderate,1.0,2726751603,20,2026,_summary,v_acc_N,0.024247006317245745
4,0.3,1.0,150,5,moderate,1.0,2726751603,20,2026,_summary,spearman_rho,-0.3999999999999999
4,0.3,1.0,150,5,moderate,1.0,2726751603,20,2026,_summary,payment_displacement,0.46217662659133146
4,0.3,1.0,150,5,moderate,1.0,2726751603,20,2026,_summary,any_rank_reversal,1.0
4,0.3,1.0,150,5,moderate,1.0,2726751603,20,2026,_summary,efficiency_gap_op,4.440892098500626e-16
4,0.3,1.0,150,5,moderate,1.0,2114242019,21,2026,firm_0,phi_operational,-3.1240501770129137
4,0.3,1.0,150,5,moderate,1.0,2114242019,21,2026,firm_0,phi_accuracy,0.01819552376147294
4,0.3,1.0,150,5,moderate,1.0,2114242019,21,2026,firm_0,ir_operational,0.0
4,0.3,1.0,150,5,moderate,1.0,2114242019,21,2026,firm_0,ir_accuracy,1.0
4,0.3,1.0,150,5,moderate,1.0,2114242019,21,2026,firm_1,phi_operational,-2.89797010801486
4,0.3,1.0,150,5,moderate,1.0,2114242019,21,2026,firm_1,phi_accuracy,0.07549288190816572
4,0.3,1.0,150,5,moderate,1.0,2114242019,21,2026,firm_1,ir_operational,0.0
4,0.3,1.0,150,5,moderate,1.0,2114242019,21,2026,firm_1,ir_accuracy,1.0
4,0.3,1.0,150,5,moderate,1.0,2114242019,21,2026,firm_2,phi_operational,-0.36073138003746874
4,0.3,1.0,150,5,moderate,1.0,2114242019,21,2026,firm_2,phi_accuracy,0.0892316054898578
4,0.3,1.0,150,5,moderate,1.0,2114242019,21,2026,firm_2,ir_operational,0.0
4,0.3,1.0,150,5,moderate,1.0,2114242019,21,2026,firm_2,ir_accuracy,1.0
4,0.3,1.0,150,5,moderate,1.0,2114242019,21,2026,firm_3,phi_operational,0.732800302258525
4,0.3,1.0,150,5,moderate,1.0,2114242019,21,2026,firm_3,phi_accuracy,0.0325235355963918
4,0.3,1.0,150,5,moderate,1.0,2114242019,21,2026,firm_3,ir_operational,1.0
4,0.3,1.0,150,5,moderate,1.0,2114242019,21,2026,firm_3,ir_accuracy,1.0
4,0.3,1.0,150,5,moderate,1.0,2114242019,21,2026,_summary,v_op_N,-5.649951362806718
4,0.3,1.0,150,5,moderate,1.0,2114242019,21,2026,_summary,v_acc_N,0.21544354675588828
4,0.3,1.0,150,5,moderate,1.0,2114242019,21,2026,_summary,spearman_rho,0.4
4,0.3,1.0,150,5,moderate,1.0,2114242019,21,2026,_summary,payment_displacement,0.4485071358033346
4,0.3,1.0,150,5,moderate,1.0,2114242019,21,2026,_summary,any_rank_reversal,1.0
4,0.3,1.0,150,5,moderate,1.0,2114242019,21,2026,_summary,efficiency_gap_op,0.0
4,0.3,1.0,150,5,moderate,1.0,1147627710,22,2026,firm_0,phi_operational,-1.8603719827244918
4,0.3,1.0,150,5,moderate,1.0,1147627710,22,2026,firm_0,phi_accuracy,0.003338412834349084
4,0.3,1.0,150,5,moderate,1.0,1147627710,22,2026,firm_0,ir_operational,0.0
4,0.3,1.0,150,5,moderate,1.0,1147627710,22,2026,firm_0,ir_accuracy,1.0
4,0.3,1.0,150,5,moderate,1.0,1147627710,22,2026,firm_1,phi_operational,1.865359165329328
4,0.3,1.0,150,5,moderate,1.0,1147627710,22,2026,firm_1,phi_accuracy,0.00018523992959734747
4,0.3,1.0,150,5,moderate,1.0,1147627710,22,2026,firm_1,ir_operational,1.0
4,0.3,1.0,150,5,moderate,1.0,1147627710,22,2026,firm_1,ir_accuracy,1.0
4,0.3,1.0,150,5,moderate,1.0,1147627710,22,2026,firm_2,phi_operational,-0.35146193779932844
4,0.3,1.0,150,5,moderate,1.0,1147627710,22,2026,firm_2,phi_accuracy,-0.005077397028825759
4,0.3,1.0,150,5,moderate,1.0,1147627710,22,2026,firm_2,ir_operational,0.0
4,0.3,1.0,150,5,moderate,1.0,1147627710,22,2026,firm_2,ir_accuracy,0.0
4,0.3,1.0,150,5,moderate,1.0,1147627710,22,2026,firm_3,phi_operational,0.6971536555849696
4,0.3,1.0,150,5,moderate,1.0,1147627710,22,2026,firm_3,phi_accuracy,0.000603922705726752
4,0.3,1.0,150,5,moderate,1.0,1147627710,22,2026,firm_3,ir_operational,1.0
4,0.3,1.0,150,5,moderate,1.0,1147627710,22,2026,firm_3,ir_accuracy,1.0
4,0.3,1.0,150,5,moderate,1.0,1147627710,22,2026,_summary,v_op_N,0.3506789003904771
4,0.3,1.0,150,5,moderate,1.0,1147627710,22,2026,_summary,v_acc_N,-0.0009498215591525749
4,0.3,1.0,150,5,moderate,1.0,1147627710,22,2026,_summary,spearman_rho,-0.3999999999999999
4,0.3,1.0,150,5,moderate,1.0,1147627710,22,2026,_summary,payment_displacement,0.4203265622832356
4,0.3,1.0,150,5,moderate,1.0,1147627710,22,2026,_summary,any_rank_reversal,1.0
4,0.3,1.0,150,5,moderate,1.0,1147627710,22,2026,_summary,efficiency_gap_op,2.220446049250313e-16
4,0.3,1.0,150,5,moderate,1.0,2483435858,23,2026,firm_0,phi_operational,0.8136337768756927
4,0.3,1.0,150,5,moderate,1.0,2483435858,23,2026,firm_0,phi_accuracy,0.03808261322077476
4,0.3,1.0,150,5,moderate,1.0,2483435858,23,2026,firm_0,ir_operational,1.0
4,0.3,1.0,150,5,moderate,1.0,2483435858,23,2026,firm_0,ir_accuracy,1.0
4,0.3,1.0,150,5,moderate,1.0,2483435858,23,2026,firm_1,phi_operational,0.7006618264880515
4,0.3,1.0,150,5,moderate,1.0,2483435858,23,2026,firm_1,phi_accuracy,-0.01651711274771267
4,0.3,1.0,150,5,moderate,1.0,2483435858,23,2026,firm_1,ir_operational,1.0
4,0.3,1.0,150,5,moderate,1.0,2483435858,23,2026,firm_1,ir_accuracy,0.0
4,0.3,1.0,150,5,moderate,1.0,2483435858,23,2026,firm_2,phi_operational,-0.6972084727823951
4,0.3,1.0,150,5,moderate,1.0,2483435858,23,2026,firm_2,phi_accuracy,0.006253197070126597
4,0.3,1.0,150,5,moderate,1.0,2483435858,23,2026,firm_2,ir_operational,0.0
4,0.3,1.0,150,5,moderate,1.0,2483435858,23,2026,firm_2,ir_accuracy,1.0
4,0.3,1.0,150,5,moderate,1.0,2483435858,23,2026,firm_3,phi_operational,-5.252666369194493
4,0.3,1.0,150,5,moderate,1.0,2483435858,23,2026,firm_3,phi_accuracy,0.046373512194325596
4,0.3,1.0,150,5,moderate,1.0,2483435858,23,2026,firm_3,ir_operational,0.0
4,0.3,1.0,150,5,moderate,1.0,2483435858,23,2026,firm_3,ir_accuracy,1.0
4,0.3,1.0,150,5,moderate,1.0,2483435858,23,2026,_summary,v_op_N,-4.435579238613144
4,0.3,1.0,150,5,moderate,1.0,2483435858,23,2026,_summary,v_acc_N,0.07419220973751428
4,0.3,1.0,150,5,moderate,1.0,2483435858,23,2026,_summary,spearman_rho,-0.3999999999999999
4,0.3,1.0,150,5,moderate,1.0,2483435858,23,2026,_summary,payment_displacement,0.4454973742314
4,0.3,1.0,150,5,moderate,1.0,2483435858,23,2026,_summary,any_rank_reversal,1.0
4,0.3,1.0,150,5,moderate,1.0,2483435858,23,2026,_summary,efficiency_gap_op,0.0
4,0.3,1.0,150,5,moderate,1.0,3210783261,24,2026,firm_0,phi_operational,-0.6145114969785723
4,0.3,1.0,150,5,moderate,1.0,3210783261,24,2026,firm_0,phi_accuracy,0.07127853501289971
4,0.3,1.0,150,5,moderate,1.0,3210783261,24,2026,firm_0,ir_operational,0.0
4,0.3,1.0,150,5,moderate,1.0,3210783261,24,2026,firm_0,ir_accuracy,1.0
4,0.3,1.0,150,5,moderate,1.0,3210783261,24,2026,firm_1,phi_operational,1.7099225024921787
4,0.3,1.0,150,5,moderate,1.0,3210783261,24,2026,firm_1,phi_accuracy,0.09092068390331942
4,0.3,1.0,150,5,moderate,1.0,3210783261,24,2026,firm_1,ir_operational,1.0
4,0.3,1.0,150,5,moderate,1.0,3210783261,24,2026,firm_1,ir_accuracy,1.0
4,0.3,1.0,150,5,moderate,1.0,3210783261,24,2026,firm_2,phi_operational,-0.7494039930385673
4,0.3,1.0,150,5,moderate,1.0,3210783261,24,2026,firm_2,phi_accuracy,0.033680216756636905
4,0.3,1.0,150,5,moderate,1.0,3210783261,24,2026,firm_2,ir_operational,0.0
4,0.3,1.0,150,5,moderate,1.0,3210783261,24,2026,firm_2,ir_accuracy,1.0
4,0.3,1.0,150,5,moderate,1.0,3210783261,24,2026,firm_3,phi_operational,-2.3146702959247962
4,0.3,1.0,150,5,moderate,1.0,3210783261,24,2026,firm_3,phi_accuracy,0.07657328325587695
4,0.3,1.0,150,5,moderate,1.0,3210783261,24,2026,firm_3,ir_operational,0.0
4,0.3,1.0,150,5,moderate,1.0,3210783261,24,2026,firm_3,ir_accuracy,1.0
4,0.3,1.0,150,5,moderate,1.0,3210783261,24,2026,_summary,v_op_N,-1.9686632834497573
4,0.3,1.0,150,5,moderate,1.0,3210783261,24,2026,_summary,v_acc_N,0.272452718928733
4,0.3,1.0,150,5,moderate,1.0,3210783261,24,2026,_summary,spearman_rho,0.4
4,0.3,1.0,150,5,moderate,1.0,3210783261,24,2026,_summary,payment_displacement,0.3413361907438813
4,0.3,1.0,150,5,moderate,1.0,3210783261,24,2026,_summary,any_rank_reversal,1.0
4,0.3,1.0,150,5,moderate,1.0,3210783261,24,2026,_summary,efficiency_gap_op,0.0
4,0.3,1.0,150,5,moderate,1.0,1843101495,25,2026,firm_0,phi_operational,-0.9307413295886372
4,0.3,1.0,150,5,moderate,1.0,1843101495,25,2026,firm_0,phi_accuracy,0.016497789035382182
4,0.3,1.0,150,5,moderate,1.0,1843101495,25,2026,firm_0,ir_operational,0.0
4,0.3,1.0,150,5,moderate,1.0,1843101495,25,2026,firm_0,ir_accuracy,1.0
4,0.3,1.0,150,5,moderate,1.0,1843101495,25,2026,firm_1,phi_operational,0.4419192045134773
4,0.3,1.0,150,5,moderate,1.0,1843101495,25,2026,firm_1,phi_accuracy,0.017615759825417538
4,0.3,1.0,150,5,moderate,1.0,1843101495,25,2026,firm_1,ir_operational,1.0
4,0.3,1.0,150,5,moderate,1.0,1843101495,25,2026,firm_1,ir_accuracy,1.0
4,0.3,1.0,150,5,moderate,1.0,1843101495,25,2026,firm_2,phi_operational,0.5384520568190159
4,0.3,1.0,150,5,moderate,1.0,1843101495,25,2026,firm_2,phi_accuracy,0.0033076181941953196
4,0.3,1.0,150,5,moderate,1.0,1843101495,25,2026,firm_2,ir_operational,1.0
4,0.3,1.0,150,5,moderate,1.0,1843101495,25,2026,firm_2,ir_accuracy,1.0
4,0.3,1.0,150,5,moderate,1.0,1843101495,25,2026,firm_3,phi_operational,1.2404805036290107
4,0.3,1.0,150,5,moderate,1.0,1843101495,25,2026,firm_3,phi_accuracy,0.02649283315845291
4,0.3,1.0,150,5,moderate,1.0,1843101495,25,2026,firm_3,ir_operational,1.0
4,0.3,1.0,150,5,moderate,1.0,1843101495,25,2026,firm_3,ir_accuracy,1.0
4,0.3,1.0,150,5,moderate,1.0,1843101495,25,2026,_summary,v_op_N,1.290110435372867
4,0.3,1.0,150,5,moderate,1.0,1843101495,25,2026,_summary,v_acc_N,0.06391400021344795
4,0.3,1.0,150,5,moderate,1.0,1843101495,25,2026,_summary,spearman_rho,0.4
4,0.3,1.0,150,5,moderate,1.0,1843101495,25,2026,_summary,payment_displacement,0.20721187948434577
4,0.3,1.0,150,5,moderate,1.0,1843101495,25,2026,_summary,any_rank_reversal,1.0
4,0.3,1.0,150,5,moderate,1.0,1843101495,25,2026,_summary,efficiency_gap_op,2.220446049250313e-16
4,0.3,1.0,150,5,moderate,1.0,1807795135,26,2026,firm_0,phi_operational,0.928350426262251
4,0.3,1.0,150,5,moderate,1.0,1807795135,26,2026,firm_0,phi_accuracy,0.029068695482279305
4,0.3,1.0,150,5,moderate,1.0,1807795135,26,2026,firm_0,ir_operational,1.0
4,0.3,1.0,150,5,moderate,1.0,1807795135,26,2026,firm_0,ir_accuracy,1.0
4,0.3,1.0,150,5,moderate,1.0,1807795135,26,2026,firm_1,phi_operational,-0.7813485431512437
4,0.3,1.0,150,5,moderate,1.0,1807795135,26,2026,firm_1,phi_accuracy,0.04506754150720571
4,0.3,1.0,150,5,moderate,1.0,1807795135,26,2026,firm_1,ir_operational,0.0
4,0.3,1.0,150,5,moderate,1.0,1807795135,26,2026,firm_1,ir_accuracy,1.0
4,0.3,1.0,150,5,moderate,1.0,1807795135,26,2026,firm_2,phi_operational,1.1079091275588504
4,0.3,1.0,150,5,moderate,1.0,1807795135,26,2026,firm_2,phi_accuracy,-0.0036711704529498084
4,0.3,1.0,150,5,moderate,1.0,1807795135,26,2026,firm_2,ir_operational,1.0
4,0.3,1.0,150,5,moderate,1.0,1807795135,26,2026,firm_2,ir_accuracy,0.0
4,0.3,1.0,150,5,moderate,1.0,1807795135,26,2026,firm_3,phi_operational,1.0406896746900287
4,0.3,1.0,150,5,moderate,1.0,1807795135,26,2026,firm_3,phi_accuracy,0.007522426135606127
4,0.3,1.0,150,5,moderate,1.0,1807795135,26,2026,firm_3,ir_operational,1.0
4,0.3,1.0,150,5,moderate,1.0,1807795135,26,2026,firm_3,ir_accuracy,1.0
4,0.3,1.0,150,5,moderate,1.0,1807795135,26,2026,_summary,v_op_N,2.2956006853598865
4,0.3,1.0,150,5,moderate,1.0,1807795135,26,2026,_summary,v_acc_N,0.07798749267214133
4,0.3,1.0,150,5,moderate,1.0,1807795135,26,2026,_summary,spearman_rho,-1.0
4,0.3,1.0,150,5,moderate,1.0,1807795135,26,2026,_summary,payment_displacement,0.3356157768618142
4,0.3,1.0,150,5,moderate,1.0,1807795135,26,2026,_summary,any_rank_reversal,1.0
4,0.3,1.0,150,5,moderate,1.0,1807795135,26,2026,_summary,efficiency_gap_op,0.0
4,0.3,1.0,150,5,moderate,1.0,650419918,27,2026,firm_0,phi_operational,1.6629098913539029
4,0.3,1.0,150,5,moderate,1.0,650419918,27,2026,firm_0,phi_accuracy,0.04637108086940304
4,0.3,1.0,150,5,moderate,1.0,650419918,27,2026,firm_0,ir_operational,1.0
4,0.3,1.0,150,5,moderate,1.0,650419918,27,2026,firm_0,ir_accuracy,1.0
4,0.3,1.0,150,5,moderate,1.0,650419918,27,2026,firm_1,phi_operational,0.9131273025891579
4,0.3,1.0,150,5,moderate,1.0,650419918,27,2026,firm_1,phi_accuracy,0.050500051768160116
4,0.3,1.0,150,5,moderate,1.0,650419918,27,2026,firm_1,ir_operational,1.0
4,0.3,1.0,150,5,moderate,1.0,650419918,27,2026,firm_1,ir_accuracy,1.0
4,0.3,1.0,150,5,moderate,1.0,650419918,27,2026,firm_2,phi_operational,1.3847605104184475
4,0.3,1.0,150,5,moderate,1.0,650419918,27,2026,firm_2,phi_accuracy,0.032233095394376826
4,0.3,1.0,150,5,moderate,1.0,650419918,27,2026,firm_2,ir_operational,1.0
4,0.3,1.0,150,5,moderate,1.0,650419918,27,2026,firm_2,ir_accuracy,1.0
4,0.3,1.0,150,5,moderate,1.0,650419918,27,2026,firm_3,phi_operational,1.0097217517774788
4,0.3,1.0,150,5,moderate,1.0,650419918,27,2026,firm_3,phi_accuracy,0.07304096337413768
4,0.3,1.0,150,5,moderate,1.0,650419918,27,2026,firm_3,ir_operational,1.0
4,0.3,1.0,150,5,moderate,1.0,650419918,27,2026,firm_3,ir_accuracy,1.0
4,0.3,1.0,150,5,moderate,1.0,650419918,27,2026,_summary,v_op_N,4.970519456138987
4,0.3,1.0,150,5,moderate,1.0,650419918,27,2026,_summary,v_acc_N,0.20214519140607767
4,0.3,1.0,150,5,moderate,1.0,650419918,27,2026,_summary,spearman_rho,-0.6000000000000001
4,0.3,1.0,150,5,moderate,1.0,650419918,27,2026,_summary,payment_displacement,0.11214959161622545
4,0.3,1.0,150,5,moderate,1.0,650419918,27,2026,_summary,any_rank_reversal,1.0
4,0.3,1.0,150,5,moderate,1.0,650419918,27,2026,_summary,efficiency_gap_op,0.0
4,0.3,1.0,150,5,moderate,1.0,982532350,28,2026,firm_0,phi_operational,-0.45508362873130415
4,0.3,1.0,150,5,moderate,1.0,982532350,28,2026,firm_0,phi_accuracy,0.032888587581559374
4,0.3,1.0,150,5,moderate,1.0,982532350,28,2026,firm_0,ir_operational,0.0
4,0.3,1.0,150,5,moderate,1.0,982532350,28,2026,firm_0,ir_accuracy,1.0
4,0.3,1.0,150,5,moderate,1.0,982532350,28,2026,firm_1,phi_operational,0.16138726285154567
4,0.3,1.0,150,5,moderate,1.0,982532350,28,2026,firm_1,phi_accuracy,-0.001135071133648552
4,0.3,1.0,150,5,moderate,1.0,982532350,28,2026,firm_1,ir_operational,1.0
4,0.3,1.0,150,5,moderate,1.0,982532350,28,2026,firm_1,ir_accuracy,0.0
4,0.3,1.0,150,5,moderate,1.0,982532350,28,2026,firm_2,phi_operational,-1.527287547220195
4,0.3,1.0,150,5,moderate,1.0,982532350,28,2026,firm_2,phi_accuracy,-0.019674631693232515
4,0.3,1.0,150,5,moderate,1.0,982532350,28,2026,firm_2,ir_operational,0.0
4,0.3,1.0,150,5,moderate,1.0,982532350,28,2026,firm_2,ir_accuracy,0.0
4,0.3,1.0,150,5,moderate,1.0,982532350,28,2026,firm_3,phi_operational,2.0114489527762793
4,0.3,1.0,150,5,moderate,1.0,982532350,28,2026,firm_3,phi_accuracy,-0.008800434654671702
4,0.3,1.0,150,5,moderate,1.0,982532350,28,2026,firm_3,ir_operational,1.0
4,0.3,1.0,150,5,moderate,1.0,982532350,28,2026,firm_3,ir_accuracy,0.0
4,0.3,1.0,150,5,moderate,1.0,982532350,28,2026,_summary,v_op_N,0.1904650396763259
4,0.3,1.0,150,5,moderate,1.0,982532350,28,2026,_summary,v_acc_N,0.0032784501000066024
4,0.3,1.0,150,5,moderate,1.0,982532350,28,2026,_summary,spearman_rho,0.19999999999999996
4,0.3,1.0,150,5,moderate,1.0,982532350,28,2026,_summary,payment_displacement,0.34259973564614715
4,0.3,1.0,150,5,moderate,1.0,982532350,28,2026,_summary,any_rank_reversal,1.0
4,0.3,1.0,150,5,moderate,1.0,982532350,28,2026,_summary,efficiency_gap_op,2.7755575615628914e-17
4,0.3,1.0,150,5,moderate,1.0,1193431242,29,2026,firm_0,phi_operational,-1.3779327756561295
4,0.3,1.0,150,5,moderate,1.0,1193431242,29,2026,firm_0,phi_accuracy,0.0027832911449339748
4,0.3,1.0,150,5,moderate,1.0,1193431242,29,2026,firm_0,ir_operational,0.0
4,0.3,1.0,150,5,moderate,1.0,1193431242,29,2026,firm_0,ir_accuracy,1.0
4,0.3,1.0,150,5,moderate,1.0,1193431242,29,2026,firm_1,phi_operational,-2.0712132730816437
4,0.3,1.0,150,5,moderate,1.0,1193431242,29,2026,firm_1,phi_accuracy,0.003502231619939862
4,0.3,1.0,150,5,moderate,1.0,1193431242,29,2026,firm_1,ir_operational,0.0
4,0.3,1.0,150,5,moderate,1.0,1193431242,29,2026,firm_1,ir_accuracy,1.0
4,0.3,1.0,150,5,moderate,1.0,1193431242,29,2026,firm_2,phi_operational,-0.32033197140728475
4,0.3,1.0,150,5,moderate,1.0,1193431242,29,2026,firm_2,phi_accuracy,0.00012423029831356208
4,0.3,1.0,150,5,moderate,1.0,1193431242,29,2026,firm_2,ir_operational,0.0
4,0.3,1.0,150,5,moderate,1.0,1193431242,29,2026,firm_2,ir_accuracy,1.0
4,0.3,1.0,150,5,moderate,1.0,1193431242,29,2026,firm_3,phi_operational,-0.013037763190666851
4,0.3,1.0,150,5,moderate,1.0,1193431242,29,2026,firm_3,phi_accuracy,0.005345920904696952
4,0.3,1.0,150,5,moderate,1.0,1193431242,29,2026,firm_3,ir_operational,0.0
4,0.3,1.0,150,5,moderate,1.0,1193431242,29,2026,firm_3,ir_accuracy,1.0
4,0.3,1.0,150,5,moderate,1.0,1193431242,29,2026,_summary,v_op_N,-3.7825157833357252
4,0.3,1.0,150,5,moderate,1.0,1193431242,29,2026,_summary,v_acc_N,0.01175567396788435
4,0.3,1.0,150,5,moderate,1.0,1193431242,29,2026,_summary,spearman_rho,0.19999999999999996
4,0.3,1.0,150,5,moderate,1.0,1193431242,29,2026,_summary,payment_displacement,0.4999999999786676
4,0.3,1.0,150,5,moderate,1.0,1193431242,29,2026,_summary,any_rank_reversal,1.0
4,0.3,1.0,150,5,moderate,1.0,1193431242,29,2026,_summary,efficiency_gap_op,4.440892098500626e-16
4,0.3,4.0,150,5,moderate,1.0,1985358557,0,2026,firm_0,phi_operational,5.283975207890022
4,0.3,4.0,150,5,moderate,1.0,1985358557,0,2026,firm_0,phi_accuracy,0.0037314823666283565
4,0.3,4.0,150,5,moderate,1.0,1985358557,0,2026,firm_0,ir_operational,1.0
4,0.3,4.0,150,5,moderate,1.0,1985358557,0,2026,firm_0,ir_accuracy,1.0
4,0.3,4.0,150,5,moderate,1.0,1985358557,0,2026,firm_1,phi_operational,5.304523635685058
4,0.3,4.0,150,5,moderate,1.0,1985358557,0,2026,firm_1,phi_accuracy,0.011722959099474156
4,0.3,4.0,150,5,moderate,1.0,1985358557,0,2026,firm_1,ir_operational,1.0
4,0.3,4.0,150,5,moderate,1.0,1985358557,0,2026,firm_1,ir_accuracy,1.0
4,0.3,4.0,150,5,moderate,1.0,1985358557,0,2026,firm_2,phi_operational,6.805514971597953
4,0.3,4.0,150,5,moderate,1.0,1985358557,0,2026,firm_2,phi_accuracy,0.0341532578256729
4,0.3,4.0,150,5,moderate,1.0,1985358557,0,2026,firm_2,ir_operational,1.0
4,0.3,4.0,150,5,moderate,1.0,1985358557,0,2026,firm_2,ir_accuracy,1.0
4,0.3,4.0,150,5,moderate,1.0,1985358557,0,2026,firm_3,phi_operational,7.139085380046926
4,0.3,4.0,150,5,moderate,1.0,1985358557,0,2026,firm_3,phi_accuracy,0.00753759548484359
4,0.3,4.0,150,5,moderate,1.0,1985358557,0,2026,firm_3,ir_operational,1.0
4,0.3,4.0,150,5,moderate,1.0,1985358557,0,2026,firm_3,ir_accuracy,1.0
4,0.3,4.0,150,5,moderate,1.0,1985358557,0,2026,_summary,v_op_N,24.53309919521996
4,0.3,4.0,150,5,moderate,1.0,1985358557,0,2026,_summary,v_acc_N,0.057145294776619004
4,0.3,4.0,150,5,moderate,1.0,1985358557,0,2026,_summary,spearman_rho,0.4
4,0.3,4.0,150,5,moderate,1.0,1985358557,0,2026,_summary,payment_displacement,0.16012758062672902
4,0.3,4.0,150,5,moderate,1.0,1985358557,0,2026,_summary,any_rank_reversal,1.0
4,0.3,4.0,150,5,moderate,1.0,1985358557,0,2026,_summary,efficiency_gap_op,0.0
4,0.3,4.0,150,5,moderate,1.0,2015254125,1,2026,firm_0,phi_operational,4.1010418364407855
4,0.3,4.0,150,5,moderate,1.0,2015254125,1,2026,firm_0,phi_accuracy,-0.026392801372949543
4,0.3,4.0,150,5,moderate,1.0,2015254125,1,2026,firm_0,ir_operational,1.0
4,0.3,4.0,150,5,moderate,1.0,2015254125,1,2026,firm_0,ir_accuracy,0.0
4,0.3,4.0,150,5,moderate,1.0,2015254125,1,2026,firm_1,phi_operational,3.9518476795611406
4,0.3,4.0,150,5,moderate,1.0,2015254125,1,2026,firm_1,phi_accuracy,0.014438403726905838
4,0.3,4.0,150,5,moderate,1.0,2015254125,1,2026,firm_1,ir_operational,1.0
4,0.3,4.0,150,5,moderate,1.0,2015254125,1,2026,firm_1,ir_accuracy,1.0
4,0.3,4.0,150,5,moderate,1.0,2015254125,1,2026,firm_2,phi_operational,3.7138411330285184
4,0.3,4.0,150,5,moderate,1.0,2015254125,1,2026,firm_2,phi_accuracy,0.04746317308160517
4,0.3,4.0,150,5,moderate,1.0,2015254125,1,2026,firm_2,ir_operational,1.0
4,0.3,4.0,150,5,moderate,1.0,2015254125,1,2026,firm_2,ir_accuracy,1.0
4,0.3,4.0,150,5,moderate,1.0,2015254125,1,2026,firm_3,phi_operational,3.9510119573822964
4,0.3,4.0,150,5,moderate,1.0,2015254125,1,2026,firm_3,phi_accuracy,-0.004501433985591163
4,0.3,4.0,150,5,moderate,1.0,2015254125,1,2026,firm_3,ir_operational,1.0
4,0.3,4.0,150,5,moderate,1.0,2015254125,1,2026,firm_3,ir_accuracy,0.0
4,0.3,4.0,150,5,moderate,1.0,2015254125,1,2026,_summary,v_op_N,15.717742606412742
4,0.3,4.0,150,5,moderate,1.0,2015254125,1,2026,_summary,v_acc_N,0.031007341449970305
4,0.3,4.0,150,5,moderate,1.0,2015254125,1,2026,_summary,spearman_rho,-0.8
4,0.3,4.0,150,5,moderate,1.0,2015254125,1,2026,_summary,payment_displacement,0.304061682571868
4,0.3,4.0,150,5,moderate,1.0,2015254125,1,2026,_summary,any_rank_reversal,1.0
4,0.3,4.0,150,5,moderate,1.0,2015254125,1,2026,_summary,efficiency_gap_op,0.0
4,0.3,4.0,150,5,moderate,1.0,2997155419,2,2026,firm_0,phi_operational,12.378133628403777
4,0.3,4.0,150,5,moderate,1.0,2997155419,2,2026,firm_0,phi_accuracy,0.04569303374572057
4,0.3,4.0,150,5,moderate,1.0,2997155419,2,2026,firm_0,ir_operational,1.0
4,0.3,4.0,150,5,moderate,1.0,2997155419,2,2026,firm_0,ir_accuracy,1.0
4,0.3,4.0,150,5,moderate,1.0,2997155419,2,2026,firm_1,phi_operational,14.726742242143075
4,0.3,4.0,150,5,moderate,1.0,2997155419,2,2026,firm_1,phi_accuracy,0.07374382031328837
4,0.3,4.0,150,5,moderate,1.0,2997155419,2,2026,firm_1,ir_operational,1.0
4,0.3,4.0,150,5,moderate,1.0,2997155419,2,2026,firm_1,ir_accuracy,1.0
4,0.3,4.0,150,5,moderate,1.0,2997155419,2,2026,firm_2,phi_operational,4.608560413913399
4,0.3,4.0,150,5,moderate,1.0,2997155419,2,2026,firm_2,phi_accuracy,0.015575400382538499
4,0.3,4.0,150,5,moderate,1.0,2997155419,2,2026,firm_2,ir_operational,1.0
4,0.3,4.0,150,5,moderate,1.0,2997155419,2,2026,firm_2,ir_accuracy,1.0
4,0.3,4.0,150,5,moderate,1.0,2997155419,2,2026,firm_3,phi_operational,8.775910957275887
4,0.3,4.0,150,5,moderate,1.0,2997155419,2,2026,firm_3,phi_accuracy,0.022095550193320063
4,0.3,4.0,150,5,moderate,1.0,2997155419,2,2026,firm_3,ir_operational,1.0
4,0.3,4.0,150,5,moderate,1.0,2997155419,2,2026,firm_3,ir_accuracy,1.0
4,0.3,4.0,150,5,moderate,1.0,2997155419,2,2026,_summary,v_op_N,40.48934724173614
4,0.3,4.0,150,5,moderate,1.0,2997155419,2,2026,_summary,v_acc_N,0.1571078046348675
4,0.3,4.0,150,5,moderate,1.0,2997155419,2,2026,_summary,spearman_rho,1.0
4,0.3,4.0,150,5,moderate,1.0,2997155419,2,2026,_summary,payment_displacement,0.052832311640822104
4,0.3,4.0,150,5,moderate,1.0,2997155419,2,2026,_summary,any_rank_reversal,0.0
4,0.3,4.0,150,5,moderate,1.0,2997155419,2,2026,_summary,efficiency_gap_op,0.0
4,0.3,4.0,150,5,moderate,1.0,108625438,3,2026,firm_0,phi_operational,0.28183601183342455
4,0.3,4.0,150,5,moderate,1.0,108625438,3,2026,firm_0,phi_accuracy,-0.001067769909412495
4,0.3,4.0,150,5,moderate,1.0,108625438,3,2026,firm_0,ir_operational,1.0
4,0.3,4.0,150,5,moderate,1.0,108625438,3,2026,firm_0,ir_accuracy,0.0
4,0.3,4.0,150,5,moderate,1.0,108625438,3,2026,firm_1,phi_operational,-1.7310275684679934
4,0.3,4.0,150,5,moderate,1.0,108625438,3,2026,firm_1,phi_accuracy,-0.00444262698217667
4,0.3,4.0,150,5,moderate,1.0,108625438,3,2026,firm_1,ir_operational,0.0
4,0.3,4.0,150,5,moderate,1.0,108625438,3,2026,firm_1,ir_accuracy,0.0
4,0.3,4.0,150,5,moderate,1.0,108625438,3,2026,firm_2,phi_operational,-0.6458864718830739
4,0.3,4.0,150,5,moderate,1.0,108625438,3,2026,firm_2,phi_accuracy,0.0034499340956126627
4,0.3,4.0,150,5,moderate,1.0,108625438,3,2026,firm_2,ir_operational,0.0
4,0.3,4.0,150,5,moderate,1.0,108625438,3,2026,firm_2,ir_accuracy,1.0
4,0.3,4.0,150,5,moderate,1.0,108625438,3,2026,firm_3,phi_operational,-11.279704126348651
4,0.3,4.0,150,5,moderate,1.0,108625438,3,2026,firm_3,phi_accuracy,0.025412172221677586
4,0.3,4.0,150,5,moderate,1.0,108625438,3,2026,firm_3,ir_operational,0.0
4,0.3,4.0,150,5,moderate,1.0,108625438,3,2026,firm_3,ir_accuracy,1.0
4,0.3,4.0,150,5,moderate,1.0,108625438,3,2026,_summary,v_op_N,-13.374782154866296
4,0.3,4.0,150,5,moderate,1.0,108625438,3,2026,_summary,v_acc_N,0.023351709425701084
4,0.3,4.0,150,5,moderate,1.0,108625438,3,2026,_summary,spearman_rho,-0.3999999999999999
4,0.3,4.0,150,5,moderate,1.0,108625438,3,2026,_summary,payment_displacement,0.4379046074084345
4,0.3,4.0,150,5,moderate,1.0,108625438,3,2026,_summary,any_rank_reversal,1.0
4,0.3,4.0,150,5,moderate,1.0,108625438,3,2026,_summary,efficiency_gap_op,1.7763568394002505e-15
4,0.3,4.0,150,5,moderate,1.0,505921113,4,2026,firm_0,phi_operational,7.658153880599959
4,0.3,4.0,150,5,moderate,1.0,505921113,4,2026,firm_0,phi_accuracy,0.06885413452410163
4,0.3,4.0,150,5,moderate,1.0,505921113,4,2026,firm_0,ir_operational,1.0
4,0.3,4.0,150,5,moderate,1.0,505921113,4,2026,firm_0,ir_accuracy,1.0
4,0.3,4.0,150,5,moderate,1.0,505921113,4,2026,firm_1,phi_operational,5.088791210147216
4,0.3,4.0,150,5,moderate,1.0,505921113,4,2026,firm_1,phi_accuracy,0.03870213665833983
4,0.3,4.0,150,5,moderate,1.0,505921113,4,2026,firm_1,ir_operational,1.0
4,0.3,4.0,150,5,moderate,1.0,505921113,4,2026,firm_1,ir_accuracy,1.0
4,0.3,4.0,150,5,moderate,1.0,505921113,4,2026,firm_2,phi_operational,6.8133151665394305
4,0.3,4.0,150,5,moderate,1.0,505921113,4,2026,firm_2,phi_accuracy,0.0871589220813729
4,0.3,4.0,150,5,moderate,1.0,505921113,4,2026,firm_2,ir_operational,1.0
4,0.3,4.0,150,5,moderate,1.0,505921113,4,2026,firm_2,ir_accuracy,1.0
4,0.3,4.0,150,5,moderate,1.0,505921113,4,2026,firm_3,phi_operational,7.66280286542955
4,0.3,4.0,150,5,moderate,1.0,505921113,4,2026,firm_3,phi_accuracy,0.08503044664752922
4,0.3,4.0,150,5,moderate,1.0,505921113,4,2026,firm_3,ir_operational,1.0
4,0.3,4.0,150,5,moderate,1.0,505921113,4,2026,firm_3,ir_accuracy,1.0
4,0.3,4.0,150,5,moderate,1.0,505921113,4,2026,_summary,v_op_N,27.223063122716155
4,0.3,4.0,150,5,moderate,1.0,505921113,4,2026,_summary,v_acc_N,0.2797456399113436
4,0.3,4.0,150,5,moderate,1.0,505921113,4,2026,_summary,spearman_rho,0.4
4,0.3,4.0,150,5,moderate,1.0,505921113,4,2026,_summary,payment_displacement,0.04188092506372487
4,0.3,4.0,150,5,moderate,1.0,505921113,4,2026,_summary,any_rank_reversal,1.0
4,0.3,4.0,150,5,moderate,1.0,505921113,4,2026,_summary,efficiency_gap_op,0.0
4,0.3,4.0,150,5,moderate,1.0,743037693,5,2026,firm_0,phi_operational,6.13319640506396
4,0.3,4.0,150,5,moderate,1.0,743037693,5,2026,firm_0,phi_accuracy,0.0035219416678992184
4,0.3,4.0,150,5,moderate,1.0,743037693,5,2026,firm_0,ir_operational,1.0
4,0.3,4.0,150,5,moderate,1.0,743037693,5,2026,firm_0,ir_accuracy,1.0
4,0.3,4.0,150,5,moderate,1.0,743037693,5,2026,firm_1,phi_operational,10.93782997979666
4,0.3,4.0,150,5,moderate,1.0,743037693,5,2026,firm_1,phi_accuracy,0.01927230837579775
4,0.3,4.0,150,5,moderate,1.0,743037693,5,2026,firm_1,ir_operational,1.0
4,0.3,4.0,150,5,moderate,1.0,743037693,5,2026,firm_1,ir_accuracy,1.0
4,0.3,4.0,150,5,moderate,1.0,743037693,5,2026,firm_2,phi_operational,6.547634189289505
4,0.3,4.0,150,5,moderate,1.0,743037693,5,2026,firm_2,phi_accuracy,0.031090049999540265
4,0.3,4.0,150,5,moderate,1.0,743037693,5,2026,firm_2,ir_operational,1.0
4,0.3,4.0,150,5,moderate,1.0,743037693,5,2026,firm_2,ir_accuracy,1.0
4,0.3,4.0,150,5,moderate,1.0,743037693,5,2026,firm_3,phi_operational,8.908969222670677
4,0.3,4.0,150,5,moderate,1.0,743037693,5,2026,firm_3,phi_accuracy,0.056992617436345046
4,0.3,4.0,150,5,moderate,1.0,743037693,5,2026,firm_3,ir_operational,1.0
4,0.3,4.0,150,5,moderate,1.0,743037693,5,2026,firm_3,ir_accuracy,1.0
4,0.3,4.0,150,5,moderate,1.0,743037693,5,2026,_summary,v_op_N,32.527629796820804
4,0.3,4.0,150,5,moderate,1.0,743037693,5,2026,_summary,v_acc_N,0.11087691747958228
4,0.3,4.0,150,5,moderate,1.0,743037693,5,2026,_summary,spearman_rho,0.4
4,0.3,4.0,150,5,moderate,1.0,743037693,5,2026,_summary,payment_displacement,0.15961730782951933
4,0.3,4.0,150,5,moderate,1.0,743037693,5,2026,_summary,any_rank_reversal,1.0
4,0.3,4.0,150,5,moderate,1.0,743037693,5,2026,_summary,efficiency_gap_op,0.0
4,0.3,4.0,150,5,moderate,1.0,3377757264,6,2026,firm_0,phi_operational,6.727361887518384
4,0.3,4.0,150,5,moderate,1.0,3377757264,6,2026,firm_0,phi_accuracy,-0.0023078929807614688
4,0.3,4.0,150,5,moderate,1.0,3377757264,6,2026,firm_0,ir_operational,1.0
4,0.3,4.0,150,5,moderate,1.0,3377757264,6,2026,firm_0,ir_accuracy,0.0
4,0.3,4.0,150,5,moderate,1.0,3377757264,6,2026,firm_1,phi_operational,11.312356167746941
4,0.3,4.0,150,5,moderate,1.0,3377757264,6,2026,firm_1,phi_accuracy,0.02166380928770595
4,0.3,4.0,150,5,moderate,1.0,3377757264,6,2026,firm_1,ir_operational,1.0
4,0.3,4.0,150,5,moderate,1.0,3377757264,6,2026,firm_1,ir_accuracy,1.0
4,0.3,4.0,150,5,moderate,1.0,3377757264,6,2026,firm_2,phi_operational,5.132595532035557
4,0.3,4.0,150,5,moderate,1.0,3377757264,6,2026,firm_2,phi_accuracy,0.027742283026040093
4,0.3,4.0,150,5,moderate,1.0,3377757264,6,2026,firm_2,ir_operational,1.0
4,0.3,4.0,150,5,moderate,1.0,3377757264,6,2026,firm_2,ir_accuracy,1.0
4,0.3,4.0,150,5,moderate,1.0,3377757264,6,2026,firm_3,phi_operational,5.445242420558438
4,0.3,4.0,150,5,moderate,1.0,3377757264,6,2026,firm_3,phi_accuracy,-0.007883716696051405
4,0.3,4.0,150,5,moderate,1.0,3377757264,6,2026,firm_3,ir_operational,1.0
4,0.3,4.0,150,5,moderate,1.0,3377757264,6,2026,firm_3,ir_accuracy,0.0
4,0.3,4.0,150,5,moderate,1.0,3377757264,6,2026,_summary,v_op_N,28.61755600785932
4,0.3,4.0,150,5,moderate,1.0,3377757264,6,2026,_summary,v_acc_N,0.03921448263693317
4,0.3,4.0,150,5,moderate,1.0,3377757264,6,2026,_summary,spearman_rho,-0.19999999999999996
4,0.3,4.0,150,5,moderate,1.0,3377757264,6,2026,_summary,payment_displacement,0.2285739816590695
4,0.3,4.0,150,5,moderate,1.0,3377757264,6,2026,_summary,any_rank_reversal,1.0
4,0.3,4.0,150,5,moderate,1.0,3377757264,6,2026,_summary,efficiency_gap_op,0.0
4,0.3,4.0,150,5,moderate,1.0,368166709,7,2026,firm_0,phi_operational,-9.28535986312788
4,0.3,4.0,150,5,moderate,1.0,368166709,7,2026,firm_0,phi_accuracy,0.02947995860265863
4,0.3,4.0,150,5,moderate,1.0,368166709,7,2026,firm_0,ir_operational,0.0
4,0.3,4.0,150,5,moderate,1.0,368166709,7,2026,firm_0,ir_accuracy,1.0
4,0.3,4.0,150,5,moderate,1.0,368166709,7,2026,firm_1,phi_operational,5.726333269628057
4,0.3,4.0,150,5,moderate,1.0,368166709,7,2026,firm_1,phi_accuracy,0.05354941532967249
4,0.3,4.0,150,5,moderate,1.0,368166709,7,2026,firm_1,ir_operational,1.0
4,0.3,4.0,150,5,moderate,1.0,368166709,7,2026,firm_1,ir_accuracy,1.0
4,0.3,4.0,150,5,moderate,1.0,368166709,7,2026,firm_2,phi_operational,1.6788785371434898
4,0.3,4.0,150,5,moderate,1.0,368166709,7,2026,firm_2,phi_accuracy,0.022058994735150484
4,0.3,4.0,150,5,moderate,1.0,368166709,7,2026,firm_2,ir_operational,1.0
4,0.3,4.0,150,5,moderate,1.0,368166709,7,2026,firm_2,ir_accuracy,1.0
4,0.3,4.0,150,5,moderate,1.0,368166709,7,2026,firm_3,phi_operational,1.7538035453038532
4,0.3,4.0,150,5,moderate,1.0,368166709,7,2026,firm_3,phi_accuracy,0.017768387785564565
4,0.3,4.0,150,5,moderate,1.0,368166709,7,2026,firm_3,ir_operational,1.0
4,0.3,4.0,150,5,moderate,1.0,368166709,7,2026,firm_3,ir_accuracy,1.0
4,0.3,4.0,150,5,moderate,1.0,368166709,7,2026,_summary,v_op_N,-0.1263445110524799
4,0.3,4.0,150,5,moderate,1.0,368166709,7,2026,_summary,v_acc_N,0.12285675645304617
4,0.3,4.0,150,5,moderate,1.0,368166709,7,2026,_summary,spearman_rho,0.19999999999999996
4,0.3,4.0,150,5,moderate,1.0,368166709,7,2026,_summary,payment_displacement,0.2517125073284971
4,0.3,4.0,150,5,moderate,1.0,368166709,7,2026,_summary,any_rank_reversal,1.0
4,0.3,4.0,150,5,moderate,1.0,368166709,7,2026,_summary,efficiency_gap_op,0.0
4,0.3,4.0,150,5,moderate,1.0,751652519,8,2026,firm_0,phi_operational,4.090098893556254
4,0.3,4.0,150,5,moderate,1.0,751652519,8,2026,firm_0,phi_accuracy,-0.03108883844693212
4,0.3,4.0,150,5,moderate,1.0,751652519,8,2026,firm_0,ir_operational,1.0
4,0.3,4.0,150,5,moderate,1.0,751652519,8,2026,firm_0,ir_accuracy,0.0
4,0.3,4.0,150,5,moderate,1.0,751652519,8,2026,firm_1,phi_operational,0.2654237190857126
4,0.3,4.0,150,5,moderate,1.0,751652519,8,2026,firm_1,phi_accuracy,-0.018522835125726618
4,0.3,4.0,150,5,moderate,1.0,751652519,8,2026,firm_1,ir_operational,1.0
4,0.3,4.0,150,5,moderate,1.0,751652519,8,2026,firm_1,ir_accuracy,0.0
4,0.3,4.0,150,5,moderate,1.0,751652519,8,2026,firm_2,phi_operational,-0.9729475094284131
4,0.3,4.0,150,5,moderate,1.0,751652519,8,2026,firm_2,phi_accuracy,-0.001180925692577689
4,0.3,4.0,150,5,moderate,1.0,751652519,8,2026,firm_2,ir_operational,0.0
4,0.3,4.0,150,5,moderate,1.0,751652519,8,2026,firm_2,ir_accuracy,0.0
4,0.3,4.0,150,5,moderate,1.0,751652519,8,2026,firm_3,phi_operational,-1.844059254426469
4,0.3,4.0,150,5,moderate,1.0,751652519,8,2026,firm_3,phi_accuracy,-0.013032560973637872
4,0.3,4.0,150,5,moderate,1.0,751652519,8,2026,firm_3,ir_operational,0.0
4,0.3,4.0,150,5,moderate,1.0,751652519,8,2026,firm_3,ir_accuracy,0.0
4,0.3,4.0,150,5,moderate,1.0,751652519,8,2026,_summary,v_op_N,1.5385158487870854
4,0.3,4.0,150,5,moderate,1.0,751652519,8,2026,_summary,v_acc_N,-0.0638251602388743
4,0.3,4.0,150,5,moderate,1.0,751652519,8,2026,_summary,spearman_rho,-0.8
4,0.3,4.0,150,5,moderate,1.0,751652519,8,2026,_summary,payment_displacement,0.38865294961029934
4,0.3,4.0,150,5,moderate,1.0,751652519,8,2026,_summary,any_rank_reversal,1.0
4,0.3,4.0,150,5,moderate,1.0,751652519,8,2026,_summary,efficiency_gap_op,6.661338147750939e-16
4,0.3,4.0,150,5,moderate,1.0,2723297263,9,2026,firm_0,phi_operational,7.754134116950576
4,0.3,4.0,150,5,moderate,1.0,2723297263,9,2026,firm_0,phi_accuracy,0.033442822033636084
4,0.3,4.0,150,5,moderate,1.0,2723297263,9,2026,firm_0,ir_operational,1.0
4,0.3,4.0,150,5,moderate,1.0,2723297263,9,2026,firm_0,ir_accuracy,1.0
4,0.3,4.0,150,5,moderate,1.0,2723297263,9,2026,firm_1,phi_operational,2.4922021627873834
4,0.3,4.0,150,5,moderate,1.0,2723297263,9,2026,firm_1,phi_accuracy,0.00794822300356397
4,0.3,4.0,150,5,moderate,1.0,2723297263,9,2026,firm_1,ir_operational,1.0
4,0.3,4.0,150,5,moderate,1.0,2723297263,9,2026,firm_1,ir_accuracy,1.0
4,0.3,4.0,150,5,moderate,1.0,2723297263,9,2026,firm_2,phi_operational,3.5753795090974587
4,0.3,4.0,150,5,moderate,1.0,2723297263,9,2026,firm_2,phi_accuracy,0.020078852768083126
4,0.3,4.0,150,5,moderate,1.0,2723297263,9,2026,firm_2,ir_operational,1.0
4,0.3,4.0,150,5,moderate,1.0,2723297263,9,2026,firm_2,ir_accuracy,1.0
4,0.3,4.0,150,5,moderate,1.0,2723297263,9,2026,firm_3,phi_operational,3.5728647533834557
4,0.3,4.0,150,5,moderate,1.0,2723297263,9,2026,firm_3,phi_accuracy,0.01962560465214029
4,0.3,4.0,150,5,moderate,1.0,2723297263,9,2026,firm_3,ir_operational,1.0
4,0.3,4.0,150,5,moderate,1.0,2723297263,9,2026,firm_3,ir_accuracy,1.0
4,0.3,4.0,150,5,moderate,1.0,2723297263,9,2026,_summary,v_op_N,17.394580542218876
4,0.3,4.0,150,5,moderate,1.0,2723297263,9,2026,_summary,v_acc_N,0.08109550245742347
4,0.3,4.0,150,5,moderate,1.0,2723297263,9,2026,_summary,spearman_rho,1.0
4,0.3,4.0,150,5,moderate,1.0,2723297263,9,2026,_summary,payment_displacement,0.039327297721723734
4,0.3,4.0,150,5,moderate,1.0,2723297263,9,2026,_summary,any_rank_reversal,0.0
4,0.3,4.0,150,5,moderate,1.0,2723297263,9,2026,_summary,efficiency_gap_op,0.0
4,0.3,4.0,150,5,moderate,1.0,1989505032,10,2026,firm_0,phi_operational,5.800168982133664
4,0.3,4.0,150,5,moderate,1.0,1989505032,10,2026,firm_0,phi_accuracy,-0.0276114610792574
4,0.3,4.0,150,5,moderate,1.0,1989505032,10,2026,firm_0,ir_operational,1.0
4,0.3,4.0,150,5,moderate,1.0,1989505032,10,2026,firm_0,ir_accuracy,0.0
4,0.3,4.0,150,5,moderate,1.0,1989505032,10,2026,firm_1,phi_operational,6.256429016259237
4,0.3,4.0,150,5,moderate,1.0,1989505032,10,2026,firm_1,phi_accuracy,-0.025994891021325107
4,0.3,4.0,150,5,moderate,1.0,1989505032,10,2026,firm_1,ir_operational,1.0
4,0.3,4.0,150,5,moderate,1.0,1989505032,10,2026,firm_1,ir_accuracy,0.0
4,0.3,4.0,150,5,moderate,1.0,1989505032,10,2026,firm_2,phi_operational,3.1564275374984305
4,0.3,4.0,150,5,moderate,1.0,1989505032,10,2026,firm_2,phi_accuracy,0.03948940231844154
4,0.3,4.0,150,5,moderate,1.0,1989505032,10,2026,firm_2,ir_operational,1.0
4,0.3,4.0,150,5,moderate,1.0,1989505032,10,2026,firm_2,ir_accuracy,1.0
4,0.3,4.0,150,5,moderate,1.0,1989505032,10,2026,firm_3,phi_operational,0.4166026852831948
4,0.3,4.0,150,5,moderate,1.0,1989505032,10,2026,firm_3,phi_accuracy,-0.022695239585167372
4,0.3,4.0,150,5,moderate,1.0,1989505032,10,2026,firm_3,ir_operational,1.0
4,0.3,4.0,150,5,moderate,1.0,1989505032,10,2026,firm_3,ir_accuracy,0.0
4,0.3,4.0,150,5,moderate,1.0,1989505032,10,2026,_summary,v_op_N,15.629628221174528
4,0.3,4.0,150,5,moderate,1.0,1989505032,10,2026,_summary,v_acc_N,-0.036812189367308346
4,0.3,4.0,150,5,moderate,1.0,1989505032,10,2026,_summary,spearman_rho,-0.6000000000000001
4,0.3,4.0,150,5,moderate,1.0,1989505032,10,2026,_summary,payment_displacement,0.3990242284429392
4,0.3,4.0,150,5,moderate,1.0,1989505032,10,2026,_summary,any_rank_reversal,1.0
4,0.3,4.0,150,5,moderate,1.0,1989505032,10,2026,_summary,efficiency_gap_op,0.0
4,0.3,4.0,150,5,moderate,1.0,2068208406,11,2026,firm_0,phi_operational,13.368775664056708
4,0.3,4.0,150,5,moderate,1.0,2068208406,11,2026,firm_0,phi_accuracy,0.02704326221706871
4,0.3,4.0,150,5,moderate,1.0,2068208406,11,2026,firm_0,ir_operational,1.0
4,0.3,4.0,150,5,moderate,1.0,2068208406,11,2026,firm_0,ir_accuracy,1.0
4,0.3,4.0,150,5,moderate,1.0,2068208406,11,2026,firm_1,phi_operational,8.03135233190552
4,0.3,4.0,150,5,moderate,1.0,2068208406,11,2026,firm_1,phi_accuracy,0.013626705111621082
4,0.3,4.0,150,5,moderate,1.0,2068208406,11,2026,firm_1,ir_operational,1.0
4,0.3,4.0,150,5,moderate,1.0,2068208406,11,2026,firm_1,ir_accuracy,1.0
4,0.3,4.0,150,5,moderate,1.0,2068208406,11,2026,firm_2,phi_operational,4.339181228839635
4,0.3,4.0,150,5,moderate,1.0,2068208406,11,2026,firm_2,phi_accuracy,-0.009915002284835717
4,0.3,4.0,150,5,moderate,1.0,2068208406,11,2026,firm_2,ir_operational,1.0
4,0.3,4.0,150,5,moderate,1.0,2068208406,11,2026,firm_2,ir_accuracy,0.0
4,0.3,4.0,150,5,moderate,1.0,2068208406,11,2026,firm_3,phi_operational,-0.39794900671121997
4,0.3,4.0,150,5,moderate,1.0,2068208406,11,2026,firm_3,phi_accuracy,-0.005457315126264868
4,0.3,4.0,150,5,moderate,1.0,2068208406,11,2026,firm_3,ir_operational,0.0
4,0.3,4.0,150,5,moderate,1.0,2068208406,11,2026,firm_3,ir_accuracy,0.0
4,0.3,4.0,150,5,moderate,1.0,2068208406,11,2026,_summary,v_op_N,25.341360218090642
4,0.3,4.0,150,5,moderate,1.0,2068208406,11,2026,_summary,v_acc_N,0.025297649917589204
4,0.3,4.0,150,5,moderate,1.0,2068208406,11,2026,_summary,spearman_rho,0.8
4,0.3,4.0,150,5,moderate,1.0,2068208406,11,2026,_summary,payment_displacement,0.12953659776600873
4,0.3,4.0,150,5,moderate,1.0,2068208406,11,2026,_summary,any_rank_reversal,1.0
4,0.3,4.0,150,5,moderate,1.0,2068208406,11,2026,_summary,efficiency_gap_op,0.0
4,0.3,4.0,150,5,moderate,1.0,754052644,12,2026,firm_0,phi_operational,1.1435737217487607
4,0.3,4.0,150,5,moderate,1.0,754052644,12,2026,firm_0,phi_accuracy,0.013753003718640057
4,0.3,4.0,150,5,moderate,1.0,754052644,12,2026,firm_0,ir_operational,1.0
4,0.3,4.0,150,5,moderate,1.0,754052644,12,2026,firm_0,ir_accuracy,1.0
4,0.3,4.0,150,5,moderate,1.0,754052644,12,2026,firm_1,phi_operational,3.646795930029332
4,0.3,4.0,150,5,moderate,1.0,754052644,12,2026,firm_1,phi_accuracy,0.011270697979676223
4,0.3,4.0,150,5,moderate,1.0,754052644,12,2026,firm_1,ir_operational,1.0
4,0.3,4.0,150,5,moderate,1.0,754052644,12,2026,firm_1,ir_accuracy,1.0
4,0.3,4.0,150,5,moderate,1.0,754052644,12,2026,firm_2,phi_operational,5.659489970032803
4,0.3,4.0,150,5,moderate,1.0,754052644,12,2026,firm_2,phi_accuracy,0.020321013701086355
4,0.3,4.0,150,5,moderate,1.0,754052644,12,2026,firm_2,ir_operational,1.0
4,0.3,4.0,150,5,moderate,1.0,754052644,12,2026,firm_2,ir_accuracy,1.0
4,0.3,4.0,150,5,moderate,1.0,754052644,12,2026,firm_3,phi_operational,3.7656953474632973
4,0.3,4.0,150,5,moderate,1.0,754052644,12,2026,firm_3,phi_accuracy,0.028380999667521292
4,0.3,4.0,150,5,moderate,1.0,754052644,12,2026,firm_3,ir_operational,1.0
4,0.3,4.0,150,5,moderate,1.0,754052644,12,2026,firm_3,ir_accuracy,1.0
4,0.3,4.0,150,5,moderate,1.0,754052644,12,2026,_summary,v_op_N,14.215554969274194
4,0.3,4.0,150,5,moderate,1.0,754052644,12,2026,_summary,v_acc_N,0.07372571506692394
4,0.3,4.0,150,5,moderate,1.0,754052644,12,2026,_summary,spearman_rho,0.6
4,0.3,4.0,150,5,moderate,1.0,754052644,12,2026,_summary,payment_displacement,0.11307591549007646
4,0.3,4.0,150,5,moderate,1.0,754052644,12,2026,_summary,any_rank_reversal,1.0
4,0.3,4.0,150,5,moderate,1.0,754052644,12,2026,_summary,efficiency_gap_op,1.7763568394002505e-15
4,0.3,4.0,150,5,moderate,1.0,624811559,13,2026,firm_0,phi_operational,4.832372236450268
4,0.3,4.0,150,5,moderate,1.0,624811559,13,2026,firm_0,phi_accuracy,0.005145658391712659
4,0.3,4.0,150,5,moderate,1.0,624811559,13,2026,firm_0,ir_operational,1.0
4,0.3,4.0,150,5,moderate,1.0,624811559,13,2026,firm_0,ir_accuracy,1.0
4,0.3,4.0,150,5,moderate,1.0,624811559,13,2026,firm_1,phi_operational,12.151563151832871
4,0.3,4.0,150,5,moderate,1.0,624811559,13,2026,firm_1,phi_accuracy,0.0066295270306706575
4,0.3,4.0,150,5,moderate,1.0,624811559,13,2026,firm_1,ir_operational,1.0
4,0.3,4.0,150,5,moderate,1.0,624811559,13,2026,firm_1,ir_accuracy,1.0
4,0.3,4.0,150,5,moderate,1.0,624811559,13,2026,firm_2,phi_operational,10.371001013610524
4,0.3,4.0,150,5,moderate,1.0,624811559,13,2026,firm_2,phi_accuracy,0.0210511977099093
4,0.3,4.0,150,5,moderate,1.0,624811559,13,2026,firm_2,ir_operational,1.0
4,0.3,4.0,150,5,moderate,1.0,624811559,13,2026,firm_2,ir_accuracy,1.0
4,0.3,4.0,150,5,moderate,1.0,624811559,13,2026,firm_3,phi_operational,4.80891060827543
4,0.3,4.0,150,5,moderate,1.0,624811559,13,2026,firm_3,phi_accuracy,0.009257938717740239
4,0.3,4.0,150,5,moderate,1.0,624811559,13,2026,firm_3,ir_operational,1.0
4,0.3,4.0,150,5,moderate,1.0,624811559,13,2026,firm_3,ir_accuracy,1.0
4,0.3,4.0,150,5,moderate,1.0,624811559,13,2026,_summary,v_op_N,32.16384701016909
4,0.3,4.0,150,5,moderate,1.0,624811559,13,2026,_summary,v_acc_N,0.04208432185003286
4,0.3,4.0,150,5,moderate,1.0,624811559,13,2026,_summary,spearman_rho,0.0
4,0.3,4.0,150,5,moderate,1.0,624811559,13,2026,_summary,payment_displacement,0.12412223229004005
4,0.3,4.0,150,5,moderate,1.0,624811559,13,2026,_summary,any_rank_reversal,1.0
4,0.3,4.0,150,5,moderate,1.0,624811559,13,2026,_summary,efficiency_gap_op,0.0
4,0.3,4.0,150,5,moderate,1.0,3138457903,14,2026,firm_0,phi_operational,5.372191561511386
4,0.3,4.0,150,5,moderate,1.0,3138457903,14,2026,firm_0,phi_accuracy,0.014654035791786247
4,0.3,4.0,150,5,moderate,1.0,3138457903,14,2026,firm_0,ir_operational,1.0
4,0.3,4.0,150,5,moderate,1.0,3138457903,14,2026,firm_0,ir_accuracy,1.0
4,0.3,4.0,150,5,moderate,1.0,3138457903,14,2026,firm_1,phi_operational,7.98426495660855
4,0.3,4.0,150,5,moderate,1.0,3138457903,14,2026,firm_1,phi_accuracy,0.032968351341071386
4,0.3,4.0,150,5,moderate,1.0,3138457903,14,2026,firm_1,ir_operational,1.0
4,0.3,4.0,150,5,moderate,1.0,3138457903,14,2026,firm_1,ir_accuracy,1.0
4,0.3,4.0,150,5,moderate,1.0,3138457903,14,2026,firm_2,phi_operational,7.2240065851389845
4,0.3,4.0,150,5,moderate,1.0,3138457903,14,2026,firm_2,phi_accuracy,0.029514145902559026
4,0.3,4.0,150,5,moderate,1.0,3138457903,14,2026,firm_2,ir_operational,1.0
4,0.3,4.0,150,5,moderate,1.0,3138457903,14,2026,firm_2,ir_accuracy,1.0
4,0.3,4.0,150,5,moderate,1.0,3138457903,14,2026,firm_3,phi_operational,6.413811008039374
4,0.3,4.0,150,5,moderate,1.0,3138457903,14,2026,firm_3,phi_accuracy,0.02416573965893943
4,0.3,4.0,150,5,moderate,1.0,3138457903,14,2026,firm_3,ir_operational,1.0
4,0.3,4.0,150,5,moderate,1.0,3138457903,14,2026,firm_3,ir_accuracy,1.0
4,0.3,4.0,150,5,moderate,1.0,3138457903,14,2026,_summary,v_op_N,26.994274111298296
4,0.3,4.0,150,5,moderate,1.0,3138457903,14,2026,_summary,v_acc_N,0.1013022726943561
4,0.3,4.0,150,5,moderate,1.0,3138457903,14,2026,_summary,spearman_rho,1.0
4,0.3,4.0,150,5,moderate,1.0,3138457903,14,2026,_summary,payment_displacement,0.027177863496931874
4,0.3,4.0,150,5,moderate,1.0,3138457903,14,2026,_summary,any_rank_reversal,0.0
4,0.3,4.0,150,5,moderate,1.0,3138457903,14,2026,_summary,efficiency_gap_op,0.0
4,0.3,4.0,150,5,moderate,1.0,1544867641,15,2026,firm_0,phi_operational,-1.7691771994189243
4,0.3,4.0,150,5,moderate,1.0,1544867641,15,2026,firm_0,phi_accuracy,0.01172201816498251
4,0.3,4.0,150,5,moderate,1.0,1544867641,15,2026,firm_0,ir_operational,0.0
4,0.3,4.0,150,5,moderate,1.0,1544867641,15,2026,firm_0,ir_accuracy,1.0
4,0.3,4.0,150,5,moderate,1.0,1544867641,15,2026,firm_1,phi_operational,2.6696797316925585
4,0.3,4.0,150,5,moderate,1.0,1544867641,15,2026,firm_1,phi_accuracy,0.031930781430065315
4,0.3,4.0,150,5,moderate,1.0,1544867641,15,2026,firm_1,ir_operational,1.0
4,0.3,4.0,150,5,moderate,1.0,1544867641,15,2026,firm_1,ir_accuracy,1.0
4,0.3,4.0,150,5,moderate,1.0,1544867641,15,2026,firm_2,phi_operational,5.087399280779886
4,0.3,4.0,150,5,moderate,1.0,1544867641,15,2026,firm_2,phi_accuracy,0.06405827296789096
4,0.3,4.0,150,5,moderate,1.0,1544867641,15,2026,firm_2,ir_operational,1.0
4,0.3,4.0,150,5,moderate,1.0,1544867641,15,2026,firm_2,ir_accuracy,1.0
4,0.3,4.0,150,5,moderate,1.0,1544867641,15,2026,firm_3,phi_operational,2.380566042520262
4,0.3,4.0,150,5,moderate,1.0,1544867641,15,2026,firm_3,phi_accuracy,0.03928348140697278
4,0.3,4.0,150,5,moderate,1.0,1544867641,15,2026,firm_3,ir_operational,1.0
4,0.3,4.0,150,5,moderate,1.0,1544867641,15,2026,firm_3,ir_accuracy,1.0
4,0.3,4.0,150,5,moderate,1.0,1544867641,15,2026,_summary,v_op_N,8.368467855573783
4,0.3,4.0,150,5,moderate,1.0,1544867641,15,2026,_summary,v_acc_N,0.14699455396991157
4,0.3,4.0,150,5,moderate,1.0,1544867641,15,2026,_summary,spearman_rho,0.8
4,0.3,4.0,150,5,moderate,1.0,1544867641,15,2026,_summary,payment_displacement,0.07778760707651602
4,0.3,4.0,150,5,moderate,1.0,1544867641,15,2026,_summary,any_rank_reversal,1.0
4,0.3,4.0,150,5,moderate,1.0,1544867641,15,2026,_summary,efficiency_gap_op,1.7763568394002505e-15
4,0.3,4.0,150,5,moderate,1.0,3332861730,16,2026,firm_0,phi_operational,7.201593307634022
4,0.3,4.0,150,5,moderate,1.0,3332861730,16,2026,firm_0,phi_accuracy,-0.0012283153457100426
4,0.3,4.0,150,5,moderate,1.0,3332861730,16,2026,firm_0,ir_operational,1.0
4,0.3,4.0,150,5,moderate,1.0,3332861730,16,2026,firm_0,ir_accuracy,0.0
4,0.3,4.0,150,5,moderate,1.0,3332861730,16,2026,firm_1,phi_operational,5.9004839898391825
4,0.3,4.0,150,5,moderate,1.0,3332861730,16,2026,firm_1,phi_accuracy,0.0007363358983895341
4,0.3,4.0,150,5,moderate,1.0,3332861730,16,2026,firm_1,ir_operational,1.0
4,0.3,4.0,150,5,moderate,1.0,3332861730,16,2026,firm_1,ir_accuracy,1.0
4,0.3,4.0,150,5,moderate,1.0,3332861730,16,2026,firm_2,phi_operational,0.8091152132865649
4,0.3,4.0,150,5,moderate,1.0,3332861730,16,2026,firm_2,phi_accuracy,0.0093241860764114
4,0.3,4.0,150,5,moderate,1.0,3332861730,16,2026,firm_2,ir_operational,1.0
4,0.3,4.0,150,5,moderate,1.0,3332861730,16,2026,firm_2,ir_accuracy,1.0
4,0.3,4.0,150,5,moderate,1.0,3332861730,16,2026,firm_3,phi_operational,7.55377080670812
4,0.3,4.0,150,5,moderate,1.0,3332861730,16,2026,firm_3,phi_accuracy,-0.0283688242893536
4,0.3,4.0,150,5,moderate,1.0,3332861730,16,2026,firm_3,ir_operational,1.0
4,0.3,4.0,150,5,moderate,1.0,3332861730,16,2026,firm_3,ir_accuracy,0.0
4,0.3,4.0,150,5,moderate,1.0,3332861730,16,2026,_summary,v_op_N,21.46496331746789
4,0.3,4.0,150,5,moderate,1.0,3332861730,16,2026,_summary,v_acc_N,-0.019536617660262712
4,0.3,4.0,150,5,moderate,1.0,3332861730,16,2026,_summary,spearman_rho,-1.0
4,0.3,4.0,150,5,moderate,1.0,3332861730,16,2026,_summary,payment_displacement,0.4718690007467292
4,0.3,4.0,150,5,moderate,1.0,3332861730,16,2026,_summary,any_rank_reversal,1.0
4,0.3,4.0,150,5,moderate,1.0,3332861730,16,2026,_summary,efficiency_gap_op,0.0
4,0.3,4.0,150,5,moderate,1.0,2610956282,17,2026,firm_0,phi_operational,4.637881595722726
4,0.3,4.0,150,5,moderate,1.0,2610956282,17,2026,firm_0,phi_accuracy,0.03071295949680974
4,0.3,4.0,150,5,moderate,1.0,2610956282,17,2026,firm_0,ir_operational,1.0
4,0.3,4.0,150,5,moderate,1.0,2610956282,17,2026,firm_0,ir_accuracy,1.0
4,0.3,4.0,150,5,moderate,1.0,2610956282,17,2026,firm_1,phi_operational,2.9865760406996076
4,0.3,4.0,150,5,moderate,1.0,2610956282,17,2026,firm_1,phi_accuracy,0.029442922586819128
4,0.3,4.0,150,5,moderate,1.0,2610956282,17,2026,firm_1,ir_operational,1.0
4,0.3,4.0,150,5,moderate,1.0,2610956282,17,2026,firm_1,ir_accuracy,1.0
4,0.3,4.0,150,5,moderate,1.0,2610956282,17,2026,firm_2,phi_operational,2.8306215377657225
4,0.3,4.0,150,5,moderate,1.0,2610956282,17,2026,firm_2,phi_accuracy,0.0012778430984991354
4,0.3,4.0,150,5,moderate,1.0,2610956282,17,2026,firm_2,ir_operational,1.0
4,0.3,4.0,150,5,moderate,1.0,2610956282,17,2026,firm_2,ir_accuracy,1.0
4,0.3,4.0,150,5,moderate,1.0,2610956282,17,2026,firm_3,phi_operational,3.2906002968807395
4,0.3,4.0,150,5,moderate,1.0,2610956282,17,2026,firm_3,phi_accuracy,0.02378751177063961
4,0.3,4.0,150,5,moderate,1.0,2610956282,17,2026,firm_3,ir_operational,1.0
4,0.3,4.0,150,5,moderate,1.0,2610956282,17,2026,firm_3,ir_accuracy,1.0
4,0.3,4.0,150,5,moderate,1.0,2610956282,17,2026,_summary,v_op_N,13.745679471068797
4,0.3,4.0,150,5,moderate,1.0,2610956282,17,2026,_summary,v_acc_N,0.08522123695276762
4,0.3,4.0,150,5,moderate,1.0,2610956282,17,2026,_summary,spearman_rho,0.8
4,0.3,4.0,150,5,moderate,1.0,2610956282,17,2026,_summary,payment_displacement,0.09546683520962787
4,0.3,4.0,150,5,moderate,1.0,2610956282,17,2026,_summary,any_rank_reversal,1.0
4,0.3,4.0,150,5,moderate,1.0,2610956282,17,2026,_summary,efficiency_gap_op,1.7763568394002505e-15
4,0.3,4.0,150,5,moderate,1.0,650724272,18,2026,firm_0,phi_operational,2.126382337607879
4,0.3,4.0,150,5,moderate,1.0,650724272,18,2026,firm_0,phi_accuracy,-0.03270405622254198
4,0.3,4.0,150,5,moderate,1.0,650724272,18,2026,firm_0,ir_operational,1.0
4,0.3,4.0,150,5,moderate,1.0,650724272,18,2026,firm_0,ir_accuracy,0.0
4,0.3,4.0,150,5,moderate,1.0,650724272,18,2026,firm_1,phi_operational,2.1192830218662473
4,0.3,4.0,150,5,moderate,1.0,650724272,18,2026,firm_1,phi_accuracy,0.0010079704101324713
4,0.3,4.0,150,5,moderate,1.0,650724272,18,2026,firm_1,ir_operational,1.0
4,0.3,4.0,150,5,moderate,1.0,650724272,18,2026,firm_1,ir_accuracy,1.0
4,0.3,4.0,150,5,moderate,1.0,650724272,18,2026,firm_2,phi_operational,2.1071864561142393
4,0.3,4.0,150,5,moderate,1.0,650724272,18,2026,firm_2,phi_accuracy,0.020369390053452785
4,0.3,4.0,150,5,moderate,1.0,650724272,18,2026,firm_2,ir_operational,1.0
4,0.3,4.0,150,5,moderate,1.0,650724272,18,2026,firm_2,ir_accuracy,1.0
4,0.3,4.0,150,5,moderate,1.0,650724272,18,2026,firm_3,phi_operational,1.1686883525950122
4,0.3,4.0,150,5,moderate,1.0,650724272,18,2026,firm_3,phi_accuracy,0.015298824000185562
4,0.3,4.0,150,5,moderate,1.0,650724272,18,2026,firm_3,ir_operational,1.0
4,0.3,4.0,150,5,moderate,1.0,650724272,18,2026,firm_3,ir_accuracy,1.0
4,0.3,4.0,150,5,moderate,1.0,650724272,18,2026,_summary,v_op_N,7.521540168183378
4,0.3,4.0,150,5,moderate,1.0,650724272,18,2026,_summary,v_acc_N,0.003972128241228834
4,0.3,4.0,150,5,moderate,1.0,650724272,18,2026,_summary,spearman_rho,-0.8
4,0.3,4.0,150,5,moderate,1.0,650724272,18,2026,_summary,payment_displacement,0.274969672698528
4,0.3,4.0,150,5,moderate,1.0,650724272,18,2026,_summary,any_rank_reversal,1.0
4,0.3,4.0,150,5,moderate,1.0,650724272,18,2026,_summary,efficiency_gap_op,0.0
4,0.3,4.0,150,5,moderate,1.0,235828615,19,2026,firm_0,phi_operational,4.923009686424379
4,0.3,4.0,150,5,moderate,1.0,235828615,19,2026,firm_0,phi_accuracy,-0.016297498164485464
4,0.3,4.0,150,5,moderate,1.0,235828615,19,2026,firm_0,ir_operational,1.0
4,0.3,4.0,150,5,moderate,1.0,235828615,19,2026,firm_0,ir_accuracy,0.0
4,0.3,4.0,150,5,moderate,1.0,235828615,19,2026,firm_1,phi_operational,4.870483153473103
4,0.3,4.0,150,5,moderate,1.0,235828615,19,2026,firm_1,phi_accuracy,-0.04287714896265236
4,0.3,4.0,150,5,moderate,1.0,235828615,19,2026,firm_1,ir_operational,1.0
4,0.3,4.0,150,5,moderate,1.0,235828615,19,2026,firm_1,ir_accuracy,0.0
4,0.3,4.0,150,5,moderate,1.0,235828615,19,2026,firm_2,phi_operational,6.208793389215254
4,0.3,4.0,150,5,moderate,1.0,235828615,19,2026,firm_2,phi_accuracy,0.012780484716013932
4,0.3,4.0,150,5,moderate,1.0,235828615,19,2026,firm_2,ir_operational,1.0
4,0.3,4.0,150,5,moderate,1.0,235828615,19,2026,firm_2,ir_accuracy,1.0
4,0.3,4.0,150,5,moderate,1.0,235828615,19,2026,firm_3,phi_operational,5.329343516609673
4,0.3,4.0,150,5,moderate,1.0,235828615,19,2026,firm_3,phi_accuracy,0.005896884730935933
4,0.3,4.0,150,5,moderate,1.0,235828615,19,2026,firm_3,ir_operational,1.0
4,0.3,4.0,150,5,moderate,1.0,235828615,19,2026,firm_3,ir_accuracy,1.0
4,0.3,4.0,150,5,moderate,1.0,235828615,19,2026,_summary,v_op_N,21.33162974572241
4,0.3,4.0,150,5,moderate,1.0,235828615,19,2026,_summary,v_acc_N,-0.04049727768018796
4,0.3,4.0,150,5,moderate,1.0,235828615,19,2026,_summary,spearman_rho,1.0
4,0.3,4.0,150,5,moderate,1.0,235828615,19,2026,_summary,payment_displacement,0.38004569265436106
4,0.3,4.0,150,5,moderate,1.0,235828615,19,2026,_summary,any_rank_reversal,0.0
4,0.3,4.0,150,5,moderate,1.0,235828615,19,2026,_summary,efficiency_gap_op,0.0
4,0.3,4.0,150,5,moderate,1.0,2968668948,20,2026,firm_0,phi_operational,7.386773824729412
4,0.3,4.0,150,5,moderate,1.0,2968668948,20,2026,firm_0,phi_accuracy,0.057356036025117435
4,0.3,4.0,150,5,moderate,1.0,2968668948,20,2026,firm_0,ir_operational,1.0
4,0.3,4.0,150,5,moderate,1.0,2968668948,20,2026,firm_0,ir_accuracy,1.0
4,0.3,4.0,150,5,moderate,1.0,2968668948,20,2026,firm_1,phi_operational,0.24017082135605006
4,0.3,4.0,150,5,moderate,1.0,2968668948,20,2026,firm_1,phi_accuracy,-0.00037587259302422193
4,0.3,4.0,150,5,moderate,1.0,2968668948,20,2026,firm_1,ir_operational,1.0
4,0.3,4.0,150,5,moderate,1.0,2968668948,20,2026,firm_1,ir_accuracy,0.0
4,0.3,4.0,150,5,moderate,1.0,2968668948,20,2026,firm_2,phi_operational,7.347963702298111
4,0.3,4.0,150,5,moderate,1.0,2968668948,20,2026,firm_2,phi_accuracy,0.06400451052333977
4,0.3,4.0,150,5,moderate,1.0,2968668948,20,2026,firm_2,ir_operational,1.0
4,0.3,4.0,150,5,moderate,1.0,2968668948,20,2026,firm_2,ir_accuracy,1.0
4,0.3,4.0,150,5,moderate,1.0,2968668948,20,2026,firm_3,phi_operational,1.831492502019832
4,0.3,4.0,150,5,moderate,1.0,2968668948,20,2026,firm_3,phi_accuracy,0.0608800870349444
4,0.3,4.0,150,5,moderate,1.0,2968668948,20,2026,firm_3,ir_operational,1.0
4,0.3,4.0,150,5,moderate,1.0,2968668948,20,2026,firm_3,ir_accuracy,1.0
4,0.3,4.0,150,5,moderate,1.0,2968668948,20,2026,_summary,v_op_N,16.806400850403406
4,0.3,4.0,150,5,moderate,1.0,2968668948,20,2026,_summary,v_acc_N,0.1818647609903774
4,0.3,4.0,150,5,moderate,1.0,2968668948,20,2026,_summary,spearman_rho,0.4
4,0.3,4.0,150,5,moderate,1.0,2968668948,20,2026,_summary,payment_displacement,0.11322953241783534
4,0.3,4.0,150,5,moderate,1.0,2968668948,20,2026,_summary,any_rank_reversal,1.0
4,0.3,4.0,150,5,moderate,1.0,2968668948,20,2026,_summary,efficiency_gap_op,0.0
4,0.3,4.0,150,5,moderate,1.0,1936288427,21,2026,firm_0,phi_operational,3.312220753459366
4,0.3,4.0,150,5,moderate,1.0,1936288427,21,2026,firm_0,phi_accuracy,0.016100191408338294
4,0.3,4.0,150,5,moderate,1.0,1936288427,21,2026,firm_0,ir_operational,1.0
4,0.3,4.0,150,5,moderate,1.0,1936288427,21,2026,firm_0,ir_accuracy,1.0
4,0.3,4.0,150,5,moderate,1.0,1936288427,21,2026,firm_1,phi_operational,10.379908493553476
4,0.3,4.0,150,5,moderate,1.0,1936288427,21,2026,firm_1,phi_accuracy,0.12214219897273251
4,0.3,4.0,150,5,moderate,1.0,1936288427,21,2026,firm_1,ir_operational,1.0
4,0.3,4.0,150,5,moderate,1.0,1936288427,21,2026,firm_1,ir_accuracy,1.0
4,0.3,4.0,150,5,moderate,1.0,1936288427,21,2026,firm_2,phi_operational,2.2854101511427274
4,0.3,4.0,150,5,moderate,1.0,1936288427,21,2026,firm_2,phi_accuracy,0.020522089192151555
4,0.3,4.0,150,5,moderate,1.0,1936288427,21,2026,firm_2,ir_operational,1.0
4,0.3,4.0,150,5,moderate,1.0,1936288427,21,2026,firm_2,ir_accuracy,1.0
4,0.3,4.0,150,5,moderate,1.0,1936288427,21,2026,firm_3,phi_operational,11.97753987322254
4,0.3,4.0,150,5,moderate,1.0,1936288427,21,2026,firm_3,phi_accuracy,0.07781217754484215
4,0.3,4.0,150,5,moderate,1.0,1936288427,21,2026,firm_3,ir_operational,1.0
4,0.3,4.0,150,5,moderate,1.0,1936288427,21,2026,firm_3,ir_accuracy,1.0
4,0.3,4.0,150,5,moderate,1.0,1936288427,21,2026,_summary,v_op_N,27.95507927137811
4,0.3,4.0,150,5,moderate,1.0,1936288427,21,2026,_summary,v_acc_N,0.23657665711806453
4,0.3,4.0,150,5,moderate,1.0,1936288427,21,2026,_summary,spearman_rho,0.6
4,0.3,4.0,150,5,moderate,1.0,1936288427,21,2026,_summary,payment_displacement,0.07498827084526807
4,0.3,4.0,150,5,moderate,1.0,1936288427,21,2026,_summary,any_rank_reversal,1.0
4,0.3,4.0,150,5,moderate,1.0,1936288427,21,2026,_summary,efficiency_gap_op,0.0
4,0.3,4.0,150,5,moderate,1.0,3157238167,22,2026,firm_0,phi_operational,3.0066255707842893
4,0.3,4.0,150,5,moderate,1.0,3157238167,22,2026,firm_0,phi_accuracy,0.08607234260747552
4,0.3,4.0,150,5,moderate,1.0,3157238167,22,2026,firm_0,ir_operational,1.0
4,0.3,4.0,150,5,moderate,1.0,3157238167,22,2026,firm_0,ir_accuracy,1.0
4,0.3,4.0,150,5,moderate,1.0,3157238167,22,2026,firm_1,phi_operational,4.6989105368259825
4,0.3,4.0,150,5,moderate,1.0,3157238167,22,2026,firm_1,phi_accuracy,0.018039747780272692
4,0.3,4.0,150,5,moderate,1.0,3157238167,22,2026,firm_1,ir_operational,1.0
4,0.3,4.0,150,5,moderate,1.0,3157238167,22,2026,firm_1,ir_accuracy,1.0
4,0.3,4.0,150,5,moderate,1.0,3157238167,22,2026,firm_2,phi_operational,-3.025795969313805
4,0.3,4.0,150,5,moderate,1.0,3157238167,22,2026,firm_2,phi_accuracy,0.10236480557125772
4,0.3,4.0,150,5,moderate,1.0,3157238167,22,2026,firm_2,ir_operational,0.0
4,0.3,4.0,150,5,moderate,1.0,3157238167,22,2026,firm_2,ir_accuracy,1.0
4,0.3,4.0,150,5,moderate,1.0,3157238167,22,2026,firm_3,phi_operational,8.775477784672518
4,0.3,4.0,150,5,moderate,1.0,3157238167,22,2026,firm_3,phi_accuracy,0.02030031670090539
4,0.3,4.0,150,5,moderate,1.0,3157238167,22,2026,firm_3,ir_operational,1.0
4,0.3,4.0,150,5,moderate,1.0,3157238167,22,2026,firm_3,ir_accuracy,1.0
4,0.3,4.0,150,5,moderate,1.0,3157238167,22,2026,_summary,v_op_N,13.455217922968984
4,0.3,4.0,150,5,moderate,1.0,3157238167,22,2026,_summary,v_acc_N,0.22677721265991135
4,0.3,4.0,150,5,moderate,1.0,3157238167,22,2026,_summary,spearman_rho,-0.8
4,0.3,4.0,150,5,moderate,1.0,3157238167,22,2026,_summary,payment_displacement,0.3384015050046194
4,0.3,4.0,150,5,moderate,1.0,3157238167,22,2026,_summary,any_rank_reversal,1.0
4,0.3,4.0,150,5,moderate,1.0,3157238167,22,2026,_summary,efficiency_gap_op,0.0
4,0.3,4.0,150,5,moderate,1.0,2776066039,23,2026,firm_0,phi_operational,6.2331404713191025
4,0.3,4.0,150,5,moderate,1.0,2776066039,23,2026,firm_0,phi_accuracy,-0.00843724771388002
4,0.3,4.0,150,5,moderate,1.0,2776066039,23,2026,firm_0,ir_operational,1.0
4,0.3,4.0,150,5,moderate,1.0,2776066039,23,2026,firm_0,ir_accuracy,0.0
4,0.3,4.0,150,5,moderate,1.0,2776066039,23,2026,firm_1,phi_operational,11.340306031034439
4,0.3,4.0,150,5,moderate,1.0,2776066039,23,2026,firm_1,phi_accuracy,-0.012326870334333394
4,0.3,4.0,150,5,moderate,1.0,2776066039,23,2026,firm_1,ir_operational,1.0
4,0.3,4.0,150,5,moderate,1.0,2776066039,23,2026,firm_1,ir_accuracy,0.0
4,0.3,4.0,150,5,moderate,1.0,2776066039,23,2026,firm_2,phi_operational,7.418187154438991
4,0.3,4.0,150,5,moderate,1.0,2776066039,23,2026,firm_2,phi_accuracy,0.022643729035574867
4,0.3,4.0,150,5,moderate,1.0,2776066039,23,2026,firm_2,ir_operational,1.0
4,0.3,4.0,150,5,moderate,1.0,2776066039,23,2026,firm_2,ir_accuracy,1.0
4,0.3,4.0,150,5,moderate,1.0,2776066039,23,2026,firm_3,phi_operational,6.293114363172444
4,0.3,4.0,150,5,moderate,1.0,2776066039,23,2026,firm_3,phi_accuracy,-0.012598674495573845
4,0.3,4.0,150,5,moderate,1.0,2776066039,23,2026,firm_3,ir_operational,1.0
4,0.3,4.0,150,5,moderate,1.0,2776066039,23,2026,firm_3,ir_accuracy,0.0
4,0.3,4.0,150,5,moderate,1.0,2776066039,23,2026,_summary,v_op_N,31.28474801996498
4,0.3,4.0,150,5,moderate,1.0,2776066039,23,2026,_summary,v_acc_N,-0.01071906350821239
4,0.3,4.0,150,5,moderate,1.0,2776066039,23,2026,_summary,spearman_rho,0.0
4,0.3,4.0,150,5,moderate,1.0,2776066039,23,2026,_summary,payment_displacement,0.38144083580304877
4,0.3,4.0,150,5,moderate,1.0,2776066039,23,2026,_summary,any_rank_reversal,1.0
4,0.3,4.0,150,5,moderate,1.0,2776066039,23,2026,_summary,efficiency_gap_op,3.552713678800501e-15
4,0.3,4.0,150,5,moderate,1.0,346787993,24,2026,firm_0,phi_operational,2.20631624708776
4,0.3,4.0,150,5,moderate,1.0,346787993,24,2026,firm_0,phi_accuracy,0.0034423585563739994
4,0.3,4.0,150,5,moderate,1.0,346787993,24,2026,firm_0,ir_operational,1.0
4,0.3,4.0,150,5,moderate,1.0,346787993,24,2026,firm_0,ir_accuracy,1.0
4,0.3,4.0,150,5,moderate,1.0,346787993,24,2026,firm_1,phi_operational,1.5554313329022638
4,0.3,4.0,150,5,moderate,1.0,346787993,24,2026,firm_1,phi_accuracy,0.0037444900373327923
4,0.3,4.0,150,5,moderate,1.0,346787993,24,2026,firm_1,ir_operational,1.0
4,0.3,4.0,150,5,moderate,1.0,346787993,24,2026,firm_1,ir_accuracy,1.0
4,0.3,4.0,150,5,moderate,1.0,346787993,24,2026,firm_2,phi_operational,2.5934224016292213
4,0.3,4.0,150,5,moderate,1.0,346787993,24,2026,firm_2,phi_accuracy,0.014998093187171711
4,0.3,4.0,150,5,moderate,1.0,346787993,24,2026,firm_2,ir_operational,1.0
4,0.3,4.0,150,5,moderate,1.0,346787993,24,2026,firm_2,ir_accuracy,1.0
4,0.3,4.0,150,5,moderate,1.0,346787993,24,2026,firm_3,phi_operational,2.153070596910448
4,0.3,4.0,150,5,moderate,1.0,346787993,24,2026,firm_3,phi_accuracy,0.01595496276903128
4,0.3,4.0,150,5,moderate,1.0,346787993,24,2026,firm_3,ir_operational,1.0
4,0.3,4.0,150,5,moderate,1.0,346787993,24,2026,firm_3,ir_accuracy,1.0
4,0.3,4.0,150,5,moderate,1.0,346787993,24,2026,_summary,v_op_N,8.508240578529694
4,0.3,4.0,150,5,moderate,1.0,346787993,24,2026,_summary,v_acc_N,0.03813990454990979
4,0.3,4.0,150,5,moderate,1.0,346787993,24,2026,_summary,spearman_rho,0.0
4,0.3,4.0,150,5,moderate,1.0,346787993,24,2026,_summary,payment_displacement,0.12684803241704912
4,0.3,4.0,150,5,moderate,1.0,346787993,24,2026,_summary,any_rank_reversal,1.0
4,0.3,4.0,150,5,moderate,1.0,346787993,24,2026,_summary,efficiency_gap_op,0.0
4,0.3,4.0,150,5,moderate,1.0,1372057346,25,2026,firm_0,phi_operational,-10.180914973637485
4,0.3,4.0,150,5,moderate,1.0,1372057346,25,2026,firm_0,phi_accuracy,-0.038497576651589704
4,0.3,4.0,150,5,moderate,1.0,1372057346,25,2026,firm_0,ir_operational,0.0
4,0.3,4.0,150,5,moderate,1.0,1372057346,25,2026,firm_0,ir_accuracy,0.0
4,0.3,4.0,150,5,moderate,1.0,1372057346,25,2026,firm_1,phi_operational,4.289888923859465
4,0.3,4.0,150,5,moderate,1.0,1372057346,25,2026,firm_1,phi_accuracy,8.39519059958973e-05
4,0.3,4.0,150,5,moderate,1.0,1372057346,25,2026,firm_1,ir_operational,1.0
4,0.3,4.0,150,5,moderate,1.0,1372057346,25,2026,firm_1,ir_accuracy,1.0
4,0.3,4.0,150,5,moderate,1.0,1372057346,25,2026,firm_2,phi_operational,15.704105278325844
4,0.3,4.0,150,5,moderate,1.0,1372057346,25,2026,firm_2,phi_accuracy,-0.0016596481005561512
4,0.3,4.0,150,5,moderate,1.0,1372057346,25,2026,firm_2,ir_operational,1.0
4,0.3,4.0,150,5,moderate,1.0,1372057346,25,2026,firm_2,ir_accuracy,0.0
4,0.3,4.0,150,5,moderate,1.0,1372057346,25,2026,firm_3,phi_operational,-3.8991999773362287
4,0.3,4.0,150,5,moderate,1.0,1372057346,25,2026,firm_3,phi_accuracy,0.006806962085643279
4,0.3,4.0,150,5,moderate,1.0,1372057346,25,2026,firm_3,ir_operational,0.0
4,0.3,4.0,150,5,moderate,1.0,1372057346,25,2026,firm_3,ir_accuracy,1.0
4,0.3,4.0,150,5,moderate,1.0,1372057346,25,2026,_summary,v_op_N,5.913879251211597
4,0.3,4.0,150,5,moderate,1.0,1372057346,25,2026,_summary,v_acc_N,-0.03326631076050668
4,0.3,4.0,150,5,moderate,1.0,1372057346,25,2026,_summary,spearman_rho,0.19999999999999996
4,0.3,4.0,150,5,moderate,1.0,1372057346,25,2026,_summary,payment_displacement,0.34971410119374213
4,0.3,4.0,150,5,moderate,1.0,1372057346,25,2026,_summary,any_rank_reversal,1.0
4,0.3,4.0,150,5,moderate,1.0,1372057346,25,2026,_summary,efficiency_gap_op,1.7763568394002505e-15
4,0.3,4.0,150,5,moderate,1.0,3556649423,26,2026,firm_0,phi_operational,3.0817479823400333
4,0.3,4.0,150,5,moderate,1.0,3556649423,26,2026,firm_0,phi_accuracy,0.11510455715694658
4,0.3,4.0,150,5,moderate,1.0,3556649423,26,2026,firm_0,ir_operational,1.0
4,0.3,4.0,150,5,moderate,1.0,3556649423,26,2026,firm_0,ir_accuracy,1.0
4,0.3,4.0,150,5,moderate,1.0,3556649423,26,2026,firm_1,phi_operational,5.957657939206095
4,0.3,4.0,150,5,moderate,1.0,3556649423,26,2026,firm_1,phi_accuracy,0.039677466758511366
4,0.3,4.0,150,5,moderate,1.0,3556649423,26,2026,firm_1,ir_operational,1.0
4,0.3,4.0,150,5,moderate,1.0,3556649423,26,2026,firm_1,ir_accuracy,1.0
4,0.3,4.0,150,5,moderate,1.0,3556649423,26,2026,firm_2,phi_operational,5.238440453401978
4,0.3,4.0,150,5,moderate,1.0,3556649423,26,2026,firm_2,phi_accuracy,0.01865499939040346
4,0.3,4.0,150,5,moderate,1.0,3556649423,26,2026,firm_2,ir_operational,1.0
4,0.3,4.0,150,5,moderate,1.0,3556649423,26,2026,firm_2,ir_accuracy,1.0
4,0.3,4.0,150,5,moderate,1.0,3556649423,26,2026,firm_3,phi_operational,11.340551577865785
4,0.3,4.0,150,5,moderate,1.0,3556649423,26,2026,firm_3,phi_accuracy,0.04945315393995553
4,0.3,4.0,150,5,moderate,1.0,3556649423,26,2026,firm_3,ir_operational,1.0
4,0.3,4.0,150,5,moderate,1.0,3556649423,26,2026,firm_3,ir_accuracy,1.0
4,0.3,4.0,150,5,moderate,1.0,3556649423,26,2026,_summary,v_op_N,25.618397952813893
4,0.3,4.0,150,5,moderate,1.0,3556649423,26,2026,_summary,v_acc_N,0.22289017724581695
4,0.3,4.0,150,5,moderate,1.0,3556649423,26,2026,_summary,spearman_rho,-0.19999999999999996
4,0.3,4.0,150,5,moderate,1.0,3556649423,26,2026,_summary,payment_displacement,0.19806196490499356
4,0.3,4.0,150,5,moderate,1.0,3556649423,26,2026,_summary,any_rank_reversal,1.0
4,0.3,4.0,150,5,moderate,1.0,3556649423,26,2026,_summary,efficiency_gap_op,0.0
4,0.3,4.0,150,5,moderate,1.0,1848705983,27,2026,firm_0,phi_operational,1.1959169917570827
4,0.3,4.0,150,5,moderate,1.0,1848705983,27,2026,firm_0,phi_accuracy,-0.007665733200251185
4,0.3,4.0,150,5,moderate,1.0,1848705983,27,2026,firm_0,ir_operational,1.0
4,0.3,4.0,150,5,moderate,1.0,1848705983,27,2026,firm_0,ir_accuracy,0.0
4,0.3,4.0,150,5,moderate,1.0,1848705983,27,2026,firm_1,phi_operational,6.526122787089932
4,0.3,4.0,150,5,moderate,1.0,1848705983,27,2026,firm_1,phi_accuracy,0.012892617465225584
4,0.3,4.0,150,5,moderate,1.0,1848705983,27,2026,firm_1,ir_operational,1.0
4,0.3,4.0,150,5,moderate,1.0,1848705983,27,2026,firm_1,ir_accuracy,1.0
4,0.3,4.0,150,5,moderate,1.0,1848705983,27,2026,firm_2,phi_operational,2.9815145148324826
4,0.3,4.0,150,5,moderate,1.0,1848705983,27,2026,firm_2,phi_accuracy,0.023516624274265645
4,0.3,4.0,150,5,moderate,1.0,1848705983,27,2026,firm_2,ir_operational,1.0
4,0.3,4.0,150,5,moderate,1.0,1848705983,27,2026,firm_2,ir_accuracy,1.0
4,0.3,4.0,150,5,moderate,1.0,1848705983,27,2026,firm_3,phi_operational,3.1332418998838754
4,0.3,4.0,150,5,moderate,1.0,1848705983,27,2026,firm_3,phi_accuracy,0.009234361571500344
4,0.3,4.0,150,5,moderate,1.0,1848705983,27,2026,firm_3,ir_operational,1.0
4,0.3,4.0,150,5,moderate,1.0,1848705983,27,2026,firm_3,ir_accuracy,1.0
4,0.3,4.0,150,5,moderate,1.0,1848705983,27,2026,_summary,v_op_N,13.836796193563373
4,0.3,4.0,150,5,moderate,1.0,1848705983,27,2026,_summary,v_acc_N,0.037977870110740386
4,0.3,4.0,150,5,moderate,1.0,1848705983,27,2026,_summary,spearman_rho,0.4
4,0.3,4.0,150,5,moderate,1.0,1848705983,27,2026,_summary,payment_displacement,0.18472757872037276
4,0.3,4.0,150,5,moderate,1.0,1848705983,27,2026,_summary,any_rank_reversal,1.0
4,0.3,4.0,150,5,moderate,1.0,1848705983,27,2026,_summary,efficiency_gap_op,0.0
4,0.3,4.0,150,5,moderate,1.0,86472064,28,2026,firm_0,phi_operational,7.421112995785322
4,0.3,4.0,150,5,moderate,1.0,86472064,28,2026,firm_0,phi_accuracy,0.07592837102816219
4,0.3,4.0,150,5,moderate,1.0,86472064,28,2026,firm_0,ir_operational,1.0
4,0.3,4.0,150,5,moderate,1.0,86472064,28,2026,firm_0,ir_accuracy,1.0
4,0.3,4.0,150,5,moderate,1.0,86472064,28,2026,firm_1,phi_operational,8.601414886069188
4,0.3,4.0,150,5,moderate,1.0,86472064,28,2026,firm_1,phi_accuracy,0.02844377406069128
4,0.3,4.0,150,5,moderate,1.0,86472064,28,2026,firm_1,ir_operational,1.0
4,0.3,4.0,150,5,moderate,1.0,86472064,28,2026,firm_1,ir_accuracy,1.0
4,0.3,4.0,150,5,moderate,1.0,86472064,28,2026,firm_2,phi_operational,3.690258764664231
4,0.3,4.0,150,5,moderate,1.0,86472064,28,2026,firm_2,phi_accuracy,0.008436293574361115
4,0.3,4.0,150,5,moderate,1.0,86472064,28,2026,firm_2,ir_operational,1.0
4,0.3,4.0,150,5,moderate,1.0,86472064,28,2026,firm_2,ir_accuracy,1.0
4,0.3,4.0,150,5,moderate,1.0,86472064,28,2026,firm_3,phi_operational,-0.3156793127636822
4,0.3,4.0,150,5,moderate,1.0,86472064,28,2026,firm_3,phi_accuracy,0.017715899233510985
4,0.3,4.0,150,5,moderate,1.0,86472064,28,2026,firm_3,ir_operational,0.0
4,0.3,4.0,150,5,moderate,1.0,86472064,28,2026,firm_3,ir_accuracy,1.0
4,0.3,4.0,150,5,moderate,1.0,86472064,28,2026,_summary,v_op_N,19.39710733375506
4,0.3,4.0,150,5,moderate,1.0,86472064,28,2026,_summary,v_acc_N,0.13052433789672557
4,0.3,4.0,150,5,moderate,1.0,86472064,28,2026,_summary,spearman_rho,0.6
4,0.3,4.0,150,5,moderate,1.0,86472064,28,2026,_summary,payment_displacement,0.17345926774790005
4,0.3,4.0,150,5,moderate,1.0,86472064,28,2026,_summary,any_rank_reversal,1.0
4,0.3,4.0,150,5,moderate,1.0,86472064,28,2026,_summary,efficiency_gap_op,0.0
4,0.3,4.0,150,5,moderate,1.0,770843941,29,2026,firm_0,phi_operational,6.676150445915676
4,0.3,4.0,150,5,moderate,1.0,770843941,29,2026,firm_0,phi_accuracy,-0.0135119474861544
4,0.3,4.0,150,5,moderate,1.0,770843941,29,2026,firm_0,ir_operational,1.0
4,0.3,4.0,150,5,moderate,1.0,770843941,29,2026,firm_0,ir_accuracy,0.0
4,0.3,4.0,150,5,moderate,1.0,770843941,29,2026,firm_1,phi_operational,7.0701712983143965
4,0.3,4.0,150,5,moderate,1.0,770843941,29,2026,firm_1,phi_accuracy,0.0023003193236165362
4,0.3,4.0,150,5,moderate,1.0,770843941,29,2026,firm_1,ir_operational,1.0
4,0.3,4.0,150,5,moderate,1.0,770843941,29,2026,firm_1,ir_accuracy,1.0
4,0.3,4.0,150,5,moderate,1.0,770843941,29,2026,firm_2,phi_operational,4.593103061938587
4,0.3,4.0,150,5,moderate,1.0,770843941,29,2026,firm_2,phi_accuracy,-0.0002653639784558903
4,0.3,4.0,150,5,moderate,1.0,770843941,29,2026,firm_2,ir_operational,1.0
4,0.3,4.0,150,5,moderate,1.0,770843941,29,2026,firm_2,ir_accuracy,0.0
4,0.3,4.0,150,5,moderate,1.0,770843941,29,2026,firm_3,phi_operational,5.88323346954059
4,0.3,4.0,150,5,moderate,1.0,770843941,29,2026,firm_3,phi_accuracy,-0.005223608678354899
4,0.3,4.0,150,5,moderate,1.0,770843941,29,2026,firm_3,ir_operational,1.0
4,0.3,4.0,150,5,moderate,1.0,770843941,29,2026,firm_3,ir_accuracy,0.0
4,0.3,4.0,150,5,moderate,1.0,770843941,29,2026,_summary,v_op_N,24.22265827570925
4,0.3,4.0,150,5,moderate,1.0,770843941,29,2026,_summary,v_acc_N,-0.016700600819348654
4,0.3,4.0,150,5,moderate,1.0,770843941,29,2026,_summary,spearman_rho,0.19999999999999996
4,0.3,4.0,150,5,moderate,1.0,770843941,29,2026,_summary,payment_displacement,0.4460050358192109
4,0.3,4.0,150,5,moderate,1.0,770843941,29,2026,_summary,any_rank_reversal,1.0
4,0.3,4.0,150,5,moderate,1.0,770843941,29,2026,_summary,efficiency_gap_op,0.0
4,0.3,9.0,150,5,moderate,1.0,1821940022,0,2026,firm_0,phi_operational,12.960992832137757
4,0.3,9.0,150,5,moderate,1.0,1821940022,0,2026,firm_0,phi_accuracy,0.00677221284309921
4,0.3,9.0,150,5,moderate,1.0,1821940022,0,2026,firm_0,ir_operational,1.0
4,0.3,9.0,150,5,moderate,1.0,1821940022,0,2026,firm_0,ir_accuracy,1.0
4,0.3,9.0,150,5,moderate,1.0,1821940022,0,2026,firm_1,phi_operational,18.398712011722957
4,0.3,9.0,150,5,moderate,1.0,1821940022,0,2026,firm_1,phi_accuracy,-0.004172262119045395
4,0.3,9.0,150,5,moderate,1.0,1821940022,0,2026,firm_1,ir_operational,1.0
4,0.3,9.0,150,5,moderate,1.0,1821940022,0,2026,firm_1,ir_accuracy,0.0
4,0.3,9.0,150,5,moderate,1.0,1821940022,0,2026,firm_2,phi_operational,14.636488107038607
4,0.3,9.0,150,5,moderate,1.0,1821940022,0,2026,firm_2,phi_accuracy,0.007677504308580617
4,0.3,9.0,150,5,moderate,1.0,1821940022,0,2026,firm_2,ir_operational,1.0
4,0.3,9.0,150,5,moderate,1.0,1821940022,0,2026,firm_2,ir_accuracy,1.0
4,0.3,9.0,150,5,moderate,1.0,1821940022,0,2026,firm_3,phi_operational,9.886533736699864
4,0.3,9.0,150,5,moderate,1.0,1821940022,0,2026,firm_3,phi_accuracy,-0.016481067523184224
4,0.3,9.0,150,5,moderate,1.0,1821940022,0,2026,firm_3,ir_operational,1.0
4,0.3,9.0,150,5,moderate,1.0,1821940022,0,2026,firm_3,ir_accuracy,0.0
4,0.3,9.0,150,5,moderate,1.0,1821940022,0,2026,_summary,v_op_N,55.88272668759919
4,0.3,9.0,150,5,moderate,1.0,1821940022,0,2026,_summary,v_acc_N,-0.0062036124905497925
4,0.3,9.0,150,5,moderate,1.0,1821940022,0,2026,_summary,spearman_rho,0.4
4,0.3,9.0,150,5,moderate,1.0,1821940022,0,2026,_summary,payment_displacement,0.2941814390556605
4,0.3,9.0,150,5,moderate,1.0,1821940022,0,2026,_summary,any_rank_reversal,1.0
4,0.3,9.0,150,5,moderate,1.0,1821940022,0,2026,_summary,efficiency_gap_op,0.0
4,0.3,9.0,150,5,moderate,1.0,4225560717,1,2026,firm_0,phi_operational,26.961544829027027
4,0.3,9.0,150,5,moderate,1.0,4225560717,1,2026,firm_0,phi_accuracy,0.03022212541499313
4,0.3,9.0,150,5,moderate,1.0,4225560717,1,2026,firm_0,ir_operational,1.0
4,0.3,9.0,150,5,moderate,1.0,4225560717,1,2026,firm_0,ir_accuracy,1.0
4,0.3,9.0,150,5,moderate,1.0,4225560717,1,2026,firm_1,phi_operational,18.519697106224648
4,0.3,9.0,150,5,moderate,1.0,4225560717,1,2026,firm_1,phi_accuracy,-0.014953944000188577
4,0.3,9.0,150,5,moderate,1.0,4225560717,1,2026,firm_1,ir_operational,1.0
4,0.3,9.0,150,5,moderate,1.0,4225560717,1,2026,firm_1,ir_accuracy,0.0
4,0.3,9.0,150,5,moderate,1.0,4225560717,1,2026,firm_2,phi_operational,55.563888795648175
4,0.3,9.0,150,5,moderate,1.0,4225560717,1,2026,firm_2,phi_accuracy,0.051081635680092316
4,0.3,9.0,150,5,moderate,1.0,4225560717,1,2026,firm_2,ir_operational,1.0
4,0.3,9.0,150,5,moderate,1.0,4225560717,1,2026,firm_2,ir_accuracy,1.0
4,0.3,9.0,150,5,moderate,1.0,4225560717,1,2026,firm_3,phi_operational,24.11891858013674
4,0.3,9.0,150,5,moderate,1.0,4225560717,1,2026,firm_3,phi_accuracy,0.008943367924035245
4,0.3,9.0,150,5,moderate,1.0,4225560717,1,2026,firm_3,ir_operational,1.0
4,0.3,9.0,150,5,moderate,1.0,4225560717,1,2026,firm_3,ir_accuracy,1.0
4,0.3,9.0,150,5,moderate,1.0,4225560717,1,2026,_summary,v_op_N,125.16404931103659
4,0.3,9.0,150,5,moderate,1.0,4225560717,1,2026,_summary,v_acc_N,0.07529318501893212
4,0.3,9.0,150,5,moderate,1.0,4225560717,1,2026,_summary,spearman_rho,1.0
4,0.3,9.0,150,5,moderate,1.0,4225560717,1,2026,_summary,payment_displacement,0.1278248533945068
4,0.3,9.0,150,5,moderate,1.0,4225560717,1,2026,_summary,any_rank_reversal,0.0
4,0.3,9.0,150,5,moderate,1.0,4225560717,1,2026,_summary,efficiency_gap_op,0.0
4,0.3,9.0,150,5,moderate,1.0,2381397160,2,2026,firm_0,phi_operational,2.4497959059107184
4,0.3,9.0,150,5,moderate,1.0,2381397160,2,2026,firm_0,phi_accuracy,0.016159606008292193
4,0.3,9.0,150,5,moderate,1.0,2381397160,2,2026,firm_0,ir_operational,1.0
4,0.3,9.0,150,5,moderate,1.0,2381397160,2,2026,firm_0,ir_accuracy,1.0
4,0.3,9.0,150,5,moderate,1.0,2381397160,2,2026,firm_1,phi_operational,16.988369852815577
4,0.3,9.0,150,5,moderate,1.0,2381397160,2,2026,firm_1,phi_accuracy,0.05514741542407625
4,0.3,9.0,150,5,moderate,1.0,2381397160,2,2026,firm_1,ir_operational,1.0
4,0.3,9.0,150,5,moderate,1.0,2381397160,2,2026,firm_1,ir_accuracy,1.0
4,0.3,9.0,150,5,moderate,1.0,2381397160,2,2026,firm_2,phi_operational,18.940800736655127
4,0.3,9.0,150,5,moderate,1.0,2381397160,2,2026,firm_2,phi_accuracy,0.0373850339751184
4,0.3,9.0,150,5,moderate,1.0,2381397160,2,2026,firm_2,ir_operational,1.0
4,0.3,9.0,150,5,moderate,1.0,2381397160,2,2026,firm_2,ir_accuracy,1.0
4,0.3,9.0,150,5,moderate,1.0,2381397160,2,2026,firm_3,phi_operational,9.609385197121336
4,0.3,9.0,150,5,moderate,1.0,2381397160,2,2026,firm_3,phi_accuracy,0.039777725997450976
4,0.3,9.0,150,5,moderate,1.0,2381397160,2,2026,firm_3,ir_operational,1.0
4,0.3,9.0,150,5,moderate,1.0,2381397160,2,2026,firm_3,ir_accuracy,1.0
4,0.3,9.0,150,5,moderate,1.0,2381397160,2,2026,_summary,v_op_N,47.98835169250276
4,0.3,9.0,150,5,moderate,1.0,2381397160,2,2026,_summary,v_acc_N,0.14846978140493783
4,0.3,9.0,150,5,moderate,1.0,2381397160,2,2026,_summary,spearman_rho,0.4
4,0.3,9.0,150,5,moderate,1.0,2381397160,2,2026,_summary,payment_displacement,0.07144674351799596
4,0.3,9.0,150,5,moderate,1.0,2381397160,2,2026,_summary,any_rank_reversal,1.0
4,0.3,9.0,150,5,moderate,1.0,2381397160,2,2026,_summary,efficiency_gap_op,0.0
4,0.3,9.0,150,5,moderate,1.0,3812529922,3,2026,firm_0,phi_operational,14.402298376581408
4,0.3,9.0,150,5,moderate,1.0,3812529922,3,2026,firm_0,phi_accuracy,-0.04542260046420071
4,0.3,9.0,150,5,moderate,1.0,3812529922,3,2026,firm_0,ir_operational,1.0
4,0.3,9.0,150,5,moderate,1.0,3812529922,3,2026,firm_0,ir_accuracy,0.0
4,0.3,9.0,150,5,moderate,1.0,3812529922,3,2026,firm_1,phi_operational,9.247509612339588
4,0.3,9.0,150,5,moderate,1.0,3812529922,3,2026,firm_1,phi_accuracy,0.019811800560426543
4,0.3,9.0,150,5,moderate,1.0,3812529922,3,2026,firm_1,ir_operational,1.0
4,0.3,9.0,150,5,moderate,1.0,3812529922,3,2026,firm_1,ir_accuracy,1.0
4,0.3,9.0,150,5,moderate,1.0,3812529922,3,2026,firm_2,phi_operational,11.532505951078955
4,0.3,9.0,150,5,moderate,1.0,3812529922,3,2026,firm_2,phi_accuracy,0.008930039750254137
4,0.3,9.0,150,5,moderate,1.0,3812529922,3,2026,firm_2,ir_operational,1.0
4,0.3,9.0,150,5,moderate,1.0,3812529922,3,2026,firm_2,ir_accuracy,1.0
4,0.3,9.0,150,5,moderate,1.0,3812529922,3,2026,firm_3,phi_operational,20.33461793418748
4,0.3,9.0,150,5,moderate,1.0,3812529922,3,2026,firm_3,phi_accuracy,-0.03741600769593102
4,0.3,9.0,150,5,moderate,1.0,3812529922,3,2026,firm_3,ir_operational,1.0
4,0.3,9.0,150,5,moderate,1.0,3812529922,3,2026,firm_3,ir_accuracy,0.0
4,0.3,9.0,150,5,moderate,1.0,3812529922,3,2026,_summary,v_op_N,55.516931874187435
4,0.3,9.0,150,5,moderate,1.0,3812529922,3,2026,_summary,v_acc_N,-0.054096767849451055
4,0.3,9.0,150,5,moderate,1.0,3812529922,3,2026,_summary,spearman_rho,-0.8
4,0.3,9.0,150,5,moderate,1.0,3812529922,3,2026,_summary,payment_displacement,0.3766983620160081
4,0.3,9.0,150,5,moderate,1.0,3812529922,3,2026,_summary,any_rank_reversal,1.0
4,0.3,9.0,150,5,moderate,1.0,3812529922,3,2026,_summary,efficiency_gap_op,0.0
4,0.3,9.0,150,5,moderate,1.0,4224180070,4,2026,firm_0,phi_operational,16.125883343948374
4,0.3,9.0,150,5,moderate,1.0,4224180070,4,2026,firm_0,phi_accuracy,0.02156119703189781
4,0.3,9.0,150,5,moderate,1.0,4224180070,4,2026,firm_0,ir_operational,1.0
4,0.3,9.0,150,5,moderate,1.0,4224180070,4,2026,firm_0,ir_accuracy,1.0
4,0.3,9.0,150,5,moderate,1.0,4224180070,4,2026,firm_1,phi_operational,19.799614579700364
4,0.3,9.0,150,5,moderate,1.0,4224180070,4,2026,firm_1,phi_accuracy,0.013429530076345026
4,0.3,9.0,150,5,moderate,1.0,4224180070,4,2026,firm_1,ir_operational,1.0
4,0.3,9.0,150,5,moderate,1.0,4224180070,4,2026,firm_1,ir_accuracy,1.0
4,0.3,9.0,150,5,moderate,1.0,4224180070,4,2026,firm_2,phi_operational,18.821897775067118
4,0.3,9.0,150,5,moderate,1.0,4224180070,4,2026,firm_2,phi_accuracy,0.046384925732866567
4,0.3,9.0,150,5,moderate,1.0,4224180070,4,2026,firm_2,ir_operational,1.0
4,0.3,9.0,150,5,moderate,1.0,4224180070,4,2026,firm_2,ir_accuracy,1.0
4,0.3,9.0,150,5,moderate,1.0,4224180070,4,2026,firm_3,phi_operational,19.550243626808786
4,0.3,9.0,150,5,moderate,1.0,4224180070,4,2026,firm_3,phi_accuracy,0.021212694040754838
4,0.3,9.0,150,5,moderate,1.0,4224180070,4,2026,firm_3,ir_operational,1.0
4,0.3,9.0,150,5,moderate,1.0,4224180070,4,2026,firm_3,ir_accuracy,1.0
4,0.3,9.0,150,5,moderate,1.0,4224180070,4,2026,_summary,v_op_N,74.29763932552464
4,0.3,9.0,150,5,moderate,1.0,4224180070,4,2026,_summary,v_acc_N,0.10258834688186425
4,0.3,9.0,150,5,moderate,1.0,4224180070,4,2026,_summary,spearman_rho,-0.8
4,0.3,9.0,150,5,moderate,1.0,4224180070,4,2026,_summary,payment_displacement,0.09940755644858994
4,0.3,9.0,150,5,moderate,1.0,4224180070,4,2026,_summary,any_rank_reversal,1.0
4,0.3,9.0,150,5,moderate,1.0,4224180070,4,2026,_summary,efficiency_gap_op,0.0
4,0.3,9.0,150,5,moderate,1.0,2487109386,5,2026,firm_0,phi_operational,27.39075760087536
4,0.3,9.0,150,5,moderate,1.0,2487109386,5,2026,firm_0,phi_accuracy,-0.027596657417108046
4,0.3,9.0,150,5,moderate,1.0,2487109386,5,2026,firm_0,ir_operational,1.0
4,0.3,9.0,150,5,moderate,1.0,2487109386,5,2026,firm_0,ir_accuracy,0.0
4,0.3,9.0,150,5,moderate,1.0,2487109386,5,2026,firm_1,phi_operational,13.761352016713545
4,0.3,9.0,150,5,moderate,1.0,2487109386,5,2026,firm_1,phi_accuracy,-0.02112977233235792
4,0.3,9.0,150,5,moderate,1.0,2487109386,5,2026,firm_1,ir_operational,1.0
4,0.3,9.0,150,5,moderate,1.0,2487109386,5,2026,firm_1,ir_accuracy,0.0
4,0.3,9.0,150,5,moderate,1.0,2487109386,5,2026,firm_2,phi_operational,18.664155226554477
4,0.3,9.0,150,5,moderate,1.0,2487109386,5,2026,firm_2,phi_accuracy,-0.0004676856466009993
4,0.3,9.0,150,5,moderate,1.0,2487109386,5,2026,firm_2,ir_operational,1.0
4,0.3,9.0,150,5,moderate,1.0,2487109386,5,2026,firm_2,ir_accuracy,0.0
4,0.3,9.0,150,5,moderate,1.0,2487109386,5,2026,firm_3,phi_operational,27.45477422447296
4,0.3,9.0,150,5,moderate,1.0,2487109386,5,2026,firm_3,phi_accuracy,-0.002570548735150197
4,0.3,9.0,150,5,moderate,1.0,2487109386,5,2026,firm_3,ir_operational,1.0
4,0.3,9.0,150,5,moderate,1.0,2487109386,5,2026,firm_3,ir_accuracy,0.0
4,0.3,9.0,150,5,moderate,1.0,2487109386,5,2026,_summary,v_op_N,87.27103906861635
4,0.3,9.0,150,5,moderate,1.0,2487109386,5,2026,_summary,v_acc_N,-0.051764664131217164
4,0.3,9.0,150,5,moderate,1.0,2487109386,5,2026,_summary,spearman_rho,0.0
4,0.3,9.0,150,5,moderate,1.0,2487109386,5,2026,_summary,payment_displacement,0.49999999999516764
4,0.3,9.0,150,5,moderate,1.0,2487109386,5,2026,_summary,any_rank_reversal,1.0
4,0.3,9.0,150,5,moderate,1.0,2487109386,5,2026,_summary,efficiency_gap_op,0.0
4,0.3,9.0,150,5,moderate,1.0,1909339391,6,2026,firm_0,phi_operational,17.98659938280526
4,0.3,9.0,150,5,moderate,1.0,1909339391,6,2026,firm_0,phi_accuracy,0.023231316772296496
4,0.3,9.0,150,5,moderate,1.0,1909339391,6,2026,firm_0,ir_operational,1.0
4,0.3,9.0,150,5,moderate,1.0,1909339391,6,2026,firm_0,ir_accuracy,1.0
4,0.3,9.0,150,5,moderate,1.0,1909339391,6,2026,firm_1,phi_operational,30.511226830921586
4,0.3,9.0,150,5,moderate,1.0,1909339391,6,2026,firm_1,phi_accuracy,0.08075665546459418
4,0.3,9.0,150,5,moderate,1.0,1909339391,6,2026,firm_1,ir_operational,1.0
4,0.3,9.0,150,5,moderate,1.0,1909339391,6,2026,firm_1,ir_accuracy,1.0
4,0.3,9.0,150,5,moderate,1.0,1909339391,6,2026,firm_2,phi_operational,14.887507752003568
4,0.3,9.0,150,5,moderate,1.0,1909339391,6,2026,firm_2,phi_accuracy,0.00888801267758818
4,0.3,9.0,150,5,moderate,1.0,1909339391,6,2026,firm_2,ir_operational,1.0
4,0.3,9.0,150,5,moderate,1.0,1909339391,6,2026,firm_2,ir_accuracy,1.0
4,0.3,9.0,150,5,moderate,1.0,1909339391,6,2026,firm_3,phi_operational,13.63638092911639
4,0.3,9.0,150,5,moderate,1.0,1909339391,6,2026,firm_3,phi_accuracy,-0.012062964398348575
4,0.3,9.0,150,5,moderate,1.0,1909339391,6,2026,firm_3,ir_operational,1.0
4,0.3,9.0,150,5,moderate,1.0,1909339391,6,2026,firm_3,ir_accuracy,0.0
4,0.3,9.0,150,5,moderate,1.0,1909339391,6,2026,_summary,v_op_N,77.02171489484681
4,0.3,9.0,150,5,moderate,1.0,1909339391,6,2026,_summary,v_acc_N,0.10081302051613028
4,0.3,9.0,150,5,moderate,1.0,1909339391,6,2026,_summary,spearman_rho,1.0
4,0.3,9.0,150,5,moderate,1.0,1909339391,6,2026,_summary,payment_displacement,0.1733909107153241
4,0.3,9.0,150,5,moderate,1.0,1909339391,6,2026,_summary,any_rank_reversal,0.0
4,0.3,9.0,150,5,moderate,1.0,1909339391,6,2026,_summary,efficiency_gap_op,0.0
4,0.3,9.0,150,5,moderate,1.0,975737598,7,2026,firm_0,phi_operational,21.88617830485102
4,0.3,9.0,150,5,moderate,1.0,975737598,7,2026,firm_0,phi_accuracy,0.04240303681123188
4,0.3,9.0,150,5,moderate,1.0,975737598,7,2026,firm_0,ir_operational,1.0
4,0.3,9.0,150,5,moderate,1.0,975737598,7,2026,firm_0,ir_accuracy,1.0
4,0.3,9.0,150,5,moderate,1.0,975737598,7,2026,firm_1,phi_operational,5.992198981889961
4,0.3,9.0,150,5,moderate,1.0,975737598,7,2026,firm_1,phi_accuracy,0.013677177344774619
4,0.3,9.0,150,5,moderate,1.0,975737598,7,2026,firm_1,ir_operational,1.0
4,0.3,9.0,150,5,moderate,1.0,975737598,7,2026,firm_1,ir_accuracy,1.0
4,0.3,9.0,150,5,moderate,1.0,975737598,7,2026,firm_2,phi_operational,1.8380637159406015
4,0.3,9.0,150,5,moderate,1.0,975737598,7,2026,firm_2,phi_accuracy,0.0209571886856611
4,0.3,9.0,150,5,moderate,1.0,975737598,7,2026,firm_2,ir_operational,1.0
4,0.3,9.0,150,5,moderate,1.0,975737598,7,2026,firm_2,ir_accuracy,1.0
4,0.3,9.0,150,5,moderate,1.0,975737598,7,2026,firm_3,phi_operational,18.269300044513763
4,0.3,9.0,150,5,moderate,1.0,975737598,7,2026,firm_3,phi_accuracy,0.07799303111217815
4,0.3,9.0,150,5,moderate,1.0,975737598,7,2026,firm_3,ir_operational,1.0
4,0.3,9.0,150,5,moderate,1.0,975737598,7,2026,firm_3,ir_accuracy,1.0
4,0.3,9.0,150,5,moderate,1.0,975737598,7,2026,_summary,v_op_N,47.98574104719535
4,0.3,9.0,150,5,moderate,1.0,975737598,7,2026,_summary,v_acc_N,0.15503043395384575
4,0.3,9.0,150,5,moderate,1.0,975737598,7,2026,_summary,spearman_rho,0.6
4,0.3,9.0,150,5,moderate,1.0,975737598,7,2026,_summary,payment_displacement,0.10961765216455116
4,0.3,9.0,150,5,moderate,1.0,975737598,7,2026,_summary,any_rank_reversal,1.0
4,0.3,9.0,150,5,moderate,1.0,975737598,7,2026,_summary,efficiency_gap_op,7.105427357601002e-15
4,0.3,9.0,150,5,moderate,1.0,3835886287,8,2026,firm_0,phi_operational,8.421320078027549
4,0.3,9.0,150,5,moderate,1.0,3835886287,8,2026,firm_0,phi_accuracy,-0.02681612326381903
4,0.3,9.0,150,5,moderate,1.0,3835886287,8,2026,firm_0,ir_operational,1.0
4,0.3,9.0,150,5,moderate,1.0,3835886287,8,2026,firm_0,ir_accuracy,0.0
4,0.3,9.0,150,5,moderate,1.0,3835886287,8,2026,firm_1,phi_operational,13.349560591652798
4,0.3,9.0,150,5,moderate,1.0,3835886287,8,2026,firm_1,phi_accuracy,-0.013832361883688821
4,0.3,9.0,150,5,moderate,1.0,3835886287,8,2026,firm_1,ir_operational,1.0
4,0.3,9.0,150,5,moderate,1.0,3835886287,8,2026,firm_1,ir_accuracy,0.0
4,0.3,9.0,150,5,moderate,1.0,3835886287,8,2026,firm_2,phi_operational,5.547452608000498
4,0.3,9.0,150,5,moderate,1.0,3835886287,8,2026,firm_2,phi_accuracy,-0.001894391179515361
4,0.3,9.0,150,5,moderate,1.0,3835886287,8,2026,firm_2,ir_operational,1.0
4,0.3,9.0,150,5,moderate,1.0,3835886287,8,2026,firm_2,ir_accuracy,0.0
4,0.3,9.0,150,5,moderate,1.0,3835886287,8,2026,firm_3,phi_operational,3.5286721717862877
4,0.3,9.0,150,5,moderate,1.0,3835886287,8,2026,firm_3,phi_accuracy,-0.002072153815213122
4,0.3,9.0,150,5,moderate,1.0,3835886287,8,2026,firm_3,ir_operational,1.0
4,0.3,9.0,150,5,moderate,1.0,3835886287,8,2026,firm_3,ir_accuracy,0.0
4,0.3,9.0,150,5,moderate,1.0,3835886287,8,2026,_summary,v_op_N,30.847005449467133
4,0.3,9.0,150,5,moderate,1.0,3835886287,8,2026,_summary,v_acc_N,-0.044615030142236334
4,0.3,9.0,150,5,moderate,1.0,3835886287,8,2026,_summary,spearman_rho,-0.6000000000000001
4,0.3,9.0,150,5,moderate,1.0,3835886287,8,2026,_summary,payment_displacement,0.49999999999438843
4,0.3,9.0,150,5,moderate,1.0,3835886287,8,2026,_summary,any_rank_reversal,1.0
4,0.3,9.0,150,5,moderate,1.0,3835886287,8,2026,_summary,efficiency_gap_op,0.0
4,0.3,9.0,150,5,moderate,1.0,2050993422,9,2026,firm_0,phi_operational,17.573149110553494
4,0.3,9.0,150,5,moderate,1.0,2050993422,9,2026,firm_0,phi_accuracy,0.05351840918178217
4,0.3,9.0,150,5,moderate,1.0,2050993422,9,2026,firm_0,ir_operational,1.0
4,0.3,9.0,150,5,moderate,1.0,2050993422,9,2026,firm_0,ir_accuracy,1.0
4,0.3,9.0,150,5,moderate,1.0,2050993422,9,2026,firm_1,phi_operational,5.187955881738333
4,0.3,9.0,150,5,moderate,1.0,2050993422,9,2026,firm_1,phi_accuracy,-0.001438351266109084
4,0.3,9.0,150,5,moderate,1.0,2050993422,9,2026,firm_1,ir_operational,1.0
4,0.3,9.0,150,5,moderate,1.0,2050993422,9,2026,firm_1,ir_accuracy,0.0
4,0.3,9.0,150,5,moderate,1.0,2050993422,9,2026,firm_2,phi_operational,24.448003767805346
4,0.3,9.0,150,5,moderate,1.0,2050993422,9,2026,firm_2,phi_accuracy,0.07413463419415806
4,0.3,9.0,150,5,moderate,1.0,2050993422,9,2026,firm_2,ir_operational,1.0
4,0.3,9.0,150,5,moderate,1.0,2050993422,9,2026,firm_2,ir_accuracy,1.0
4,0.3,9.0,150,5,moderate,1.0,2050993422,9,2026,firm_3,phi_operational,10.966542395011363
4,0.3,9.0,150,5,moderate,1.0,2050993422,9,2026,firm_3,phi_accuracy,0.0136335860909166
4,0.3,9.0,150,5,moderate,1.0,2050993422,9,2026,firm_3,ir_operational,1.0
4,0.3,9.0,150,5,moderate,1.0,2050993422,9,2026,firm_3,ir_accuracy,1.0
4,0.3,9.0,150,5,moderate,1.0,2050993422,9,2026,_summary,v_op_N,58.17565115510854
4,0.3,9.0,150,5,moderate,1.0,2050993422,9,2026,_summary,v_acc_N,0.13984827820074774
4,0.3,9.0,150,5,moderate,1.0,2050993422,9,2026,_summary,spearman_rho,1.0
4,0.3,9.0,150,5,moderate,1.0,2050993422,9,2026,_summary,payment_displacement,0.09108069890870113
4,0.3,9.0,150,5,moderate,1.0,2050993422,9,2026,_summary,any_rank_reversal,0.0
4,0.3,9.0,150,5,moderate,1.0,2050993422,9,2026,_summary,efficiency_gap_op,0.0
4,0.3,9.0,150,5,moderate,1.0,873409153,10,2026,firm_0,phi_operational,27.57434061827293
4,0.3,9.0,150,5,moderate,1.0,873409153,10,2026,firm_0,phi_accuracy,0.007583125921378608
4,0.3,9.0,150,5,moderate,1.0,873409153,10,2026,firm_0,ir_operational,1.0
4,0.3,9.0,150,5,moderate,1.0,873409153,10,2026,firm_0,ir_accuracy,1.0
4,0.3,9.0,150,5,moderate,1.0,873409153,10,2026,firm_1,phi_operational,8.819982546896728
4,0.3,9.0,150,5,moderate,1.0,873409153,10,2026,firm_1,phi_accuracy,0.009549783196509657
4,0.3,9.0,150,5,moderate,1.0,873409153,10,2026,firm_1,ir_operational,1.0
4,0.3,9.0,150,5,moderate,1.0,873409153,10,2026,firm_1,ir_accuracy,1.0
4,0.3,9.0,150,5,moderate,1.0,873409153,10,2026,firm_2,phi_operational,9.957824360185914
4,0.3,9.0,150,5,moderate,1.0,873409153,10,2026,firm_2,phi_accuracy,-0.05496803146552103
4,0.3,9.0,150,5,moderate,1.0,873409153,10,2026,firm_2,ir_operational,1.0
4,0.3,9.0,150,5,moderate,1.0,873409153,10,2026,firm_2,ir_accuracy,0.0
4,0.3,9.0,150,5,moderate,1.0,873409153,10,2026,firm_3,phi_operational,14.118343308124961
4,0.3,9.0,150,5,moderate,1.0,873409153,10,2026,firm_3,phi_accuracy,0.029049498070664388
4,0.3,9.0,150,5,moderate,1.0,873409153,10,2026,firm_3,ir_operational,1.0
4,0.3,9.0,150,5,moderate,1.0,873409153,10,2026,firm_3,ir_accuracy,1.0
4,0.3,9.0,150,5,moderate,1.0,873409153,10,2026,_summary,v_op_N,60.47049083348054
4,0.3,9.0,150,5,moderate,1.0,873409153,10,2026,_summary,v_acc_N,-0.008785624276968385
4,0.3,9.0,150,5,moderate,1.0,873409153,10,2026,_summary,spearman_rho,0.0
4,0.3,9.0,150,5,moderate,1.0,873409153,10,2026,_summary,payment_displacement,0.298572301156932
4,0.3,9.0,150,5,moderate,1.0,873409153,10,2026,_summary,any_rank_reversal,1.0
4,0.3,9.0,150,5,moderate,1.0,873409153,10,2026,_summary,efficiency_gap_op,7.105427357601002e-15
4,0.3,9.0,150,5,moderate,1.0,298792830,11,2026,firm_0,phi_operational,26.374439238714707
4,0.3,9.0,150,5,moderate,1.0,298792830,11,2026,firm_0,phi_accuracy,0.01450495930699223
4,0.3,9.0,150,5,moderate,1.0,298792830,11,2026,firm_0,ir_operational,1.0
4,0.3,9.0,150,5,moderate,1.0,298792830,11,2026,firm_0,ir_accuracy,1.0
4,0.3,9.0,150,5,moderate,1.0,298792830,11,2026,firm_1,phi_operational,19.00396233046295
4,0.3,9.0,150,5,moderate,1.0,298792830,11,2026,firm_1,phi_accuracy,0.06842354346248718
4,0.3,9.0,150,5,moderate,1.0,298792830,11,2026,firm_1,ir_operational,1.0
4,0.3,9.0,150,5,moderate,1.0,298792830,11,2026,firm_1,ir_accuracy,1.0
4,0.3,9.0,150,5,moderate,1.0,298792830,11,2026,firm_2,phi_operational,18.760969076062203
4,0.3,9.0,150,5,moderate,1.0,298792830,11,2026,firm_2,phi_accuracy,0.05193694865789168
4,0.3,9.0,150,5,moderate,1.0,298792830,11,2026,firm_2,ir_operational,1.0
4,0.3,9.0,150,5,moderate,1.0,298792830,11,2026,firm_2,ir_accuracy,1.0
4,0.3,9.0,150,5,moderate,1.0,298792830,11,2026,firm_3,phi_operational,15.378770623422609
4,0.3,9.0,150,5,moderate,1.0,298792830,11,2026,firm_3,phi_accuracy,0.035368743238668524
4,0.3,9.0,150,5,moderate,1.0,298792830,11,2026,firm_3,ir_operational,1.0
4,0.3,9.0,150,5,moderate,1.0,298792830,11,2026,firm_3,ir_accuracy,1.0
4,0.3,9.0,150,5,moderate,1.0,298792830,11,2026,_summary,v_op_N,79.51814126866248
4,0.3,9.0,150,5,moderate,1.0,298792830,11,2026,_summary,v_acc_N,0.17023419466603962
4,0.3,9.0,150,5,moderate,1.0,298792830,11,2026,_summary,spearman_rho,-0.19999999999999996
4,0.3,9.0,150,5,moderate,1.0,298792830,11,2026,_summary,payment_displacement,0.12323617864740685
4,0.3,9.0,150,5,moderate,1.0,298792830,11,2026,_summary,any_rank_reversal,1.0
4,0.3,9.0,150,5,moderate,1.0,298792830,11,2026,_summary,efficiency_gap_op,0.0
4,0.3,9.0,150,5,moderate,1.0,2018724312,12,2026,firm_0,phi_operational,22.330543351474983
4,0.3,9.0,150,5,moderate,1.0,2018724312,12,2026,firm_0,phi_accuracy,0.07242641930495616
4,0.3,9.0,150,5,moderate,1.0,2018724312,12,2026,firm_0,ir_operational,1.0
4,0.3,9.0,150,5,moderate,1.0,2018724312,12,2026,firm_0,ir_accuracy,1.0
4,0.3,9.0,150,5,moderate,1.0,2018724312,12,2026,firm_1,phi_operational,8.910918955542133
4,0.3,9.0,150,5,moderate,1.0,2018724312,12,2026,firm_1,phi_accuracy,0.0074457771170763735
4,0.3,9.0,150,5,moderate,1.0,2018724312,12,2026,firm_1,ir_operational,1.0
4,0.3,9.0,150,5,moderate,1.0,2018724312,12,2026,firm_1,ir_accuracy,1.0
4,0.3,9.0,150,5,moderate,1.0,2018724312,12,2026,firm_2,phi_operational,14.927488733902491
4,0.3,9.0,150,5,moderate,1.0,2018724312,12,2026,firm_2,phi_accuracy,0.06381538180142324
4,0.3,9.0,150,5,moderate,1.0,2018724312,12,2026,firm_2,ir_operational,1.0
4,0.3,9.0,150,5,moderate,1.0,2018724312,12,2026,firm_2,ir_accuracy,1.0
4,0.3,9.0,150,5,moderate,1.0,2018724312,12,2026,firm_3,phi_operational,17.825665677363617
4,0.3,9.0,150,5,moderate,1.0,2018724312,12,2026,firm_3,phi_accuracy,0.02453349680634988
4,0.3,9.0,150,5,moderate,1.0,2018724312,12,2026,firm_3,ir_operational,1.0
4,0.3,9.0,150,5,moderate,1.0,2018724312,12,2026,firm_3,ir_accuracy,1.0
4,0.3,9.0,150,5,moderate,1.0,2018724312,12,2026,_summary,v_op_N,63.994616718283226
4,0.3,9.0,150,5,moderate,1.0,2018724312,12,2026,_summary,v_acc_N,0.16822107502980566
4,0.3,9.0,150,5,moderate,1.0,2018724312,12,2026,_summary,spearman_rho,0.8
4,0.3,9.0,150,5,moderate,1.0,2018724312,12,2026,_summary,payment_displacement,0.11384580829690283
4,0.3,9.0,150,5,moderate,1.0,2018724312,12,2026,_summary,any_rank_reversal,1.0
4,0.3,9.0,150,5,moderate,1.0,2018724312,12,2026,_summary,efficiency_gap_op,0.0
4,0.3,9.0,150,5,moderate,1.0,1031016486,13,2026,firm_0,phi_operational,11.261735898524904
4,0.3,9.0,150,5,moderate,1.0,1031016486,13,2026,firm_0,phi_accuracy,0.11335029657973877
4,0.3,9.0,150,5,moderate,1.0,1031016486,13,2026,firm_0,ir_operational,1.0
4,0.3,9.0,150,5,moderate,1.0,1031016486,13,2026,firm_0,ir_accuracy,1.0
4,0.3,9.0,150,5,moderate,1.0,1031016486,13,2026,firm_1,phi_operational,13.686660446688421
4,0.3,9.0,150,5,moderate,1.0,1031016486,13,2026,firm_1,phi_accuracy,0.07492897938276447
4,0.3,9.0,150,5,moderate,1.0,1031016486,13,2026,firm_1,ir_operational,1.0
4,0.3,9.0,150,5,moderate,1.0,1031016486,13,2026,firm_1,ir_accuracy,1.0
4,0.3,9.0,150,5,moderate,1.0,1031016486,13,2026,firm_2,phi_operational,16.796334211593496
4,0.3,9.0,150,5,moderate,1.0,1031016486,13,2026,firm_2,phi_accuracy,0.02380512289630369
4,0.3,9.0,150,5,moderate,1.0,1031016486,13,2026,firm_2,ir_operational,1.0
4,0.3,9.0,150,5,moderate,1.0,1031016486,13,2026,firm_2,ir_accuracy,1.0
4,0.3,9.0,150,5,moderate,1.0,1031016486,13,2026,firm_3,phi_operational,20.702549971564782
4,0.3,9.0,150,5,moderate,1.0,1031016486,13,2026,firm_3,phi_accuracy,0.0628928070293356
4,0.3,9.0,150,5,moderate,1.0,1031016486,13,2026,firm_3,ir_operational,1.0
4,0.3,9.0,150,5,moderate,1.0,1031016486,13,2026,firm_3,ir_accuracy,1.0
4,0.3,9.0,150,5,moderate,1.0,1031016486,13,2026,_summary,v_op_N,62.44728052837161
4,0.3,9.0,150,5,moderate,1.0,1031016486,13,2026,_summary,v_acc_N,0.27497720588814256
4,0.3,9.0,150,5,moderate,1.0,1031016486,13,2026,_summary,spearman_rho,-0.8
4,0.3,9.0,150,5,moderate,1.0,1031016486,13,2026,_summary,payment_displacement,0.14259866627817927
4,0.3,9.0,150,5,moderate,1.0,1031016486,13,2026,_summary,any_rank_reversal,1.0
4,0.3,9.0,150,5,moderate,1.0,1031016486,13,2026,_summary,efficiency_gap_op,0.0
4,0.3,9.0,150,5,moderate,1.0,3550210638,14,2026,firm_0,phi_operational,22.8161980300248
4,0.3,9.0,150,5,moderate,1.0,3550210638,14,2026,firm_0,phi_accuracy,0.009624864827498136
4,0.3,9.0,150,5,moderate,1.0,3550210638,14,2026,firm_0,ir_operational,1.0
4,0.3,9.0,150,5,moderate,1.0,3550210638,14,2026,firm_0,ir_accuracy,1.0
4,0.3,9.0,150,5,moderate,1.0,3550210638,14,2026,firm_1,phi_operational,16.351137284415323
4,0.3,9.0,150,5,moderate,1.0,3550210638,14,2026,firm_1,phi_accuracy,0.01682625753425443
4,0.3,9.0,150,5,moderate,1.0,3550210638,14,2026,firm_1,ir_operational,1.0
4,0.3,9.0,150,5,moderate,1.0,3550210638,14,2026,firm_1,ir_accuracy,1.0
4,0.3,9.0,150,5,moderate,1.0,3550210638,14,2026,firm_2,phi_operational,2.2446386737345847
4,0.3,9.0,150,5,moderate,1.0,3550210638,14,2026,firm_2,phi_accuracy,0.010015307665580415
4,0.3,9.0,150,5,moderate,1.0,3550210638,14,2026,firm_2,ir_operational,1.0
4,0.3,9.0,150,5,moderate,1.0,3550210638,14,2026,firm_2,ir_accuracy,1.0
4,0.3,9.0,150,5,moderate,1.0,3550210638,14,2026,firm_3,phi_operational,17.159728399289662
4,0.3,9.0,150,5,moderate,1.0,3550210638,14,2026,firm_3,phi_accuracy,0.0027504506044690826
4,0.3,9.0,150,5,moderate,1.0,3550210638,14,2026,firm_3,ir_operational,1.0
4,0.3,9.0,150,5,moderate,1.0,3550210638,14,2026,firm_3,ir_accuracy,1.0
4,0.3,9.0,150,5,moderate,1.0,3550210638,14,2026,_summary,v_op_N,58.57170238746437
4,0.3,9.0,150,5,moderate,1.0,3550210638,14,2026,_summary,v_acc_N,0.039216880631802065
4,0.3,9.0,150,5,moderate,1.0,3550210638,14,2026,_summary,spearman_rho,-0.6000000000000001
4,0.3,9.0,150,5,moderate,1.0,3550210638,14,2026,_summary,payment_displacement,0.18347584682053925
4,0.3,9.0,150,5,moderate,1.0,3550210638,14,2026,_summary,any_rank_reversal,1.0
4,0.3,9.0,150,5,moderate,1.0,3550210638,14,2026,_summary,efficiency_gap_op,0.0
4,0.3,9.0,150,5,moderate,1.0,28455914,15,2026,firm_0,phi_operational,16.346465262563363
4,0.3,9.0,150,5,moderate,1.0,28455914,15,2026,firm_0,phi_accuracy,0.048127673185885685
4,0.3,9.0,150,5,moderate,1.0,28455914,15,2026,firm_0,ir_operational,1.0
4,0.3,9.0,150,5,moderate,1.0,28455914,15,2026,firm_0,ir_accuracy,1.0
4,0.3,9.0,150,5,moderate,1.0,28455914,15,2026,firm_1,phi_operational,13.552531789909162
4,0.3,9.0,150,5,moderate,1.0,28455914,15,2026,firm_1,phi_accuracy,0.012228196798373179
4,0.3,9.0,150,5,moderate,1.0,28455914,15,2026,firm_1,ir_operational,1.0
4,0.3,9.0,150,5,moderate,1.0,28455914,15,2026,firm_1,ir_accuracy,1.0
4,0.3,9.0,150,5,moderate,1.0,28455914,15,2026,firm_2,phi_operational,5.750366704057446
4,0.3,9.0,150,5,moderate,1.0,28455914,15,2026,firm_2,phi_accuracy,0.04541782123069999
4,0.3,9.0,150,5,moderate,1.0,28455914,15,2026,firm_2,ir_operational,1.0
4,0.3,9.0,150,5,moderate,1.0,28455914,15,2026,firm_2,ir_accuracy,1.0
4,0.3,9.0,150,5,moderate,1.0,28455914,15,2026,firm_3,phi_operational,13.189769853205906
4,0.3,9.0,150,5,moderate,1.0,28455914,15,2026,firm_3,phi_accuracy,0.027372883556575158
4,0.3,9.0,150,5,moderate,1.0,28455914,15,2026,firm_3,ir_operational,1.0
4,0.3,9.0,150,5,moderate,1.0,28455914,15,2026,firm_3,ir_accuracy,1.0
4,0.3,9.0,150,5,moderate,1.0,28455914,15,2026,_summary,v_op_N,48.83913360973588
4,0.3,9.0,150,5,moderate,1.0,28455914,15,2026,_summary,v_acc_N,0.13314657477153402
4,0.3,9.0,150,5,moderate,1.0,28455914,15,2026,_summary,spearman_rho,0.19999999999999996
4,0.3,9.0,150,5,moderate,1.0,28455914,15,2026,_summary,payment_displacement,0.12506709239970693
4,0.3,9.0,150,5,moderate,1.0,28455914,15,2026,_summary,any_rank_reversal,1.0
4,0.3,9.0,150,5,moderate,1.0,28455914,15,2026,_summary,efficiency_gap_op,7.105427357601002e-15
4,0.3,9.0,150,5,moderate,1.0,3267752443,16,2026,firm_0,phi_operational,13.685226371589133
4,0.3,9.0,150,5,moderate,1.0,3267752443,16,2026,firm_0,phi_accuracy,0.021302962564303203
4,0.3,9.0,150,5,moderate,1.0,3267752443,16,2026,firm_0,ir_operational,1.0
4,0.3,9.0,150,5,moderate,1.0,3267752443,16,2026,firm_0,ir_accuracy,1.0
4,0.3,9.0,150,5,moderate,1.0,3267752443,16,2026,firm_1,phi_operational,15.978697587598134
4,0.3,9.0,150,5,moderate,1.0,3267752443,16,2026,firm_1,phi_accuracy,0.04159248210648474
4,0.3,9.0,150,5,moderate,1.0,3267752443,16,2026,firm_1,ir_operational,1.0
4,0.3,9.0,150,5,moderate,1.0,3267752443,16,2026,firm_1,ir_accuracy,1.0
4,0.3,9.0,150,5,moderate,1.0,3267752443,16,2026,firm_2,phi_operational,8.941057520568307
4,0.3,9.0,150,5,moderate,1.0,3267752443,16,2026,firm_2,phi_accuracy,0.0023425047612223764
4,0.3,9.0,150,5,moderate,1.0,3267752443,16,2026,firm_2,ir_operational,1.0
4,0.3,9.0,150,5,moderate,1.0,3267752443,16,2026,firm_2,ir_accuracy,1.0
4,0.3,9.0,150,5,moderate,1.0,3267752443,16,2026,firm_3,phi_operational,20.392545897136177
4,0.3,9.0,150,5,moderate,1.0,3267752443,16,2026,firm_3,phi_accuracy,0.03108477167980451
4,0.3,9.0,150,5,moderate,1.0,3267752443,16,2026,firm_3,ir_operational,1.0
4,0.3,9.0,150,5,moderate,1.0,3267752443,16,2026,firm_3,ir_accuracy,1.0
4,0.3,9.0,150,5,moderate,1.0,3267752443,16,2026,_summary,v_op_N,58.99752737689175
4,0.3,9.0,150,5,moderate,1.0,3267752443,16,2026,_summary,v_acc_N,0.09632272111181484
4,0.3,9.0,150,5,moderate,1.0,3267752443,16,2026,_summary,spearman_rho,0.8
4,0.3,9.0,150,5,moderate,1.0,3267752443,16,2026,_summary,payment_displacement,0.08048335220907861
4,0.3,9.0,150,5,moderate,1.0,3267752443,16,2026,_summary,any_rank_reversal,1.0
4,0.3,9.0,150,5,moderate,1.0,3267752443,16,2026,_summary,efficiency_gap_op,0.0
4,0.3,9.0,150,5,moderate,1.0,2159346807,17,2026,firm_0,phi_operational,18.96267216377953
4,0.3,9.0,150,5,moderate,1.0,2159346807,17,2026,firm_0,phi_accuracy,0.03701555591551944
4,0.3,9.0,150,5,moderate,1.0,2159346807,17,2026,firm_0,ir_operational,1.0
4,0.3,9.0,150,5,moderate,1.0,2159346807,17,2026,firm_0,ir_accuracy,1.0
4,0.3,9.0,150,5,moderate,1.0,2159346807,17,2026,firm_1,phi_operational,10.935781489636458
4,0.3,9.0,150,5,moderate,1.0,2159346807,17,2026,firm_1,phi_accuracy,0.007438586109466072
4,0.3,9.0,150,5,moderate,1.0,2159346807,17,2026,firm_1,ir_operational,1.0
4,0.3,9.0,150,5,moderate,1.0,2159346807,17,2026,firm_1,ir_accuracy,1.0
4,0.3,9.0,150,5,moderate,1.0,2159346807,17,2026,firm_2,phi_operational,15.487177458816328
4,0.3,9.0,150,5,moderate,1.0,2159346807,17,2026,firm_2,phi_accuracy,0.035571599131351384
4,0.3,9.0,150,5,moderate,1.0,2159346807,17,2026,firm_2,ir_operational,1.0
4,0.3,9.0,150,5,moderate,1.0,2159346807,17,2026,firm_2,ir_accuracy,1.0
4,0.3,9.0,150,5,moderate,1.0,2159346807,17,2026,firm_3,phi_operational,19.218644397044613
4,0.3,9.0,150,5,moderate,1.0,2159346807,17,2026,firm_3,phi_accuracy,-0.0055022407388479935
4,0.3,9.0,150,5,moderate,1.0,2159346807,17,2026,firm_3,ir_operational,1.0
4,0.3,9.0,150,5,moderate,1.0,2159346807,17,2026,firm_3,ir_accuracy,0.0
4,0.3,9.0,150,5,moderate,1.0,2159346807,17,2026,_summary,v_op_N,64.60427550927693
4,0.3,9.0,150,5,moderate,1.0,2159346807,17,2026,_summary,v_acc_N,0.0745235004174889
4,0.3,9.0,150,5,moderate,1.0,2159346807,17,2026,_summary,spearman_rho,-0.19999999999999996
4,0.3,9.0,150,5,moderate,1.0,2159346807,17,2026,_summary,payment_displacement,0.1898916715906997
4,0.3,9.0,150,5,moderate,1.0,2159346807,17,2026,_summary,any_rank_reversal,1.0
4,0.3,9.0,150,5,moderate,1.0,2159346807,17,2026,_summary,efficiency_gap_op,0.0
4,0.3,9.0,150,5,moderate,1.0,961285061,18,2026,firm_0,phi_operational,23.80152883048018
4,0.3,9.0,150,5,moderate,1.0,961285061,18,2026,firm_0,phi_accuracy,0.01331517599051334
4,0.3,9.0,150,5,moderate,1.0,961285061,18,2026,firm_0,ir_operational,1.0
4,0.3,9.0,150,5,moderate,1.0,961285061,18,2026,firm_0,ir_accuracy,1.0
4,0.3,9.0,150,5,moderate,1.0,961285061,18,2026,firm_1,phi_operational,14.443643929746836
4,0.3,9.0,150,5,moderate,1.0,961285061,18,2026,firm_1,phi_accuracy,0.06528507913952794
4,0.3,9.0,150,5,moderate,1.0,961285061,18,2026,firm_1,ir_operational,1.0
4,0.3,9.0,150,5,moderate,1.0,961285061,18,2026,firm_1,ir_accuracy,1.0
4,0.3,9.0,150,5,moderate,1.0,961285061,18,2026,firm_2,phi_operational,-2.661585372662169
4,0.3,9.0,150,5,moderate,1.0,961285061,18,2026,firm_2,phi_accuracy,0.022111713772964087
4,0.3,9.0,150,5,moderate,1.0,961285061,18,2026,firm_2,ir_operational,0.0
4,0.3,9.0,150,5,moderate,1.0,961285061,18,2026,firm_2,ir_accuracy,1.0
4,0.3,9.0,150,5,moderate,1.0,961285061,18,2026,firm_3,phi_operational,-8.277648721957775
4,0.3,9.0,150,5,moderate,1.0,961285061,18,2026,firm_3,phi_accuracy,0.07732643234273096
4,0.3,9.0,150,5,moderate,1.0,961285061,18,2026,firm_3,ir_operational,0.0
4,0.3,9.0,150,5,moderate,1.0,961285061,18,2026,firm_3,ir_accuracy,1.0
4,0.3,9.0,150,5,moderate,1.0,961285061,18,2026,_summary,v_op_N,27.305938665607073
4,0.3,9.0,150,5,moderate,1.0,961285061,18,2026,_summary,v_acc_N,0.17803840124573633
4,0.3,9.0,150,5,moderate,1.0,961285061,18,2026,_summary,spearman_rho,-0.8
4,0.3,9.0,150,5,moderate,1.0,961285061,18,2026,_summary,payment_displacement,0.3157743523873652
4,0.3,9.0,150,5,moderate,1.0,961285061,18,2026,_summary,any_rank_reversal,1.0
4,0.3,9.0,150,5,moderate,1.0,961285061,18,2026,_summary,efficiency_gap_op,0.0
4,0.3,9.0,150,5,moderate,1.0,4006047110,19,2026,firm_0,phi_operational,9.690741096966281
4,0.3,9.0,150,5,moderate,1.0,4006047110,19,2026,firm_0,phi_accuracy,0.049784000774941495
4,0.3,9.0,150,5,moderate,1.0,4006047110,19,2026,firm_0,ir_operational,1.0
4,0.3,9.0,150,5,moderate,1.0,4006047110,19,2026,firm_0,ir_accuracy,1.0
4,0.3,9.0,150,5,moderate,1.0,4006047110,19,2026,firm_1,phi_operational,10.300414092427435
4,0.3,9.0,150,5,moderate,1.0,4006047110,19,2026,firm_1,phi_accuracy,0.02481318423120127
4,0.3,9.0,150,5,moderate,1.0,4006047110,19,2026,firm_1,ir_operational,1.0
4,0.3,9.0,150,5,moderate,1.0,4006047110,19,2026,firm_1,ir_accuracy,1.0
4,0.3,9.0,150,5,moderate,1.0,4006047110,19,2026,firm_2,phi_operational,15.735580054978403
4,0.3,9.0,150,5,moderate,1.0,4006047110,19,2026,firm_2,phi_accuracy,0.011905182895963685
4,0.3,9.0,150,5,moderate,1.0,4006047110,19,2026,firm_2,ir_operational,1.0
4,0.3,9.0,150,5,moderate,1.0,4006047110,19,2026,firm_2,ir_accuracy,1.0
4,0.3,9.0,150,5,moderate,1.0,4006047110,19,2026,firm_3,phi_operational,8.051289630056516
4,0.3,9.0,150,5,moderate,1.0,4006047110,19,2026,firm_3,phi_accuracy,0.019176011944401068
4,0.3,9.0,150,5,moderate,1.0,4006047110,19,2026,firm_3,ir_operational,1.0
4,0.3,9.0,150,5,moderate,1.0,4006047110,19,2026,firm_3,ir_accuracy,1.0
4,0.3,9.0,150,5,moderate,1.0,4006047110,19,2026,_summary,v_op_N,43.77802487442864
4,0.3,9.0,150,5,moderate,1.0,4006047110,19,2026,_summary,v_acc_N,0.10567837984650752
4,0.3,9.0,150,5,moderate,1.0,4006047110,19,2026,_summary,spearman_rho,-0.3999999999999999
4,0.3,9.0,150,5,moderate,1.0,4006047110,19,2026,_summary,payment_displacement,0.12486444294952063
4,0.3,9.0,150,5,moderate,1.0,4006047110,19,2026,_summary,any_rank_reversal,1.0
4,0.3,9.0,150,5,moderate,1.0,4006047110,19,2026,_summary,efficiency_gap_op,0.0
4,0.3,9.0,150,5,moderate,1.0,2477334171,20,2026,firm_0,phi_operational,15.841389906635007
4,0.3,9.0,150,5,moderate,1.0,2477334171,20,2026,firm_0,phi_accuracy,0.038663373572448624
4,0.3,9.0,150,5,moderate,1.0,2477334171,20,2026,firm_0,ir_operational,1.0
4,0.3,9.0,150,5,moderate,1.0,2477334171,20,2026,firm_0,ir_accuracy,1.0
4,0.3,9.0,150,5,moderate,1.0,2477334171,20,2026,firm_1,phi_operational,9.201776055206011
4,0.3,9.0,150,5,moderate,1.0,2477334171,20,2026,firm_1,phi_accuracy,0.008031372903743506
4,0.3,9.0,150,5,moderate,1.0,2477334171,20,2026,firm_1,ir_operational,1.0
4,0.3,9.0,150,5,moderate,1.0,2477334171,20,2026,firm_1,ir_accuracy,1.0
4,0.3,9.0,150,5,moderate,1.0,2477334171,20,2026,firm_2,phi_operational,18.598910574323355
4,0.3,9.0,150,5,moderate,1.0,2477334171,20,2026,firm_2,phi_accuracy,0.03770768227800897
4,0.3,9.0,150,5,moderate,1.0,2477334171,20,2026,firm_2,ir_operational,1.0
4,0.3,9.0,150,5,moderate,1.0,2477334171,20,2026,firm_2,ir_accuracy,1.0
4,0.3,9.0,150,5,moderate,1.0,2477334171,20,2026,firm_3,phi_operational,17.596640158899625
4,0.3,9.0,150,5,moderate,1.0,2477334171,20,2026,firm_3,phi_accuracy,0.013742170022452722
4,0.3,9.0,150,5,moderate,1.0,2477334171,20,2026,firm_3,ir_operational,1.0
4,0.3,9.0,150,5,moderate,1.0,2477334171,20,2026,firm_3,ir_accuracy,1.0
4,0.3,9.0,150,5,moderate,1.0,2477334171,20,2026,_summary,v_op_N,61.238716695064
4,0.3,9.0,150,5,moderate,1.0,2477334171,20,2026,_summary,v_acc_N,0.09814459877665382
4,0.3,9.0,150,5,moderate,1.0,2477334171,20,2026,_summary,spearman_rho,0.4
4,0.3,9.0,150,5,moderate,1.0,2477334171,20,2026,_summary,payment_displacement,0.10787705468848008
4,0.3,9.0,150,5,moderate,1.0,2477334171,20,2026,_summary,any_rank_reversal,1.0
4,0.3,9.0,150,5,moderate,1.0,2477334171,20,2026,_summary,efficiency_gap_op,0.0
4,0.3,9.0,150,5,moderate,1.0,556854322,21,2026,firm_0,phi_operational,8.158437019591123
4,0.3,9.0,150,5,moderate,1.0,556854322,21,2026,firm_0,phi_accuracy,0.015651126596330306
4,0.3,9.0,150,5,moderate,1.0,556854322,21,2026,firm_0,ir_operational,1.0
4,0.3,9.0,150,5,moderate,1.0,556854322,21,2026,firm_0,ir_accuracy,1.0
4,0.3,9.0,150,5,moderate,1.0,556854322,21,2026,firm_1,phi_operational,20.406624578822505
4,0.3,9.0,150,5,moderate,1.0,556854322,21,2026,firm_1,phi_accuracy,0.04484233897212084
4,0.3,9.0,150,5,moderate,1.0,556854322,21,2026,firm_1,ir_operational,1.0
4,0.3,9.0,150,5,moderate,1.0,556854322,21,2026,firm_1,ir_accuracy,1.0
4,0.3,9.0,150,5,moderate,1.0,556854322,21,2026,firm_2,phi_operational,6.731325109074466
4,0.3,9.0,150,5,moderate,1.0,556854322,21,2026,firm_2,phi_accuracy,-0.016136747296658954
4,0.3,9.0,150,5,moderate,1.0,556854322,21,2026,firm_2,ir_operational,1.0
4,0.3,9.0,150,5,moderate,1.0,556854322,21,2026,firm_2,ir_accuracy,0.0
4,0.3,9.0,150,5,moderate,1.0,556854322,21,2026,firm_3,phi_operational,4.8616916773337095
4,0.3,9.0,150,5,moderate,1.0,556854322,21,2026,firm_3,phi_accuracy,-0.005085625252481657
4,0.3,9.0,150,5,moderate,1.0,556854322,21,2026,firm_3,ir_operational,1.0
4,0.3,9.0,150,5,moderate,1.0,556854322,21,2026,firm_3,ir_accuracy,0.0
4,0.3,9.0,150,5,moderate,1.0,556854322,21,2026,_summary,v_op_N,40.158078384821806
4,0.3,9.0,150,5,moderate,1.0,556854322,21,2026,_summary,v_acc_N,0.03927109301931053
4,0.3,9.0,150,5,moderate,1.0,556854322,21,2026,_summary,spearman_rho,0.8
4,0.3,9.0,150,5,moderate,1.0,556854322,21,2026,_summary,payment_displacement,0.15015573784883268
4,0.3,9.0,150,5,moderate,1.0,556854322,21,2026,_summary,any_rank_reversal,1.0
4,0.3,9.0,150,5,moderate,1.0,556854322,21,2026,_summary,efficiency_gap_op,0.0
4,0.3,9.0,150,5,moderate,1.0,309650428,22,2026,firm_0,phi_operational,13.946409598741173
4,0.3,9.0,150,5,moderate,1.0,309650428,22,2026,firm_0,phi_accuracy,0.003951552093703144
4,0.3,9.0,150,5,moderate,1.0,309650428,22,2026,firm_0,ir_operational,1.0
4,0.3,9.0,150,5,moderate,1.0,309650428,22,2026,firm_0,ir_accuracy,1.0
4,0.3,9.0,150,5,moderate,1.0,309650428,22,2026,firm_1,phi_operational,13.565298944148148
4,0.3,9.0,150,5,moderate,1.0,309650428,22,2026,firm_1,phi_accuracy,0.045072879731892494
4,0.3,9.0,150,5,moderate,1.0,309650428,22,2026,firm_1,ir_operational,1.0
4,0.3,9.0,150,5,moderate,1.0,309650428,22,2026,firm_1,ir_accuracy,1.0
4,0.3,9.0,150,5,moderate,1.0,309650428,22,2026,firm_2,phi_operational,6.8460852788907784
4,0.3,9.0,150,5,moderate,1.0,309650428,22,2026,firm_2,phi_accuracy,0.02925336329842389
4,0.3,9.0,150,5,moderate,1.0,309650428,22,2026,firm_2,ir_operational,1.0
4,0.3,9.0,150,5,moderate,1.0,309650428,22,2026,firm_2,ir_accuracy,1.0
4,0.3,9.0,150,5,moderate,1.0,309650428,22,2026,firm_3,phi_operational,8.159626365967814
4,0.3,9.0,150,5,moderate,1.0,309650428,22,2026,firm_3,phi_accuracy,0.009433121991432886
4,0.3,9.0,150,5,moderate,1.0,309650428,22,2026,firm_3,ir_operational,1.0
4,0.3,9.0,150,5,moderate,1.0,309650428,22,2026,firm_3,ir_accuracy,1.0
4,0.3,9.0,150,5,moderate,1.0,309650428,22,2026,_summary,v_op_N,42.517420187747916
4,0.3,9.0,150,5,moderate,1.0,309650428,22,2026,_summary,v_acc_N,0.08771091711545242
4,0.3,9.0,150,5,moderate,1.0,309650428,22,2026,_summary,spearman_rho,-0.3999999999999999
4,0.3,9.0,150,5,moderate,1.0,309650428,22,2026,_summary,payment_displacement,0.18366452300302577
4,0.3,9.0,150,5,moderate,1.0,309650428,22,2026,_summary,any_rank_reversal,1.0
4,0.3,9.0,150,5,moderate,1.0,309650428,22,2026,_summary,efficiency_gap_op,0.0
4,0.3,9.0,150,5,moderate,1.0,353756310,23,2026,firm_0,phi_operational,12.223488310546552
4,0.3,9.0,150,5,moderate,1.0,353756310,23,2026,firm_0,phi_accuracy,-0.01699919194489563
4,0.3,9.0,150,5,moderate,1.0,353756310,23,2026,firm_0,ir_operational,1.0
4,0.3,9.0,150,5,moderate,1.0,353756310,23,2026,firm_0,ir_accuracy,0.0
4,0.3,9.0,150,5,moderate,1.0,353756310,23,2026,firm_1,phi_operational,13.882244663487418
4,0.3,9.0,150,5,moderate,1.0,353756310,23,2026,firm_1,phi_accuracy,-0.008611318427626228
4,0.3,9.0,150,5,moderate,1.0,353756310,23,2026,firm_1,ir_operational,1.0
4,0.3,9.0,150,5,moderate,1.0,353756310,23,2026,firm_1,ir_accuracy,0.0
4,0.3,9.0,150,5,moderate,1.0,353756310,23,2026,firm_2,phi_operational,13.17057368538666
4,0.3,9.0,150,5,moderate,1.0,353756310,23,2026,firm_2,phi_accuracy,-0.04695502924068854
4,0.3,9.0,150,5,moderate,1.0,353756310,23,2026,firm_2,ir_operational,1.0
4,0.3,9.0,150,5,moderate,1.0,353756310,23,2026,firm_2,ir_accuracy,0.0
4,0.3,9.0,150,5,moderate,1.0,353756310,23,2026,firm_3,phi_operational,14.212462135140365
4,0.3,9.0,150,5,moderate,1.0,353756310,23,2026,firm_3,phi_accuracy,0.02399843132194886
4,0.3,9.0,150,5,moderate,1.0,353756310,23,2026,firm_3,ir_operational,1.0
4,0.3,9.0,150,5,moderate,1.0,353756310,23,2026,firm_3,ir_accuracy,1.0
4,0.3,9.0,150,5,moderate,1.0,353756310,23,2026,_summary,v_op_N,53.488768794561
4,0.3,9.0,150,5,moderate,1.0,353756310,23,2026,_summary,v_acc_N,-0.04856710829126154
4,0.3,9.0,150,5,moderate,1.0,353756310,23,2026,_summary,spearman_rho,0.8
4,0.3,9.0,150,5,moderate,1.0,353756310,23,2026,_summary,payment_displacement,0.3757381708219327
4,0.3,9.0,150,5,moderate,1.0,353756310,23,2026,_summary,any_rank_reversal,1.0
4,0.3,9.0,150,5,moderate,1.0,353756310,23,2026,_summary,efficiency_gap_op,0.0
4,0.3,9.0,150,5,moderate,1.0,1966121853,24,2026,firm_0,phi_operational,13.249567881947664
4,0.3,9.0,150,5,moderate,1.0,1966121853,24,2026,firm_0,phi_accuracy,0.04671938262415185
4,0.3,9.0,150,5,moderate,1.0,1966121853,24,2026,firm_0,ir_operational,1.0
4,0.3,9.0,150,5,moderate,1.0,1966121853,24,2026,firm_0,ir_accuracy,1.0
4,0.3,9.0,150,5,moderate,1.0,1966121853,24,2026,firm_1,phi_operational,10.187641078561938
4,0.3,9.0,150,5,moderate,1.0,1966121853,24,2026,firm_1,phi_accuracy,0.022303781636975384
4,0.3,9.0,150,5,moderate,1.0,1966121853,24,2026,firm_1,ir_operational,1.0
4,0.3,9.0,150,5,moderate,1.0,1966121853,24,2026,firm_1,ir_accuracy,1.0
4,0.3,9.0,150,5,moderate,1.0,1966121853,24,2026,firm_2,phi_operational,16.281972495061297
4,0.3,9.0,150,5,moderate,1.0,1966121853,24,2026,firm_2,phi_accuracy,0.022625324760680184
4,0.3,9.0,150,5,moderate,1.0,1966121853,24,2026,firm_2,ir_operational,1.0
4,0.3,9.0,150,5,moderate,1.0,1966121853,24,2026,firm_2,ir_accuracy,1.0
4,0.3,9.0,150,5,moderate,1.0,1966121853,24,2026,firm_3,phi_operational,17.89248380667725
4,0.3,9.0,150,5,moderate,1.0,1966121853,24,2026,firm_3,phi_accuracy,-0.0003570654049655877
4,0.3,9.0,150,5,moderate,1.0,1966121853,24,2026,firm_3,ir_operational,1.0
4,0.3,9.0,150,5,moderate,1.0,1966121853,24,2026,firm_3,ir_accuracy,0.0
4,0.3,9.0,150,5,moderate,1.0,1966121853,24,2026,_summary,v_op_N,57.61166526224815
4,0.3,9.0,150,5,moderate,1.0,1966121853,24,2026,_summary,v_acc_N,0.09129142361684184
4,0.3,9.0,150,5,moderate,1.0,1966121853,24,2026,_summary,spearman_rho,-0.3999999999999999
4,0.3,9.0,150,5,moderate,1.0,1966121853,24,2026,_summary,payment_displacement,0.17363690174743396
4,0.3,9.0,150,5,moderate,1.0,1966121853,24,2026,_summary,any_rank_reversal,1.0
4,0.3,9.0,150,5,moderate,1.0,1966121853,24,2026,_summary,efficiency_gap_op,0.0
4,0.3,9.0,150,5,moderate,1.0,3637554908,25,2026,firm_0,phi_operational,9.32721248788721
4,0.3,9.0,150,5,moderate,1.0,3637554908,25,2026,firm_0,phi_accuracy,0.006845462546024139
4,0.3,9.0,150,5,moderate,1.0,3637554908,25,2026,firm_0,ir_operational,1.0
4,0.3,9.0,150,5,moderate,1.0,3637554908,25,2026,firm_0,ir_accuracy,1.0
4,0.3,9.0,150,5,moderate,1.0,3637554908,25,2026,firm_1,phi_operational,12.625203661976968
4,0.3,9.0,150,5,moderate,1.0,3637554908,25,2026,firm_1,phi_accuracy,0.006166884685903207
4,0.3,9.0,150,5,moderate,1.0,3637554908,25,2026,firm_1,ir_operational,1.0
4,0.3,9.0,150,5,moderate,1.0,3637554908,25,2026,firm_1,ir_accuracy,1.0
4,0.3,9.0,150,5,moderate,1.0,3637554908,25,2026,firm_2,phi_operational,11.387388223155142
4,0.3,9.0,150,5,moderate,1.0,3637554908,25,2026,firm_2,phi_accuracy,-0.010389483912011072
4,0.3,9.0,150,5,moderate,1.0,3637554908,25,2026,firm_2,ir_operational,1.0
4,0.3,9.0,150,5,moderate,1.0,3637554908,25,2026,firm_2,ir_accuracy,0.0
4,0.3,9.0,150,5,moderate,1.0,3637554908,25,2026,firm_3,phi_operational,11.901702951042694
4,0.3,9.0,150,5,moderate,1.0,3637554908,25,2026,firm_3,phi_accuracy,0.005215825686509875
4,0.3,9.0,150,5,moderate,1.0,3637554908,25,2026,firm_3,ir_operational,1.0
4,0.3,9.0,150,5,moderate,1.0,3637554908,25,2026,firm_3,ir_accuracy,1.0
4,0.3,9.0,150,5,moderate,1.0,3637554908,25,2026,_summary,v_op_N,45.24150732406201
4,0.3,9.0,150,5,moderate,1.0,3637554908,25,2026,_summary,v_acc_N,0.007838689006426147
4,0.3,9.0,150,5,moderate,1.0,3637554908,25,2026,_summary,spearman_rho,-0.19999999999999996
4,0.3,9.0,150,5,moderate,1.0,3637554908,25,2026,_summary,payment_displacement,0.19804187882677882
4,0.3,9.0,150,5,moderate,1.0,3637554908,25,2026,_summary,any_rank_reversal,1.0
4,0.3,9.0,150,5,moderate,1.0,3637554908,25,2026,_summary,efficiency_gap_op,0.0
4,0.3,9.0,150,5,moderate,1.0,3581749120,26,2026,firm_0,phi_operational,5.684099024846015
4,0.3,9.0,150,5,moderate,1.0,3581749120,26,2026,firm_0,phi_accuracy,0.031081421969886724
4,0.3,9.0,150,5,moderate,1.0,3581749120,26,2026,firm_0,ir_operational,1.0
4,0.3,9.0,150,5,moderate,1.0,3581749120,26,2026,firm_0,ir_accuracy,1.0
4,0.3,9.0,150,5,moderate,1.0,3581749120,26,2026,firm_1,phi_operational,10.285923125681734
4,0.3,9.0,150,5,moderate,1.0,3581749120,26,2026,firm_1,phi_accuracy,0.013805906720220194
4,0.3,9.0,150,5,moderate,1.0,3581749120,26,2026,firm_1,ir_operational,1.0
4,0.3,9.0,150,5,moderate,1.0,3581749120,26,2026,firm_1,ir_accuracy,1.0
4,0.3,9.0,150,5,moderate,1.0,3581749120,26,2026,firm_2,phi_operational,13.067376710201529
4,0.3,9.0,150,5,moderate,1.0,3581749120,26,2026,firm_2,phi_accuracy,0.014047242312116367
4,0.3,9.0,150,5,moderate,1.0,3581749120,26,2026,firm_2,ir_operational,1.0
4,0.3,9.0,150,5,moderate,1.0,3581749120,26,2026,firm_2,ir_accuracy,1.0
4,0.3,9.0,150,5,moderate,1.0,3581749120,26,2026,firm_3,phi_operational,1.8203167264722042
4,0.3,9.0,150,5,moderate,1.0,3581749120,26,2026,firm_3,phi_accuracy,0.025408393757115937
4,0.3,9.0,150,5,moderate,1.0,3581749120,26,2026,firm_3,ir_operational,1.0
4,0.3,9.0,150,5,moderate,1.0,3581749120,26,2026,firm_3,ir_accuracy,1.0
4,0.3,9.0,150,5,moderate,1.0,3581749120,26,2026,_summary,v_op_N,30.857715587201483
4,0.3,9.0,150,5,moderate,1.0,3581749120,26,2026,_summary,v_acc_N,0.08434296475933922
4,0.3,9.0,150,5,moderate,1.0,3581749120,26,2026,_summary,spearman_rho,-0.6000000000000001
4,0.3,9.0,150,5,moderate,1.0,3581749120,26,2026,_summary,payment_displacement,0.2132845380095052
4,0.3,9.0,150,5,moderate,1.0,3581749120,26,2026,_summary,any_rank_reversal,1.0
4,0.3,9.0,150,5,moderate,1.0,3581749120,26,2026,_summary,efficiency_gap_op,0.0
4,0.3,9.0,150,5,moderate,1.0,1830881582,27,2026,firm_0,phi_operational,13.721309305306068
4,0.3,9.0,150,5,moderate,1.0,1830881582,27,2026,firm_0,phi_accuracy,0.016399166593368503
4,0.3,9.0,150,5,moderate,1.0,1830881582,27,2026,firm_0,ir_operational,1.0
4,0.3,9.0,150,5,moderate,1.0,1830881582,27,2026,firm_0,ir_accuracy,1.0
4,0.3,9.0,150,5,moderate,1.0,1830881582,27,2026,firm_1,phi_operational,13.119151789281423
4,0.3,9.0,150,5,moderate,1.0,1830881582,27,2026,firm_1,phi_accuracy,-0.0051973875734299315
4,0.3,9.0,150,5,moderate,1.0,1830881582,27,2026,firm_1,ir_operational,1.0
4,0.3,9.0,150,5,moderate,1.0,1830881582,27,2026,firm_1,ir_accuracy,0.0
4,0.3,9.0,150,5,moderate,1.0,1830881582,27,2026,firm_2,phi_operational,13.00533871522135
4,0.3,9.0,150,5,moderate,1.0,1830881582,27,2026,firm_2,phi_accuracy,0.014759544637716022
4,0.3,9.0,150,5,moderate,1.0,1830881582,27,2026,firm_2,ir_operational,1.0
4,0.3,9.0,150,5,moderate,1.0,1830881582,27,2026,firm_2,ir_accuracy,1.0
4,0.3,9.0,150,5,moderate,1.0,1830881582,27,2026,firm_3,phi_operational,24.85791888169235
4,0.3,9.0,150,5,moderate,1.0,1830881582,27,2026,firm_3,phi_accuracy,0.1042922641755408
4,0.3,9.0,150,5,moderate,1.0,1830881582,27,2026,firm_3,ir_operational,1.0
4,0.3,9.0,150,5,moderate,1.0,1830881582,27,2026,firm_3,ir_accuracy,1.0
4,0.3,9.0,150,5,moderate,1.0,1830881582,27,2026,_summary,v_op_N,64.7037186915012
4,0.3,9.0,150,5,moderate,1.0,1830881582,27,2026,_summary,v_acc_N,0.1302535878331954
4,0.3,9.0,150,5,moderate,1.0,1830881582,27,2026,_summary,spearman_rho,0.8
4,0.3,9.0,150,5,moderate,1.0,1830881582,27,2026,_summary,payment_displacement,0.19714153200780687
4,0.3,9.0,150,5,moderate,1.0,1830881582,27,2026,_summary,any_rank_reversal,1.0
4,0.3,9.0,150,5,moderate,1.0,1830881582,27,2026,_summary,efficiency_gap_op,0.0
4,0.3,9.0,150,5,moderate,1.0,4030877704,28,2026,firm_0,phi_operational,12.1794539649608
4,0.3,9.0,150,5,moderate,1.0,4030877704,28,2026,firm_0,phi_accuracy,0.012934944872236351
4,0.3,9.0,150,5,moderate,1.0,4030877704,28,2026,firm_0,ir_operational,1.0
4,0.3,9.0,150,5,moderate,1.0,4030877704,28,2026,firm_0,ir_accuracy,1.0
4,0.3,9.0,150,5,moderate,1.0,4030877704,28,2026,firm_1,phi_operational,12.612608916396587
4,0.3,9.0,150,5,moderate,1.0,4030877704,28,2026,firm_1,phi_accuracy,0.01286522516030002
4,0.3,9.0,150,5,moderate,1.0,4030877704,28,2026,firm_1,ir_operational,1.0
4,0.3,9.0,150,5,moderate,1.0,4030877704,28,2026,firm_1,ir_accuracy,1.0
4,0.3,9.0,150,5,moderate,1.0,4030877704,28,2026,firm_2,phi_operational,12.496239215276916
4,0.3,9.0,150,5,moderate,1.0,4030877704,28,2026,firm_2,phi_accuracy,0.036867255575409735
4,0.3,9.0,150,5,moderate,1.0,4030877704,28,2026,firm_2,ir_operational,1.0
4,0.3,9.0,150,5,moderate,1.0,4030877704,28,2026,firm_2,ir_accuracy,1.0
4,0.3,9.0,150,5,moderate,1.0,4030877704,28,2026,firm_3,phi_operational,10.546405769652448
4,0.3,9.0,150,5,moderate,1.0,4030877704,28,2026,firm_3,phi_accuracy,-0.022996399335247414
4,0.3,9.0,150,5,moderate,1.0,4030877704,28,2026,firm_3,ir_operational,1.0
4,0.3,9.0,150,5,moderate,1.0,4030877704,28,2026,firm_3,ir_accuracy,0.0
4,0.3,9.0,150,5,moderate,1.0,4030877704,28,2026,_summary,v_op_N,47.83470786628675
4,0.3,9.0,150,5,moderate,1.0,4030877704,28,2026,_summary,v_acc_N,0.039671026272698695
4,0.3,9.0,150,5,moderate,1.0,4030877704,28,2026,_summary,spearman_rho,0.4
4,0.3,9.0,150,5,moderate,1.0,4030877704,28,2026,_summary,payment_displacement,0.2187913985468173
4,0.3,9.0,150,5,moderate,1.0,4030877704,28,2026,_summary,any_rank_reversal,1.0
4,0.3,9.0,150,5,moderate,1.0,4030877704,28,2026,_summary,efficiency_gap_op,0.0
4,0.3,9.0,150,5,moderate,1.0,1277348659,29,2026,firm_0,phi_operational,23.997896302398022
4,0.3,9.0,150,5,moderate,1.0,1277348659,29,2026,firm_0,phi_accuracy,0.006770537299784893
4,0.3,9.0,150,5,moderate,1.0,1277348659,29,2026,firm_0,ir_operational,1.0
4,0.3,9.0,150,5,moderate,1.0,1277348659,29,2026,firm_0,ir_accuracy,1.0
4,0.3,9.0,150,5,moderate,1.0,1277348659,29,2026,firm_1,phi_operational,5.2610337218218035
4,0.3,9.0,150,5,moderate,1.0,1277348659,29,2026,firm_1,phi_accuracy,0.008713510104571673
4,0.3,9.0,150,5,moderate,1.0,1277348659,29,2026,firm_1,ir_operational,1.0
4,0.3,9.0,150,5,moderate,1.0,1277348659,29,2026,firm_1,ir_accuracy,1.0
4,0.3,9.0,150,5,moderate,1.0,1277348659,29,2026,firm_2,phi_operational,18.9747850444562
4,0.3,9.0,150,5,moderate,1.0,1277348659,29,2026,firm_2,phi_accuracy,0.030434325223878685
4,0.3,9.0,150,5,moderate,1.0,1277348659,29,2026,firm_2,ir_operational,1.0
4,0.3,9.0,150,5,moderate,1.0,1277348659,29,2026,firm_2,ir_accuracy,1.0
4,0.3,9.0,150,5,moderate,1.0,1277348659,29,2026,firm_3,phi_operational,-0.3615370724438758
4,0.3,9.0,150,5,moderate,1.0,1277348659,29,2026,firm_3,phi_accuracy,0.021920449394155855
4,0.3,9.0,150,5,moderate,1.0,1277348659,29,2026,firm_3,ir_operational,0.0
4,0.3,9.0,150,5,moderate,1.0,1277348659,29,2026,firm_3,ir_accuracy,1.0
4,0.3,9.0,150,5,moderate,1.0,1277348659,29,2026,_summary,v_op_N,47.87217799623215
4,0.3,9.0,150,5,moderate,1.0,1277348659,29,2026,_summary,v_acc_N,0.06783882202239111
4,0.3,9.0,150,5,moderate,1.0,1277348659,29,2026,_summary,spearman_rho,-0.3999999999999999
4,0.3,9.0,150,5,moderate,1.0,1277348659,29,2026,_summary,payment_displacement,0.2007342971555378
4,0.3,9.0,150,5,moderate,1.0,1277348659,29,2026,_summary,any_rank_reversal,1.0
4,0.3,9.0,150,5,moderate,1.0,1277348659,29,2026,_summary,efficiency_gap_op,0.0
4,0.3,19.0,150,5,moderate,1.0,3072437527,0,2026,firm_0,phi_operational,24.867585572811453
4,0.3,19.0,150,5,moderate,1.0,3072437527,0,2026,firm_0,phi_accuracy,-0.03724126206425157
4,0.3,19.0,150,5,moderate,1.0,3072437527,0,2026,firm_0,ir_operational,1.0
4,0.3,19.0,150,5,moderate,1.0,3072437527,0,2026,firm_0,ir_accuracy,0.0
4,0.3,19.0,150,5,moderate,1.0,3072437527,0,2026,firm_1,phi_operational,23.85659012750809
4,0.3,19.0,150,5,moderate,1.0,3072437527,0,2026,firm_1,phi_accuracy,0.035994505139401944
4,0.3,19.0,150,5,moderate,1.0,3072437527,0,2026,firm_1,ir_operational,1.0
4,0.3,19.0,150,5,moderate,1.0,3072437527,0,2026,firm_1,ir_accuracy,1.0
4,0.3,19.0,150,5,moderate,1.0,3072437527,0,2026,firm_2,phi_operational,55.160217691068794
4,0.3,19.0,150,5,moderate,1.0,3072437527,0,2026,firm_2,phi_accuracy,0.02846326139319962
4,0.3,19.0,150,5,moderate,1.0,3072437527,0,2026,firm_2,ir_operational,1.0
4,0.3,19.0,150,5,moderate,1.0,3072437527,0,2026,firm_2,ir_accuracy,1.0
4,0.3,19.0,150,5,moderate,1.0,3072437527,0,2026,firm_3,phi_operational,30.723124390495304
4,0.3,19.0,150,5,moderate,1.0,3072437527,0,2026,firm_3,phi_accuracy,0.018840878614038492
4,0.3,19.0,150,5,moderate,1.0,3072437527,0,2026,firm_3,ir_operational,1.0
4,0.3,19.0,150,5,moderate,1.0,3072437527,0,2026,firm_3,ir_accuracy,1.0
4,0.3,19.0,150,5,moderate,1.0,3072437527,0,2026,_summary,v_op_N,134.60751778188364
4,0.3,19.0,150,5,moderate,1.0,3072437527,0,2026,_summary,v_acc_N,0.04605738308238849
4,0.3,19.0,150,5,moderate,1.0,3072437527,0,2026,_summary,spearman_rho,-0.19999999999999996
4,0.3,19.0,150,5,moderate,1.0,3072437527,0,2026,_summary,payment_displacement,0.21516687428503017
4,0.3,19.0,150,5,moderate,1.0,3072437527,0,2026,_summary,any_rank_reversal,1.0
4,0.3,19.0,150,5,moderate,1.0,3072437527,0,2026,_summary,efficiency_gap_op,0.0
4,0.3,19.0,150,5,moderate,1.0,3501782408,1,2026,firm_0,phi_operational,24.29920736426974
4,0.3,19.0,150,5,moderate,1.0,3501782408,1,2026,firm_0,phi_accuracy,0.015862041847557122
4,0.3,19.0,150,5,moderate,1.0,3501782408,1,2026,firm_0,ir_operational,1.0
4,0.3,19.0,150,5,moderate,1.0,3501782408,1,2026,firm_0,ir_accuracy,1.0
4,0.3,19.0,150,5,moderate,1.0,3501782408,1,2026,firm_1,phi_operational,-4.944715532366178
4,0.3,19.0,150,5,moderate,1.0,3501782408,1,2026,firm_1,phi_accuracy,0.007193352051233068
4,0.3,19.0,150,5,moderate,1.0,3501782408,1,2026,firm_1,ir_operational,0.0
4,0.3,19.0,150,5,moderate,1.0,3501782408,1,2026,firm_1,ir_accuracy,1.0
4,0.3,19.0,150,5,moderate,1.0,3501782408,1,2026,firm_2,phi_operational,28.732013356846284
4,0.3,19.0,150,5,moderate,1.0,3501782408,1,2026,firm_2,phi_accuracy,0.015099978911369761
4,0.3,19.0,150,5,moderate,1.0,3501782408,1,2026,firm_2,ir_operational,1.0
4,0.3,19.0,150,5,moderate,1.0,3501782408,1,2026,firm_2,ir_accuracy,1.0
4,0.3,19.0,150,5,moderate,1.0,3501782408,1,2026,firm_3,phi_operational,10.922695590024734
4,0.3,19.0,150,5,moderate,1.0,3501782408,1,2026,firm_3,phi_accuracy,0.05771198625286995
4,0.3,19.0,150,5,moderate,1.0,3501782408,1,2026,firm_3,ir_operational,1.0
4,0.3,19.0,150,5,moderate,1.0,3501782408,1,2026,firm_3,ir_accuracy,1.0
4,0.3,19.0,150,5,moderate,1.0,3501782408,1,2026,_summary,v_op_N,59.009200778774584
4,0.3,19.0,150,5,moderate,1.0,3501782408,1,2026,_summary,v_acc_N,0.0958673590630299
4,0.3,19.0,150,5,moderate,1.0,3501782408,1,2026,_summary,spearman_rho,0.19999999999999996
4,0.3,19.0,150,5,moderate,1.0,3501782408,1,2026,_summary,payment_displacement,0.25924993843632377
4,0.3,19.0,150,5,moderate,1.0,3501782408,1,2026,_summary,any_rank_reversal,1.0
4,0.3,19.0,150,5,moderate,1.0,3501782408,1,2026,_summary,efficiency_gap_op,0.0
4,0.3,19.0,150,5,moderate,1.0,3249872412,2,2026,firm_0,phi_operational,79.19789351362587
4,0.3,19.0,150,5,moderate,1.0,3249872412,2,2026,firm_0,phi_accuracy,-0.026052158976109203
4,0.3,19.0,150,5,moderate,1.0,3249872412,2,2026,firm_0,ir_operational,1.0
4,0.3,19.0,150,5,moderate,1.0,3249872412,2,2026,firm_0,ir_accuracy,0.0
4,0.3,19.0,150,5,moderate,1.0,3249872412,2,2026,firm_1,phi_operational,31.62706321877016
4,0.3,19.0,150,5,moderate,1.0,3249872412,2,2026,firm_1,phi_accuracy,0.05939267486190021
4,0.3,19.0,150,5,moderate,1.0,3249872412,2,2026,firm_1,ir_operational,1.0
4,0.3,19.0,150,5,moderate,1.0,3249872412,2,2026,firm_1,ir_accuracy,1.0
4,0.3,19.0,150,5,moderate,1.0,3249872412,2,2026,firm_2,phi_operational,33.332464792696086
4,0.3,19.0,150,5,moderate,1.0,3249872412,2,2026,firm_2,phi_accuracy,-0.028447717942960228
4,0.3,19.0,150,5,moderate,1.0,3249872412,2,2026,firm_2,ir_operational,1.0
4,0.3,19.0,150,5,moderate,1.0,3249872412,2,2026,firm_2,ir_accuracy,0.0
4,0.3,19.0,150,5,moderate,1.0,3249872412,2,2026,firm_3,phi_operational,29.832101901788043
4,0.3,19.0,150,5,moderate,1.0,3249872412,2,2026,firm_3,phi_accuracy,-0.01081255767748331
4,0.3,19.0,150,5,moderate,1.0,3249872412,2,2026,firm_3,ir_operational,1.0
4,0.3,19.0,150,5,moderate,1.0,3249872412,2,2026,firm_3,ir_accuracy,0.0
4,0.3,19.0,150,5,moderate,1.0,3249872412,2,2026,_summary,v_op_N,173.98952342688017
4,0.3,19.0,150,5,moderate,1.0,3249872412,2,2026,_summary,v_acc_N,-0.00591975973465253
4,0.3,19.0,150,5,moderate,1.0,3249872412,2,2026,_summary,spearman_rho,-0.6000000000000001
4,0.3,19.0,150,5,moderate,1.0,3249872412,2,2026,_summary,payment_displacement,0.40911216205279316
4,0.3,19.0,150,5,moderate,1.0,3249872412,2,2026,_summary,any_rank_reversal,1.0
4,0.3,19.0,150,5,moderate,1.0,3249872412,2,2026,_summary,efficiency_gap_op,0.0
4,0.3,19.0,150,5,moderate,1.0,3951647879,3,2026,firm_0,phi_operational,-124.15450930770433
4,0.3,19.0,150,5,moderate,1.0,3951647879,3,2026,firm_0,phi_accuracy,-0.045171932001882395
4,0.3,19.0,150,5,moderate,1.0,3951647879,3,2026,firm_0,ir_operational,0.0
4,0.3,19.0,150,5,moderate,1.0,3951647879,3,2026,firm_0,ir_accuracy,0.0
4,0.3,19.0,150,5,moderate,1.0,3951647879,3,2026,firm_1,phi_operational,7.826121884390507
4,0.3,19.0,150,5,moderate,1.0,3951647879,3,2026,firm_1,phi_accuracy,0.026887409573448342
4,0.3,19.0,150,5,moderate,1.0,3951647879,3,2026,firm_1,ir_operational,1.0
4,0.3,19.0,150,5,moderate,1.0,3951647879,3,2026,firm_1,ir_accuracy,1.0
4,0.3,19.0,150,5,moderate,1.0,3951647879,3,2026,firm_2,phi_operational,19.457178798926144
4,0.3,19.0,150,5,moderate,1.0,3951647879,3,2026,firm_2,phi_accuracy,0.02517379112061658
4,0.3,19.0,150,5,moderate,1.0,3951647879,3,2026,firm_2,ir_operational,1.0
4,0.3,19.0,150,5,moderate,1.0,3951647879,3,2026,firm_2,ir_accuracy,1.0
4,0.3,19.0,150,5,moderate,1.0,3951647879,3,2026,firm_3,phi_operational,-2.0043056388392415
4,0.3,19.0,150,5,moderate,1.0,3951647879,3,2026,firm_3,phi_accuracy,0.0020886753748084
4,0.3,19.0,150,5,moderate,1.0,3951647879,3,2026,firm_3,ir_operational,0.0
4,0.3,19.0,150,5,moderate,1.0,3951647879,3,2026,firm_3,ir_accuracy,1.0
4,0.3,19.0,150,5,moderate,1.0,3951647879,3,2026,_summary,v_op_N,-98.87551426322693
4,0.3,19.0,150,5,moderate,1.0,3951647879,3,2026,_summary,v_acc_N,0.008977944066990928
4,0.3,19.0,150,5,moderate,1.0,3951647879,3,2026,_summary,spearman_rho,0.8
4,0.3,19.0,150,5,moderate,1.0,3951647879,3,2026,_summary,payment_displacement,0.1836939070198052
4,0.3,19.0,150,5,moderate,1.0,3951647879,3,2026,_summary,any_rank_reversal,1.0
4,0.3,19.0,150,5,moderate,1.0,3951647879,3,2026,_summary,efficiency_gap_op,1.4210854715202004e-14
4,0.3,19.0,150,5,moderate,1.0,2643861986,4,2026,firm_0,phi_operational,25.081078549313983
4,0.3,19.0,150,5,moderate,1.0,2643861986,4,2026,firm_0,phi_accuracy,-0.0014582004374807944
4,0.3,19.0,150,5,moderate,1.0,2643861986,4,2026,firm_0,ir_operational,1.0
4,0.3,19.0,150,5,moderate,1.0,2643861986,4,2026,firm_0,ir_accuracy,0.0
4,0.3,19.0,150,5,moderate,1.0,2643861986,4,2026,firm_1,phi_operational,65.3689163162384
4,0.3,19.0,150,5,moderate,1.0,2643861986,4,2026,firm_1,phi_accuracy,0.04121606202392273
4,0.3,19.0,150,5,moderate,1.0,2643861986,4,2026,firm_1,ir_operational,1.0
4,0.3,19.0,150,5,moderate,1.0,2643861986,4,2026,firm_1,ir_accuracy,1.0
4,0.3,19.0,150,5,moderate,1.0,2643861986,4,2026,firm_2,phi_operational,32.63075246957368
4,0.3,19.0,150,5,moderate,1.0,2643861986,4,2026,firm_2,phi_accuracy,-0.006656010429816117
4,0.3,19.0,150,5,moderate,1.0,2643861986,4,2026,firm_2,ir_operational,1.0
4,0.3,19.0,150,5,moderate,1.0,2643861986,4,2026,firm_2,ir_accuracy,0.0
4,0.3,19.0,150,5,moderate,1.0,2643861986,4,2026,firm_3,phi_operational,34.24293492370904
4,0.3,19.0,150,5,moderate,1.0,2643861986,4,2026,firm_3,phi_accuracy,0.032953313800180586
4,0.3,19.0,150,5,moderate,1.0,2643861986,4,2026,firm_3,ir_operational,1.0
4,0.3,19.0,150,5,moderate,1.0,2643861986,4,2026,firm_3,ir_accuracy,1.0
4,0.3,19.0,150,5,moderate,1.0,2643861986,4,2026,_summary,v_op_N,157.3236822588351
4,0.3,19.0,150,5,moderate,1.0,2643861986,4,2026,_summary,v_acc_N,0.06605516495680641
4,0.3,19.0,150,5,moderate,1.0,2643861986,4,2026,_summary,spearman_rho,0.8
4,0.3,19.0,150,5,moderate,1.0,2643861986,4,2026,_summary,payment_displacement,0.18341749375971897
4,0.3,19.0,150,5,moderate,1.0,2643861986,4,2026,_summary,any_rank_reversal,1.0
4,0.3,19.0,150,5,moderate,1.0,2643861986,4,2026,_summary,efficiency_gap_op,0.0
4,0.3,19.0,150,5,moderate,1.0,2148060737,5,2026,firm_0,phi_operational,37.136986219139615
4,0.3,19.0,150,5,moderate,1.0,2148060737,5,2026,firm_0,phi_accuracy,0.07686042285465094
4,0.3,19.0,150,5,moderate,1.0,2148060737,5,2026,firm_0,ir_operational,1.0
4,0.3,19.0,150,5,moderate,1.0,2148060737,5,2026,firm_0,ir_accuracy,1.0
4,0.3,19.0,150,5,moderate,1.0,2148060737,5,2026,firm_1,phi_operational,30.927200760380174
4,0.3,19.0,150,5,moderate,1.0,2148060737,5,2026,firm_1,phi_accuracy,0.022040660193768942
4,0.3,19.0,150,5,moderate,1.0,2148060737,5,2026,firm_1,ir_operational,1.0
4,0.3,19.0,150,5,moderate,1.0,2148060737,5,2026,firm_1,ir_accuracy,1.0
4,0.3,19.0,150,5,moderate,1.0,2148060737,5,2026,firm_2,phi_operational,32.02672328104627
4,0.3,19.0,150,5,moderate,1.0,2148060737,5,2026,firm_2,phi_accuracy,0.03358970802723274
4,0.3,19.0,150,5,moderate,1.0,2148060737,5,2026,firm_2,ir_operational,1.0
4,0.3,19.0,150,5,moderate,1.0,2148060737,5,2026,firm_2,ir_accuracy,1.0
4,0.3,19.0,150,5,moderate,1.0,2148060737,5,2026,firm_3,phi_operational,22.421699436306387
4,0.3,19.0,150,5,moderate,1.0,2148060737,5,2026,firm_3,phi_accuracy,0.01626618273184855
4,0.3,19.0,150,5,moderate,1.0,2148060737,5,2026,firm_3,ir_operational,1.0
4,0.3,19.0,150,5,moderate,1.0,2148060737,5,2026,firm_3,ir_accuracy,1.0
4,0.3,19.0,150,5,moderate,1.0,2148060737,5,2026,_summary,v_op_N,122.51260969687246
4,0.3,19.0,150,5,moderate,1.0,2148060737,5,2026,_summary,v_acc_N,0.1487569738075012
4,0.3,19.0,150,5,moderate,1.0,2148060737,5,2026,_summary,spearman_rho,1.0
4,0.3,19.0,150,5,moderate,1.0,2148060737,5,2026,_summary,payment_displacement,0.10677831658656267
4,0.3,19.0,150,5,moderate,1.0,2148060737,5,2026,_summary,any_rank_reversal,0.0
4,0.3,19.0,150,5,moderate,1.0,2148060737,5,2026,_summary,efficiency_gap_op,1.4210854715202004e-14
4,0.3,19.0,150,5,moderate,1.0,1593399380,6,2026,firm_0,phi_operational,21.040505652321826
4,0.3,19.0,150,5,moderate,1.0,1593399380,6,2026,firm_0,phi_accuracy,0.012695408101772785
4,0.3,19.0,150,5,moderate,1.0,1593399380,6,2026,firm_0,ir_operational,1.0
4,0.3,19.0,150,5,moderate,1.0,1593399380,6,2026,firm_0,ir_accuracy,1.0
4,0.3,19.0,150,5,moderate,1.0,1593399380,6,2026,firm_1,phi_operational,8.325003764991795
4,0.3,19.0,150,5,moderate,1.0,1593399380,6,2026,firm_1,phi_accuracy,-0.008135386921633004
4,0.3,19.0,150,5,moderate,1.0,1593399380,6,2026,firm_1,ir_operational,1.0
4,0.3,19.0,150,5,moderate,1.0,1593399380,6,2026,firm_1,ir_accuracy,0.0
4,0.3,19.0,150,5,moderate,1.0,1593399380,6,2026,firm_2,phi_operational,13.773111914377864
4,0.3,19.0,150,5,moderate,1.0,1593399380,6,2026,firm_2,phi_accuracy,0.0011987437330617894
4,0.3,19.0,150,5,moderate,1.0,1593399380,6,2026,firm_2,ir_operational,1.0
4,0.3,19.0,150,5,moderate,1.0,1593399380,6,2026,firm_2,ir_accuracy,1.0
4,0.3,19.0,150,5,moderate,1.0,1593399380,6,2026,firm_3,phi_operational,20.701012204807206
4,0.3,19.0,150,5,moderate,1.0,1593399380,6,2026,firm_3,phi_accuracy,0.005421506033365359
4,0.3,19.0,150,5,moderate,1.0,1593399380,6,2026,firm_3,ir_operational,1.0
4,0.3,19.0,150,5,moderate,1.0,1593399380,6,2026,firm_3,ir_accuracy,1.0
4,0.3,19.0,150,5,moderate,1.0,1593399380,6,2026,_summary,v_op_N,63.839633536498695
4,0.3,19.0,150,5,moderate,1.0,1593399380,6,2026,_summary,v_acc_N,0.011180270946566928
4,0.3,19.0,150,5,moderate,1.0,1593399380,6,2026,_summary,spearman_rho,1.0
4,0.3,19.0,150,5,moderate,1.0,1593399380,6,2026,_summary,payment_displacement,0.2146252884368024
4,0.3,19.0,150,5,moderate,1.0,1593399380,6,2026,_summary,any_rank_reversal,0.0
4,0.3,19.0,150,5,moderate,1.0,1593399380,6,2026,_summary,efficiency_gap_op,0.0
4,0.3,19.0,150,5,moderate,1.0,2142512003,7,2026,firm_0,phi_operational,27.868631534582427
4,0.3,19.0,150,5,moderate,1.0,2142512003,7,2026,firm_0,phi_accuracy,-0.021463302338052565
4,0.3,19.0,150,5,moderate,1.0,2142512003,7,2026,firm_0,ir_operational,1.0
4,0.3,19.0,150,5,moderate,1.0,2142512003,7,2026,firm_0,ir_accuracy,0.0
4,0.3,19.0,150,5,moderate,1.0,2142512003,7,2026,firm_1,phi_operational,23.31983794712365
4,0.3,19.0,150,5,moderate,1.0,2142512003,7,2026,firm_1,phi_accuracy,0.006588437215123107
4,0.3,19.0,150,5,moderate,1.0,2142512003,7,2026,firm_1,ir_operational,1.0
4,0.3,19.0,150,5,moderate,1.0,2142512003,7,2026,firm_1,ir_accuracy,1.0
4,0.3,19.0,150,5,moderate,1.0,2142512003,7,2026,firm_2,phi_operational,17.53635892921765
4,0.3,19.0,150,5,moderate,1.0,2142512003,7,2026,firm_2,phi_accuracy,-0.010787077778942833
4,0.3,19.0,150,5,moderate,1.0,2142512003,7,2026,firm_2,ir_operational,1.0
4,0.3,19.0,150,5,moderate,1.0,2142512003,7,2026,firm_2,ir_accuracy,0.0
4,0.3,19.0,150,5,moderate,1.0,2142512003,7,2026,firm_3,phi_operational,13.923905358351663
4,0.3,19.0,150,5,moderate,1.0,2142512003,7,2026,firm_3,phi_accuracy,-0.009022058952776302
4,0.3,19.0,150,5,moderate,1.0,2142512003,7,2026,firm_3,ir_operational,1.0
4,0.3,19.0,150,5,moderate,1.0,2142512003,7,2026,firm_3,ir_accuracy,0.0
4,0.3,19.0,150,5,moderate,1.0,2142512003,7,2026,_summary,v_op_N,82.6487337692754
4,0.3,19.0,150,5,moderate,1.0,2142512003,7,2026,_summary,v_acc_N,-0.034684001854648594
4,0.3,19.0,150,5,moderate,1.0,2142512003,7,2026,_summary,spearman_rho,-0.3999999999999999
4,0.3,19.0,150,5,moderate,1.0,2142512003,7,2026,_summary,payment_displacement,0.4311709508172431
4,0.3,19.0,150,5,moderate,1.0,2142512003,7,2026,_summary,any_rank_reversal,1.0
4,0.3,19.0,150,5,moderate,1.0,2142512003,7,2026,_summary,efficiency_gap_op,1.4210854715202004e-14
4,0.3,19.0,150,5,moderate,1.0,1738158271,8,2026,firm_0,phi_operational,26.720584633023556
4,0.3,19.0,150,5,moderate,1.0,1738158271,8,2026,firm_0,phi_accuracy,-0.012849657184720762
4,0.3,19.0,150,5,moderate,1.0,1738158271,8,2026,firm_0,ir_operational,1.0
4,0.3,19.0,150,5,moderate,1.0,1738158271,8,2026,firm_0,ir_accuracy,0.0
4,0.3,19.0,150,5,moderate,1.0,1738158271,8,2026,firm_1,phi_operational,22.52224347724433
4,0.3,19.0,150,5,moderate,1.0,1738158271,8,2026,firm_1,phi_accuracy,0.021425363283125783
4,0.3,19.0,150,5,moderate,1.0,1738158271,8,2026,firm_1,ir_operational,1.0
4,0.3,19.0,150,5,moderate,1.0,1738158271,8,2026,firm_1,ir_accuracy,1.0
4,0.3,19.0,150,5,moderate,1.0,1738158271,8,2026,firm_2,phi_operational,24.40074377364569
4,0.3,19.0,150,5,moderate,1.0,1738158271,8,2026,firm_2,phi_accuracy,0.05075464188093275
4,0.3,19.0,150,5,moderate,1.0,1738158271,8,2026,firm_2,ir_operational,1.0
4,0.3,19.0,150,5,moderate,1.0,1738158271,8,2026,firm_2,ir_accuracy,1.0
4,0.3,19.0,150,5,moderate,1.0,1738158271,8,2026,firm_3,phi_operational,23.96572495779634
4,0.3,19.0,150,5,moderate,1.0,1738158271,8,2026,firm_3,phi_accuracy,0.016637306122360702
4,0.3,19.0,150,5,moderate,1.0,1738158271,8,2026,firm_3,ir_operational,1.0
4,0.3,19.0,150,5,moderate,1.0,1738158271,8,2026,firm_3,ir_accuracy,1.0
4,0.3,19.0,150,5,moderate,1.0,1738158271,8,2026,_summary,v_op_N,97.60929684170992
4,0.3,19.0,150,5,moderate,1.0,1738158271,8,2026,_summary,v_acc_N,0.07596765410169848
4,0.3,19.0,150,5,moderate,1.0,1738158271,8,2026,_summary,spearman_rho,-0.3999999999999999
4,0.3,19.0,150,5,moderate,1.0,1738158271,8,2026,_summary,payment_displacement,0.18781519533054078
4,0.3,19.0,150,5,moderate,1.0,1738158271,8,2026,_summary,any_rank_reversal,1.0
4,0.3,19.0,150,5,moderate,1.0,1738158271,8,2026,_summary,efficiency_gap_op,0.0
4,0.3,19.0,150,5,moderate,1.0,3162617530,9,2026,firm_0,phi_operational,53.94914022496671
4,0.3,19.0,150,5,moderate,1.0,3162617530,9,2026,firm_0,phi_accuracy,-0.0020200001539851984
4,0.3,19.0,150,5,moderate,1.0,3162617530,9,2026,firm_0,ir_operational,1.0
4,0.3,19.0,150,5,moderate,1.0,3162617530,9,2026,firm_0,ir_accuracy,0.0
4,0.3,19.0,150,5,moderate,1.0,3162617530,9,2026,firm_1,phi_operational,28.0761243120398
4,0.3,19.0,150,5,moderate,1.0,3162617530,9,2026,firm_1,phi_accuracy,0.011413094836770388
4,0.3,19.0,150,5,moderate,1.0,3162617530,9,2026,firm_1,ir_operational,1.0
4,0.3,19.0,150,5,moderate,1.0,3162617530,9,2026,firm_1,ir_accuracy,1.0
4,0.3,19.0,150,5,moderate,1.0,3162617530,9,2026,firm_2,phi_operational,34.616519262447014
4,0.3,19.0,150,5,moderate,1.0,3162617530,9,2026,firm_2,phi_accuracy,-0.05888960828097585
4,0.3,19.0,150,5,moderate,1.0,3162617530,9,2026,firm_2,ir_operational,1.0
4,0.3,19.0,150,5,moderate,1.0,3162617530,9,2026,firm_2,ir_accuracy,0.0
4,0.3,19.0,150,5,moderate,1.0,3162617530,9,2026,firm_3,phi_operational,30.221384285705046
4,0.3,19.0,150,5,moderate,1.0,3162617530,9,2026,firm_3,phi_accuracy,0.023114576361997353
4,0.3,19.0,150,5,moderate,1.0,3162617530,9,2026,firm_3,ir_operational,1.0
4,0.3,19.0,150,5,moderate,1.0,3162617530,9,2026,firm_3,ir_accuracy,1.0
4,0.3,19.0,150,5,moderate,1.0,3162617530,9,2026,_summary,v_op_N,146.86316808515858
4,0.3,19.0,150,5,moderate,1.0,3162617530,9,2026,_summary,v_acc_N,-0.02638193723619331
4,0.3,19.0,150,5,moderate,1.0,3162617530,9,2026,_summary,spearman_rho,-0.6000000000000001
4,0.3,19.0,150,5,moderate,1.0,3162617530,9,2026,_summary,payment_displacement,0.33731671003892955
4,0.3,19.0,150,5,moderate,1.0,3162617530,9,2026,_summary,any_rank_reversal,1.0
4,0.3,19.0,150,5,moderate,1.0,3162617530,9,2026,_summary,efficiency_gap_op,0.0
4,0.3,19.0,150,5,moderate,1.0,2120902413,10,2026,firm_0,phi_operational,25.739901618127455
4,0.3,19.0,150,5,moderate,1.0,2120902413,10,2026,firm_0,phi_accuracy,-0.01910907568050831
4,0.3,19.0,150,5,moderate,1.0,2120902413,10,2026,firm_0,ir_operational,1.0
4,0.3,19.0,150,5,moderate,1.0,2120902413,10,2026,firm_0,ir_accuracy,0.0
4,0.3,19.0,150,5,moderate,1.0,2120902413,10,2026,firm_1,phi_operational,35.210023199863215
4,0.3,19.0,150,5,moderate,1.0,2120902413,10,2026,firm_1,phi_accuracy,0.009948227613036818
4,0.3,19.0,150,5,moderate,1.0,2120902413,10,2026,firm_1,ir_operational,1.0
4,0.3,19.0,150,5,moderate,1.0,2120902413,10,2026,firm_1,ir_accuracy,1.0
4,0.3,19.0,150,5,moderate,1.0,2120902413,10,2026,firm_2,phi_operational,29.291100628128863
4,0.3,19.0,150,5,moderate,1.0,2120902413,10,2026,firm_2,phi_accuracy,0.011090201316491225
4,0.3,19.0,150,5,moderate,1.0,2120902413,10,2026,firm_2,ir_operational,1.0
4,0.3,19.0,150,5,moderate,1.0,2120902413,10,2026,firm_2,ir_accuracy,1.0
4,0.3,19.0,150,5,moderate,1.0,2120902413,10,2026,firm_3,phi_operational,26.167778684069997
4,0.3,19.0,150,5,moderate,1.0,2120902413,10,2026,firm_3,phi_accuracy,0.025617439159208256
4,0.3,19.0,150,5,moderate,1.0,2120902413,10,2026,firm_3,ir_operational,1.0
4,0.3,19.0,150,5,moderate,1.0,2120902413,10,2026,firm_3,ir_accuracy,1.0
4,0.3,19.0,150,5,moderate,1.0,2120902413,10,2026,_summary,v_op_N,116.40880413018954
4,0.3,19.0,150,5,moderate,1.0,2120902413,10,2026,_summary,v_acc_N,0.027546792408227994
4,0.3,19.0,150,5,moderate,1.0,2120902413,10,2026,_summary,spearman_rho,0.19999999999999996
4,0.3,19.0,150,5,moderate,1.0,2120902413,10,2026,_summary,payment_displacement,0.22765225506215314
4,0.3,19.0,150,5,moderate,1.0,2120902413,10,2026,_summary,any_rank_reversal,1.0
4,0.3,19.0,150,5,moderate,1.0,2120902413,10,2026,_summary,efficiency_gap_op,0.0
4,0.3,19.0,150,5,moderate,1.0,1486446008,11,2026,firm_0,phi_operational,47.640928033730624
4,0.3,19.0,150,5,moderate,1.0,1486446008,11,2026,firm_0,phi_accuracy,-0.010824198903159646
4,0.3,19.0,150,5,moderate,1.0,1486446008,11,2026,firm_0,ir_operational,1.0
4,0.3,19.0,150,5,moderate,1.0,1486446008,11,2026,firm_0,ir_accuracy,0.0
4,0.3,19.0,150,5,moderate,1.0,1486446008,11,2026,firm_1,phi_operational,42.564302043713134
4,0.3,19.0,150,5,moderate,1.0,1486446008,11,2026,firm_1,phi_accuracy,-0.031461521127327696
4,0.3,19.0,150,5,moderate,1.0,1486446008,11,2026,firm_1,ir_operational,1.0
4,0.3,19.0,150,5,moderate,1.0,1486446008,11,2026,firm_1,ir_accuracy,0.0
4,0.3,19.0,150,5,moderate,1.0,1486446008,11,2026,firm_2,phi_operational,31.7706208385668
4,0.3,19.0,150,5,moderate,1.0,1486446008,11,2026,firm_2,phi_accuracy,-0.02621994166212105
4,0.3,19.0,150,5,moderate,1.0,1486446008,11,2026,firm_2,ir_operational,1.0
4,0.3,19.0,150,5,moderate,1.0,1486446008,11,2026,firm_2,ir_accuracy,0.0
4,0.3,19.0,150,5,moderate,1.0,1486446008,11,2026,firm_3,phi_operational,31.01319076542065
4,0.3,19.0,150,5,moderate,1.0,1486446008,11,2026,firm_3,phi_accuracy,-0.00673074797908892
4,0.3,19.0,150,5,moderate,1.0,1486446008,11,2026,firm_3,ir_operational,1.0
4,0.3,19.0,150,5,moderate,1.0,1486446008,11,2026,firm_3,ir_accuracy,0.0
4,0.3,19.0,150,5,moderate,1.0,1486446008,11,2026,_summary,v_op_N,152.98904168143122
4,0.3,19.0,150,5,moderate,1.0,1486446008,11,2026,_summary,v_acc_N,-0.07523640967169731
4,0.3,19.0,150,5,moderate,1.0,1486446008,11,2026,_summary,spearman_rho,-0.3999999999999999
4,0.3,19.0,150,5,moderate,1.0,1486446008,11,2026,_summary,payment_displacement,0.4999999999966755
4,0.3,19.0,150,5,moderate,1.0,1486446008,11,2026,_summary,any_rank_reversal,1.0
4,0.3,19.0,150,5,moderate,1.0,1486446008,11,2026,_summary,efficiency_gap_op,0.0
4,0.3,19.0,150,5,moderate,1.0,2072369161,12,2026,firm_0,phi_operational,7.832613674092821
4,0.3,19.0,150,5,moderate,1.0,2072369161,12,2026,firm_0,phi_accuracy,0.012466923151373932
4,0.3,19.0,150,5,moderate,1.0,2072369161,12,2026,firm_0,ir_operational,1.0
4,0.3,19.0,150,5,moderate,1.0,2072369161,12,2026,firm_0,ir_accuracy,1.0
4,0.3,19.0,150,5,moderate,1.0,2072369161,12,2026,firm_1,phi_operational,26.42374629009519
4,0.3,19.0,150,5,moderate,1.0,2072369161,12,2026,firm_1,phi_accuracy,0.04995719058270892
4,0.3,19.0,150,5,moderate,1.0,2072369161,12,2026,firm_1,ir_operational,1.0
4,0.3,19.0,150,5,moderate,1.0,2072369161,12,2026,firm_1,ir_accuracy,1.0
4,0.3,19.0,150,5,moderate,1.0,2072369161,12,2026,firm_2,phi_operational,47.7381044338951
4,0.3,19.0,150,5,moderate,1.0,2072369161,12,2026,firm_2,phi_accuracy,0.03314343641589458
4,0.3,19.0,150,5,moderate,1.0,2072369161,12,2026,firm_2,ir_operational,1.0
4,0.3,19.0,150,5,moderate,1.0,2072369161,12,2026,firm_2,ir_accuracy,1.0
4,0.3,19.0,150,5,moderate,1.0,2072369161,12,2026,firm_3,phi_operational,28.041640859213977
4,0.3,19.0,150,5,moderate,1.0,2072369161,12,2026,firm_3,phi_accuracy,-0.03127668499189741
4,0.3,19.0,150,5,moderate,1.0,2072369161,12,2026,firm_3,ir_operational,1.0
4,0.3,19.0,150,5,moderate,1.0,2072369161,12,2026,firm_3,ir_accuracy,0.0
4,0.3,19.0,150,5,moderate,1.0,2072369161,12,2026,_summary,v_op_N,110.0361052572971
4,0.3,19.0,150,5,moderate,1.0,2072369161,12,2026,_summary,v_acc_N,0.06429086515808002
4,0.3,19.0,150,5,moderate,1.0,2072369161,12,2026,_summary,spearman_rho,0.0
4,0.3,19.0,150,5,moderate,1.0,2072369161,12,2026,_summary,payment_displacement,0.21369415793671745
4,0.3,19.0,150,5,moderate,1.0,2072369161,12,2026,_summary,any_rank_reversal,1.0
4,0.3,19.0,150,5,moderate,1.0,2072369161,12,2026,_summary,efficiency_gap_op,0.0
4,0.3,19.0,150,5,moderate,1.0,2879641024,13,2026,firm_0,phi_operational,32.58328894571234
4,0.3,19.0,150,5,moderate,1.0,2879641024,13,2026,firm_0,phi_accuracy,-0.00604144351298506
4,0.3,19.0,150,5,moderate,1.0,2879641024,13,2026,firm_0,ir_operational,1.0
4,0.3,19.0,150,5,moderate,1.0,2879641024,13,2026,firm_0,ir_accuracy,0.0
4,0.3,19.0,150,5,moderate,1.0,2879641024,13,2026,firm_1,phi_operational,25.90035305586419
4,0.3,19.0,150,5,moderate,1.0,2879641024,13,2026,firm_1,phi_accuracy,0.017635928727868455
4,0.3,19.0,150,5,moderate,1.0,2879641024,13,2026,firm_1,ir_operational,1.0
4,0.3,19.0,150,5,moderate,1.0,2879641024,13,2026,firm_1,ir_accuracy,1.0
4,0.3,19.0,150,5,moderate,1.0,2879641024,13,2026,firm_2,phi_operational,38.586793417296576
4,0.3,19.0,150,5,moderate,1.0,2879641024,13,2026,firm_2,phi_accuracy,0.05828565784556296
4,0.3,19.0,150,5,moderate,1.0,2879641024,13,2026,firm_2,ir_operational,1.0
4,0.3,19.0,150,5,moderate,1.0,2879641024,13,2026,firm_2,ir_accuracy,1.0
4,0.3,19.0,150,5,moderate,1.0,2879641024,13,2026,firm_3,phi_operational,58.467721282185266
4,0.3,19.0,150,5,moderate,1.0,2879641024,13,2026,firm_3,phi_accuracy,0.10280536767840627
4,0.3,19.0,150,5,moderate,1.0,2879641024,13,2026,firm_3,ir_operational,1.0
4,0.3,19.0,150,5,moderate,1.0,2879641024,13,2026,firm_3,ir_accuracy,1.0
4,0.3,19.0,150,5,moderate,1.0,2879641024,13,2026,_summary,v_op_N,155.53815670105837
4,0.3,19.0,150,5,moderate,1.0,2879641024,13,2026,_summary,v_acc_N,0.17268551073885263
4,0.3,19.0,150,5,moderate,1.0,2879641024,13,2026,_summary,spearman_rho,0.8
4,0.3,19.0,150,5,moderate,1.0,2879641024,13,2026,_summary,payment_displacement,0.1402797446012497
4,0.3,19.0,150,5,moderate,1.0,2879641024,13,2026,_summary,any_rank_reversal,1.0
4,0.3,19.0,150,5,moderate,1.0,2879641024,13,2026,_summary,efficiency_gap_op,0.0
4,0.3,19.0,150,5,moderate,1.0,1884875551,14,2026,firm_0,phi_operational,56.598823782018144
4,0.3,19.0,150,5,moderate,1.0,1884875551,14,2026,firm_0,phi_accuracy,0.08845775849062905
4,0.3,19.0,150,5,moderate,1.0,1884875551,14,2026,firm_0,ir_operational,1.0
4,0.3,19.0,150,5,moderate,1.0,1884875551,14,2026,firm_0,ir_accuracy,1.0
4,0.3,19.0,150,5,moderate,1.0,1884875551,14,2026,firm_1,phi_operational,32.45815569857068
4,0.3,19.0,150,5,moderate,1.0,1884875551,14,2026,firm_1,phi_accuracy,0.034937627356845205
4,0.3,19.0,150,5,moderate,1.0,1884875551,14,2026,firm_1,ir_operational,1.0
4,0.3,19.0,150,5,moderate,1.0,1884875551,14,2026,firm_1,ir_accuracy,1.0
4,0.3,19.0,150,5,moderate,1.0,1884875551,14,2026,firm_2,phi_operational,42.074694915005956
4,0.3,19.0,150,5,moderate,1.0,1884875551,14,2026,firm_2,phi_accuracy,0.03249213135415822
4,0.3,19.0,150,5,moderate,1.0,1884875551,14,2026,firm_2,ir_operational,1.0
4,0.3,19.0,150,5,moderate,1.0,1884875551,14,2026,firm_2,ir_accuracy,1.0
4,0.3,19.0,150,5,moderate,1.0,1884875551,14,2026,firm_3,phi_operational,56.9815770769134
4,0.3,19.0,150,5,moderate,1.0,1884875551,14,2026,firm_3,phi_accuracy,0.029511432230671025
4,0.3,19.0,150,5,moderate,1.0,1884875551,14,2026,firm_3,ir_operational,1.0
4,0.3,19.0,150,5,moderate,1.0,1884875551,14,2026,firm_3,ir_accuracy,1.0
4,0.3,19.0,150,5,moderate,1.0,1884875551,14,2026,_summary,v_op_N,188.11325147250818
4,0.3,19.0,150,5,moderate,1.0,1884875551,14,2026,_summary,v_acc_N,0.1853989494323035
4,0.3,19.0,150,5,moderate,1.0,1884875551,14,2026,_summary,spearman_rho,-0.3999999999999999
4,0.3,19.0,150,5,moderate,1.0,1884875551,14,2026,_summary,payment_displacement,0.09607232720727038
4,0.3,19.0,150,5,moderate,1.0,1884875551,14,2026,_summary,any_rank_reversal,1.0
4,0.3,19.0,150,5,moderate,1.0,1884875551,14,2026,_summary,efficiency_gap_op,0.0
4,0.3,19.0,150,5,moderate,1.0,2470898006,15,2026,firm_0,phi_operational,38.70231866287186
4,0.3,19.0,150,5,moderate,1.0,2470898006,15,2026,firm_0,phi_accuracy,0.03758090896413928
4,0.3,19.0,150,5,moderate,1.0,2470898006,15,2026,firm_0,ir_operational,1.0
4,0.3,19.0,150,5,moderate,1.0,2470898006,15,2026,firm_0,ir_accuracy,1.0
4,0.3,19.0,150,5,moderate,1.0,2470898006,15,2026,firm_1,phi_operational,33.41487874963017
4,0.3,19.0,150,5,moderate,1.0,2470898006,15,2026,firm_1,phi_accuracy,0.022564801935853362
4,0.3,19.0,150,5,moderate,1.0,2470898006,15,2026,firm_1,ir_operational,1.0
4,0.3,19.0,150,5,moderate,1.0,2470898006,15,2026,firm_1,ir_accuracy,1.0
4,0.3,19.0,150,5,moderate,1.0,2470898006,15,2026,firm_2,phi_operational,29.231447225584475
4,0.3,19.0,150,5,moderate,1.0,2470898006,15,2026,firm_2,phi_accuracy,-0.023285638409845155
4,0.3,19.0,150,5,moderate,1.0,2470898006,15,2026,firm_2,ir_operational,1.0
4,0.3,19.0,150,5,moderate,1.0,2470898006,15,2026,firm_2,ir_accuracy,0.0
4,0.3,19.0,150,5,moderate,1.0,2470898006,15,2026,firm_3,phi_operational,21.87061559959477
4,0.3,19.0,150,5,moderate,1.0,2470898006,15,2026,firm_3,phi_accuracy,0.004514598862713621
4,0.3,19.0,150,5,moderate,1.0,2470898006,15,2026,firm_3,ir_operational,1.0
4,0.3,19.0,150,5,moderate,1.0,2470898006,15,2026,firm_3,ir_accuracy,1.0
4,0.3,19.0,150,5,moderate,1.0,2470898006,15,2026,_summary,v_op_N,123.21926023768128
4,0.3,19.0,150,5,moderate,1.0,2470898006,15,2026,_summary,v_acc_N,0.0413746713528611
4,0.3,19.0,150,5,moderate,1.0,2470898006,15,2026,_summary,spearman_rho,0.8
4,0.3,19.0,150,5,moderate,1.0,2470898006,15,2026,_summary,payment_displacement,0.18899865836081503
4,0.3,19.0,150,5,moderate,1.0,2470898006,15,2026,_summary,any_rank_reversal,1.0
4,0.3,19.0,150,5,moderate,1.0,2470898006,15,2026,_summary,efficiency_gap_op,0.0
4,0.3,19.0,150,5,moderate,1.0,2246363588,16,2026,firm_0,phi_operational,23.044143011714453
4,0.3,19.0,150,5,moderate,1.0,2246363588,16,2026,firm_0,phi_accuracy,0.01289955788660977
4,0.3,19.0,150,5,moderate,1.0,2246363588,16,2026,firm_0,ir_operational,1.0
4,0.3,19.0,150,5,moderate,1.0,2246363588,16,2026,firm_0,ir_accuracy,1.0
4,0.3,19.0,150,5,moderate,1.0,2246363588,16,2026,firm_1,phi_operational,62.965309874278454
4,0.3,19.0,150,5,moderate,1.0,2246363588,16,2026,firm_1,phi_accuracy,0.11787201516603281
4,0.3,19.0,150,5,moderate,1.0,2246363588,16,2026,firm_1,ir_operational,1.0
4,0.3,19.0,150,5,moderate,1.0,2246363588,16,2026,firm_1,ir_accuracy,1.0
4,0.3,19.0,150,5,moderate,1.0,2246363588,16,2026,firm_2,phi_operational,0.8200170766758959
4,0.3,19.0,150,5,moderate,1.0,2246363588,16,2026,firm_2,phi_accuracy,0.037209069104278625
4,0.3,19.0,150,5,moderate,1.0,2246363588,16,2026,firm_2,ir_operational,1.0
4,0.3,19.0,150,5,moderate,1.0,2246363588,16,2026,firm_2,ir_accuracy,1.0
4,0.3,19.0,150,5,moderate,1.0,2246363588,16,2026,firm_3,phi_operational,18.18616473350093
4,0.3,19.0,150,5,moderate,1.0,2246363588,16,2026,firm_3,phi_accuracy,0.043869408559515155
4,0.3,19.0,150,5,moderate,1.0,2246363588,16,2026,firm_3,ir_operational,1.0
4,0.3,19.0,150,5,moderate,1.0,2246363588,16,2026,firm_3,ir_accuracy,1.0
4,0.3,19.0,150,5,moderate,1.0,2246363588,16,2026,_summary,v_op_N,105.01563469616974
4,0.3,19.0,150,5,moderate,1.0,2246363588,16,2026,_summary,v_acc_N,0.21185005071643637
4,0.3,19.0,150,5,moderate,1.0,2246363588,16,2026,_summary,spearman_rho,0.4
4,0.3,19.0,150,5,moderate,1.0,2246363588,16,2026,_summary,payment_displacement,0.10086602061819772
4,0.3,19.0,150,5,moderate,1.0,2246363588,16,2026,_summary,any_rank_reversal,1.0
4,0.3,19.0,150,5,moderate,1.0,2246363588,16,2026,_summary,efficiency_gap_op,0.0
4,0.3,19.0,150,5,moderate,1.0,43399220,17,2026,firm_0,phi_operational,35.98763630513406
4,0.3,19.0,150,5,moderate,1.0,43399220,17,2026,firm_0,phi_accuracy,0.05941753994569725
4,0.3,19.0,150,5,moderate,1.0,43399220,17,2026,firm_0,ir_operational,1.0
4,0.3,19.0,150,5,moderate,1.0,43399220,17,2026,firm_0,ir_accuracy,1.0
4,0.3,19.0,150,5,moderate,1.0,43399220,17,2026,firm_1,phi_operational,47.67838172596831
4,0.3,19.0,150,5,moderate,1.0,43399220,17,2026,firm_1,phi_accuracy,0.060034527417881296
4,0.3,19.0,150,5,moderate,1.0,43399220,17,2026,firm_1,ir_operational,1.0
4,0.3,19.0,150,5,moderate,1.0,43399220,17,2026,firm_1,ir_accuracy,1.0
4,0.3,19.0,150,5,moderate,1.0,43399220,17,2026,firm_2,phi_operational,17.31251648849502
4,0.3,19.0,150,5,moderate,1.0,43399220,17,2026,firm_2,phi_accuracy,0.016417342311209865
4,0.3,19.0,150,5,moderate,1.0,43399220,17,2026,firm_2,ir_operational,1.0
4,0.3,19.0,150,5,moderate,1.0,43399220,17,2026,firm_2,ir_accuracy,1.0
4,0.3,19.0,150,5,moderate,1.0,43399220,17,2026,firm_3,phi_operational,24.057154794669447
4,0.3,19.0,150,5,moderate,1.0,43399220,17,2026,firm_3,phi_accuracy,0.0358234442200204
4,0.3,19.0,150,5,moderate,1.0,43399220,17,2026,firm_3,ir_operational,1.0
4,0.3,19.0,150,5,moderate,1.0,43399220,17,2026,firm_3,ir_accuracy,1.0
4,0.3,19.0,150,5,moderate,1.0,43399220,17,2026,_summary,v_op_N,125.03568931426685
4,0.3,19.0,150,5,moderate,1.0,43399220,17,2026,_summary,v_acc_N,0.17169285389480882
4,0.3,19.0,150,5,moderate,1.0,43399220,17,2026,_summary,spearman_rho,1.0
4,0.3,19.0,150,5,moderate,1.0,43399220,17,2026,_summary,payment_displacement,0.03724800520561462
4,0.3,19.0,150,5,moderate,1.0,43399220,17,2026,_summary,any_rank_reversal,0.0
4,0.3,19.0,150,5,moderate,1.0,43399220,17,2026,_summary,efficiency_gap_op,1.4210854715202004e-14
4,0.3,19.0,150,5,moderate,1.0,3192337294,18,2026,firm_0,phi_operational,22.227804167287957
4,0.3,19.0,150,5,moderate,1.0,3192337294,18,2026,firm_0,phi_accuracy,-0.003235342702933084
4,0.3,19.0,150,5,moderate,1.0,3192337294,18,2026,firm_0,ir_operational,1.0
4,0.3,19.0,150,5,moderate,1.0,3192337294,18,2026,firm_0,ir_accuracy,0.0
4,0.3,19.0,150,5,moderate,1.0,3192337294,18,2026,firm_1,phi_operational,27.5395265175715
4,0.3,19.0,150,5,moderate,1.0,3192337294,18,2026,firm_1,phi_accuracy,0.010092095466846761
4,0.3,19.0,150,5,moderate,1.0,3192337294,18,2026,firm_1,ir_operational,1.0
4,0.3,19.0,150,5,moderate,1.0,3192337294,18,2026,firm_1,ir_accuracy,1.0
4,0.3,19.0,150,5,moderate,1.0,3192337294,18,2026,firm_2,phi_operational,46.89643854165355
4,0.3,19.0,150,5,moderate,1.0,3192337294,18,2026,firm_2,phi_accuracy,0.04441686926134215
4,0.3,19.0,150,5,moderate,1.0,3192337294,18,2026,firm_2,ir_operational,1.0
4,0.3,19.0,150,5,moderate,1.0,3192337294,18,2026,firm_2,ir_accuracy,1.0
4,0.3,19.0,150,5,moderate,1.0,3192337294,18,2026,firm_3,phi_operational,33.311131480564256
4,0.3,19.0,150,5,moderate,1.0,3192337294,18,2026,firm_3,phi_accuracy,0.026872363968818914
4,0.3,19.0,150,5,moderate,1.0,3192337294,18,2026,firm_3,ir_operational,1.0
4,0.3,19.0,150,5,moderate,1.0,3192337294,18,2026,firm_3,ir_accuracy,1.0
4,0.3,19.0,150,5,moderate,1.0,3192337294,18,2026,_summary,v_op_N,129.97490070707727
4,0.3,19.0,150,5,moderate,1.0,3192337294,18,2026,_summary,v_acc_N,0.07814598599407474
4,0.3,19.0,150,5,moderate,1.0,3192337294,18,2026,_summary,spearman_rho,1.0
4,0.3,19.0,150,5,moderate,1.0,3192337294,18,2026,_summary,payment_displacement,0.1318155711236432
4,0.3,19.0,150,5,moderate,1.0,3192337294,18,2026,_summary,any_rank_reversal,0.0
4,0.3,19.0,150,5,moderate,1.0,3192337294,18,2026,_summary,efficiency_gap_op,0.0
4,0.3,19.0,150,5,moderate,1.0,60787629,19,2026,firm_0,phi_operational,21.955788164225698
4,0.3,19.0,150,5,moderate,1.0,60787629,19,2026,firm_0,phi_accuracy,0.008241793929158525
4,0.3,19.0,150,5,moderate,1.0,60787629,19,2026,firm_0,ir_operational,1.0
4,0.3,19.0,150,5,moderate,1.0,60787629,19,2026,firm_0,ir_accuracy,1.0
4,0.3,19.0,150,5,moderate,1.0,60787629,19,2026,firm_1,phi_operational,21.923420016404936
4,0.3,19.0,150,5,moderate,1.0,60787629,19,2026,firm_1,phi_accuracy,-0.006102086759063337
4,0.3,19.0,150,5,moderate,1.0,60787629,19,2026,firm_1,ir_operational,1.0
4,0.3,19.0,150,5,moderate,1.0,60787629,19,2026,firm_1,ir_accuracy,0.0
4,0.3,19.0,150,5,moderate,1.0,60787629,19,2026,firm_2,phi_operational,48.80843625395812
4,0.3,19.0,150,5,moderate,1.0,60787629,19,2026,firm_2,phi_accuracy,0.009997495559787037
4,0.3,19.0,150,5,moderate,1.0,60787629,19,2026,firm_2,ir_operational,1.0
4,0.3,19.0,150,5,moderate,1.0,60787629,19,2026,firm_2,ir_accuracy,1.0
4,0.3,19.0,150,5,moderate,1.0,60787629,19,2026,firm_3,phi_operational,36.843909314054784
4,0.3,19.0,150,5,moderate,1.0,60787629,19,2026,firm_3,phi_accuracy,-0.0021623591512677787
4,0.3,19.0,150,5,moderate,1.0,60787629,19,2026,firm_3,ir_operational,1.0
4,0.3,19.0,150,5,moderate,1.0,60787629,19,2026,firm_3,ir_accuracy,0.0
4,0.3,19.0,150,5,moderate,1.0,60787629,19,2026,_summary,v_op_N,129.53155374864355
4,0.3,19.0,150,5,moderate,1.0,60787629,19,2026,_summary,v_acc_N,0.009974843578614445
4,0.3,19.0,150,5,moderate,1.0,60787629,19,2026,_summary,spearman_rho,0.8
4,0.3,19.0,150,5,moderate,1.0,60787629,19,2026,_summary,payment_displacement,0.22684561262213512
4,0.3,19.0,150,5,moderate,1.0,60787629,19,2026,_summary,any_rank_reversal,1.0
4,0.3,19.0,150,5,moderate,1.0,60787629,19,2026,_summary,efficiency_gap_op,0.0
4,0.3,19.0,150,5,moderate,1.0,1430566053,20,2026,firm_0,phi_operational,36.427422834285586
4,0.3,19.0,150,5,moderate,1.0,1430566053,20,2026,firm_0,phi_accuracy,0.02456822409193827
4,0.3,19.0,150,5,moderate,1.0,1430566053,20,2026,firm_0,ir_operational,1.0
4,0.3,19.0,150,5,moderate,1.0,1430566053,20,2026,firm_0,ir_accuracy,1.0
4,0.3,19.0,150,5,moderate,1.0,1430566053,20,2026,firm_1,phi_operational,57.81819242835651
4,0.3,19.0,150,5,moderate,1.0,1430566053,20,2026,firm_1,phi_accuracy,0.01081820820371516
4,0.3,19.0,150,5,moderate,1.0,1430566053,20,2026,firm_1,ir_operational,1.0
4,0.3,19.0,150,5,moderate,1.0,1430566053,20,2026,firm_1,ir_accuracy,1.0
4,0.3,19.0,150,5,moderate,1.0,1430566053,20,2026,firm_2,phi_operational,44.25532299338751
4,0.3,19.0,150,5,moderate,1.0,1430566053,20,2026,firm_2,phi_accuracy,-0.00935701838988065
4,0.3,19.0,150,5,moderate,1.0,1430566053,20,2026,firm_2,ir_operational,1.0
4,0.3,19.0,150,5,moderate,1.0,1430566053,20,2026,firm_2,ir_accuracy,0.0
4,0.3,19.0,150,5,moderate,1.0,1430566053,20,2026,firm_3,phi_operational,47.26141075205269
4,0.3,19.0,150,5,moderate,1.0,1430566053,20,2026,firm_3,phi_accuracy,0.008088721619165138
4,0.3,19.0,150,5,moderate,1.0,1430566053,20,2026,firm_3,ir_operational,1.0
4,0.3,19.0,150,5,moderate,1.0,1430566053,20,2026,firm_3,ir_accuracy,1.0
4,0.3,19.0,150,5,moderate,1.0,1430566053,20,2026,_summary,v_op_N,185.7623490080823
4,0.3,19.0,150,5,moderate,1.0,1430566053,20,2026,_summary,v_acc_N,0.03411813552493792
4,0.3,19.0,150,5,moderate,1.0,1430566053,20,2026,_summary,spearman_rho,-0.19999999999999996
4,0.3,19.0,150,5,moderate,1.0,1430566053,20,2026,_summary,payment_displacement,0.22301767710310452
4,0.3,19.0,150,5,moderate,1.0,1430566053,20,2026,_summary,any_rank_reversal,1.0
4,0.3,19.0,150,5,moderate,1.0,1430566053,20,2026,_summary,efficiency_gap_op,0.0
4,0.3,19.0,150,5,moderate,1.0,680163938,21,2026,firm_0,phi_operational,24.163501818611998
4,0.3,19.0,150,5,moderate,1.0,680163938,21,2026,firm_0,phi_accuracy,-0.010761677362611502
4,0.3,19.0,150,5,moderate,1.0,680163938,21,2026,firm_0,ir_operational,1.0
4,0.3,19.0,150,5,moderate,1.0,680163938,21,2026,firm_0,ir_accuracy,0.0
4,0.3,19.0,150,5,moderate,1.0,680163938,21,2026,firm_1,phi_operational,33.78997904411176
4,0.3,19.0,150,5,moderate,1.0,680163938,21,2026,firm_1,phi_accuracy,0.008148346919655658
4,0.3,19.0,150,5,moderate,1.0,680163938,21,2026,firm_1,ir_operational,1.0
4,0.3,19.0,150,5,moderate,1.0,680163938,21,2026,firm_1,ir_accuracy,1.0
4,0.3,19.0,150,5,moderate,1.0,680163938,21,2026,firm_2,phi_operational,14.594742570847338
4,0.3,19.0,150,5,moderate,1.0,680163938,21,2026,firm_2,phi_accuracy,0.030387027418338874
4,0.3,19.0,150,5,moderate,1.0,680163938,21,2026,firm_2,ir_operational,1.0
4,0.3,19.0,150,5,moderate,1.0,680163938,21,2026,firm_2,ir_accuracy,1.0
4,0.3,19.0,150,5,moderate,1.0,680163938,21,2026,firm_3,phi_operational,20.22417341218992
4,0.3,19.0,150,5,moderate,1.0,680163938,21,2026,firm_3,phi_accuracy,0.004085857459858991
4,0.3,19.0,150,5,moderate,1.0,680163938,21,2026,firm_3,ir_operational,1.0
4,0.3,19.0,150,5,moderate,1.0,680163938,21,2026,firm_3,ir_accuracy,1.0
4,0.3,19.0,150,5,moderate,1.0,680163938,21,2026,_summary,v_op_N,92.77239684576102
4,0.3,19.0,150,5,moderate,1.0,680163938,21,2026,_summary,v_acc_N,0.03185955443524202
4,0.3,19.0,150,5,moderate,1.0,680163938,21,2026,_summary,spearman_rho,-0.3999999999999999
4,0.3,19.0,150,5,moderate,1.0,680163938,21,2026,_summary,payment_displacement,0.3067519865703079
4,0.3,19.0,150,5,moderate,1.0,680163938,21,2026,_summary,any_rank_reversal,1.0
4,0.3,19.0,150,5,moderate,1.0,680163938,21,2026,_summary,efficiency_gap_op,0.0
4,0.3,19.0,150,5,moderate,1.0,3826732814,22,2026,firm_0,phi_operational,14.400112018063774
4,0.3,19.0,150,5,moderate,1.0,3826732814,22,2026,firm_0,phi_accuracy,0.04936515252130419
4,0.3,19.0,150,5,moderate,1.0,3826732814,22,2026,firm_0,ir_operational,1.0
4,0.3,19.0,150,5,moderate,1.0,3826732814,22,2026,firm_0,ir_accuracy,1.0
4,0.3,19.0,150,5,moderate,1.0,3826732814,22,2026,firm_1,phi_operational,33.33343997708384
4,0.3,19.0,150,5,moderate,1.0,3826732814,22,2026,firm_1,phi_accuracy,0.041443608086082884
4,0.3,19.0,150,5,moderate,1.0,3826732814,22,2026,firm_1,ir_operational,1.0
4,0.3,19.0,150,5,moderate,1.0,3826732814,22,2026,firm_1,ir_accuracy,1.0
4,0.3,19.0,150,5,moderate,1.0,3826732814,22,2026,firm_2,phi_operational,8.364250792043624
4,0.3,19.0,150,5,moderate,1.0,3826732814,22,2026,firm_2,phi_accuracy,-0.02966365725293838
4,0.3,19.0,150,5,moderate,1.0,3826732814,22,2026,firm_2,ir_operational,1.0
4,0.3,19.0,150,5,moderate,1.0,3826732814,22,2026,firm_2,ir_accuracy,0.0
4,0.3,19.0,150,5,moderate,1.0,3826732814,22,2026,firm_3,phi_operational,3.5525381452412903
4,0.3,19.0,150,5,moderate,1.0,3826732814,22,2026,firm_3,phi_accuracy,0.003141430536521032
4,0.3,19.0,150,5,moderate,1.0,3826732814,22,2026,firm_3,ir_operational,1.0
4,0.3,19.0,150,5,moderate,1.0,3826732814,22,2026,firm_3,ir_accuracy,1.0
4,0.3,19.0,150,5,moderate,1.0,3826732814,22,2026,_summary,v_op_N,59.65034093243253
4,0.3,19.0,150,5,moderate,1.0,3826732814,22,2026,_summary,v_acc_N,0.06428653389096972
4,0.3,19.0,150,5,moderate,1.0,3826732814,22,2026,_summary,spearman_rho,0.6
4,0.3,19.0,150,5,moderate,1.0,3826732814,22,2026,_summary,payment_displacement,0.1989556606951282
4,0.3,19.0,150,5,moderate,1.0,3826732814,22,2026,_summary,any_rank_reversal,1.0
4,0.3,19.0,150,5,moderate,1.0,3826732814,22,2026,_summary,efficiency_gap_op,0.0
4,0.3,19.0,150,5,moderate,1.0,3227531416,23,2026,firm_0,phi_operational,57.60535332260996
4,0.3,19.0,150,5,moderate,1.0,3227531416,23,2026,firm_0,phi_accuracy,0.04975622421868589
4,0.3,19.0,150,5,moderate,1.0,3227531416,23,2026,firm_0,ir_operational,1.0
4,0.3,19.0,150,5,moderate,1.0,3227531416,23,2026,firm_0,ir_accuracy,1.0
4,0.3,19.0,150,5,moderate,1.0,3227531416,23,2026,firm_1,phi_operational,58.51811264708174
4,0.3,19.0,150,5,moderate,1.0,3227531416,23,2026,firm_1,phi_accuracy,0.09360990086372688
4,0.3,19.0,150,5,moderate,1.0,3227531416,23,2026,firm_1,ir_operational,1.0
4,0.3,19.0,150,5,moderate,1.0,3227531416,23,2026,firm_1,ir_accuracy,1.0
4,0.3,19.0,150,5,moderate,1.0,3227531416,23,2026,firm_2,phi_operational,57.07124354183434
4,0.3,19.0,150,5,moderate,1.0,3227531416,23,2026,firm_2,phi_accuracy,0.07317402767621
4,0.3,19.0,150,5,moderate,1.0,3227531416,23,2026,firm_2,ir_operational,1.0
4,0.3,19.0,150,5,moderate,1.0,3227531416,23,2026,firm_2,ir_accuracy,1.0
4,0.3,19.0,150,5,moderate,1.0,3227531416,23,2026,firm_3,phi_operational,64.24655699378629
4,0.3,19.0,150,5,moderate,1.0,3227531416,23,2026,firm_3,phi_accuracy,0.09750012049015393
4,0.3,19.0,150,5,moderate,1.0,3227531416,23,2026,firm_3,ir_operational,1.0
4,0.3,19.0,150,5,moderate,1.0,3227531416,23,2026,firm_3,ir_accuracy,1.0
4,0.3,19.0,150,5,moderate,1.0,3227531416,23,2026,_summary,v_op_N,237.44126650531234
4,0.3,19.0,150,5,moderate,1.0,3227531416,23,2026,_summary,v_acc_N,0.3140402732487767
4,0.3,19.0,150,5,moderate,1.0,3227531416,23,2026,_summary,spearman_rho,0.8
4,0.3,19.0,150,5,moderate,1.0,3227531416,23,2026,_summary,payment_displacement,0.04576042774660911
4,0.3,19.0,150,5,moderate,1.0,3227531416,23,2026,_summary,any_rank_reversal,1.0
4,0.3,19.0,150,5,moderate,1.0,3227531416,23,2026,_summary,efficiency_gap_op,0.0
4,0.3,19.0,150,5,moderate,1.0,2117264722,24,2026,firm_0,phi_operational,27.11079927001951
4,0.3,19.0,150,5,moderate,1.0,2117264722,24,2026,firm_0,phi_accuracy,0.03984686941359076
4,0.3,19.0,150,5,moderate,1.0,2117264722,24,2026,firm_0,ir_operational,1.0
4,0.3,19.0,150,5,moderate,1.0,2117264722,24,2026,firm_0,ir_accuracy,1.0
4,0.3,19.0,150,5,moderate,1.0,2117264722,24,2026,firm_1,phi_operational,18.79345275576827
4,0.3,19.0,150,5,moderate,1.0,2117264722,24,2026,firm_1,phi_accuracy,0.03372928859054967
4,0.3,19.0,150,5,moderate,1.0,2117264722,24,2026,firm_1,ir_operational,1.0
4,0.3,19.0,150,5,moderate,1.0,2117264722,24,2026,firm_1,ir_accuracy,1.0
4,0.3,19.0,150,5,moderate,1.0,2117264722,24,2026,firm_2,phi_operational,9.940864751221625
4,0.3,19.0,150,5,moderate,1.0,2117264722,24,2026,firm_2,phi_accuracy,0.019776289021124455
4,0.3,19.0,150,5,moderate,1.0,2117264722,24,2026,firm_2,ir_operational,1.0
4,0.3,19.0,150,5,moderate,1.0,2117264722,24,2026,firm_2,ir_accuracy,1.0
4,0.3,19.0,150,5,moderate,1.0,2117264722,24,2026,firm_3,phi_operational,29.861482301012604
4,0.3,19.0,150,5,moderate,1.0,2117264722,24,2026,firm_3,phi_accuracy,0.020279481498028402
4,0.3,19.0,150,5,moderate,1.0,2117264722,24,2026,firm_3,ir_operational,1.0
4,0.3,19.0,150,5,moderate,1.0,2117264722,24,2026,firm_3,ir_accuracy,1.0
4,0.3,19.0,150,5,moderate,1.0,2117264722,24,2026,_summary,v_op_N,85.70659907802201
4,0.3,19.0,150,5,moderate,1.0,2117264722,24,2026,_summary,v_acc_N,0.11363192852329329
4,0.3,19.0,150,5,moderate,1.0,2117264722,24,2026,_summary,spearman_rho,0.4
4,0.3,19.0,150,5,moderate,1.0,2117264722,24,2026,_summary,payment_displacement,0.0849744013032128
4,0.3,19.0,150,5,moderate,1.0,2117264722,24,2026,_summary,any_rank_reversal,1.0
4,0.3,19.0,150,5,moderate,1.0,2117264722,24,2026,_summary,efficiency_gap_op,0.0
4,0.3,19.0,150,5,moderate,1.0,3911059726,25,2026,firm_0,phi_operational,51.6386292486687
4,0.3,19.0,150,5,moderate,1.0,3911059726,25,2026,firm_0,phi_accuracy,0.04713236763537946
4,0.3,19.0,150,5,moderate,1.0,3911059726,25,2026,firm_0,ir_operational,1.0
4,0.3,19.0,150,5,moderate,1.0,3911059726,25,2026,firm_0,ir_accuracy,1.0
4,0.3,19.0,150,5,moderate,1.0,3911059726,25,2026,firm_1,phi_operational,33.239913895715105
4,0.3,19.0,150,5,moderate,1.0,3911059726,25,2026,firm_1,phi_accuracy,0.012989186047721183
4,0.3,19.0,150,5,moderate,1.0,3911059726,25,2026,firm_1,ir_operational,1.0
4,0.3,19.0,150,5,moderate,1.0,3911059726,25,2026,firm_1,ir_accuracy,1.0
4,0.3,19.0,150,5,moderate,1.0,3911059726,25,2026,firm_2,phi_operational,23.943936704773513
4,0.3,19.0,150,5,moderate,1.0,3911059726,25,2026,firm_2,phi_accuracy,-0.0010507886479781776
4,0.3,19.0,150,5,moderate,1.0,3911059726,25,2026,firm_2,ir_operational,1.0
4,0.3,19.0,150,5,moderate,1.0,3911059726,25,2026,firm_2,ir_accuracy,0.0
4,0.3,19.0,150,5,moderate,1.0,3911059726,25,2026,firm_3,phi_operational,41.6494530859198
4,0.3,19.0,150,5,moderate,1.0,3911059726,25,2026,firm_3,phi_accuracy,-0.03090099248481552
4,0.3,19.0,150,5,moderate,1.0,3911059726,25,2026,firm_3,ir_operational,1.0
4,0.3,19.0,150,5,moderate,1.0,3911059726,25,2026,firm_3,ir_accuracy,0.0
4,0.3,19.0,150,5,moderate,1.0,3911059726,25,2026,_summary,v_op_N,150.47193293507712
4,0.3,19.0,150,5,moderate,1.0,3911059726,25,2026,_summary,v_acc_N,0.02816977255030695
4,0.3,19.0,150,5,moderate,1.0,3911059726,25,2026,_summary,spearman_rho,0.4
4,0.3,19.0,150,5,moderate,1.0,3911059726,25,2026,_summary,payment_displacement,0.25787391620365074
4,0.3,19.0,150,5,moderate,1.0,3911059726,25,2026,_summary,any_rank_reversal,1.0
4,0.3,19.0,150,5,moderate,1.0,3911059726,25,2026,_summary,efficiency_gap_op,0.0
4,0.3,19.0,150,5,moderate,1.0,107764522,26,2026,firm_0,phi_operational,49.86645357794647
4,0.3,19.0,150,5,moderate,1.0,107764522,26,2026,firm_0,phi_accuracy,-0.03253757748232439
4,0.3,19.0,150,5,moderate,1.0,107764522,26,2026,firm_0,ir_operational,1.0
4,0.3,19.0,150,5,moderate,1.0,107764522,26,2026,firm_0,ir_accuracy,0.0
4,0.3,19.0,150,5,moderate,1.0,107764522,26,2026,firm_1,phi_operational,75.554085715493
4,0.3,19.0,150,5,moderate,1.0,107764522,26,2026,firm_1,phi_accuracy,0.05464865470526453
4,0.3,19.0,150,5,moderate,1.0,107764522,26,2026,firm_1,ir_operational,1.0
4,0.3,19.0,150,5,moderate,1.0,107764522,26,2026,firm_1,ir_accuracy,1.0
4,0.3,19.0,150,5,moderate,1.0,107764522,26,2026,firm_2,phi_operational,35.80310131351399
4,0.3,19.0,150,5,moderate,1.0,107764522,26,2026,firm_2,phi_accuracy,0.07655548316266604
4,0.3,19.0,150,5,moderate,1.0,107764522,26,2026,firm_2,ir_operational,1.0
4,0.3,19.0,150,5,moderate,1.0,107764522,26,2026,firm_2,ir_accuracy,1.0
4,0.3,19.0,150,5,moderate,1.0,107764522,26,2026,firm_3,phi_operational,11.251887152480112
4,0.3,19.0,150,5,moderate,1.0,107764522,26,2026,firm_3,phi_accuracy,-0.02923208523124678
4,0.3,19.0,150,5,moderate,1.0,107764522,26,2026,firm_3,ir_operational,1.0
4,0.3,19.0,150,5,moderate,1.0,107764522,26,2026,firm_3,ir_accuracy,0.0
4,0.3,19.0,150,5,moderate,1.0,107764522,26,2026,_summary,v_op_N,172.4755277594336
4,0.3,19.0,150,5,moderate,1.0,107764522,26,2026,_summary,v_acc_N,0.06943447515435941
4,0.3,19.0,150,5,moderate,1.0,107764522,26,2026,_summary,spearman_rho,0.0
4,0.3,19.0,150,5,moderate,1.0,107764522,26,2026,_summary,payment_displacement,0.25461212291568924
4,0.3,19.0,150,5,moderate,1.0,107764522,26,2026,_summary,any_rank_reversal,1.0
4,0.3,19.0,150,5,moderate,1.0,107764522,26,2026,_summary,efficiency_gap_op,0.0
4,0.3,19.0,150,5,moderate,1.0,4039827506,27,2026,firm_0,phi_operational,58.18888138138083
4,0.3,19.0,150,5,moderate,1.0,4039827506,27,2026,firm_0,phi_accuracy,0.05038111940579773
4,0.3,19.0,150,5,moderate,1.0,4039827506,27,2026,firm_0,ir_operational,1.0
4,0.3,19.0,150,5,moderate,1.0,4039827506,27,2026,firm_0,ir_accuracy,1.0
4,0.3,19.0,150,5,moderate,1.0,4039827506,27,2026,firm_1,phi_operational,39.69486758333259
4,0.3,19.0,150,5,moderate,1.0,4039827506,27,2026,firm_1,phi_accuracy,0.024680337740877717
4,0.3,19.0,150,5,moderate,1.0,4039827506,27,2026,firm_1,ir_operational,1.0
4,0.3,19.0,150,5,moderate,1.0,4039827506,27,2026,firm_1,ir_accuracy,1.0
4,0.3,19.0,150,5,moderate,1.0,4039827506,27,2026,firm_2,phi_operational,21.524602230968902
4,0.3,19.0,150,5,moderate,1.0,4039827506,27,2026,firm_2,phi_accuracy,0.0008458018517077115
4,0.3,19.0,150,5,moderate,1.0,4039827506,27,2026,firm_2,ir_operational,1.0
4,0.3,19.0,150,5,moderate,1.0,4039827506,27,2026,firm_2,ir_accuracy,1.0
4,0.3,19.0,150,5,moderate,1.0,4039827506,27,2026,firm_3,phi_operational,39.54775656981568
4,0.3,19.0,150,5,moderate,1.0,4039827506,27,2026,firm_3,phi_accuracy,-0.00218084061065818
4,0.3,19.0,150,5,moderate,1.0,4039827506,27,2026,firm_3,ir_operational,1.0
4,0.3,19.0,150,5,moderate,1.0,4039827506,27,2026,firm_3,ir_accuracy,0.0
4,0.3,19.0,150,5,moderate,1.0,4039827506,27,2026,_summary,v_op_N,158.95610776549802
4,0.3,19.0,150,5,moderate,1.0,4039827506,27,2026,_summary,v_acc_N,0.07372641838772498
4,0.3,19.0,150,5,moderate,1.0,4039827506,27,2026,_summary,spearman_rho,0.8
4,0.3,19.0,150,5,moderate,1.0,4039827506,27,2026,_summary,payment_displacement,0.18668878373364683
4,0.3,19.0,150,5,moderate,1.0,4039827506,27,2026,_summary,any_rank_reversal,1.0
4,0.3,19.0,150,5,moderate,1.0,4039827506,27,2026,_summary,efficiency_gap_op,0.0
4,0.3,19.0,150,5,moderate,1.0,653911066,28,2026,firm_0,phi_operational,4.65158439969837
4,0.3,19.0,150,5,moderate,1.0,653911066,28,2026,firm_0,phi_accuracy,0.0072529685362287735
4,0.3,19.0,150,5,moderate,1.0,653911066,28,2026,firm_0,ir_operational,1.0
4,0.3,19.0,150,5,moderate,1.0,653911066,28,2026,firm_0,ir_accuracy,1.0
4,0.3,19.0,150,5,moderate,1.0,653911066,28,2026,firm_1,phi_operational,42.93137580790466
4,0.3,19.0,150,5,moderate,1.0,653911066,28,2026,firm_1,phi_accuracy,-0.01269424446726053
4,0.3,19.0,150,5,moderate,1.0,653911066,28,2026,firm_1,ir_operational,1.0
4,0.3,19.0,150,5,moderate,1.0,653911066,28,2026,firm_1,ir_accuracy,0.0
4,0.3,19.0,150,5,moderate,1.0,653911066,28,2026,firm_2,phi_operational,28.739326819661386
4,0.3,19.0,150,5,moderate,1.0,653911066,28,2026,firm_2,phi_accuracy,0.004523967528257159
4,0.3,19.0,150,5,moderate,1.0,653911066,28,2026,firm_2,ir_operational,1.0
4,0.3,19.0,150,5,moderate,1.0,653911066,28,2026,firm_2,ir_accuracy,1.0
4,0.3,19.0,150,5,moderate,1.0,653911066,28,2026,firm_3,phi_operational,26.953908924124022
4,0.3,19.0,150,5,moderate,1.0,653911066,28,2026,firm_3,phi_accuracy,0.018052653354893033
4,0.3,19.0,150,5,moderate,1.0,653911066,28,2026,firm_3,ir_operational,1.0
4,0.3,19.0,150,5,moderate,1.0,653911066,28,2026,firm_3,ir_accuracy,1.0
4,0.3,19.0,150,5,moderate,1.0,653911066,28,2026,_summary,v_op_N,103.27619595138844
4,0.3,19.0,150,5,moderate,1.0,653911066,28,2026,_summary,v_acc_N,0.017135344952118436
4,0.3,19.0,150,5,moderate,1.0,653911066,28,2026,_summary,spearman_rho,-0.8
4,0.3,19.0,150,5,moderate,1.0,653911066,28,2026,_summary,payment_displacement,0.2937922687101231
4,0.3,19.0,150,5,moderate,1.0,653911066,28,2026,_summary,any_rank_reversal,1.0
4,0.3,19.0,150,5,moderate,1.0,653911066,28,2026,_summary,efficiency_gap_op,1.4210854715202004e-14
4,0.3,19.0,150,5,moderate,1.0,3366822361,29,2026,firm_0,phi_operational,8.010907095933513
4,0.3,19.0,150,5,moderate,1.0,3366822361,29,2026,firm_0,phi_accuracy,0.054746229690413845
4,0.3,19.0,150,5,moderate,1.0,3366822361,29,2026,firm_0,ir_operational,1.0
4,0.3,19.0,150,5,moderate,1.0,3366822361,29,2026,firm_0,ir_accuracy,1.0
4,0.3,19.0,150,5,moderate,1.0,3366822361,29,2026,firm_1,phi_operational,-14.18944451452565
4,0.3,19.0,150,5,moderate,1.0,3366822361,29,2026,firm_1,phi_accuracy,-0.0020244877198473303
4,0.3,19.0,150,5,moderate,1.0,3366822361,29,2026,firm_1,ir_operational,0.0
4,0.3,19.0,150,5,moderate,1.0,3366822361,29,2026,firm_1,ir_accuracy,0.0
4,0.3,19.0,150,5,moderate,1.0,3366822361,29,2026,firm_2,phi_operational,11.157296748615636
4,0.3,19.0,150,5,moderate,1.0,3366822361,29,2026,firm_2,phi_accuracy,-0.0034817288852638977
4,0.3,19.0,150,5,moderate,1.0,3366822361,29,2026,firm_2,ir_operational,1.0
4,0.3,19.0,150,5,moderate,1.0,3366822361,29,2026,firm_2,ir_accuracy,0.0
4,0.3,19.0,150,5,moderate,1.0,3366822361,29,2026,firm_3,phi_operational,12.671316039462377
4,0.3,19.0,150,5,moderate,1.0,3366822361,29,2026,firm_3,phi_accuracy,0.04216042288963545
4,0.3,19.0,150,5,moderate,1.0,3366822361,29,2026,firm_3,ir_operational,1.0
4,0.3,19.0,150,5,moderate,1.0,3366822361,29,2026,firm_3,ir_accuracy,1.0
4,0.3,19.0,150,5,moderate,1.0,3366822361,29,2026,_summary,v_op_N,17.650075369485876
4,0.3,19.0,150,5,moderate,1.0,3366822361,29,2026,_summary,v_acc_N,0.09140043597493808
4,0.3,19.0,150,5,moderate,1.0,3366822361,29,2026,_summary,spearman_rho,0.0
4,0.3,19.0,150,5,moderate,1.0,3366822361,29,2026,_summary,payment_displacement,0.2654507379616685
4,0.3,19.0,150,5,moderate,1.0,3366822361,29,2026,_summary,any_rank_reversal,1.0
4,0.3,19.0,150,5,moderate,1.0,3366822361,29,2026,_summary,efficiency_gap_op,0.0
4,0.3,49.0,150,5,moderate,1.0,3912697385,0,2026,firm_0,phi_operational,33.154276880263524
4,0.3,49.0,150,5,moderate,1.0,3912697385,0,2026,firm_0,phi_accuracy,0.014048487518706418
4,0.3,49.0,150,5,moderate,1.0,3912697385,0,2026,firm_0,ir_operational,1.0
4,0.3,49.0,150,5,moderate,1.0,3912697385,0,2026,firm_0,ir_accuracy,1.0
4,0.3,49.0,150,5,moderate,1.0,3912697385,0,2026,firm_1,phi_operational,7.009629708624894
4,0.3,49.0,150,5,moderate,1.0,3912697385,0,2026,firm_1,phi_accuracy,0.006888349523249598
4,0.3,49.0,150,5,moderate,1.0,3912697385,0,2026,firm_1,ir_operational,1.0
4,0.3,49.0,150,5,moderate,1.0,3912697385,0,2026,firm_1,ir_accuracy,1.0
4,0.3,49.0,150,5,moderate,1.0,3912697385,0,2026,firm_2,phi_operational,80.49967205317549
4,0.3,49.0,150,5,moderate,1.0,3912697385,0,2026,firm_2,phi_accuracy,0.01302266764446568
4,0.3,49.0,150,5,moderate,1.0,3912697385,0,2026,firm_2,ir_operational,1.0
4,0.3,49.0,150,5,moderate,1.0,3912697385,0,2026,firm_2,ir_accuracy,1.0
4,0.3,49.0,150,5,moderate,1.0,3912697385,0,2026,firm_3,phi_operational,53.234539308280915
4,0.3,49.0,150,5,moderate,1.0,3912697385,0,2026,firm_3,phi_accuracy,0.016593974253763327
4,0.3,49.0,150,5,moderate,1.0,3912697385,0,2026,firm_3,ir_operational,1.0
4,0.3,49.0,150,5,moderate,1.0,3912697385,0,2026,firm_3,ir_accuracy,1.0
4,0.3,49.0,150,5,moderate,1.0,3912697385,0,2026,_summary,v_op_N,173.89811795034484
4,0.3,49.0,150,5,moderate,1.0,3912697385,0,2026,_summary,v_acc_N,0.050553478940185026
4,0.3,49.0,150,5,moderate,1.0,3912697385,0,2026,_summary,spearman_rho,0.4
4,0.3,49.0,150,5,moderate,1.0,3912697385,0,2026,_summary,payment_displacement,0.10265551647350507
4,0.3,49.0,150,5,moderate,1.0,3912697385,0,2026,_summary,any_rank_reversal,1.0
4,0.3,49.0,150,5,moderate,1.0,3912697385,0,2026,_summary,efficiency_gap_op,2.842170943040401e-14
4,0.3,49.0,150,5,moderate,1.0,2991259526,1,2026,firm_0,phi_operational,98.9217304706121
4,0.3,49.0,150,5,moderate,1.0,2991259526,1,2026,firm_0,phi_accuracy,-0.0008813238896437183
4,0.3,49.0,150,5,moderate,1.0,2991259526,1,2026,firm_0,ir_operational,1.0
4,0.3,49.0,150,5,moderate,1.0,2991259526,1,2026,firm_0,ir_accuracy,0.0
4,0.3,49.0,150,5,moderate,1.0,2991259526,1,2026,firm_1,phi_operational,110.77061897338281
4,0.3,49.0,150,5,moderate,1.0,2991259526,1,2026,firm_1,phi_accuracy,0.03182285057384904
4,0.3,49.0,150,5,moderate,1.0,2991259526,1,2026,firm_1,ir_operational,1.0
4,0.3,49.0,150,5,moderate,1.0,2991259526,1,2026,firm_1,ir_accuracy,1.0
4,0.3,49.0,150,5,moderate,1.0,2991259526,1,2026,firm_2,phi_operational,50.33880413412601
4,0.3,49.0,150,5,moderate,1.0,2991259526,1,2026,firm_2,phi_accuracy,0.029711627736378938
4,0.3,49.0,150,5,moderate,1.0,2991259526,1,2026,firm_2,ir_operational,1.0
4,0.3,49.0,150,5,moderate,1.0,2991259526,1,2026,firm_2,ir_accuracy,1.0
4,0.3,49.0,150,5,moderate,1.0,2991259526,1,2026,firm_3,phi_operational,71.8352821721057
4,0.3,49.0,150,5,moderate,1.0,2991259526,1,2026,firm_3,phi_accuracy,0.02974246255539949
4,0.3,49.0,150,5,moderate,1.0,2991259526,1,2026,firm_3,ir_operational,1.0
4,0.3,49.0,150,5,moderate,1.0,2991259526,1,2026,firm_3,ir_accuracy,1.0
4,0.3,49.0,150,5,moderate,1.0,2991259526,1,2026,_summary,v_op_N,331.86643575022663
4,0.3,49.0,150,5,moderate,1.0,2991259526,1,2026,_summary,v_acc_N,0.09039561697598375
4,0.3,49.0,150,5,moderate,1.0,2991259526,1,2026,_summary,spearman_rho,0.4
4,0.3,49.0,150,5,moderate,1.0,2991259526,1,2026,_summary,payment_displacement,0.14903846820963762
4,0.3,49.0,150,5,moderate,1.0,2991259526,1,2026,_summary,any_rank_reversal,1.0
4,0.3,49.0,150,5,moderate,1.0,2991259526,1,2026,_summary,efficiency_gap_op,0.0
4,0.3,49.0,150,5,moderate,1.0,776750165,2,2026,firm_0,phi_operational,23.559026883184586
4,0.3,49.0,150,5,moderate,1.0,776750165,2,2026,firm_0,phi_accuracy,-0.006335444745205513
4,0.3,49.0,150,5,moderate,1.0,776750165,2,2026,firm_0,ir_operational,1.0
4,0.3,49.0,150,5,moderate,1.0,776750165,2,2026,firm_0,ir_accuracy,0.0
4,0.3,49.0,150,5,moderate,1.0,776750165,2,2026,firm_1,phi_operational,91.57496972219936
4,0.3,49.0,150,5,moderate,1.0,776750165,2,2026,firm_1,phi_accuracy,0.04276033877715403
4,0.3,49.0,150,5,moderate,1.0,776750165,2,2026,firm_1,ir_operational,1.0
4,0.3,49.0,150,5,moderate,1.0,776750165,2,2026,firm_1,ir_accuracy,1.0
4,0.3,49.0,150,5,moderate,1.0,776750165,2,2026,firm_2,phi_operational,63.01984890081295
4,0.3,49.0,150,5,moderate,1.0,776750165,2,2026,firm_2,phi_accuracy,0.03233764346825132
4,0.3,49.0,150,5,moderate,1.0,776750165,2,2026,firm_2,ir_operational,1.0
4,0.3,49.0,150,5,moderate,1.0,776750165,2,2026,firm_2,ir_accuracy,1.0
4,0.3,49.0,150,5,moderate,1.0,776750165,2,2026,firm_3,phi_operational,55.93570928160799
4,0.3,49.0,150,5,moderate,1.0,776750165,2,2026,firm_3,phi_accuracy,-0.025882642120348798
4,0.3,49.0,150,5,moderate,1.0,776750165,2,2026,firm_3,ir_operational,1.0
4,0.3,49.0,150,5,moderate,1.0,776750165,2,2026,firm_3,ir_accuracy,0.0
4,0.3,49.0,150,5,moderate,1.0,776750165,2,2026,_summary,v_op_N,234.0895547878049
4,0.3,49.0,150,5,moderate,1.0,776750165,2,2026,_summary,v_acc_N,0.04287989537985104
4,0.3,49.0,150,5,moderate,1.0,776750165,2,2026,_summary,spearman_rho,0.8
4,0.3,49.0,150,5,moderate,1.0,776750165,2,2026,_summary,payment_displacement,0.16979556442781404
4,0.3,49.0,150,5,moderate,1.0,776750165,2,2026,_summary,any_rank_reversal,1.0
4,0.3,49.0,150,5,moderate,1.0,776750165,2,2026,_summary,efficiency_gap_op,0.0
4,0.3,49.0,150,5,moderate,1.0,2272254689,3,2026,firm_0,phi_operational,122.86266253835947
4,0.3,49.0,150,5,moderate,1.0,2272254689,3,2026,firm_0,phi_accuracy,0.017523002020948104
4,0.3,49.0,150,5,moderate,1.0,2272254689,3,2026,firm_0,ir_operational,1.0
4,0.3,49.0,150,5,moderate,1.0,2272254689,3,2026,firm_0,ir_accuracy,1.0
4,0.3,49.0,150,5,moderate,1.0,2272254689,3,2026,firm_1,phi_operational,62.10029758793629
4,0.3,49.0,150,5,moderate,1.0,2272254689,3,2026,firm_1,phi_accuracy,0.011521960842272822
4,0.3,49.0,150,5,moderate,1.0,2272254689,3,2026,firm_1,ir_operational,1.0
4,0.3,49.0,150,5,moderate,1.0,2272254689,3,2026,firm_1,ir_accuracy,1.0
4,0.3,49.0,150,5,moderate,1.0,2272254689,3,2026,firm_2,phi_operational,41.74788300113762
4,0.3,49.0,150,5,moderate,1.0,2272254689,3,2026,firm_2,phi_accuracy,0.013343490119460105
4,0.3,49.0,150,5,moderate,1.0,2272254689,3,2026,firm_2,ir_operational,1.0
4,0.3,49.0,150,5,moderate,1.0,2272254689,3,2026,firm_2,ir_accuracy,1.0
4,0.3,49.0,150,5,moderate,1.0,2272254689,3,2026,firm_3,phi_operational,113.15216494784757
4,0.3,49.0,150,5,moderate,1.0,2272254689,3,2026,firm_3,phi_accuracy,0.0710751834241726
4,0.3,49.0,150,5,moderate,1.0,2272254689,3,2026,firm_3,ir_operational,1.0
4,0.3,49.0,150,5,moderate,1.0,2272254689,3,2026,firm_3,ir_accuracy,1.0
4,0.3,49.0,150,5,moderate,1.0,2272254689,3,2026,_summary,v_op_N,339.86300807528096
4,0.3,49.0,150,5,moderate,1.0,2272254689,3,2026,_summary,v_acc_N,0.11346363640685364
4,0.3,49.0,150,5,moderate,1.0,2272254689,3,2026,_summary,spearman_rho,0.6
4,0.3,49.0,150,5,moderate,1.0,2272254689,3,2026,_summary,payment_displacement,0.1467395662539852
4,0.3,49.0,150,5,moderate,1.0,2272254689,3,2026,_summary,any_rank_reversal,1.0
4,0.3,49.0,150,5,moderate,1.0,2272254689,3,2026,_summary,efficiency_gap_op,0.0
4,0.3,49.0,150,5,moderate,1.0,1091503881,4,2026,firm_0,phi_operational,163.37049185443826
4,0.3,49.0,150,5,moderate,1.0,1091503881,4,2026,firm_0,phi_accuracy,0.06014350565000586
4,0.3,49.0,150,5,moderate,1.0,1091503881,4,2026,firm_0,ir_operational,1.0
4,0.3,49.0,150,5,moderate,1.0,1091503881,4,2026,firm_0,ir_accuracy,1.0
4,0.3,49.0,150,5,moderate,1.0,1091503881,4,2026,firm_1,phi_operational,103.14054405054722
4,0.3,49.0,150,5,moderate,1.0,1091503881,4,2026,firm_1,phi_accuracy,0.03213708300748298
4,0.3,49.0,150,5,moderate,1.0,1091503881,4,2026,firm_1,ir_operational,1.0
4,0.3,49.0,150,5,moderate,1.0,1091503881,4,2026,firm_1,ir_accuracy,1.0
4,0.3,49.0,150,5,moderate,1.0,1091503881,4,2026,firm_2,phi_operational,249.74101365494076
4,0.3,49.0,150,5,moderate,1.0,1091503881,4,2026,firm_2,phi_accuracy,0.306141083687102
4,0.3,49.0,150,5,moderate,1.0,1091503881,4,2026,firm_2,ir_operational,1.0
4,0.3,49.0,150,5,moderate,1.0,1091503881,4,2026,firm_2,ir_accuracy,1.0
4,0.3,49.0,150,5,moderate,1.0,1091503881,4,2026,firm_3,phi_operational,218.21835741566315
4,0.3,49.0,150,5,moderate,1.0,1091503881,4,2026,firm_3,phi_accuracy,0.05903983272213099
4,0.3,49.0,150,5,moderate,1.0,1091503881,4,2026,firm_3,ir_operational,1.0
4,0.3,49.0,150,5,moderate,1.0,1091503881,4,2026,firm_3,ir_accuracy,1.0
4,0.3,49.0,150,5,moderate,1.0,1091503881,4,2026,_summary,v_op_N,734.4704069755894
4,0.3,49.0,150,5,moderate,1.0,1091503881,4,2026,_summary,v_acc_N,0.4574615050667219
4,0.3,49.0,150,5,moderate,1.0,1091503881,4,2026,_summary,spearman_rho,0.8
4,0.3,49.0,150,5,moderate,1.0,1091503881,4,2026,_summary,payment_displacement,0.16459422667633167
4,0.3,49.0,150,5,moderate,1.0,1091503881,4,2026,_summary,any_rank_reversal,1.0
4,0.3,49.0,150,5,moderate,1.0,1091503881,4,2026,_summary,efficiency_gap_op,0.0
4,0.3,49.0,150,5,moderate,1.0,476736514,5,2026,firm_0,phi_operational,-4.509579033705563
4,0.3,49.0,150,5,moderate,1.0,476736514,5,2026,firm_0,phi_accuracy,0.00884653402646246
4,0.3,49.0,150,5,moderate,1.0,476736514,5,2026,firm_0,ir_operational,0.0
4,0.3,49.0,150,5,moderate,1.0,476736514,5,2026,firm_0,ir_accuracy,1.0
4,0.3,49.0,150,5,moderate,1.0,476736514,5,2026,firm_1,phi_operational,15.484547252271758
4,0.3,49.0,150,5,moderate,1.0,476736514,5,2026,firm_1,phi_accuracy,0.0032029512035962418
4,0.3,49.0,150,5,moderate,1.0,476736514,5,2026,firm_1,ir_operational,1.0
4,0.3,49.0,150,5,moderate,1.0,476736514,5,2026,firm_1,ir_accuracy,1.0
4,0.3,49.0,150,5,moderate,1.0,476736514,5,2026,firm_2,phi_operational,44.55001561903445
4,0.3,49.0,150,5,moderate,1.0,476736514,5,2026,firm_2,phi_accuracy,0.020301843611852888
4,0.3,49.0,150,5,moderate,1.0,476736514,5,2026,firm_2,ir_operational,1.0
4,0.3,49.0,150,5,moderate,1.0,476736514,5,2026,firm_2,ir_accuracy,1.0
4,0.3,49.0,150,5,moderate,1.0,476736514,5,2026,firm_3,phi_operational,69.83518210604882
4,0.3,49.0,150,5,moderate,1.0,476736514,5,2026,firm_3,phi_accuracy,0.0011549788923441904
4,0.3,49.0,150,5,moderate,1.0,476736514,5,2026,firm_3,ir_operational,1.0
4,0.3,49.0,150,5,moderate,1.0,476736514,5,2026,firm_3,ir_accuracy,1.0
4,0.3,49.0,150,5,moderate,1.0,476736514,5,2026,_summary,v_op_N,125.36016594364946
4,0.3,49.0,150,5,moderate,1.0,476736514,5,2026,_summary,v_acc_N,0.03350630773425578
4,0.3,49.0,150,5,moderate,1.0,476736514,5,2026,_summary,spearman_rho,-0.3999999999999999
4,0.3,49.0,150,5,moderate,1.0,476736514,5,2026,_summary,payment_displacement,0.26920634606654287
4,0.3,49.0,150,5,moderate,1.0,476736514,5,2026,_summary,any_rank_reversal,1.0
4,0.3,49.0,150,5,moderate,1.0,476736514,5,2026,_summary,efficiency_gap_op,0.0
4,0.3,49.0,150,5,moderate,1.0,2691283903,6,2026,firm_0,phi_operational,54.929068275842916
4,0.3,49.0,150,5,moderate,1.0,2691283903,6,2026,firm_0,phi_accuracy,0.02351142308125831
4,0.3,49.0,150,5,moderate,1.0,2691283903,6,2026,firm_0,ir_operational,1.0
4,0.3,49.0,150,5,moderate,1.0,2691283903,6,2026,firm_0,ir_accuracy,1.0
4,0.3,49.0,150,5,moderate,1.0,2691283903,6,2026,firm_1,phi_operational,37.36635190258478
4,0.3,49.0,150,5,moderate,1.0,2691283903,6,2026,firm_1,phi_accuracy,-0.005262952165570378
4,0.3,49.0,150,5,moderate,1.0,2691283903,6,2026,firm_1,ir_operational,1.0
4,0.3,49.0,150,5,moderate,1.0,2691283903,6,2026,firm_1,ir_accuracy,0.0
4,0.3,49.0,150,5,moderate,1.0,2691283903,6,2026,firm_2,phi_operational,29.79050040922349
4,0.3,49.0,150,5,moderate,1.0,2691283903,6,2026,firm_2,phi_accuracy,-0.004014608093788803
4,0.3,49.0,150,5,moderate,1.0,2691283903,6,2026,firm_2,ir_operational,1.0
4,0.3,49.0,150,5,moderate,1.0,2691283903,6,2026,firm_2,ir_accuracy,0.0
4,0.3,49.0,150,5,moderate,1.0,2691283903,6,2026,firm_3,phi_operational,74.6218306035918
4,0.3,49.0,150,5,moderate,1.0,2691283903,6,2026,firm_3,phi_accuracy,0.024687966696977776
4,0.3,49.0,150,5,moderate,1.0,2691283903,6,2026,firm_3,ir_operational,1.0
4,0.3,49.0,150,5,moderate,1.0,2691283903,6,2026,firm_3,ir_accuracy,1.0
4,0.3,49.0,150,5,moderate,1.0,2691283903,6,2026,_summary,v_op_N,196.707751191243
4,0.3,49.0,150,5,moderate,1.0,2691283903,6,2026,_summary,v_acc_N,0.038921829518876905
4,0.3,49.0,150,5,moderate,1.0,2691283903,6,2026,_summary,spearman_rho,0.8
4,0.3,49.0,150,5,moderate,1.0,2691283903,6,2026,_summary,payment_displacement,0.17070209969714428
4,0.3,49.0,150,5,moderate,1.0,2691283903,6,2026,_summary,any_rank_reversal,1.0
4,0.3,49.0,150,5,moderate,1.0,2691283903,6,2026,_summary,efficiency_gap_op,0.0
4,0.3,49.0,150,5,moderate,1.0,1166348371,7,2026,firm_0,phi_operational,79.10216622418052
4,0.3,49.0,150,5,moderate,1.0,1166348371,7,2026,firm_0,phi_accuracy,0.0130070093462518
4,0.3,49.0,150,5,moderate,1.0,1166348371,7,2026,firm_0,ir_operational,1.0
4,0.3,49.0,150,5,moderate,1.0,1166348371,7,2026,firm_0,ir_accuracy,1.0
4,0.3,49.0,150,5,moderate,1.0,1166348371,7,2026,firm_1,phi_operational,-14.472445522165154
4,0.3,49.0,150,5,moderate,1.0,1166348371,7,2026,firm_1,phi_accuracy,0.19543349705660853
4,0.3,49.0,150,5,moderate,1.0,1166348371,7,2026,firm_1,ir_operational,0.0
4,0.3,49.0,150,5,moderate,1.0,1166348371,7,2026,firm_1,ir_accuracy,1.0
4,0.3,49.0,150,5,moderate,1.0,1166348371,7,2026,firm_2,phi_operational,48.79913126264019
4,0.3,49.0,150,5,moderate,1.0,1166348371,7,2026,firm_2,phi_accuracy,0.005235130725956494
4,0.3,49.0,150,5,moderate,1.0,1166348371,7,2026,firm_2,ir_operational,1.0
4,0.3,49.0,150,5,moderate,1.0,1166348371,7,2026,firm_2,ir_accuracy,1.0
4,0.3,49.0,150,5,moderate,1.0,1166348371,7,2026,firm_3,phi_operational,101.58666542820684
4,0.3,49.0,150,5,moderate,1.0,1166348371,7,2026,firm_3,phi_accuracy,0.0024619044461269644
4,0.3,49.0,150,5,moderate,1.0,1166348371,7,2026,firm_3,ir_operational,1.0
4,0.3,49.0,150,5,moderate,1.0,1166348371,7,2026,firm_3,ir_accuracy,1.0
4,0.3,49.0,150,5,moderate,1.0,1166348371,7,2026,_summary,v_op_N,215.01551739286242
4,0.3,49.0,150,5,moderate,1.0,1166348371,7,2026,_summary,v_acc_N,0.2161375415749438
4,0.3,49.0,150,5,moderate,1.0,1166348371,7,2026,_summary,spearman_rho,-0.8
4,0.3,49.0,150,5,moderate,1.0,1166348371,7,2026,_summary,payment_displacement,0.45210446929331577
4,0.3,49.0,150,5,moderate,1.0,1166348371,7,2026,_summary,any_rank_reversal,1.0
4,0.3,49.0,150,5,moderate,1.0,1166348371,7,2026,_summary,efficiency_gap_op,2.842170943040401e-14
4,0.3,49.0,150,5,moderate,1.0,1190717277,8,2026,firm_0,phi_operational,94.12497548884659
4,0.3,49.0,150,5,moderate,1.0,1190717277,8,2026,firm_0,phi_accuracy,0.004691754341302552
4,0.3,49.0,150,5,moderate,1.0,1190717277,8,2026,firm_0,ir_operational,1.0
4,0.3,49.0,150,5,moderate,1.0,1190717277,8,2026,firm_0,ir_accuracy,1.0
4,0.3,49.0,150,5,moderate,1.0,1190717277,8,2026,firm_1,phi_operational,133.47679559587792
4,0.3,49.0,150,5,moderate,1.0,1190717277,8,2026,firm_1,phi_accuracy,0.02408972303071908
4,0.3,49.0,150,5,moderate,1.0,1190717277,8,2026,firm_1,ir_operational,1.0
4,0.3,49.0,150,5,moderate,1.0,1190717277,8,2026,firm_1,ir_accuracy,1.0
4,0.3,49.0,150,5,moderate,1.0,1190717277,8,2026,firm_2,phi_operational,87.85882645526513
4,0.3,49.0,150,5,moderate,1.0,1190717277,8,2026,firm_2,phi_accuracy,0.005417558901832172
4,0.3,49.0,150,5,moderate,1.0,1190717277,8,2026,firm_2,ir_operational,1.0
4,0.3,49.0,150,5,moderate,1.0,1190717277,8,2026,firm_2,ir_accuracy,1.0
4,0.3,49.0,150,5,moderate,1.0,1190717277,8,2026,firm_3,phi_operational,115.8958989572687
4,0.3,49.0,150,5,moderate,1.0,1190717277,8,2026,firm_3,phi_accuracy,0.03153254956678606
4,0.3,49.0,150,5,moderate,1.0,1190717277,8,2026,firm_3,ir_operational,1.0
4,0.3,49.0,150,5,moderate,1.0,1190717277,8,2026,firm_3,ir_accuracy,1.0
4,0.3,49.0,150,5,moderate,1.0,1190717277,8,2026,_summary,v_op_N,431.3564964972584
4,0.3,49.0,150,5,moderate,1.0,1190717277,8,2026,_summary,v_acc_N,0.06573158584063987
4,0.3,49.0,150,5,moderate,1.0,1190717277,8,2026,_summary,spearman_rho,0.6
4,0.3,49.0,150,5,moderate,1.0,1190717277,8,2026,_summary,payment_displacement,0.13404517698633994
4,0.3,49.0,150,5,moderate,1.0,1190717277,8,2026,_summary,any_rank_reversal,1.0
4,0.3,49.0,150,5,moderate,1.0,1190717277,8,2026,_summary,efficiency_gap_op,5.684341886080802e-14
4,0.3,49.0,150,5,moderate,1.0,1356188735,9,2026,firm_0,phi_operational,68.8987748017762
4,0.3,49.0,150,5,moderate,1.0,1356188735,9,2026,firm_0,phi_accuracy,-0.0035069949950103743
4,0.3,49.0,150,5,moderate,1.0,1356188735,9,2026,firm_0,ir_operational,1.0
4,0.3,49.0,150,5,moderate,1.0,1356188735,9,2026,firm_0,ir_accuracy,0.0
4,0.3,49.0,150,5,moderate,1.0,1356188735,9,2026,firm_1,phi_operational,44.83594549861049
4,0.3,49.0,150,5,moderate,1.0,1356188735,9,2026,firm_1,phi_accuracy,-0.005452671914841685
4,0.3,49.0,150,5,moderate,1.0,1356188735,9,2026,firm_1,ir_operational,1.0
4,0.3,49.0,150,5,moderate,1.0,1356188735,9,2026,firm_1,ir_accuracy,0.0
4,0.3,49.0,150,5,moderate,1.0,1356188735,9,2026,firm_2,phi_operational,73.92266252193735
4,0.3,49.0,150,5,moderate,1.0,1356188735,9,2026,firm_2,phi_accuracy,-0.0014911573405387477
4,0.3,49.0,150,5,moderate,1.0,1356188735,9,2026,firm_2,ir_operational,1.0
4,0.3,49.0,150,5,moderate,1.0,1356188735,9,2026,firm_2,ir_accuracy,0.0
4,0.3,49.0,150,5,moderate,1.0,1356188735,9,2026,firm_3,phi_operational,52.21072710515545
4,0.3,49.0,150,5,moderate,1.0,1356188735,9,2026,firm_3,phi_accuracy,0.02065655333791363
4,0.3,49.0,150,5,moderate,1.0,1356188735,9,2026,firm_3,ir_operational,1.0
4,0.3,49.0,150,5,moderate,1.0,1356188735,9,2026,firm_3,ir_accuracy,1.0
4,0.3,49.0,150,5,moderate,1.0,1356188735,9,2026,_summary,v_op_N,239.8681099274795
4,0.3,49.0,150,5,moderate,1.0,1356188735,9,2026,_summary,v_acc_N,0.010205729087522819
4,0.3,49.0,150,5,moderate,1.0,1356188735,9,2026,_summary,spearman_rho,0.4
4,0.3,49.0,150,5,moderate,1.0,1356188735,9,2026,_summary,payment_displacement,0.3911678440189562
4,0.3,49.0,150,5,moderate,1.0,1356188735,9,2026,_summary,any_rank_reversal,1.0
4,0.3,49.0,150,5,moderate,1.0,1356188735,9,2026,_summary,efficiency_gap_op,0.0
4,0.3,49.0,150,5,moderate,1.0,2642011345,10,2026,firm_0,phi_operational,53.779206645979684
4,0.3,49.0,150,5,moderate,1.0,2642011345,10,2026,firm_0,phi_accuracy,0.026887238221940814
4,0.3,49.0,150,5,moderate,1.0,2642011345,10,2026,firm_0,ir_operational,1.0
4,0.3,49.0,150,5,moderate,1.0,2642011345,10,2026,firm_0,ir_accuracy,1.0
4,0.3,49.0,150,5,moderate,1.0,2642011345,10,2026,firm_1,phi_operational,81.137321259854
4,0.3,49.0,150,5,moderate,1.0,2642011345,10,2026,firm_1,phi_accuracy,0.0031752226100105934
4,0.3,49.0,150,5,moderate,1.0,2642011345,10,2026,firm_1,ir_operational,1.0
4,0.3,49.0,150,5,moderate,1.0,2642011345,10,2026,firm_1,ir_accuracy,1.0
4,0.3,49.0,150,5,moderate,1.0,2642011345,10,2026,firm_2,phi_operational,118.64079972212676
4,0.3,49.0,150,5,moderate,1.0,2642011345,10,2026,firm_2,phi_accuracy,0.009751499394852998
4,0.3,49.0,150,5,moderate,1.0,2642011345,10,2026,firm_2,ir_operational,1.0
4,0.3,49.0,150,5,moderate,1.0,2642011345,10,2026,firm_2,ir_accuracy,1.0
4,0.3,49.0,150,5,moderate,1.0,2642011345,10,2026,firm_3,phi_operational,131.85241018044658
4,0.3,49.0,150,5,moderate,1.0,2642011345,10,2026,firm_3,phi_accuracy,-0.013593662292679573
4,0.3,49.0,150,5,moderate,1.0,2642011345,10,2026,firm_3,ir_operational,1.0
4,0.3,49.0,150,5,moderate,1.0,2642011345,10,2026,firm_3,ir_accuracy,0.0
4,0.3,49.0,150,5,moderate,1.0,2642011345,10,2026,_summary,v_op_N,385.40973780840704
4,0.3,49.0,150,5,moderate,1.0,2642011345,10,2026,_summary,v_acc_N,0.026220297934124837
4,0.3,49.0,150,5,moderate,1.0,2642011345,10,2026,_summary,spearman_rho,-0.8
4,0.3,49.0,150,5,moderate,1.0,2642011345,10,2026,_summary,payment_displacement,0.3092116781747748
4,0.3,49.0,150,5,moderate,1.0,2642011345,10,2026,_summary,any_rank_reversal,1.0
4,0.3,49.0,150,5,moderate,1.0,2642011345,10,2026,_summary,efficiency_gap_op,0.0
4,0.3,49.0,150,5,moderate,1.0,1897892977,11,2026,firm_0,phi_operational,-84.01292470790568
4,0.3,49.0,150,5,moderate,1.0,1897892977,11,2026,firm_0,phi_accuracy,0.07964177855669793
4,0.3,49.0,150,5,moderate,1.0,1897892977,11,2026,firm_0,ir_operational,0.0
4,0.3,49.0,150,5,moderate,1.0,1897892977,11,2026,firm_0,ir_accuracy,1.0
4,0.3,49.0,150,5,moderate,1.0,1897892977,11,2026,firm_1,phi_operational,17.808920829984118
4,0.3,49.0,150,5,moderate,1.0,1897892977,11,2026,firm_1,phi_accuracy,0.005197415196114588
4,0.3,49.0,150,5,moderate,1.0,1897892977,11,2026,firm_1,ir_operational,1.0
4,0.3,49.0,150,5,moderate,1.0,1897892977,11,2026,firm_1,ir_accuracy,1.0
4,0.3,49.0,150,5,moderate,1.0,1897892977,11,2026,firm_2,phi_operational,47.4809542602286
4,0.3,49.0,150,5,moderate,1.0,1897892977,11,2026,firm_2,phi_accuracy,0.010187497792121265
4,0.3,49.0,150,5,moderate,1.0,1897892977,11,2026,firm_2,ir_operational,1.0
4,0.3,49.0,150,5,moderate,1.0,1897892977,11,2026,firm_2,ir_accuracy,1.0
4,0.3,49.0,150,5,moderate,1.0,1897892977,11,2026,firm_3,phi_operational,-26.707434902202372
4,0.3,49.0,150,5,moderate,1.0,1897892977,11,2026,firm_3,phi_accuracy,0.04274004501107499
4,0.3,49.0,150,5,moderate,1.0,1897892977,11,2026,firm_3,ir_operational,0.0
4,0.3,49.0,150,5,moderate,1.0,1897892977,11,2026,firm_3,ir_accuracy,1.0
4,0.3,49.0,150,5,moderate,1.0,1897892977,11,2026,_summary,v_op_N,-45.430484519895344
4,0.3,49.0,150,5,moderate,1.0,1897892977,11,2026,_summary,v_acc_N,0.1377667365560088
4,0.3,49.0,150,5,moderate,1.0,1897892977,11,2026,_summary,spearman_rho,-0.8
4,0.3,49.0,150,5,moderate,1.0,1897892977,11,2026,_summary,payment_displacement,0.44416317983125825
4,0.3,49.0,150,5,moderate,1.0,1897892977,11,2026,_summary,any_rank_reversal,1.0
4,0.3,49.0,150,5,moderate,1.0,1897892977,11,2026,_summary,efficiency_gap_op,7.105427357601002e-15
4,0.3,49.0,150,5,moderate,1.0,4010071915,12,2026,firm_0,phi_operational,69.33205585653445
4,0.3,49.0,150,5,moderate,1.0,4010071915,12,2026,firm_0,phi_accuracy,0.05650823336675029
4,0.3,49.0,150,5,moderate,1.0,4010071915,12,2026,firm_0,ir_operational,1.0
4,0.3,49.0,150,5,moderate,1.0,4010071915,12,2026,firm_0,ir_accuracy,1.0
4,0.3,49.0,150,5,moderate,1.0,4010071915,12,2026,firm_1,phi_operational,45.659306703911696
4,0.3,49.0,150,5,moderate,1.0,4010071915,12,2026,firm_1,phi_accuracy,0.04753044875730234
4,0.3,49.0,150,5,moderate,1.0,4010071915,12,2026,firm_1,ir_operational,1.0
4,0.3,49.0,150,5,moderate,1.0,4010071915,12,2026,firm_1,ir_accuracy,1.0
4,0.3,49.0,150,5,moderate,1.0,4010071915,12,2026,firm_2,phi_operational,61.5755040555504
4,0.3,49.0,150,5,moderate,1.0,4010071915,12,2026,firm_2,phi_accuracy,0.030885289786969167
4,0.3,49.0,150,5,moderate,1.0,4010071915,12,2026,firm_2,ir_operational,1.0
4,0.3,49.0,150,5,moderate,1.0,4010071915,12,2026,firm_2,ir_accuracy,1.0
4,0.3,49.0,150,5,moderate,1.0,4010071915,12,2026,firm_3,phi_operational,74.8486970567235
4,0.3,49.0,150,5,moderate,1.0,4010071915,12,2026,firm_3,phi_accuracy,0.03671144487438659
4,0.3,49.0,150,5,moderate,1.0,4010071915,12,2026,firm_3,ir_operational,1.0
4,0.3,49.0,150,5,moderate,1.0,4010071915,12,2026,firm_3,ir_accuracy,1.0
4,0.3,49.0,150,5,moderate,1.0,4010071915,12,2026,_summary,v_op_N,251.41556367272005
4,0.3,49.0,150,5,moderate,1.0,4010071915,12,2026,_summary,v_acc_N,0.1716354167854084
4,0.3,49.0,150,5,moderate,1.0,4010071915,12,2026,_summary,spearman_rho,0.0
4,0.3,49.0,150,5,moderate,1.0,4010071915,12,2026,_summary,payment_displacement,0.07439262359704357
4,0.3,49.0,150,5,moderate,1.0,4010071915,12,2026,_summary,any_rank_reversal,1.0
4,0.3,49.0,150,5,moderate,1.0,4010071915,12,2026,_summary,efficiency_gap_op,0.0
4,0.3,49.0,150,5,moderate,1.0,468078748,13,2026,firm_0,phi_operational,26.797487705368855
4,0.3,49.0,150,5,moderate,1.0,468078748,13,2026,firm_0,phi_accuracy,0.07021514494301528
4,0.3,49.0,150,5,moderate,1.0,468078748,13,2026,firm_0,ir_operational,1.0
4,0.3,49.0,150,5,moderate,1.0,468078748,13,2026,firm_0,ir_accuracy,1.0
4,0.3,49.0,150,5,moderate,1.0,468078748,13,2026,firm_1,phi_operational,191.30701989168114
4,0.3,49.0,150,5,moderate,1.0,468078748,13,2026,firm_1,phi_accuracy,0.010967989077207307
4,0.3,49.0,150,5,moderate,1.0,468078748,13,2026,firm_1,ir_operational,1.0
4,0.3,49.0,150,5,moderate,1.0,468078748,13,2026,firm_1,ir_accuracy,1.0
4,0.3,49.0,150,5,moderate,1.0,468078748,13,2026,firm_2,phi_operational,178.9864950493825
4,0.3,49.0,150,5,moderate,1.0,468078748,13,2026,firm_2,phi_accuracy,0.093117938364351
4,0.3,49.0,150,5,moderate,1.0,468078748,13,2026,firm_2,ir_operational,1.0
4,0.3,49.0,150,5,moderate,1.0,468078748,13,2026,firm_2,ir_accuracy,1.0
4,0.3,49.0,150,5,moderate,1.0,468078748,13,2026,firm_3,phi_operational,166.40741553284627
4,0.3,49.0,150,5,moderate,1.0,468078748,13,2026,firm_3,phi_accuracy,0.06268600664358137
4,0.3,49.0,150,5,moderate,1.0,468078748,13,2026,firm_3,ir_operational,1.0
4,0.3,49.0,150,5,moderate,1.0,468078748,13,2026,firm_3,ir_accuracy,1.0
4,0.3,49.0,150,5,moderate,1.0,468078748,13,2026,_summary,v_op_N,563.4984181792788
4,0.3,49.0,150,5,moderate,1.0,468078748,13,2026,_summary,v_acc_N,0.23698707902815497
4,0.3,49.0,150,5,moderate,1.0,468078748,13,2026,_summary,spearman_rho,-0.3999999999999999
4,0.3,49.0,150,5,moderate,1.0,468078748,13,2026,_summary,payment_displacement,0.1620083553880244
4,0.3,49.0,150,5,moderate,1.0,468078748,13,2026,_summary,any_rank_reversal,1.0
4,0.3,49.0,150,5,moderate,1.0,468078748,13,2026,_summary,efficiency_gap_op,0.0
4,0.3,49.0,150,5,moderate,1.0,1279779833,14,2026,firm_0,phi_operational,138.0198703077962
4,0.3,49.0,150,5,moderate,1.0,1279779833,14,2026,firm_0,phi_accuracy,0.055995105441990364
4,0.3,49.0,150,5,moderate,1.0,1279779833,14,2026,firm_0,ir_operational,1.0
4,0.3,49.0,150,5,moderate,1.0,1279779833,14,2026,firm_0,ir_accuracy,1.0
4,0.3,49.0,150,5,moderate,1.0,1279779833,14,2026,firm_1,phi_operational,156.44375900081627
4,0.3,49.0,150,5,moderate,1.0,1279779833,14,2026,firm_1,phi_accuracy,0.01302954807656444
4,0.3,49.0,150,5,moderate,1.0,1279779833,14,2026,firm_1,ir_operational,1.0
4,0.3,49.0,150,5,moderate,1.0,1279779833,14,2026,firm_1,ir_accuracy,1.0
4,0.3,49.0,150,5,moderate,1.0,1279779833,14,2026,firm_2,phi_operational,107.60960016146608
4,0.3,49.0,150,5,moderate,1.0,1279779833,14,2026,firm_2,phi_accuracy,0.04421808127189428
4,0.3,49.0,150,5,moderate,1.0,1279779833,14,2026,firm_2,ir_operational,1.0
4,0.3,49.0,150,5,moderate,1.0,1279779833,14,2026,firm_2,ir_accuracy,1.0
4,0.3,49.0,150,5,moderate,1.0,1279779833,14,2026,firm_3,phi_operational,90.59142624214633
4,0.3,49.0,150,5,moderate,1.0,1279779833,14,2026,firm_3,phi_accuracy,0.005924354683618868
4,0.3,49.0,150,5,moderate,1.0,1279779833,14,2026,firm_3,ir_operational,1.0
4,0.3,49.0,150,5,moderate,1.0,1279779833,14,2026,firm_3,ir_accuracy,1.0
4,0.3,49.0,150,5,moderate,1.0,1279779833,14,2026,_summary,v_op_N,492.6646557122249
4,0.3,49.0,150,5,moderate,1.0,1279779833,14,2026,_summary,v_acc_N,0.11916708947406796
4,0.3,49.0,150,5,moderate,1.0,1279779833,14,2026,_summary,spearman_rho,0.4
4,0.3,49.0,150,5,moderate,1.0,1279779833,14,2026,_summary,payment_displacement,0.1711867397499655
4,0.3,49.0,150,5,moderate,1.0,1279779833,14,2026,_summary,any_rank_reversal,1.0
4,0.3,49.0,150,5,moderate,1.0,1279779833,14,2026,_summary,efficiency_gap_op,0.0
4,0.3,49.0,150,5,moderate,1.0,2477284664,15,2026,firm_0,phi_operational,40.083991104995825
4,0.3,49.0,150,5,moderate,1.0,2477284664,15,2026,firm_0,phi_accuracy,0.0019635663660372096
4,0.3,49.0,150,5,moderate,1.0,2477284664,15,2026,firm_0,ir_operational,1.0
4,0.3,49.0,150,5,moderate,1.0,2477284664,15,2026,firm_0,ir_accuracy,1.0
4,0.3,49.0,150,5,moderate,1.0,2477284664,15,2026,firm_1,phi_operational,52.85641920549854
4,0.3,49.0,150,5,moderate,1.0,2477284664,15,2026,firm_1,phi_accuracy,-0.0006004574202429501
4,0.3,49.0,150,5,moderate,1.0,2477284664,15,2026,firm_1,ir_operational,1.0
4,0.3,49.0,150,5,moderate,1.0,2477284664,15,2026,firm_1,ir_accuracy,0.0
4,0.3,49.0,150,5,moderate,1.0,2477284664,15,2026,firm_2,phi_operational,128.8364456087649
4,0.3,49.0,150,5,moderate,1.0,2477284664,15,2026,firm_2,phi_accuracy,0.01036315486489007
4,0.3,49.0,150,5,moderate,1.0,2477284664,15,2026,firm_2,ir_operational,1.0
4,0.3,49.0,150,5,moderate,1.0,2477284664,15,2026,firm_2,ir_accuracy,1.0
4,0.3,49.0,150,5,moderate,1.0,2477284664,15,2026,firm_3,phi_operational,59.0110726263609
4,0.3,49.0,150,5,moderate,1.0,2477284664,15,2026,firm_3,phi_accuracy,0.004931786151718501
4,0.3,49.0,150,5,moderate,1.0,2477284664,15,2026,firm_3,ir_operational,1.0
4,0.3,49.0,150,5,moderate,1.0,2477284664,15,2026,firm_3,ir_accuracy,1.0
4,0.3,49.0,150,5,moderate,1.0,2477284664,15,2026,_summary,v_op_N,280.78792854562016
4,0.3,49.0,150,5,moderate,1.0,2477284664,15,2026,_summary,v_acc_N,0.016658049962402832
4,0.3,49.0,150,5,moderate,1.0,2477284664,15,2026,_summary,spearman_rho,0.8
4,0.3,49.0,150,5,moderate,1.0,2477284664,15,2026,_summary,payment_displacement,0.11052504904064833
4,0.3,49.0,150,5,moderate,1.0,2477284664,15,2026,_summary,any_rank_reversal,1.0
4,0.3,49.0,150,5,moderate,1.0,2477284664,15,2026,_summary,efficiency_gap_op,0.0
4,0.3,49.0,150,5,moderate,1.0,3255876888,16,2026,firm_0,phi_operational,61.39244885301218
4,0.3,49.0,150,5,moderate,1.0,3255876888,16,2026,firm_0,phi_accuracy,0.05408569354517808
4,0.3,49.0,150,5,moderate,1.0,3255876888,16,2026,firm_0,ir_operational,1.0
4,0.3,49.0,150,5,moderate,1.0,3255876888,16,2026,firm_0,ir_accuracy,1.0
4,0.3,49.0,150,5,moderate,1.0,3255876888,16,2026,firm_1,phi_operational,116.29687992438713
4,0.3,49.0,150,5,moderate,1.0,3255876888,16,2026,firm_1,phi_accuracy,0.02386217297280783
4,0.3,49.0,150,5,moderate,1.0,3255876888,16,2026,firm_1,ir_operational,1.0
4,0.3,49.0,150,5,moderate,1.0,3255876888,16,2026,firm_1,ir_accuracy,1.0
4,0.3,49.0,150,5,moderate,1.0,3255876888,16,2026,firm_2,phi_operational,167.67617437591971
4,0.3,49.0,150,5,moderate,1.0,3255876888,16,2026,firm_2,phi_accuracy,0.043856223056517596
4,0.3,49.0,150,5,moderate,1.0,3255876888,16,2026,firm_2,ir_operational,1.0
4,0.3,49.0,150,5,moderate,1.0,3255876888,16,2026,firm_2,ir_accuracy,1.0
4,0.3,49.0,150,5,moderate,1.0,3255876888,16,2026,firm_3,phi_operational,62.73175288753729
4,0.3,49.0,150,5,moderate,1.0,3255876888,16,2026,firm_3,phi_accuracy,0.01879954506718884
4,0.3,49.0,150,5,moderate,1.0,3255876888,16,2026,firm_3,ir_operational,1.0
4,0.3,49.0,150,5,moderate,1.0,3255876888,16,2026,firm_3,ir_accuracy,1.0
4,0.3,49.0,150,5,moderate,1.0,3255876888,16,2026,_summary,v_op_N,408.09725604085634
4,0.3,49.0,150,5,moderate,1.0,3255876888,16,2026,_summary,v_acc_N,0.14060363464169234
4,0.3,49.0,150,5,moderate,1.0,3255876888,16,2026,_summary,spearman_rho,-0.19999999999999996
4,0.3,49.0,150,5,moderate,1.0,3255876888,16,2026,_summary,payment_displacement,0.11711599543918388
4,0.3,49.0,150,5,moderate,1.0,3255876888,16,2026,_summary,any_rank_reversal,1.0
4,0.3,49.0,150,5,moderate,1.0,3255876888,16,2026,_summary,efficiency_gap_op,0.0
4,0.3,49.0,150,5,moderate,1.0,2332244544,17,2026,firm_0,phi_operational,-52.908740451162956
4,0.3,49.0,150,5,moderate,1.0,2332244544,17,2026,firm_0,phi_accuracy,0.08706873860566378
4,0.3,49.0,150,5,moderate,1.0,2332244544,17,2026,firm_0,ir_operational,0.0
4,0.3,49.0,150,5,moderate,1.0,2332244544,17,2026,firm_0,ir_accuracy,1.0
4,0.3,49.0,150,5,moderate,1.0,2332244544,17,2026,firm_1,phi_operational,20.520768823940443
4,0.3,49.0,150,5,moderate,1.0,2332244544,17,2026,firm_1,phi_accuracy,0.05225274111502213
4,0.3,49.0,150,5,moderate,1.0,2332244544,17,2026,firm_1,ir_operational,1.0
4,0.3,49.0,150,5,moderate,1.0,2332244544,17,2026,firm_1,ir_accuracy,1.0
4,0.3,49.0,150,5,moderate,1.0,2332244544,17,2026,firm_2,phi_operational,55.84549426951791
4,0.3,49.0,150,5,moderate,1.0,2332244544,17,2026,firm_2,phi_accuracy,0.025640534064027033
4,0.3,49.0,150,5,moderate,1.0,2332244544,17,2026,firm_2,ir_operational,1.0
4,0.3,49.0,150,5,moderate,1.0,2332244544,17,2026,firm_2,ir_accuracy,1.0
4,0.3,49.0,150,5,moderate,1.0,2332244544,17,2026,firm_3,phi_operational,55.98925806401295
4,0.3,49.0,150,5,moderate,1.0,2332244544,17,2026,firm_3,phi_accuracy,0.025654073363420328
4,0.3,49.0,150,5,moderate,1.0,2332244544,17,2026,firm_3,ir_operational,1.0
4,0.3,49.0,150,5,moderate,1.0,2332244544,17,2026,firm_3,ir_accuracy,1.0
4,0.3,49.0,150,5,moderate,1.0,2332244544,17,2026,_summary,v_op_N,79.44678070630835
4,0.3,49.0,150,5,moderate,1.0,2332244544,17,2026,_summary,v_acc_N,0.19061608714813327
4,0.3,49.0,150,5,moderate,1.0,2332244544,17,2026,_summary,spearman_rho,-0.8
4,0.3,49.0,150,5,moderate,1.0,2332244544,17,2026,_summary,payment_displacement,0.31006804958702205
4,0.3,49.0,150,5,moderate,1.0,2332244544,17,2026,_summary,any_rank_reversal,1.0
4,0.3,49.0,150,5,moderate,1.0,2332244544,17,2026,_summary,efficiency_gap_op,0.0
4,0.3,49.0,150,5,moderate,1.0,3853559405,18,2026,firm_0,phi_operational,49.43984716644668
4,0.3,49.0,150,5,moderate,1.0,3853559405,18,2026,firm_0,phi_accuracy,-0.0382528900603212
4,0.3,49.0,150,5,moderate,1.0,3853559405,18,2026,firm_0,ir_operational,1.0
4,0.3,49.0,150,5,moderate,1.0,3853559405,18,2026,firm_0,ir_accuracy,0.0
4,0.3,49.0,150,5,moderate,1.0,3853559405,18,2026,firm_1,phi_operational,10.540476543549591
4,0.3,49.0,150,5,moderate,1.0,3853559405,18,2026,firm_1,phi_accuracy,-0.019055331273334822
4,0.3,49.0,150,5,moderate,1.0,3853559405,18,2026,firm_1,ir_operational,1.0
4,0.3,49.0,150,5,moderate,1.0,3853559405,18,2026,firm_1,ir_accuracy,0.0
4,0.3,49.0,150,5,moderate,1.0,3853559405,18,2026,firm_2,phi_operational,-40.43456822806725
4,0.3,49.0,150,5,moderate,1.0,3853559405,18,2026,firm_2,phi_accuracy,-0.030100069546617703
4,0.3,49.0,150,5,moderate,1.0,3853559405,18,2026,firm_2,ir_operational,0.0
4,0.3,49.0,150,5,moderate,1.0,3853559405,18,2026,firm_2,ir_accuracy,0.0
4,0.3,49.0,150,5,moderate,1.0,3853559405,18,2026,firm_3,phi_operational,18.099796230210394
4,0.3,49.0,150,5,moderate,1.0,3853559405,18,2026,firm_3,phi_accuracy,0.004637971086169404
4,0.3,49.0,150,5,moderate,1.0,3853559405,18,2026,firm_3,ir_operational,1.0
4,0.3,49.0,150,5,moderate,1.0,3853559405,18,2026,firm_3,ir_accuracy,1.0
4,0.3,49.0,150,5,moderate,1.0,3853559405,18,2026,_summary,v_op_N,37.64555171213942
4,0.3,49.0,150,5,moderate,1.0,3853559405,18,2026,_summary,v_acc_N,-0.08277031979410432
4,0.3,49.0,150,5,moderate,1.0,3853559405,18,2026,_summary,spearman_rho,-0.19999999999999996
4,0.3,49.0,150,5,moderate,1.0,3853559405,18,2026,_summary,payment_displacement,0.3113011876268567
4,0.3,49.0,150,5,moderate,1.0,3853559405,18,2026,_summary,any_rank_reversal,1.0
4,0.3,49.0,150,5,moderate,1.0,3853559405,18,2026,_summary,efficiency_gap_op,0.0
4,0.3,49.0,150,5,moderate,1.0,234837926,19,2026,firm_0,phi_operational,95.83722818326862
4,0.3,49.0,150,5,moderate,1.0,234837926,19,2026,firm_0,phi_accuracy,0.04263719063971514
4,0.3,49.0,150,5,moderate,1.0,234837926,19,2026,firm_0,ir_operational,1.0
4,0.3,49.0,150,5,moderate,1.0,234837926,19,2026,firm_0,ir_accuracy,1.0
4,0.3,49.0,150,5,moderate,1.0,234837926,19,2026,firm_1,phi_operational,40.56755164874884
4,0.3,49.0,150,5,moderate,1.0,234837926,19,2026,firm_1,phi_accuracy,-0.07071176386460744
4,0.3,49.0,150,5,moderate,1.0,234837926,19,2026,firm_1,ir_operational,1.0
4,0.3,49.0,150,5,moderate,1.0,234837926,19,2026,firm_1,ir_accuracy,0.0
4,0.3,49.0,150,5,moderate,1.0,234837926,19,2026,firm_2,phi_operational,62.1290175810645
4,0.3,49.0,150,5,moderate,1.0,234837926,19,2026,firm_2,phi_accuracy,-0.0031981611642512937
4,0.3,49.0,150,5,moderate,1.0,234837926,19,2026,firm_2,ir_operational,1.0
4,0.3,49.0,150,5,moderate,1.0,234837926,19,2026,firm_2,ir_accuracy,0.0
4,0.3,49.0,150,5,moderate,1.0,234837926,19,2026,firm_3,phi_operational,117.88565386552828
4,0.3,49.0,150,5,moderate,1.0,234837926,19,2026,firm_3,phi_accuracy,0.02923313187651679
4,0.3,49.0,150,5,moderate,1.0,234837926,19,2026,firm_3,ir_operational,1.0
4,0.3,49.0,150,5,moderate,1.0,234837926,19,2026,firm_3,ir_accuracy,1.0
4,0.3,49.0,150,5,moderate,1.0,234837926,19,2026,_summary,v_op_N,316.41945127861027
4,0.3,49.0,150,5,moderate,1.0,234837926,19,2026,_summary,v_acc_N,-0.0020396025126268036
4,0.3,49.0,150,5,moderate,1.0,234837926,19,2026,_summary,spearman_rho,0.8
4,0.3,49.0,150,5,moderate,1.0,234837926,19,2026,_summary,payment_displacement,0.25349773468449743
4,0.3,49.0,150,5,moderate,1.0,234837926,19,2026,_summary,any_rank_reversal,1.0
4,0.3,49.0,150,5,moderate,1.0,234837926,19,2026,_summary,efficiency_gap_op,0.0
4,0.3,49.0,150,5,moderate,1.0,1304812608,20,2026,firm_0,phi_operational,60.30146766901195
4,0.3,49.0,150,5,moderate,1.0,1304812608,20,2026,firm_0,phi_accuracy,0.02795369210381904
4,0.3,49.0,150,5,moderate,1.0,1304812608,20,2026,firm_0,ir_operational,1.0
4,0.3,49.0,150,5,moderate,1.0,1304812608,20,2026,firm_0,ir_accuracy,1.0
4,0.3,49.0,150,5,moderate,1.0,1304812608,20,2026,firm_1,phi_operational,88.37161130788095
4,0.3,49.0,150,5,moderate,1.0,1304812608,20,2026,firm_1,phi_accuracy,-0.00598798008984717
4,0.3,49.0,150,5,moderate,1.0,1304812608,20,2026,firm_1,ir_operational,1.0
4,0.3,49.0,150,5,moderate,1.0,1304812608,20,2026,firm_1,ir_accuracy,0.0
4,0.3,49.0,150,5,moderate,1.0,1304812608,20,2026,firm_2,phi_operational,89.39648088360914
4,0.3,49.0,150,5,moderate,1.0,1304812608,20,2026,firm_2,phi_accuracy,0.009828468687979337
4,0.3,49.0,150,5,moderate,1.0,1304812608,20,2026,firm_2,ir_operational,1.0
4,0.3,49.0,150,5,moderate,1.0,1304812608,20,2026,firm_2,ir_accuracy,1.0
4,0.3,49.0,150,5,moderate,1.0,1304812608,20,2026,firm_3,phi_operational,94.81255013136752
4,0.3,49.0,150,5,moderate,1.0,1304812608,20,2026,firm_3,phi_accuracy,-0.0278159705975937
4,0.3,49.0,150,5,moderate,1.0,1304812608,20,2026,firm_3,ir_operational,1.0
4,0.3,49.0,150,5,moderate,1.0,1304812608,20,2026,firm_3,ir_accuracy,0.0
4,0.3,49.0,150,5,moderate,1.0,1304812608,20,2026,_summary,v_op_N,332.8821099918696
4,0.3,49.0,150,5,moderate,1.0,1304812608,20,2026,_summary,v_acc_N,0.003978210104357505
4,0.3,49.0,150,5,moderate,1.0,1304812608,20,2026,_summary,spearman_rho,-0.8
4,0.3,49.0,150,5,moderate,1.0,1304812608,20,2026,_summary,payment_displacement,0.340777316326106
4,0.3,49.0,150,5,moderate,1.0,1304812608,20,2026,_summary,any_rank_reversal,1.0
4,0.3,49.0,150,5,moderate,1.0,1304812608,20,2026,_summary,efficiency_gap_op,0.0
4,0.3,49.0,150,5,moderate,1.0,3480095915,21,2026,firm_0,phi_operational,38.07049462268113
4,0.3,49.0,150,5,moderate,1.0,3480095915,21,2026,firm_0,phi_accuracy,0.008950762367113396
4,0.3,49.0,150,5,moderate,1.0,3480095915,21,2026,firm_0,ir_operational,1.0
4,0.3,49.0,150,5,moderate,1.0,3480095915,21,2026,firm_0,ir_accuracy,1.0
4,0.3,49.0,150,5,moderate,1.0,3480095915,21,2026,firm_1,phi_operational,105.19971679031754
4,0.3,49.0,150,5,moderate,1.0,3480095915,21,2026,firm_1,phi_accuracy,0.01071425522360327
4,0.3,49.0,150,5,moderate,1.0,3480095915,21,2026,firm_1,ir_operational,1.0
4,0.3,49.0,150,5,moderate,1.0,3480095915,21,2026,firm_1,ir_accuracy,1.0
4,0.3,49.0,150,5,moderate,1.0,3480095915,21,2026,firm_2,phi_operational,119.41716549304851
4,0.3,49.0,150,5,moderate,1.0,3480095915,21,2026,firm_2,phi_accuracy,0.059304605263073476
4,0.3,49.0,150,5,moderate,1.0,3480095915,21,2026,firm_2,ir_operational,1.0
4,0.3,49.0,150,5,moderate,1.0,3480095915,21,2026,firm_2,ir_accuracy,1.0
4,0.3,49.0,150,5,moderate,1.0,3480095915,21,2026,firm_3,phi_operational,119.45618208302258
4,0.3,49.0,150,5,moderate,1.0,3480095915,21,2026,firm_3,phi_accuracy,0.0005251338238017218
4,0.3,49.0,150,5,moderate,1.0,3480095915,21,2026,firm_3,ir_operational,1.0
4,0.3,49.0,150,5,moderate,1.0,3480095915,21,2026,firm_3,ir_accuracy,1.0
4,0.3,49.0,150,5,moderate,1.0,3480095915,21,2026,_summary,v_op_N,382.1435589890698
4,0.3,49.0,150,5,moderate,1.0,3480095915,21,2026,_summary,v_acc_N,0.07949475667759187
4,0.3,49.0,150,5,moderate,1.0,3480095915,21,2026,_summary,spearman_rho,-0.19999999999999996
4,0.3,49.0,150,5,moderate,1.0,3480095915,21,2026,_summary,payment_displacement,0.22324911385902302
4,0.3,49.0,150,5,moderate,1.0,3480095915,21,2026,_summary,any_rank_reversal,1.0
4,0.3,49.0,150,5,moderate,1.0,3480095915,21,2026,_summary,efficiency_gap_op,0.0
4,0.3,49.0,150,5,moderate,1.0,3935144854,22,2026,firm_0,phi_operational,107.6518351828056
4,0.3,49.0,150,5,moderate,1.0,3935144854,22,2026,firm_0,phi_accuracy,0.03642660807276861
4,0.3,49.0,150,5,moderate,1.0,3935144854,22,2026,firm_0,ir_operational,1.0
4,0.3,49.0,150,5,moderate,1.0,3935144854,22,2026,firm_0,ir_accuracy,1.0
4,0.3,49.0,150,5,moderate,1.0,3935144854,22,2026,firm_1,phi_operational,15.747894766303258
4,0.3,49.0,150,5,moderate,1.0,3935144854,22,2026,firm_1,phi_accuracy,0.06853525649124118
4,0.3,49.0,150,5,moderate,1.0,3935144854,22,2026,firm_1,ir_operational,1.0
4,0.3,49.0,150,5,moderate,1.0,3935144854,22,2026,firm_1,ir_accuracy,1.0
4,0.3,49.0,150,5,moderate,1.0,3935144854,22,2026,firm_2,phi_operational,123.79766901661931
4,0.3,49.0,150,5,moderate,1.0,3935144854,22,2026,firm_2,phi_accuracy,0.09699829455169325
4,0.3,49.0,150,5,moderate,1.0,3935144854,22,2026,firm_2,ir_operational,1.0
4,0.3,49.0,150,5,moderate,1.0,3935144854,22,2026,firm_2,ir_accuracy,1.0
4,0.3,49.0,150,5,moderate,1.0,3935144854,22,2026,firm_3,phi_operational,72.44088756301417
4,0.3,49.0,150,5,moderate,1.0,3935144854,22,2026,firm_3,phi_accuracy,0.02159096202847125
4,0.3,49.0,150,5,moderate,1.0,3935144854,22,2026,firm_3,ir_operational,1.0
4,0.3,49.0,150,5,moderate,1.0,3935144854,22,2026,firm_3,ir_accuracy,1.0
4,0.3,49.0,150,5,moderate,1.0,3935144854,22,2026,_summary,v_op_N,319.63828652874236
4,0.3,49.0,150,5,moderate,1.0,3935144854,22,2026,_summary,v_acc_N,0.2235511211441743
4,0.3,49.0,150,5,moderate,1.0,3935144854,22,2026,_summary,spearman_rho,0.4
4,0.3,49.0,150,5,moderate,1.0,3935144854,22,2026,_summary,payment_displacement,0.151949774336331
4,0.3,49.0,150,5,moderate,1.0,3935144854,22,2026,_summary,any_rank_reversal,1.0
4,0.3,49.0,150,5,moderate,1.0,3935144854,22,2026,_summary,efficiency_gap_op,0.0
4,0.3,49.0,150,5,moderate,1.0,2743796289,23,2026,firm_0,phi_operational,109.75690281130194
4,0.3,49.0,150,5,moderate,1.0,2743796289,23,2026,firm_0,phi_accuracy,-0.016640875967284287
4,0.3,49.0,150,5,moderate,1.0,2743796289,23,2026,firm_0,ir_operational,1.0
4,0.3,49.0,150,5,moderate,1.0,2743796289,23,2026,firm_0,ir_accuracy,0.0
4,0.3,49.0,150,5,moderate,1.0,2743796289,23,2026,firm_1,phi_operational,80.13202495857345
4,0.3,49.0,150,5,moderate,1.0,2743796289,23,2026,firm_1,phi_accuracy,-0.018207843047721124
4,0.3,49.0,150,5,moderate,1.0,2743796289,23,2026,firm_1,ir_operational,1.0
4,0.3,49.0,150,5,moderate,1.0,2743796289,23,2026,firm_1,ir_accuracy,0.0
4,0.3,49.0,150,5,moderate,1.0,2743796289,23,2026,firm_2,phi_operational,112.94966006905179
4,0.3,49.0,150,5,moderate,1.0,2743796289,23,2026,firm_2,phi_accuracy,-0.04981414474884042
4,0.3,49.0,150,5,moderate,1.0,2743796289,23,2026,firm_2,ir_operational,1.0
4,0.3,49.0,150,5,moderate,1.0,2743796289,23,2026,firm_2,ir_accuracy,0.0
4,0.3,49.0,150,5,moderate,1.0,2743796289,23,2026,firm_3,phi_operational,83.53695899316288
4,0.3,49.0,150,5,moderate,1.0,2743796289,23,2026,firm_3,phi_accuracy,-0.007435508679841403
4,0.3,49.0,150,5,moderate,1.0,2743796289,23,2026,firm_3,ir_operational,1.0
4,0.3,49.0,150,5,moderate,1.0,2743796289,23,2026,firm_3,ir_accuracy,0.0
4,0.3,49.0,150,5,moderate,1.0,2743796289,23,2026,_summary,v_op_N,386.3755468320901
4,0.3,49.0,150,5,moderate,1.0,2743796289,23,2026,_summary,v_acc_N,-0.09209837244368724
4,0.3,49.0,150,5,moderate,1.0,2743796289,23,2026,_summary,spearman_rho,-0.3999999999999999
4,0.3,49.0,150,5,moderate,1.0,2743796289,23,2026,_summary,payment_displacement,0.49999999999728484
4,0.3,49.0,150,5,moderate,1.0,2743796289,23,2026,_summary,any_rank_reversal,1.0
4,0.3,49.0,150,5,moderate,1.0,2743796289,23,2026,_summary,efficiency_gap_op,0.0
4,0.3,49.0,150,5,moderate,1.0,2811814908,24,2026,firm_0,phi_operational,103.22996475485975
4,0.3,49.0,150,5,moderate,1.0,2811814908,24,2026,firm_0,phi_accuracy,0.008510127571743622
4,0.3,49.0,150,5,moderate,1.0,2811814908,24,2026,firm_0,ir_operational,1.0
4,0.3,49.0,150,5,moderate,1.0,2811814908,24,2026,firm_0,ir_accuracy,1.0
4,0.3,49.0,150,5,moderate,1.0,2811814908,24,2026,firm_1,phi_operational,86.64613451485673
4,0.3,49.0,150,5,moderate,1.0,2811814908,24,2026,firm_1,phi_accuracy,0.021747158996157208
4,0.3,49.0,150,5,moderate,1.0,2811814908,24,2026,firm_1,ir_operational,1.0
4,0.3,49.0,150,5,moderate,1.0,2811814908,24,2026,firm_1,ir_accuracy,1.0
4,0.3,49.0,150,5,moderate,1.0,2811814908,24,2026,firm_2,phi_operational,68.63240101293721
4,0.3,49.0,150,5,moderate,1.0,2811814908,24,2026,firm_2,phi_accuracy,0.016296156753212155
4,0.3,49.0,150,5,moderate,1.0,2811814908,24,2026,firm_2,ir_operational,1.0
4,0.3,49.0,150,5,moderate,1.0,2811814908,24,2026,firm_2,ir_accuracy,1.0
4,0.3,49.0,150,5,moderate,1.0,2811814908,24,2026,firm_3,phi_operational,56.94745747792274
4,0.3,49.0,150,5,moderate,1.0,2811814908,24,2026,firm_3,phi_accuracy,-0.0174425458822297
4,0.3,49.0,150,5,moderate,1.0,2811814908,24,2026,firm_3,ir_operational,1.0
4,0.3,49.0,150,5,moderate,1.0,2811814908,24,2026,firm_3,ir_accuracy,0.0
4,0.3,49.0,150,5,moderate,1.0,2811814908,24,2026,_summary,v_op_N,315.45595776057644
4,0.3,49.0,150,5,moderate,1.0,2811814908,24,2026,_summary,v_acc_N,0.029110897438883288
4,0.3,49.0,150,5,moderate,1.0,2811814908,24,2026,_summary,spearman_rho,0.4
4,0.3,49.0,150,5,moderate,1.0,2811814908,24,2026,_summary,payment_displacement,0.1873928471567328
4,0.3,49.0,150,5,moderate,1.0,2811814908,24,2026,_summary,any_rank_reversal,1.0
4,0.3,49.0,150,5,moderate,1.0,2811814908,24,2026,_summary,efficiency_gap_op,0.0
4,0.3,49.0,150,5,moderate,1.0,2336829939,25,2026,firm_0,phi_operational,16.594088093835676
4,0.3,49.0,150,5,moderate,1.0,2336829939,25,2026,firm_0,phi_accuracy,-0.012334187141802675
4,0.3,49.0,150,5,moderate,1.0,2336829939,25,2026,firm_0,ir_operational,1.0
4,0.3,49.0,150,5,moderate,1.0,2336829939,25,2026,firm_0,ir_accuracy,0.0
4,0.3,49.0,150,5,moderate,1.0,2336829939,25,2026,firm_1,phi_operational,23.78082034851705
4,0.3,49.0,150,5,moderate,1.0,2336829939,25,2026,firm_1,phi_accuracy,0.0005570702435892156
4,0.3,49.0,150,5,moderate,1.0,2336829939,25,2026,firm_1,ir_operational,1.0
4,0.3,49.0,150,5,moderate,1.0,2336829939,25,2026,firm_1,ir_accuracy,1.0
4,0.3,49.0,150,5,moderate,1.0,2336829939,25,2026,firm_2,phi_operational,34.044929989807756
4,0.3,49.0,150,5,moderate,1.0,2336829939,25,2026,firm_2,phi_accuracy,-0.015158892312734151
4,0.3,49.0,150,5,moderate,1.0,2336829939,25,2026,firm_2,ir_operational,1.0
4,0.3,49.0,150,5,moderate,1.0,2336829939,25,2026,firm_2,ir_accuracy,0.0
4,0.3,49.0,150,5,moderate,1.0,2336829939,25,2026,firm_3,phi_operational,30.208182861960093
4,0.3,49.0,150,5,moderate,1.0,2336829939,25,2026,firm_3,phi_accuracy,-0.025709988805859525
4,0.3,49.0,150,5,moderate,1.0,2336829939,25,2026,firm_3,ir_operational,1.0
4,0.3,49.0,150,5,moderate,1.0,2336829939,25,2026,firm_3,ir_accuracy,0.0
4,0.3,49.0,150,5,moderate,1.0,2336829939,25,2026,_summary,v_op_N,104.62802129412057
4,0.3,49.0,150,5,moderate,1.0,2336829939,25,2026,_summary,v_acc_N,-0.05264599801680714
4,0.3,49.0,150,5,moderate,1.0,2336829939,25,2026,_summary,spearman_rho,-0.6000000000000001
4,0.3,49.0,150,5,moderate,1.0,2336829939,25,2026,_summary,payment_displacement,0.4948189284888299
4,0.3,49.0,150,5,moderate,1.0,2336829939,25,2026,_summary,any_rank_reversal,1.0
4,0.3,49.0,150,5,moderate,1.0,2336829939,25,2026,_summary,efficiency_gap_op,0.0
4,0.3,49.0,150,5,moderate,1.0,1723463370,26,2026,firm_0,phi_operational,114.58494705100114
4,0.3,49.0,150,5,moderate,1.0,1723463370,26,2026,firm_0,phi_accuracy,0.02238609053443147
4,0.3,49.0,150,5,moderate,1.0,1723463370,26,2026,firm_0,ir_operational,1.0
4,0.3,49.0,150,5,moderate,1.0,1723463370,26,2026,firm_0,ir_accuracy,1.0
4,0.3,49.0,150,5,moderate,1.0,1723463370,26,2026,firm_1,phi_operational,61.896823421613696
4,0.3,49.0,150,5,moderate,1.0,1723463370,26,2026,firm_1,phi_accuracy,-0.014530101078698657
4,0.3,49.0,150,5,moderate,1.0,1723463370,26,2026,firm_1,ir_operational,1.0
4,0.3,49.0,150,5,moderate,1.0,1723463370,26,2026,firm_1,ir_accuracy,0.0
4,0.3,49.0,150,5,moderate,1.0,1723463370,26,2026,firm_2,phi_operational,46.522437039552905
4,0.3,49.0,150,5,moderate,1.0,1723463370,26,2026,firm_2,phi_accuracy,-0.005483111140210809
4,0.3,49.0,150,5,moderate,1.0,1723463370,26,2026,firm_2,ir_operational,1.0
4,0.3,49.0,150,5,moderate,1.0,1723463370,26,2026,firm_2,ir_accuracy,0.0
4,0.3,49.0,150,5,moderate,1.0,1723463370,26,2026,firm_3,phi_operational,125.4813668094271
4,0.3,49.0,150,5,moderate,1.0,1723463370,26,2026,firm_3,phi_accuracy,-0.003404662464102518
4,0.3,49.0,150,5,moderate,1.0,1723463370,26,2026,firm_3,ir_operational,1.0
4,0.3,49.0,150,5,moderate,1.0,1723463370,26,2026,firm_3,ir_accuracy,0.0
4,0.3,49.0,150,5,moderate,1.0,1723463370,26,2026,_summary,v_op_N,348.48557432159487
4,0.3,49.0,150,5,moderate,1.0,1723463370,26,2026,_summary,v_acc_N,-0.0010317841485805168
4,0.3,49.0,150,5,moderate,1.0,1723463370,26,2026,_summary,spearman_rho,0.6
4,0.3,49.0,150,5,moderate,1.0,1723463370,26,2026,_summary,payment_displacement,0.33559585317430907
4,0.3,49.0,150,5,moderate,1.0,1723463370,26,2026,_summary,any_rank_reversal,1.0
4,0.3,49.0,150,5,moderate,1.0,1723463370,26,2026,_summary,efficiency_gap_op,0.0
4,0.3,49.0,150,5,moderate,1.0,3904460394,27,2026,firm_0,phi_operational,-152.39210222604825
4,0.3,49.0,150,5,moderate,1.0,3904460394,27,2026,firm_0,phi_accuracy,-0.062104457688188675
4,0.3,49.0,150,5,moderate,1.0,3904460394,27,2026,firm_0,ir_operational,0.0
4,0.3,49.0,150,5,moderate,1.0,3904460394,27,2026,firm_0,ir_accuracy,0.0
4,0.3,49.0,150,5,moderate,1.0,3904460394,27,2026,firm_1,phi_operational,89.8533962274721
4,0.3,49.0,150,5,moderate,1.0,3904460394,27,2026,firm_1,phi_accuracy,0.01765044122798415
4,0.3,49.0,150,5,moderate,1.0,3904460394,27,2026,firm_1,ir_operational,1.0
4,0.3,49.0,150,5,moderate,1.0,3904460394,27,2026,firm_1,ir_accuracy,1.0
4,0.3,49.0,150,5,moderate,1.0,3904460394,27,2026,firm_2,phi_operational,40.859366745807094
4,0.3,49.0,150,5,moderate,1.0,3904460394,27,2026,firm_2,phi_accuracy,-0.010706814518468425
4,0.3,49.0,150,5,moderate,1.0,3904460394,27,2026,firm_2,ir_operational,1.0
4,0.3,49.0,150,5,moderate,1.0,3904460394,27,2026,firm_2,ir_accuracy,0.0
4,0.3,49.0,150,5,moderate,1.0,3904460394,27,2026,firm_3,phi_operational,12.08705624295021
4,0.3,49.0,150,5,moderate,1.0,3904460394,27,2026,firm_3,phi_accuracy,-0.003902754228694812
4,0.3,49.0,150,5,moderate,1.0,3904460394,27,2026,firm_3,ir_operational,1.0
4,0.3,49.0,150,5,moderate,1.0,3904460394,27,2026,firm_3,ir_accuracy,0.0
4,0.3,49.0,150,5,moderate,1.0,3904460394,27,2026,_summary,v_op_N,-9.592283009818857
4,0.3,49.0,150,5,moderate,1.0,3904460394,27,2026,_summary,v_acc_N,-0.059063585207367764
4,0.3,49.0,150,5,moderate,1.0,3904460394,27,2026,_summary,spearman_rho,0.8
4,0.3,49.0,150,5,moderate,1.0,3904460394,27,2026,_summary,payment_displacement,0.14835352314404687
4,0.3,49.0,150,5,moderate,1.0,3904460394,27,2026,_summary,any_rank_reversal,1.0
4,0.3,49.0,150,5,moderate,1.0,3904460394,27,2026,_summary,efficiency_gap_op,1.2434497875801753e-14
4,0.3,49.0,150,5,moderate,1.0,2959230331,28,2026,firm_0,phi_operational,47.23499685945391
4,0.3,49.0,150,5,moderate,1.0,2959230331,28,2026,firm_0,phi_accuracy,0.030566331800013374
4,0.3,49.0,150,5,moderate,1.0,2959230331,28,2026,firm_0,ir_operational,1.0
4,0.3,49.0,150,5,moderate,1.0,2959230331,28,2026,firm_0,ir_accuracy,1.0
4,0.3,49.0,150,5,moderate,1.0,2959230331,28,2026,firm_1,phi_operational,18.110977510678744
4,0.3,49.0,150,5,moderate,1.0,2959230331,28,2026,firm_1,phi_accuracy,-0.012262154807997565
4,0.3,49.0,150,5,moderate,1.0,2959230331,28,2026,firm_1,ir_operational,1.0
4,0.3,49.0,150,5,moderate,1.0,2959230331,28,2026,firm_1,ir_accuracy,0.0
4,0.3,49.0,150,5,moderate,1.0,2959230331,28,2026,firm_2,phi_operational,38.42117374280497
4,0.3,49.0,150,5,moderate,1.0,2959230331,28,2026,firm_2,phi_accuracy,-0.017189866760295214
4,0.3,49.0,150,5,moderate,1.0,2959230331,28,2026,firm_2,ir_operational,1.0
4,0.3,49.0,150,5,moderate,1.0,2959230331,28,2026,firm_2,ir_accuracy,0.0
4,0.3,49.0,150,5,moderate,1.0,2959230331,28,2026,firm_3,phi_operational,31.014474565197965
4,0.3,49.0,150,5,moderate,1.0,2959230331,28,2026,firm_3,phi_accuracy,-0.0061779409903492954
4,0.3,49.0,150,5,moderate,1.0,2959230331,28,2026,firm_3,ir_operational,1.0
4,0.3,49.0,150,5,moderate,1.0,2959230331,28,2026,firm_3,ir_accuracy,0.0
4,0.3,49.0,150,5,moderate,1.0,2959230331,28,2026,_summary,v_op_N,134.7816226781356
4,0.3,49.0,150,5,moderate,1.0,2959230331,28,2026,_summary,v_acc_N,-0.005063630758628701
4,0.3,49.0,150,5,moderate,1.0,2959230331,28,2026,_summary,spearman_rho,0.4
4,0.3,49.0,150,5,moderate,1.0,2959230331,28,2026,_summary,payment_displacement,0.32477211684388396
4,0.3,49.0,150,5,moderate,1.0,2959230331,28,2026,_summary,any_rank_reversal,1.0
4,0.3,49.0,150,5,moderate,1.0,2959230331,28,2026,_summary,efficiency_gap_op,0.0
4,0.3,49.0,150,5,moderate,1.0,752012350,29,2026,firm_0,phi_operational,85.281350222421
4,0.3,49.0,150,5,moderate,1.0,752012350,29,2026,firm_0,phi_accuracy,0.007352462677558808
4,0.3,49.0,150,5,moderate,1.0,752012350,29,2026,firm_0,ir_operational,1.0
4,0.3,49.0,150,5,moderate,1.0,752012350,29,2026,firm_0,ir_accuracy,1.0
4,0.3,49.0,150,5,moderate,1.0,752012350,29,2026,firm_1,phi_operational,86.50386596096958
4,0.3,49.0,150,5,moderate,1.0,752012350,29,2026,firm_1,phi_accuracy,0.042157479037400636
4,0.3,49.0,150,5,moderate,1.0,752012350,29,2026,firm_1,ir_operational,1.0
4,0.3,49.0,150,5,moderate,1.0,752012350,29,2026,firm_1,ir_accuracy,1.0
4,0.3,49.0,150,5,moderate,1.0,752012350,29,2026,firm_2,phi_operational,36.803590001917584
4,0.3,49.0,150,5,moderate,1.0,752012350,29,2026,firm_2,phi_accuracy,0.007274500098453762
4,0.3,49.0,150,5,moderate,1.0,752012350,29,2026,firm_2,ir_operational,1.0
4,0.3,49.0,150,5,moderate,1.0,752012350,29,2026,firm_2,ir_accuracy,1.0
4,0.3,49.0,150,5,moderate,1.0,752012350,29,2026,firm_3,phi_operational,53.75122046855017
4,0.3,49.0,150,5,moderate,1.0,752012350,29,2026,firm_3,phi_accuracy,0.008518653770285193
4,0.3,49.0,150,5,moderate,1.0,752012350,29,2026,firm_3,ir_operational,1.0
4,0.3,49.0,150,5,moderate,1.0,752012350,29,2026,firm_3,ir_accuracy,1.0
4,0.3,49.0,150,5,moderate,1.0,752012350,29,2026,_summary,v_op_N,262.34002665385833
4,0.3,49.0,150,5,moderate,1.0,752012350,29,2026,_summary,v_acc_N,0.0653030955836984
4,0.3,49.0,150,5,moderate,1.0,752012350,29,2026,_summary,spearman_rho,0.8
4,0.3,49.0,150,5,moderate,1.0,752012350,29,2026,_summary,payment_displacement,0.15791341572440534
4,0.3,49.0,150,5,moderate,1.0,752012350,29,2026,_summary,any_rank_reversal,1.0
4,0.3,49.0,150,5,moderate,1.0,752012350,29,2026,_summary,efficiency_gap_op,0.0
4,0.6,1.0,150,5,moderate,1.0,2570783391,0,2026,firm_0,phi_operational,0.650749090727037
4,0.6,1.0,150,5,moderate,1.0,2570783391,0,2026,firm_0,phi_accuracy,0.01407211465460767
4,0.6,1.0,150,5,moderate,1.0,2570783391,0,2026,firm_0,ir_operational,1.0
4,0.6,1.0,150,5,moderate,1.0,2570783391,0,2026,firm_0,ir_accuracy,1.0
4,0.6,1.0,150,5,moderate,1.0,2570783391,0,2026,firm_1,phi_operational,-1.7381019788187662
4,0.6,1.0,150,5,moderate,1.0,2570783391,0,2026,firm_1,phi_accuracy,0.0192745272254499
4,0.6,1.0,150,5,moderate,1.0,2570783391,0,2026,firm_1,ir_operational,0.0
4,0.6,1.0,150,5,moderate,1.0,2570783391,0,2026,firm_1,ir_accuracy,1.0
4,0.6,1.0,150,5,moderate,1.0,2570783391,0,2026,firm_2,phi_operational,1.534773596920033
4,0.6,1.0,150,5,moderate,1.0,2570783391,0,2026,firm_2,phi_accuracy,0.0022446344836642247
4,0.6,1.0,150,5,moderate,1.0,2570783391,0,2026,firm_2,ir_operational,1.0
4,0.6,1.0,150,5,moderate,1.0,2570783391,0,2026,firm_2,ir_accuracy,1.0
4,0.6,1.0,150,5,moderate,1.0,2570783391,0,2026,firm_3,phi_operational,-3.2830966445714864
4,0.6,1.0,150,5,moderate,1.0,2570783391,0,2026,firm_3,phi_accuracy,0.010238494098016285
4,0.6,1.0,150,5,moderate,1.0,2570783391,0,2026,firm_3,ir_operational,0.0
4,0.6,1.0,150,5,moderate,1.0,2570783391,0,2026,firm_3,ir_accuracy,1.0
4,0.6,1.0,150,5,moderate,1.0,2570783391,0,2026,_summary,v_op_N,-2.8356759357431827
4,0.6,1.0,150,5,moderate,1.0,2570783391,0,2026,_summary,v_acc_N,0.045829770461738084
4,0.6,1.0,150,5,moderate,1.0,2570783391,0,2026,_summary,spearman_rho,-0.3999999999999999
4,0.6,1.0,150,5,moderate,1.0,2570783391,0,2026,_summary,payment_displacement,0.43036241269428155
4,0.6,1.0,150,5,moderate,1.0,2570783391,0,2026,_summary,any_rank_reversal,1.0
4,0.6,1.0,150,5,moderate,1.0,2570783391,0,2026,_summary,efficiency_gap_op,0.0
4,0.6,1.0,150,5,moderate,1.0,310893795,1,2026,firm_0,phi_operational,3.012354071759584
4,0.6,1.0,150,5,moderate,1.0,310893795,1,2026,firm_0,phi_accuracy,0.02335307285519489
4,0.6,1.0,150,5,moderate,1.0,310893795,1,2026,firm_0,ir_operational,1.0
4,0.6,1.0,150,5,moderate,1.0,310893795,1,2026,firm_0,ir_accuracy,1.0
4,0.6,1.0,150,5,moderate,1.0,310893795,1,2026,firm_1,phi_operational,1.6624141281580005
4,0.6,1.0,150,5,moderate,1.0,310893795,1,2026,firm_1,phi_accuracy,0.07224872887469352
4,0.6,1.0,150,5,moderate,1.0,310893795,1,2026,firm_1,ir_operational,1.0
4,0.6,1.0,150,5,moderate,1.0,310893795,1,2026,firm_1,ir_accuracy,1.0
4,0.6,1.0,150,5,moderate,1.0,310893795,1,2026,firm_2,phi_operational,3.462693970680258
4,0.6,1.0,150,5,moderate,1.0,310893795,1,2026,firm_2,phi_accuracy,0.044774407633604275
4,0.6,1.0,150,5,moderate,1.0,310893795,1,2026,firm_2,ir_operational,1.0
4,0.6,1.0,150,5,moderate,1.0,310893795,1,2026,firm_2,ir_accuracy,1.0
4,0.6,1.0,150,5,moderate,1.0,310893795,1,2026,firm_3,phi_operational,1.258943202333853
4,0.6,1.0,150,5,moderate,1.0,310893795,1,2026,firm_3,phi_accuracy,0.02528130470423719
4,0.6,1.0,150,5,moderate,1.0,310893795,1,2026,firm_3,ir_operational,1.0
4,0.6,1.0,150,5,moderate,1.0,310893795,1,2026,firm_3,ir_accuracy,1.0
4,0.6,1.0,150,5,moderate,1.0,310893795,1,2026,_summary,v_op_N,9.396405372931696
4,0.6,1.0,150,5,moderate,1.0,310893795,1,2026,_summary,v_acc_N,0.16565751406772988
4,0.6,1.0,150,5,moderate,1.0,310893795,1,2026,_summary,spearman_rho,0.0
4,0.6,1.0,150,5,moderate,1.0,310893795,1,2026,_summary,payment_displacement,0.13892170852658092
4,0.6,1.0,150,5,moderate,1.0,310893795,1,2026,_summary,any_rank_reversal,1.0
4,0.6,1.0,150,5,moderate,1.0,310893795,1,2026,_summary,efficiency_gap_op,0.0
4,0.6,1.0,150,5,moderate,1.0,1257026707,2,2026,firm_0,phi_operational,-0.2185653072770132
4,0.6,1.0,150,5,moderate,1.0,1257026707,2,2026,firm_0,phi_accuracy,0.007165523106402995
4,0.6,1.0,150,5,moderate,1.0,1257026707,2,2026,firm_0,ir_operational,0.0
4,0.6,1.0,150,5,moderate,1.0,1257026707,2,2026,firm_0,ir_accuracy,1.0
4,0.6,1.0,150,5,moderate,1.0,1257026707,2,2026,firm_1,phi_operational,0.14087448659463087
4,0.6,1.0,150,5,moderate,1.0,1257026707,2,2026,firm_1,phi_accuracy,0.0028809741619085496
4,0.6,1.0,150,5,moderate,1.0,1257026707,2,2026,firm_1,ir_operational,1.0
4,0.6,1.0,150,5,moderate,1.0,1257026707,2,2026,firm_1,ir_accuracy,1.0
4,0.6,1.0,150,5,moderate,1.0,1257026707,2,2026,firm_2,phi_operational,4.2116144503876045
4,0.6,1.0,150,5,moderate,1.0,1257026707,2,2026,firm_2,phi_accuracy,0.04333263829364123
4,0.6,1.0,150,5,moderate,1.0,1257026707,2,2026,firm_2,ir_operational,1.0
4,0.6,1.0,150,5,moderate,1.0,1257026707,2,2026,firm_2,ir_accuracy,1.0
4,0.6,1.0,150,5,moderate,1.0,1257026707,2,2026,firm_3,phi_operational,2.3329243910041413
4,0.6,1.0,150,5,moderate,1.0,1257026707,2,2026,firm_3,phi_accuracy,0.0549008614261643
4,0.6,1.0,150,5,moderate,1.0,1257026707,2,2026,firm_3,ir_operational,1.0
4,0.6,1.0,150,5,moderate,1.0,1257026707,2,2026,firm_3,ir_accuracy,1.0
4,0.6,1.0,150,5,moderate,1.0,1257026707,2,2026,_summary,v_op_N,6.466848020709364
4,0.6,1.0,150,5,moderate,1.0,1257026707,2,2026,_summary,v_acc_N,0.10827999698811708
4,0.6,1.0,150,5,moderate,1.0,1257026707,2,2026,_summary,spearman_rho,0.6
4,0.6,1.0,150,5,moderate,1.0,1257026707,2,2026,_summary,payment_displacement,0.12074721030029323
4,0.6,1.0,150,5,moderate,1.0,1257026707,2,2026,_summary,any_rank_reversal,1.0
4,0.6,1.0,150,5,moderate,1.0,1257026707,2,2026,_summary,efficiency_gap_op,0.0
4,0.6,1.0,150,5,moderate,1.0,2479665640,3,2026,firm_0,phi_operational,-1.2885245750637275
4,0.6,1.0,150,5,moderate,1.0,2479665640,3,2026,firm_0,phi_accuracy,0.009905575392144927
4,0.6,1.0,150,5,moderate,1.0,2479665640,3,2026,firm_0,ir_operational,0.0
4,0.6,1.0,150,5,moderate,1.0,2479665640,3,2026,firm_0,ir_accuracy,1.0
4,0.6,1.0,150,5,moderate,1.0,2479665640,3,2026,firm_1,phi_operational,-1.6996021539946706
4,0.6,1.0,150,5,moderate,1.0,2479665640,3,2026,firm_1,phi_accuracy,0.0035557437312568694
4,0.6,1.0,150,5,moderate,1.0,2479665640,3,2026,firm_1,ir_operational,0.0
4,0.6,1.0,150,5,moderate,1.0,2479665640,3,2026,firm_1,ir_accuracy,1.0
4,0.6,1.0,150,5,moderate,1.0,2479665640,3,2026,firm_2,phi_operational,-0.23389066186129048
4,0.6,1.0,150,5,moderate,1.0,2479665640,3,2026,firm_2,phi_accuracy,0.03110945078457903
4,0.6,1.0,150,5,moderate,1.0,2479665640,3,2026,firm_2,ir_operational,0.0
4,0.6,1.0,150,5,moderate,1.0,2479665640,3,2026,firm_2,ir_accuracy,1.0
4,0.6,1.0,150,5,moderate,1.0,2479665640,3,2026,firm_3,phi_operational,-0.048268181170556076
4,0.6,1.0,150,5,moderate,1.0,2479665640,3,2026,firm_3,phi_accuracy,0.026557103974903608
4,0.6,1.0,150,5,moderate,1.0,2479665640,3,2026,firm_3,ir_operational,0.0
4,0.6,1.0,150,5,moderate,1.0,2479665640,3,2026,firm_3,ir_accuracy,1.0
4,0.6,1.0,150,5,moderate,1.0,2479665640,3,2026,_summary,v_op_N,-3.270285572090245
4,0.6,1.0,150,5,moderate,1.0,2479665640,3,2026,_summary,v_acc_N,0.07112787388288444
4,0.6,1.0,150,5,moderate,1.0,2479665640,3,2026,_summary,spearman_rho,0.8
4,0.6,1.0,150,5,moderate,1.0,2479665640,3,2026,_summary,payment_displacement,0.49999999999640865
4,0.6,1.0,150,5,moderate,1.0,2479665640,3,2026,_summary,any_rank_reversal,1.0
4,0.6,1.0,150,5,moderate,1.0,2479665640,3,2026,_summary,efficiency_gap_op,0.0
4,0.6,1.0,150,5,moderate,1.0,487087493,4,2026,firm_0,phi_operational,2.3559663731794274
4,0.6,1.0,150,5,moderate,1.0,487087493,4,2026,firm_0,phi_accuracy,0.05542348644722284
4,0.6,1.0,150,5,moderate,1.0,487087493,4,2026,firm_0,ir_operational,1.0
4,0.6,1.0,150,5,moderate,1.0,487087493,4,2026,firm_0,ir_accuracy,1.0
4,0.6,1.0,150,5,moderate,1.0,487087493,4,2026,firm_1,phi_operational,0.7493169120291393
4,0.6,1.0,150,5,moderate,1.0,487087493,4,2026,firm_1,phi_accuracy,0.05878040709363823
4,0.6,1.0,150,5,moderate,1.0,487087493,4,2026,firm_1,ir_operational,1.0
4,0.6,1.0,150,5,moderate,1.0,487087493,4,2026,firm_1,ir_accuracy,1.0
4,0.6,1.0,150,5,moderate,1.0,487087493,4,2026,firm_2,phi_operational,1.4326589561182363
4,0.6,1.0,150,5,moderate,1.0,487087493,4,2026,firm_2,phi_accuracy,0.01464395300379224
4,0.6,1.0,150,5,moderate,1.0,487087493,4,2026,firm_2,ir_operational,1.0
4,0.6,1.0,150,5,moderate,1.0,487087493,4,2026,firm_2,ir_accuracy,1.0
4,0.6,1.0,150,5,moderate,1.0,487087493,4,2026,firm_3,phi_operational,0.3547301266996925
4,0.6,1.0,150,5,moderate,1.0,487087493,4,2026,firm_3,phi_accuracy,0.03745279627951857
4,0.6,1.0,150,5,moderate,1.0,487087493,4,2026,firm_3,ir_operational,1.0
4,0.6,1.0,150,5,moderate,1.0,487087493,4,2026,firm_3,ir_accuracy,1.0
4,0.6,1.0,150,5,moderate,1.0,487087493,4,2026,_summary,v_op_N,4.892672368026496
4,0.6,1.0,150,5,moderate,1.0,487087493,4,2026,_summary,v_acc_N,0.1663006428241719
4,0.6,1.0,150,5,moderate,1.0,487087493,4,2026,_summary,spearman_rho,0.0
4,0.6,1.0,150,5,moderate,1.0,487087493,4,2026,_summary,payment_displacement,0.17650844530740661
4,0.6,1.0,150,5,moderate,1.0,487087493,4,2026,_summary,any_rank_reversal,1.0
4,0.6,1.0,150,5,moderate,1.0,487087493,4,2026,_summary,efficiency_gap_op,0.0
4,0.6,1.0,150,5,moderate,1.0,471807980,5,2026,firm_0,phi_operational,0.473343613715258
4,0.6,1.0,150,5,moderate,1.0,471807980,5,2026,firm_0,phi_accuracy,0.029829980163526094
4,0.6,1.0,150,5,moderate,1.0,471807980,5,2026,firm_0,ir_operational,1.0
4,0.6,1.0,150,5,moderate,1.0,471807980,5,2026,firm_0,ir_accuracy,1.0
4,0.6,1.0,150,5,moderate,1.0,471807980,5,2026,firm_1,phi_operational,1.095032392307516
4,0.6,1.0,150,5,moderate,1.0,471807980,5,2026,firm_1,phi_accuracy,0.023462662959730853
4,0.6,1.0,150,5,moderate,1.0,471807980,5,2026,firm_1,ir_operational,1.0
4,0.6,1.0,150,5,moderate,1.0,471807980,5,2026,firm_1,ir_accuracy,1.0
4,0.6,1.0,150,5,moderate,1.0,471807980,5,2026,firm_2,phi_operational,-3.254062663668326
4,0.6,1.0,150,5,moderate,1.0,471807980,5,2026,firm_2,phi_accuracy,-0.016671908595284203
4,0.6,1.0,150,5,moderate,1.0,471807980,5,2026,firm_2,ir_operational,0.0
4,0.6,1.0,150,5,moderate,1.0,471807980,5,2026,firm_2,ir_accuracy,0.0
4,0.6,1.0,150,5,moderate,1.0,471807980,5,2026,firm_3,phi_operational,0.6533361121917001
4,0.6,1.0,150,5,moderate,1.0,471807980,5,2026,firm_3,phi_accuracy,0.0020162082794983513
4,0.6,1.0,150,5,moderate,1.0,471807980,5,2026,firm_3,ir_operational,1.0
4,0.6,1.0,150,5,moderate,1.0,471807980,5,2026,firm_3,ir_accuracy,1.0
4,0.6,1.0,150,5,moderate,1.0,471807980,5,2026,_summary,v_op_N,-1.032350545453852
4,0.6,1.0,150,5,moderate,1.0,471807980,5,2026,_summary,v_acc_N,0.0386369428074711
4,0.6,1.0,150,5,moderate,1.0,471807980,5,2026,_summary,spearman_rho,0.4
4,0.6,1.0,150,5,moderate,1.0,471807980,5,2026,_summary,payment_displacement,0.22697630220150344
4,0.6,1.0,150,5,moderate,1.0,471807980,5,2026,_summary,any_rank_reversal,1.0
4,0.6,1.0,150,5,moderate,1.0,471807980,5,2026,_summary,efficiency_gap_op,2.220446049250313e-16
4,0.6,1.0,150,5,moderate,1.0,1636736502,6,2026,firm_0,phi_operational,0.83433414519133
4,0.6,1.0,150,5,moderate,1.0,1636736502,6,2026,firm_0,phi_accuracy,-0.031407679218525844
4,0.6,1.0,150,5,moderate,1.0,1636736502,6,2026,firm_0,ir_operational,1.0
4,0.6,1.0,150,5,moderate,1.0,1636736502,6,2026,firm_0,ir_accuracy,0.0
4,0.6,1.0,150,5,moderate,1.0,1636736502,6,2026,firm_1,phi_operational,0.393271964091871
4,0.6,1.0,150,5,moderate,1.0,1636736502,6,2026,firm_1,phi_accuracy,-0.01747457803163474
4,0.6,1.0,150,5,moderate,1.0,1636736502,6,2026,firm_1,ir_operational,1.0
4,0.6,1.0,150,5,moderate,1.0,1636736502,6,2026,firm_1,ir_accuracy,0.0
4,0.6,1.0,150,5,moderate,1.0,1636736502,6,2026,firm_2,phi_operational,2.035171395813421
4,0.6,1.0,150,5,moderate,1.0,1636736502,6,2026,firm_2,phi_accuracy,-0.02355530161577652
4,0.6,1.0,150,5,moderate,1.0,1636736502,6,2026,firm_2,ir_operational,1.0
4,0.6,1.0,150,5,moderate,1.0,1636736502,6,2026,firm_2,ir_accuracy,0.0
4,0.6,1.0,150,5,moderate,1.0,1636736502,6,2026,firm_3,phi_operational,-0.1016217286217369
4,0.6,1.0,150,5,moderate,1.0,1636736502,6,2026,firm_3,phi_accuracy,0.019382912304288725
4,0.6,1.0,150,5,moderate,1.0,1636736502,6,2026,firm_3,ir_operational,0.0
4,0.6,1.0,150,5,moderate,1.0,1636736502,6,2026,firm_3,ir_accuracy,1.0
4,0.6,1.0,150,5,moderate,1.0,1636736502,6,2026,_summary,v_op_N,3.161155776474885
4,0.6,1.0,150,5,moderate,1.0,1636736502,6,2026,_summary,v_acc_N,-0.05305464656164838
4,0.6,1.0,150,5,moderate,1.0,1636736502,6,2026,_summary,spearman_rho,-0.8
4,0.6,1.0,150,5,moderate,1.0,1636736502,6,2026,_summary,payment_displacement,0.49999999999720296
4,0.6,1.0,150,5,moderate,1.0,1636736502,6,2026,_summary,any_rank_reversal,1.0
4,0.6,1.0,150,5,moderate,1.0,1636736502,6,2026,_summary,efficiency_gap_op,0.0
4,0.6,1.0,150,5,moderate,1.0,2143642109,7,2026,firm_0,phi_operational,-7.0365428035633215
4,0.6,1.0,150,5,moderate,1.0,2143642109,7,2026,firm_0,phi_accuracy,-0.02126715675827471
4,0.6,1.0,150,5,moderate,1.0,2143642109,7,2026,firm_0,ir_operational,0.0
4,0.6,1.0,150,5,moderate,1.0,2143642109,7,2026,firm_0,ir_accuracy,0.0
4,0.6,1.0,150,5,moderate,1.0,2143642109,7,2026,firm_1,phi_operational,-1.6754468509831448
4,0.6,1.0,150,5,moderate,1.0,2143642109,7,2026,firm_1,phi_accuracy,0.025790123077823968
4,0.6,1.0,150,5,moderate,1.0,2143642109,7,2026,firm_1,ir_operational,0.0
4,0.6,1.0,150,5,moderate,1.0,2143642109,7,2026,firm_1,ir_accuracy,1.0
4,0.6,1.0,150,5,moderate,1.0,2143642109,7,2026,firm_2,phi_operational,0.39827941960188207
4,0.6,1.0,150,5,moderate,1.0,2143642109,7,2026,firm_2,phi_accuracy,-0.0007997639459908505
4,0.6,1.0,150,5,moderate,1.0,2143642109,7,2026,firm_2,ir_operational,1.0
4,0.6,1.0,150,5,moderate,1.0,2143642109,7,2026,firm_2,ir_accuracy,0.0
4,0.6,1.0,150,5,moderate,1.0,2143642109,7,2026,firm_3,phi_operational,-0.7927891599292375
4,0.6,1.0,150,5,moderate,1.0,2143642109,7,2026,firm_3,phi_accuracy,0.04398175030628013
4,0.6,1.0,150,5,moderate,1.0,2143642109,7,2026,firm_3,ir_operational,0.0
4,0.6,1.0,150,5,moderate,1.0,2143642109,7,2026,firm_3,ir_accuracy,1.0
4,0.6,1.0,150,5,moderate,1.0,2143642109,7,2026,_summary,v_op_N,-9.106499394873822
4,0.6,1.0,150,5,moderate,1.0,2143642109,7,2026,_summary,v_acc_N,0.04770495267983854
4,0.6,1.0,150,5,moderate,1.0,2143642109,7,2026,_summary,spearman_rho,0.4
4,0.6,1.0,150,5,moderate,1.0,2143642109,7,2026,_summary,payment_displacement,0.38421474296535313
4,0.6,1.0,150,5,moderate,1.0,2143642109,7,2026,_summary,any_rank_reversal,1.0
4,0.6,1.0,150,5,moderate,1.0,2143642109,7,2026,_summary,efficiency_gap_op,0.0
4,0.6,1.0,150,5,moderate,1.0,1614863868,8,2026,firm_0,phi_operational,-1.4234873601940141
4,0.6,1.0,150,5,moderate,1.0,1614863868,8,2026,firm_0,phi_accuracy,0.014731932305810899
4,0.6,1.0,150,5,moderate,1.0,1614863868,8,2026,firm_0,ir_operational,0.0
4,0.6,1.0,150,5,moderate,1.0,1614863868,8,2026,firm_0,ir_accuracy,1.0
4,0.6,1.0,150,5,moderate,1.0,1614863868,8,2026,firm_1,phi_operational,1.477791459913611
4,0.6,1.0,150,5,moderate,1.0,1614863868,8,2026,firm_1,phi_accuracy,0.13247699420029657
4,0.6,1.0,150,5,moderate,1.0,1614863868,8,2026,firm_1,ir_operational,1.0
4,0.6,1.0,150,5,moderate,1.0,1614863868,8,2026,firm_1,ir_accuracy,1.0
4,0.6,1.0,150,5,moderate,1.0,1614863868,8,2026,firm_2,phi_operational,2.8359456463331654
4,0.6,1.0,150,5,moderate,1.0,1614863868,8,2026,firm_2,phi_accuracy,0.04178840365346973
4,0.6,1.0,150,5,moderate,1.0,1614863868,8,2026,firm_2,ir_operational,1.0
4,0.6,1.0,150,5,moderate,1.0,1614863868,8,2026,firm_2,ir_accuracy,1.0
4,0.6,1.0,150,5,moderate,1.0,1614863868,8,2026,firm_3,phi_operational,4.131533808055008
4,0.6,1.0,150,5,moderate,1.0,1614863868,8,2026,firm_3,phi_accuracy,0.06066522262012374
4,0.6,1.0,150,5,moderate,1.0,1614863868,8,2026,firm_3,ir_operational,1.0
4,0.6,1.0,150,5,moderate,1.0,1614863868,8,2026,firm_3,ir_accuracy,1.0
4,0.6,1.0,150,5,moderate,1.0,1614863868,8,2026,_summary,v_op_N,7.02178355410777
4,0.6,1.0,150,5,moderate,1.0,1614863868,8,2026,_summary,v_acc_N,0.24966255277970095
4,0.6,1.0,150,5,moderate,1.0,1614863868,8,2026,_summary,spearman_rho,0.4
4,0.6,1.0,150,5,moderate,1.0,1614863868,8,2026,_summary,payment_displacement,0.21994358330720287
4,0.6,1.0,150,5,moderate,1.0,1614863868,8,2026,_summary,any_rank_reversal,1.0
4,0.6,1.0,150,5,moderate,1.0,1614863868,8,2026,_summary,efficiency_gap_op,0.0
4,0.6,1.0,150,5,moderate,1.0,33224916,9,2026,firm_0,phi_operational,-1.467997800680107
4,0.6,1.0,150,5,moderate,1.0,33224916,9,2026,firm_0,phi_accuracy,0.001256399124901682
4,0.6,1.0,150,5,moderate,1.0,33224916,9,2026,firm_0,ir_operational,0.0
4,0.6,1.0,150,5,moderate,1.0,33224916,9,2026,firm_0,ir_accuracy,1.0
4,0.6,1.0,150,5,moderate,1.0,33224916,9,2026,firm_1,phi_operational,2.1794865895140534
4,0.6,1.0,150,5,moderate,1.0,33224916,9,2026,firm_1,phi_accuracy,0.02860441549161837
4,0.6,1.0,150,5,moderate,1.0,33224916,9,2026,firm_1,ir_operational,1.0
4,0.6,1.0,150,5,moderate,1.0,33224916,9,2026,firm_1,ir_accuracy,1.0
4,0.6,1.0,150,5,moderate,1.0,33224916,9,2026,firm_2,phi_operational,-1.5662714450654225
4,0.6,1.0,150,5,moderate,1.0,33224916,9,2026,firm_2,phi_accuracy,0.02593076147961996
4,0.6,1.0,150,5,moderate,1.0,33224916,9,2026,firm_2,ir_operational,0.0
4,0.6,1.0,150,5,moderate,1.0,33224916,9,2026,firm_2,ir_accuracy,1.0
4,0.6,1.0,150,5,moderate,1.0,33224916,9,2026,firm_3,phi_operational,-1.9330210957193283
4,0.6,1.0,150,5,moderate,1.0,33224916,9,2026,firm_3,phi_accuracy,-0.0023054085598139444
4,0.6,1.0,150,5,moderate,1.0,33224916,9,2026,firm_3,ir_operational,0.0
4,0.6,1.0,150,5,moderate,1.0,33224916,9,2026,firm_3,ir_accuracy,0.0
4,0.6,1.0,150,5,moderate,1.0,33224916,9,2026,_summary,v_op_N,-2.787803751950804
4,0.6,1.0,150,5,moderate,1.0,33224916,9,2026,_summary,v_acc_N,0.05348616753632607
4,0.6,1.0,150,5,moderate,1.0,33224916,9,2026,_summary,spearman_rho,0.8
4,0.6,1.0,150,5,moderate,1.0,33224916,9,2026,_summary,payment_displacement,0.3276785808903898
4,0.6,1.0,150,5,moderate,1.0,33224916,9,2026,_summary,any_rank_reversal,1.0
4,0.6,1.0,150,5,moderate,1.0,33224916,9,2026,_summary,efficiency_gap_op,4.440892098500626e-16
4,0.6,1.0,150,5,moderate,1.0,326173296,10,2026,firm_0,phi_operational,1.6541883244302298
4,0.6,1.0,150,5,moderate,1.0,326173296,10,2026,firm_0,phi_accuracy,-0.01232177955854489
4,0.6,1.0,150,5,moderate,1.0,326173296,10,2026,firm_0,ir_operational,1.0
4,0.6,1.0,150,5,moderate,1.0,326173296,10,2026,firm_0,ir_accuracy,0.0
4,0.6,1.0,150,5,moderate,1.0,326173296,10,2026,firm_1,phi_operational,-4.458457267508789
4,0.6,1.0,150,5,moderate,1.0,326173296,10,2026,firm_1,phi_accuracy,-0.02264440120487754
4,0.6,1.0,150,5,moderate,1.0,326173296,10,2026,firm_1,ir_operational,0.0
4,0.6,1.0,150,5,moderate,1.0,326173296,10,2026,firm_1,ir_accuracy,0.0
4,0.6,1.0,150,5,moderate,1.0,326173296,10,2026,firm_2,phi_operational,-4.304426080487078
4,0.6,1.0,150,5,moderate,1.0,326173296,10,2026,firm_2,phi_accuracy,-0.002043538799573271
4,0.6,1.0,150,5,moderate,1.0,326173296,10,2026,firm_2,ir_operational,0.0
4,0.6,1.0,150,5,moderate,1.0,326173296,10,2026,firm_2,ir_accuracy,0.0
4,0.6,1.0,150,5,moderate,1.0,326173296,10,2026,firm_3,phi_operational,2.255626941413645
4,0.6,1.0,150,5,moderate,1.0,326173296,10,2026,firm_3,phi_accuracy,-0.02802411980379249
4,0.6,1.0,150,5,moderate,1.0,326173296,10,2026,firm_3,ir_operational,1.0
4,0.6,1.0,150,5,moderate,1.0,326173296,10,2026,firm_3,ir_accuracy,0.0
4,0.6,1.0,150,5,moderate,1.0,326173296,10,2026,_summary,v_op_N,-4.853068082151992
4,0.6,1.0,150,5,moderate,1.0,326173296,10,2026,_summary,v_acc_N,-0.0650338393667882
4,0.6,1.0,150,5,moderate,1.0,326173296,10,2026,_summary,spearman_rho,-0.3999999999999999
4,0.6,1.0,150,5,moderate,1.0,326173296,10,2026,_summary,payment_displacement,0.3101915845277503
4,0.6,1.0,150,5,moderate,1.0,326173296,10,2026,_summary,any_rank_reversal,1.0
4,0.6,1.0,150,5,moderate,1.0,326173296,10,2026,_summary,efficiency_gap_op,8.881784197001252e-16
4,0.6,1.0,150,5,moderate,1.0,919571390,11,2026,firm_0,phi_operational,-0.25794539363167485
4,0.6,1.0,150,5,moderate,1.0,919571390,11,2026,firm_0,phi_accuracy,0.005392170166108952
4,0.6,1.0,150,5,moderate,1.0,919571390,11,2026,firm_0,ir_operational,0.0
4,0.6,1.0,150,5,moderate,1.0,919571390,11,2026,firm_0,ir_accuracy,1.0
4,0.6,1.0,150,5,moderate,1.0,919571390,11,2026,firm_1,phi_operational,1.2503614366621365
4,0.6,1.0,150,5,moderate,1.0,919571390,11,2026,firm_1,phi_accuracy,-0.004100784769840919
4,0.6,1.0,150,5,moderate,1.0,919571390,11,2026,firm_1,ir_operational,1.0
4,0.6,1.0,150,5,moderate,1.0,919571390,11,2026,firm_1,ir_accuracy,0.0
4,0.6,1.0,150,5,moderate,1.0,919571390,11,2026,firm_2,phi_operational,2.0492848439652533
4,0.6,1.0,150,5,moderate,1.0,919571390,11,2026,firm_2,phi_accuracy,-0.027125914057307132
4,0.6,1.0,150,5,moderate,1.0,919571390,11,2026,firm_2,ir_operational,1.0
4,0.6,1.0,150,5,moderate,1.0,919571390,11,2026,firm_2,ir_accuracy,0.0
4,0.6,1.0,150,5,moderate,1.0,919571390,11,2026,firm_3,phi_operational,1.6464853605274614
4,0.6,1.0,150,5,moderate,1.0,919571390,11,2026,firm_3,phi_accuracy,-0.016471333907453013
4,0.6,1.0,150,5,moderate,1.0,919571390,11,2026,firm_3,ir_operational,1.0
4,0.6,1.0,150,5,moderate,1.0,919571390,11,2026,firm_3,ir_accuracy,0.0
4,0.6,1.0,150,5,moderate,1.0,919571390,11,2026,_summary,v_op_N,4.688186247523177
4,0.6,1.0,150,5,moderate,1.0,919571390,11,2026,_summary,v_acc_N,-0.042305862568492114
4,0.6,1.0,150,5,moderate,1.0,919571390,11,2026,_summary,spearman_rho,-1.0
4,0.6,1.0,150,5,moderate,1.0,919571390,11,2026,_summary,payment_displacement,0.49999999999524297
4,0.6,1.0,150,5,moderate,1.0,919571390,11,2026,_summary,any_rank_reversal,1.0
4,0.6,1.0,150,5,moderate,1.0,919571390,11,2026,_summary,efficiency_gap_op,8.881784197001252e-16
4,0.6,1.0,150,5,moderate,1.0,507023544,12,2026,firm_0,phi_operational,1.676332481096625
4,0.6,1.0,150,5,moderate,1.0,507023544,12,2026,firm_0,phi_accuracy,0.020617889310715558
4,0.6,1.0,150,5,moderate,1.0,507023544,12,2026,firm_0,ir_operational,1.0
4,0.6,1.0,150,5,moderate,1.0,507023544,12,2026,firm_0,ir_accuracy,1.0
4,0.6,1.0,150,5,moderate,1.0,507023544,12,2026,firm_1,phi_operational,1.0594282950442633
4,0.6,1.0,150,5,moderate,1.0,507023544,12,2026,firm_1,phi_accuracy,0.013278523527853553
4,0.6,1.0,150,5,moderate,1.0,507023544,12,2026,firm_1,ir_operational,1.0
4,0.6,1.0,150,5,moderate,1.0,507023544,12,2026,firm_1,ir_accuracy,1.0
4,0.6,1.0,150,5,moderate,1.0,507023544,12,2026,firm_2,phi_operational,3.0866243535127396
4,0.6,1.0,150,5,moderate,1.0,507023544,12,2026,firm_2,phi_accuracy,0.047560191756346876
4,0.6,1.0,150,5,moderate,1.0,507023544,12,2026,firm_2,ir_operational,1.0
4,0.6,1.0,150,5,moderate,1.0,507023544,12,2026,firm_2,ir_accuracy,1.0
4,0.6,1.0,150,5,moderate,1.0,507023544,12,2026,firm_3,phi_operational,2.431992922766665
4,0.6,1.0,150,5,moderate,1.0,507023544,12,2026,firm_3,phi_accuracy,-0.004871477675058346
4,0.6,1.0,150,5,moderate,1.0,507023544,12,2026,firm_3,ir_operational,1.0
4,0.6,1.0,150,5,moderate,1.0,507023544,12,2026,firm_3,ir_accuracy,0.0
4,0.6,1.0,150,5,moderate,1.0,507023544,12,2026,_summary,v_op_N,8.254378052420293
4,0.6,1.0,150,5,moderate,1.0,507023544,12,2026,_summary,v_acc_N,0.07658512691985764
4,0.6,1.0,150,5,moderate,1.0,507023544,12,2026,_summary,spearman_rho,0.4
4,0.6,1.0,150,5,moderate,1.0,507023544,12,2026,_summary,payment_displacement,0.14731533419443815
4,0.6,1.0,150,5,moderate,1.0,507023544,12,2026,_summary,any_rank_reversal,1.0
4,0.6,1.0,150,5,moderate,1.0,507023544,12,2026,_summary,efficiency_gap_op,0.0
4,0.6,1.0,150,5,moderate,1.0,1454784882,13,2026,firm_0,phi_operational,-5.065758423935182
4,0.6,1.0,150,5,moderate,1.0,1454784882,13,2026,firm_0,phi_accuracy,0.020446736185514697
4,0.6,1.0,150,5,moderate,1.0,1454784882,13,2026,firm_0,ir_operational,0.0
4,0.6,1.0,150,5,moderate,1.0,1454784882,13,2026,firm_0,ir_accuracy,1.0
4,0.6,1.0,150,5,moderate,1.0,1454784882,13,2026,firm_1,phi_operational,-3.8912938074414827
4,0.6,1.0,150,5,moderate,1.0,1454784882,13,2026,firm_1,phi_accuracy,-0.007485035510054934
4,0.6,1.0,150,5,moderate,1.0,1454784882,13,2026,firm_1,ir_operational,0.0
4,0.6,1.0,150,5,moderate,1.0,1454784882,13,2026,firm_1,ir_accuracy,0.0
4,0.6,1.0,150,5,moderate,1.0,1454784882,13,2026,firm_2,phi_operational,-2.486987350596074
4,0.6,1.0,150,5,moderate,1.0,1454784882,13,2026,firm_2,phi_accuracy,0.010022339304393963
4,0.6,1.0,150,5,moderate,1.0,1454784882,13,2026,firm_2,ir_operational,0.0
4,0.6,1.0,150,5,moderate,1.0,1454784882,13,2026,firm_2,ir_accuracy,1.0
4,0.6,1.0,150,5,moderate,1.0,1454784882,13,2026,firm_3,phi_operational,-1.2736055043834753
4,0.6,1.0,150,5,moderate,1.0,1454784882,13,2026,firm_3,phi_accuracy,0.01545736274708979
4,0.6,1.0,150,5,moderate,1.0,1454784882,13,2026,firm_3,ir_operational,0.0
4,0.6,1.0,150,5,moderate,1.0,1454784882,13,2026,firm_3,ir_accuracy,1.0
4,0.6,1.0,150,5,moderate,1.0,1454784882,13,2026,_summary,v_op_N,-12.717645086356214
4,0.6,1.0,150,5,moderate,1.0,1454784882,13,2026,_summary,v_acc_N,0.03844140272694352
4,0.6,1.0,150,5,moderate,1.0,1454784882,13,2026,_summary,spearman_rho,-0.19999999999999996
4,0.6,1.0,150,5,moderate,1.0,1454784882,13,2026,_summary,payment_displacement,0.42993045327802976
4,0.6,1.0,150,5,moderate,1.0,1454784882,13,2026,_summary,any_rank_reversal,1.0
4,0.6,1.0,150,5,moderate,1.0,1454784882,13,2026,_summary,efficiency_gap_op,0.0
4,0.6,1.0,150,5,moderate,1.0,739663392,14,2026,firm_0,phi_operational,2.304327265418567
4,0.6,1.0,150,5,moderate,1.0,739663392,14,2026,firm_0,phi_accuracy,0.015564866095802802
4,0.6,1.0,150,5,moderate,1.0,739663392,14,2026,firm_0,ir_operational,1.0
4,0.6,1.0,150,5,moderate,1.0,739663392,14,2026,firm_0,ir_accuracy,1.0
4,0.6,1.0,150,5,moderate,1.0,739663392,14,2026,firm_1,phi_operational,2.6755115714843756
4,0.6,1.0,150,5,moderate,1.0,739663392,14,2026,firm_1,phi_accuracy,0.06519857929014783
4,0.6,1.0,150,5,moderate,1.0,739663392,14,2026,firm_1,ir_operational,1.0
4,0.6,1.0,150,5,moderate,1.0,739663392,14,2026,firm_1,ir_accuracy,1.0
4,0.6,1.0,150,5,moderate,1.0,739663392,14,2026,firm_2,phi_operational,-1.0883526522042808
4,0.6,1.0,150,5,moderate,1.0,739663392,14,2026,firm_2,phi_accuracy,0.04987145279910615
4,0.6,1.0,150,5,moderate,1.0,739663392,14,2026,firm_2,ir_operational,0.0
4,0.6,1.0,150,5,moderate,1.0,739663392,14,2026,firm_2,ir_accuracy,1.0
4,0.6,1.0,150,5,moderate,1.0,739663392,14,2026,firm_3,phi_operational,0.7844688475022987
4,0.6,1.0,150,5,moderate,1.0,739663392,14,2026,firm_3,phi_accuracy,0.01920068376101138
4,0.6,1.0,150,5,moderate,1.0,739663392,14,2026,firm_3,ir_operational,1.0
4,0.6,1.0,150,5,moderate,1.0,739663392,14,2026,firm_3,ir_accuracy,1.0
4,0.6,1.0,150,5,moderate,1.0,739663392,14,2026,_summary,v_op_N,4.67595503220096
4,0.6,1.0,150,5,moderate,1.0,739663392,14,2026,_summary,v_acc_N,0.14983558194606816
4,0.6,1.0,150,5,moderate,1.0,739663392,14,2026,_summary,spearman_rho,0.19999999999999996
4,0.6,1.0,150,5,moderate,1.0,739663392,14,2026,_summary,payment_displacement,0.19560491159539972
4,0.6,1.0,150,5,moderate,1.0,739663392,14,2026,_summary,any_rank_reversal,1.0
4,0.6,1.0,150,5,moderate,1.0,739663392,14,2026,_summary,efficiency_gap_op,0.0
4,0.6,1.0,150,5,moderate,1.0,3551285799,15,2026,firm_0,phi_operational,-1.1082603810975773
4,0.6,1.0,150,5,moderate,1.0,3551285799,15,2026,firm_0,phi_accuracy,-0.0029935255718193388
4,0.6,1.0,150,5,moderate,1.0,3551285799,15,2026,firm_0,ir_operational,0.0
4,0.6,1.0,150,5,moderate,1.0,3551285799,15,2026,firm_0,ir_accuracy,0.0
4,0.6,1.0,150,5,moderate,1.0,3551285799,15,2026,firm_1,phi_operational,-0.11826770872311224
4,0.6,1.0,150,5,moderate,1.0,3551285799,15,2026,firm_1,phi_accuracy,0.0029373708608750972
4,0.6,1.0,150,5,moderate,1.0,3551285799,15,2026,firm_1,ir_operational,0.0
4,0.6,1.0,150,5,moderate,1.0,3551285799,15,2026,firm_1,ir_accuracy,1.0
4,0.6,1.0,150,5,moderate,1.0,3551285799,15,2026,firm_2,phi_operational,-1.9002648670419142
4,0.6,1.0,150,5,moderate,1.0,3551285799,15,2026,firm_2,phi_accuracy,-0.028570207956035144
4,0.6,1.0,150,5,moderate,1.0,3551285799,15,2026,firm_2,ir_operational,0.0
4,0.6,1.0,150,5,moderate,1.0,3551285799,15,2026,firm_2,ir_accuracy,0.0
4,0.6,1.0,150,5,moderate,1.0,3551285799,15,2026,firm_3,phi_operational,1.417972559349297
4,0.6,1.0,150,5,moderate,1.0,3551285799,15,2026,firm_3,phi_accuracy,0.00014468272277457905
4,0.6,1.0,150,5,moderate,1.0,3551285799,15,2026,firm_3,ir_operational,1.0
4,0.6,1.0,150,5,moderate,1.0,3551285799,15,2026,firm_3,ir_accuracy,1.0
4,0.6,1.0,150,5,moderate,1.0,3551285799,15,2026,_summary,v_op_N,-1.708820397513307
4,0.6,1.0,150,5,moderate,1.0,3551285799,15,2026,_summary,v_acc_N,-0.028481679944204807
4,0.6,1.0,150,5,moderate,1.0,3551285799,15,2026,_summary,spearman_rho,0.8
4,0.6,1.0,150,5,moderate,1.0,3551285799,15,2026,_summary,payment_displacement,0.24564927632840974
4,0.6,1.0,150,5,moderate,1.0,3551285799,15,2026,_summary,any_rank_reversal,1.0
4,0.6,1.0,150,5,moderate,1.0,3551285799,15,2026,_summary,efficiency_gap_op,0.0
4,0.6,1.0,150,5,moderate,1.0,2511083694,16,2026,firm_0,phi_operational,0.003631889564234811
4,0.6,1.0,150,5,moderate,1.0,2511083694,16,2026,firm_0,phi_accuracy,-0.007276553293389599
4,0.6,1.0,150,5,moderate,1.0,2511083694,16,2026,firm_0,ir_operational,1.0
4,0.6,1.0,150,5,moderate,1.0,2511083694,16,2026,firm_0,ir_accuracy,0.0
4,0.6,1.0,150,5,moderate,1.0,2511083694,16,2026,firm_1,phi_operational,0.4090396815032283
4,0.6,1.0,150,5,moderate,1.0,2511083694,16,2026,firm_1,phi_accuracy,0.053998757386057944
4,0.6,1.0,150,5,moderate,1.0,2511083694,16,2026,firm_1,ir_operational,1.0
4,0.6,1.0,150,5,moderate,1.0,2511083694,16,2026,firm_1,ir_accuracy,1.0
4,0.6,1.0,150,5,moderate,1.0,2511083694,16,2026,firm_2,phi_operational,-0.28306004837794063
4,0.6,1.0,150,5,moderate,1.0,2511083694,16,2026,firm_2,phi_accuracy,0.028160809672002192
4,0.6,1.0,150,5,moderate,1.0,2511083694,16,2026,firm_2,ir_operational,0.0
4,0.6,1.0,150,5,moderate,1.0,2511083694,16,2026,firm_2,ir_accuracy,1.0
4,0.6,1.0,150,5,moderate,1.0,2511083694,16,2026,firm_3,phi_operational,2.494719997395343
4,0.6,1.0,150,5,moderate,1.0,2511083694,16,2026,firm_3,phi_accuracy,0.0547126149703261
4,0.6,1.0,150,5,moderate,1.0,2511083694,16,2026,firm_3,ir_operational,1.0
4,0.6,1.0,150,5,moderate,1.0,2511083694,16,2026,firm_3,ir_accuracy,1.0
4,0.6,1.0,150,5,moderate,1.0,2511083694,16,2026,_summary,v_op_N,2.6243315200848656
4,0.6,1.0,150,5,moderate,1.0,2511083694,16,2026,_summary,v_acc_N,0.12959562873499664
4,0.6,1.0,150,5,moderate,1.0,2511083694,16,2026,_summary,spearman_rho,0.8
4,0.6,1.0,150,5,moderate,1.0,2511083694,16,2026,_summary,payment_displacement,0.24611793409987948
4,0.6,1.0,150,5,moderate,1.0,2511083694,16,2026,_summary,any_rank_reversal,1.0
4,0.6,1.0,150,5,moderate,1.0,2511083694,16,2026,_summary,efficiency_gap_op,0.0
4,0.6,1.0,150,5,moderate,1.0,2096273471,17,2026,firm_0,phi_operational,-2.166134008881426
4,0.6,1.0,150,5,moderate,1.0,2096273471,17,2026,firm_0,phi_accuracy,-0.04383315419800306
4,0.6,1.0,150,5,moderate,1.0,2096273471,17,2026,firm_0,ir_operational,0.0
4,0.6,1.0,150,5,moderate,1.0,2096273471,17,2026,firm_0,ir_accuracy,0.0
4,0.6,1.0,150,5,moderate,1.0,2096273471,17,2026,firm_1,phi_operational,-1.713124632868999
4,0.6,1.0,150,5,moderate,1.0,2096273471,17,2026,firm_1,phi_accuracy,0.029106295510826163
4,0.6,1.0,150,5,moderate,1.0,2096273471,17,2026,firm_1,ir_operational,0.0
4,0.6,1.0,150,5,moderate,1.0,2096273471,17,2026,firm_1,ir_accuracy,1.0
4,0.6,1.0,150,5,moderate,1.0,2096273471,17,2026,firm_2,phi_operational,-0.51289249803974
4,0.6,1.0,150,5,moderate,1.0,2096273471,17,2026,firm_2,phi_accuracy,0.03523054062519487
4,0.6,1.0,150,5,moderate,1.0,2096273471,17,2026,firm_2,ir_operational,0.0
4,0.6,1.0,150,5,moderate,1.0,2096273471,17,2026,firm_2,ir_accuracy,1.0
4,0.6,1.0,150,5,moderate,1.0,2096273471,17,2026,firm_3,phi_operational,-1.7984820087198514
4,0.6,1.0,150,5,moderate,1.0,2096273471,17,2026,firm_3,phi_accuracy,0.0407710392295393
4,0.6,1.0,150,5,moderate,1.0,2096273471,17,2026,firm_3,ir_operational,0.0
4,0.6,1.0,150,5,moderate,1.0,2096273471,17,2026,firm_3,ir_accuracy,1.0
4,0.6,1.0,150,5,moderate,1.0,2096273471,17,2026,_summary,v_op_N,-6.190633148510017
4,0.6,1.0,150,5,moderate,1.0,2096273471,17,2026,_summary,v_acc_N,0.06127472116755728
4,0.6,1.0,150,5,moderate,1.0,2096273471,17,2026,_summary,spearman_rho,0.4
4,0.6,1.0,150,5,moderate,1.0,2096273471,17,2026,_summary,payment_displacement,0.35285064052980053
4,0.6,1.0,150,5,moderate,1.0,2096273471,17,2026,_summary,any_rank_reversal,1.0
4,0.6,1.0,150,5,moderate,1.0,2096273471,17,2026,_summary,efficiency_gap_op,0.0
4,0.6,1.0,150,5,moderate,1.0,1447344385,18,2026,firm_0,phi_operational,3.5430880863398477
4,0.6,1.0,150,5,moderate,1.0,1447344385,18,2026,firm_0,phi_accuracy,0.0649708591840357
4,0.6,1.0,150,5,moderate,1.0,1447344385,18,2026,firm_0,ir_operational,1.0
4,0.6,1.0,150,5,moderate,1.0,1447344385,18,2026,firm_0,ir_accuracy,1.0
4,0.6,1.0,150,5,moderate,1.0,1447344385,18,2026,firm_1,phi_operational,0.843572998630466
4,0.6,1.0,150,5,moderate,1.0,1447344385,18,2026,firm_1,phi_accuracy,0.010455110011501938
4,0.6,1.0,150,5,moderate,1.0,1447344385,18,2026,firm_1,ir_operational,1.0
4,0.6,1.0,150,5,moderate,1.0,1447344385,18,2026,firm_1,ir_accuracy,1.0
4,0.6,1.0,150,5,moderate,1.0,1447344385,18,2026,firm_2,phi_operational,0.9791943108380654
4,0.6,1.0,150,5,moderate,1.0,1447344385,18,2026,firm_2,phi_accuracy,0.012262171081977653
4,0.6,1.0,150,5,moderate,1.0,1447344385,18,2026,firm_2,ir_operational,1.0
4,0.6,1.0,150,5,moderate,1.0,1447344385,18,2026,firm_2,ir_accuracy,1.0
4,0.6,1.0,150,5,moderate,1.0,1447344385,18,2026,firm_3,phi_operational,0.41879192224942824
4,0.6,1.0,150,5,moderate,1.0,1447344385,18,2026,firm_3,phi_accuracy,0.03325960964851633
4,0.6,1.0,150,5,moderate,1.0,1447344385,18,2026,firm_3,ir_operational,1.0
4,0.6,1.0,150,5,moderate,1.0,1447344385,18,2026,firm_3,ir_accuracy,1.0
4,0.6,1.0,150,5,moderate,1.0,1447344385,18,2026,_summary,v_op_N,5.784647318057807
4,0.6,1.0,150,5,moderate,1.0,1447344385,18,2026,_summary,v_acc_N,0.12094774992603163
4,0.6,1.0,150,5,moderate,1.0,1447344385,18,2026,_summary,spearman_rho,0.4
4,0.6,1.0,150,5,moderate,1.0,1447344385,18,2026,_summary,payment_displacement,0.1012972067231688
4,0.6,1.0,150,5,moderate,1.0,1447344385,18,2026,_summary,any_rank_reversal,1.0
4,0.6,1.0,150,5,moderate,1.0,1447344385,18,2026,_summary,efficiency_gap_op,0.0
4,0.6,1.0,150,5,moderate,1.0,580114230,19,2026,firm_0,phi_operational,1.3580521051508447
4,0.6,1.0,150,5,moderate,1.0,580114230,19,2026,firm_0,phi_accuracy,0.028758659674451587
4,0.6,1.0,150,5,moderate,1.0,580114230,19,2026,firm_0,ir_operational,1.0
4,0.6,1.0,150,5,moderate,1.0,580114230,19,2026,firm_0,ir_accuracy,1.0
4,0.6,1.0,150,5,moderate,1.0,580114230,19,2026,firm_1,phi_operational,1.2815754655358496
4,0.6,1.0,150,5,moderate,1.0,580114230,19,2026,firm_1,phi_accuracy,0.014078423334581886
4,0.6,1.0,150,5,moderate,1.0,580114230,19,2026,firm_1,ir_operational,1.0
4,0.6,1.0,150,5,moderate,1.0,580114230,19,2026,firm_1,ir_accuracy,1.0
4,0.6,1.0,150,5,moderate,1.0,580114230,19,2026,firm_2,phi_operational,0.7419153489367171
4,0.6,1.0,150,5,moderate,1.0,580114230,19,2026,firm_2,phi_accuracy,0.019093126106985138
4,0.6,1.0,150,5,moderate,1.0,580114230,19,2026,firm_2,ir_operational,1.0
4,0.6,1.0,150,5,moderate,1.0,580114230,19,2026,firm_2,ir_accuracy,1.0
4,0.6,1.0,150,5,moderate,1.0,580114230,19,2026,firm_3,phi_operational,1.3305858856308128
4,0.6,1.0,150,5,moderate,1.0,580114230,19,2026,firm_3,phi_accuracy,0.05059870689767513
4,0.6,1.0,150,5,moderate,1.0,580114230,19,2026,firm_3,ir_operational,1.0
4,0.6,1.0,150,5,moderate,1.0,580114230,19,2026,firm_3,ir_accuracy,1.0
4,0.6,1.0,150,5,moderate,1.0,580114230,19,2026,_summary,v_op_N,4.712128805254224
4,0.6,1.0,150,5,moderate,1.0,580114230,19,2026,_summary,v_acc_N,0.11252891601369375
4,0.6,1.0,150,5,moderate,1.0,580114230,19,2026,_summary,spearman_rho,0.6
4,0.6,1.0,150,5,moderate,1.0,580114230,19,2026,_summary,payment_displacement,0.08975053504783587
4,0.6,1.0,150,5,moderate,1.0,580114230,19,2026,_summary,any_rank_reversal,1.0
4,0.6,1.0,150,5,moderate,1.0,580114230,19,2026,_summary,efficiency_gap_op,0.0
4,0.6,1.0,150,5,moderate,1.0,4085507872,20,2026,firm_0,phi_operational,1.1690867529675586
4,0.6,1.0,150,5,moderate,1.0,4085507872,20,2026,firm_0,phi_accuracy,-0.005187082175413213
4,0.6,1.0,150,5,moderate,1.0,4085507872,20,2026,firm_0,ir_operational,1.0
4,0.6,1.0,150,5,moderate,1.0,4085507872,20,2026,firm_0,ir_accuracy,0.0
4,0.6,1.0,150,5,moderate,1.0,4085507872,20,2026,firm_1,phi_operational,4.026080548404147
4,0.6,1.0,150,5,moderate,1.0,4085507872,20,2026,firm_1,phi_accuracy,0.00976799235258154
4,0.6,1.0,150,5,moderate,1.0,4085507872,20,2026,firm_1,ir_operational,1.0
4,0.6,1.0,150,5,moderate,1.0,4085507872,20,2026,firm_1,ir_accuracy,1.0
4,0.6,1.0,150,5,moderate,1.0,4085507872,20,2026,firm_2,phi_operational,0.8803490690161244
4,0.6,1.0,150,5,moderate,1.0,4085507872,20,2026,firm_2,phi_accuracy,0.007740419368665449
4,0.6,1.0,150,5,moderate,1.0,4085507872,20,2026,firm_2,ir_operational,1.0
4,0.6,1.0,150,5,moderate,1.0,4085507872,20,2026,firm_2,ir_accuracy,1.0
4,0.6,1.0,150,5,moderate,1.0,4085507872,20,2026,firm_3,phi_operational,2.550429362291325
4,0.6,1.0,150,5,moderate,1.0,4085507872,20,2026,firm_3,phi_accuracy,-0.030626838985137534
4,0.6,1.0,150,5,moderate,1.0,4085507872,20,2026,firm_3,ir_operational,1.0
4,0.6,1.0,150,5,moderate,1.0,4085507872,20,2026,firm_3,ir_accuracy,0.0
4,0.6,1.0,150,5,moderate,1.0,4085507872,20,2026,_summary,v_op_N,8.625945732679156
4,0.6,1.0,150,5,moderate,1.0,4085507872,20,2026,_summary,v_acc_N,-0.018305509439303758
4,0.6,1.0,150,5,moderate,1.0,4085507872,20,2026,_summary,spearman_rho,0.19999999999999996
4,0.6,1.0,150,5,moderate,1.0,4085507872,20,2026,_summary,payment_displacement,0.3573770464049603
4,0.6,1.0,150,5,moderate,1.0,4085507872,20,2026,_summary,any_rank_reversal,1.0
4,0.6,1.0,150,5,moderate,1.0,4085507872,20,2026,_summary,efficiency_gap_op,0.0
4,0.6,1.0,150,5,moderate,1.0,1715464616,21,2026,firm_0,phi_operational,-2.3573332327761634
4,0.6,1.0,150,5,moderate,1.0,1715464616,21,2026,firm_0,phi_accuracy,0.011460312771538656
4,0.6,1.0,150,5,moderate,1.0,1715464616,21,2026,firm_0,ir_operational,0.0
4,0.6,1.0,150,5,moderate,1.0,1715464616,21,2026,firm_0,ir_accuracy,1.0
4,0.6,1.0,150,5,moderate,1.0,1715464616,21,2026,firm_1,phi_operational,1.1789600332214412
4,0.6,1.0,150,5,moderate,1.0,1715464616,21,2026,firm_1,phi_accuracy,-0.025095043764959746
4,0.6,1.0,150,5,moderate,1.0,1715464616,21,2026,firm_1,ir_operational,1.0
4,0.6,1.0,150,5,moderate,1.0,1715464616,21,2026,firm_1,ir_accuracy,0.0
4,0.6,1.0,150,5,moderate,1.0,1715464616,21,2026,firm_2,phi_operational,-0.6378985856551604
4,0.6,1.0,150,5,moderate,1.0,1715464616,21,2026,firm_2,phi_accuracy,-0.0002783938956199923
4,0.6,1.0,150,5,moderate,1.0,1715464616,21,2026,firm_2,ir_operational,0.0
4,0.6,1.0,150,5,moderate,1.0,1715464616,21,2026,firm_2,ir_accuracy,0.0
4,0.6,1.0,150,5,moderate,1.0,1715464616,21,2026,firm_3,phi_operational,0.9563360409013104
4,0.6,1.0,150,5,moderate,1.0,1715464616,21,2026,firm_3,phi_accuracy,0.023318924034538297
4,0.6,1.0,150,5,moderate,1.0,1715464616,21,2026,firm_3,ir_operational,1.0
4,0.6,1.0,150,5,moderate,1.0,1715464616,21,2026,firm_3,ir_accuracy,1.0
4,0.6,1.0,150,5,moderate,1.0,1715464616,21,2026,_summary,v_op_N,-0.8599357443085722
4,0.6,1.0,150,5,moderate,1.0,1715464616,21,2026,_summary,v_acc_N,0.009405799145497218
4,0.6,1.0,150,5,moderate,1.0,1715464616,21,2026,_summary,spearman_rho,-0.3999999999999999
4,0.6,1.0,150,5,moderate,1.0,1715464616,21,2026,_summary,payment_displacement,0.4044853893461708
4,0.6,1.0,150,5,moderate,1.0,1715464616,21,2026,_summary,any_rank_reversal,1.0
4,0.6,1.0,150,5,moderate,1.0,1715464616,21,2026,_summary,efficiency_gap_op,0.0
4,0.6,1.0,150,5,moderate,1.0,19509886,22,2026,firm_0,phi_operational,-1.15455607788464
4,0.6,1.0,150,5,moderate,1.0,19509886,22,2026,firm_0,phi_accuracy,0.015373405683478105
4,0.6,1.0,150,5,moderate,1.0,19509886,22,2026,firm_0,ir_operational,0.0
4,0.6,1.0,150,5,moderate,1.0,19509886,22,2026,firm_0,ir_accuracy,1.0
4,0.6,1.0,150,5,moderate,1.0,19509886,22,2026,firm_1,phi_operational,5.99852890675254
4,0.6,1.0,150,5,moderate,1.0,19509886,22,2026,firm_1,phi_accuracy,0.05209895557582199
4,0.6,1.0,150,5,moderate,1.0,19509886,22,2026,firm_1,ir_operational,1.0
4,0.6,1.0,150,5,moderate,1.0,19509886,22,2026,firm_1,ir_accuracy,1.0
4,0.6,1.0,150,5,moderate,1.0,19509886,22,2026,firm_2,phi_operational,2.206480326703982
4,0.6,1.0,150,5,moderate,1.0,19509886,22,2026,firm_2,phi_accuracy,0.010544182028491491
4,0.6,1.0,150,5,moderate,1.0,19509886,22,2026,firm_2,ir_operational,1.0
4,0.6,1.0,150,5,moderate,1.0,19509886,22,2026,firm_2,ir_accuracy,1.0
4,0.6,1.0,150,5,moderate,1.0,19509886,22,2026,firm_3,phi_operational,0.3616182962128155
4,0.6,1.0,150,5,moderate,1.0,19509886,22,2026,firm_3,phi_accuracy,-0.004434999947951573
4,0.6,1.0,150,5,moderate,1.0,19509886,22,2026,firm_3,ir_operational,1.0
4,0.6,1.0,150,5,moderate,1.0,19509886,22,2026,firm_3,ir_accuracy,0.0
4,0.6,1.0,150,5,moderate,1.0,19509886,22,2026,_summary,v_op_N,7.412071451784698
4,0.6,1.0,150,5,moderate,1.0,19509886,22,2026,_summary,v_acc_N,0.07358154333984002
4,0.6,1.0,150,5,moderate,1.0,19509886,22,2026,_summary,spearman_rho,0.4
4,0.6,1.0,150,5,moderate,1.0,19509886,22,2026,_summary,payment_displacement,0.1275295778945925
4,0.6,1.0,150,5,moderate,1.0,19509886,22,2026,_summary,any_rank_reversal,1.0
4,0.6,1.0,150,5,moderate,1.0,19509886,22,2026,_summary,efficiency_gap_op,0.0
4,0.6,1.0,150,5,moderate,1.0,3780817364,23,2026,firm_0,phi_operational,-1.0899415019940109
4,0.6,1.0,150,5,moderate,1.0,3780817364,23,2026,firm_0,phi_accuracy,0.015513903054853635
4,0.6,1.0,150,5,moderate,1.0,3780817364,23,2026,firm_0,ir_operational,0.0
4,0.6,1.0,150,5,moderate,1.0,3780817364,23,2026,firm_0,ir_accuracy,1.0
4,0.6,1.0,150,5,moderate,1.0,3780817364,23,2026,firm_1,phi_operational,-0.41105546589992176
4,0.6,1.0,150,5,moderate,1.0,3780817364,23,2026,firm_1,phi_accuracy,0.010881431272681541
4,0.6,1.0,150,5,moderate,1.0,3780817364,23,2026,firm_1,ir_operational,0.0
4,0.6,1.0,150,5,moderate,1.0,3780817364,23,2026,firm_1,ir_accuracy,1.0
4,0.6,1.0,150,5,moderate,1.0,3780817364,23,2026,firm_2,phi_operational,0.006444005124349672
4,0.6,1.0,150,5,moderate,1.0,3780817364,23,2026,firm_2,phi_accuracy,0.038841478384596874
4,0.6,1.0,150,5,moderate,1.0,3780817364,23,2026,firm_2,ir_operational,1.0
4,0.6,1.0,150,5,moderate,1.0,3780817364,23,2026,firm_2,ir_accuracy,1.0
4,0.6,1.0,150,5,moderate,1.0,3780817364,23,2026,firm_3,phi_operational,1.8431599906131961
4,0.6,1.0,150,5,moderate,1.0,3780817364,23,2026,firm_3,phi_accuracy,0.05861667439084278
4,0.6,1.0,150,5,moderate,1.0,3780817364,23,2026,firm_3,ir_operational,1.0
4,0.6,1.0,150,5,moderate,1.0,3780817364,23,2026,firm_3,ir_accuracy,1.0
4,0.6,1.0,150,5,moderate,1.0,3780817364,23,2026,_summary,v_op_N,0.3486070278436131
4,0.6,1.0,150,5,moderate,1.0,3780817364,23,2026,_summary,v_acc_N,0.12385348710297484
4,0.6,1.0,150,5,moderate,1.0,3780817364,23,2026,_summary,spearman_rho,0.8
4,0.6,1.0,150,5,moderate,1.0,3780817364,23,2026,_summary,payment_displacement,0.2624012227053522
4,0.6,1.0,150,5,moderate,1.0,3780817364,23,2026,_summary,any_rank_reversal,1.0
4,0.6,1.0,150,5,moderate,1.0,3780817364,23,2026,_summary,efficiency_gap_op,1.1102230246251565e-16
4,0.6,1.0,150,5,moderate,1.0,324049616,24,2026,firm_0,phi_operational,1.017728504741941
4,0.6,1.0,150,5,moderate,1.0,324049616,24,2026,firm_0,phi_accuracy,-0.0001463250129955146
4,0.6,1.0,150,5,moderate,1.0,324049616,24,2026,firm_0,ir_operational,1.0
4,0.6,1.0,150,5,moderate,1.0,324049616,24,2026,firm_0,ir_accuracy,0.0
4,0.6,1.0,150,5,moderate,1.0,324049616,24,2026,firm_1,phi_operational,5.472827539780043
4,0.6,1.0,150,5,moderate,1.0,324049616,24,2026,firm_1,phi_accuracy,0.0005216949088283444
4,0.6,1.0,150,5,moderate,1.0,324049616,24,2026,firm_1,ir_operational,1.0
4,0.6,1.0,150,5,moderate,1.0,324049616,24,2026,firm_1,ir_accuracy,1.0
4,0.6,1.0,150,5,moderate,1.0,324049616,24,2026,firm_2,phi_operational,0.8221007684819478
4,0.6,1.0,150,5,moderate,1.0,324049616,24,2026,firm_2,phi_accuracy,-0.0010452084204724543
4,0.6,1.0,150,5,moderate,1.0,324049616,24,2026,firm_2,ir_operational,1.0
4,0.6,1.0,150,5,moderate,1.0,324049616,24,2026,firm_2,ir_accuracy,0.0
4,0.6,1.0,150,5,moderate,1.0,324049616,24,2026,firm_3,phi_operational,-0.49774037848796837
4,0.6,1.0,150,5,moderate,1.0,324049616,24,2026,firm_3,phi_accuracy,0.015365469098493326
4,0.6,1.0,150,5,moderate,1.0,324049616,24,2026,firm_3,ir_operational,0.0
4,0.6,1.0,150,5,moderate,1.0,324049616,24,2026,firm_3,ir_accuracy,1.0
4,0.6,1.0,150,5,moderate,1.0,324049616,24,2026,_summary,v_op_N,6.814916434515965
4,0.6,1.0,150,5,moderate,1.0,324049616,24,2026,_summary,v_acc_N,0.014695630573853702
4,0.6,1.0,150,5,moderate,1.0,324049616,24,2026,_summary,spearman_rho,-0.19999999999999996
4,0.6,1.0,150,5,moderate,1.0,324049616,24,2026,_summary,payment_displacement,0.4847267360081891
4,0.6,1.0,150,5,moderate,1.0,324049616,24,2026,_summary,any_rank_reversal,1.0
4,0.6,1.0,150,5,moderate,1.0,324049616,24,2026,_summary,efficiency_gap_op,8.881784197001252e-16
4,0.6,1.0,150,5,moderate,1.0,4051236247,25,2026,firm_0,phi_operational,-2.9302785965073994
4,0.6,1.0,150,5,moderate,1.0,4051236247,25,2026,firm_0,phi_accuracy,-0.017141504154798017
4,0.6,1.0,150,5,moderate,1.0,4051236247,25,2026,firm_0,ir_operational,0.0
4,0.6,1.0,150,5,moderate,1.0,4051236247,25,2026,firm_0,ir_accuracy,0.0
4,0.6,1.0,150,5,moderate,1.0,4051236247,25,2026,firm_1,phi_operational,0.7538867560896586
4,0.6,1.0,150,5,moderate,1.0,4051236247,25,2026,firm_1,phi_accuracy,0.0522128681988568
4,0.6,1.0,150,5,moderate,1.0,4051236247,25,2026,firm_1,ir_operational,1.0
4,0.6,1.0,150,5,moderate,1.0,4051236247,25,2026,firm_1,ir_accuracy,1.0
4,0.6,1.0,150,5,moderate,1.0,4051236247,25,2026,firm_2,phi_operational,-0.5580898205769694
4,0.6,1.0,150,5,moderate,1.0,4051236247,25,2026,firm_2,phi_accuracy,-0.0017727906862613494
4,0.6,1.0,150,5,moderate,1.0,4051236247,25,2026,firm_2,ir_operational,0.0
4,0.6,1.0,150,5,moderate,1.0,4051236247,25,2026,firm_2,ir_accuracy,0.0
4,0.6,1.0,150,5,moderate,1.0,4051236247,25,2026,firm_3,phi_operational,1.4050959525541273
4,0.6,1.0,150,5,moderate,1.0,4051236247,25,2026,firm_3,phi_accuracy,0.04692615205799318
4,0.6,1.0,150,5,moderate,1.0,4051236247,25,2026,firm_3,ir_operational,1.0
4,0.6,1.0,150,5,moderate,1.0,4051236247,25,2026,firm_3,ir_accuracy,1.0
4,0.6,1.0,150,5,moderate,1.0,4051236247,25,2026,_summary,v_op_N,-1.329385708440583
4,0.6,1.0,150,5,moderate,1.0,4051236247,25,2026,_summary,v_acc_N,0.08022472541579062
4,0.6,1.0,150,5,moderate,1.0,4051236247,25,2026,_summary,spearman_rho,0.8
4,0.6,1.0,150,5,moderate,1.0,4051236247,25,2026,_summary,payment_displacement,0.22874084495938093
4,0.6,1.0,150,5,moderate,1.0,4051236247,25,2026,_summary,any_rank_reversal,1.0
4,0.6,1.0,150,5,moderate,1.0,4051236247,25,2026,_summary,efficiency_gap_op,0.0
4,0.6,1.0,150,5,moderate,1.0,3932761200,26,2026,firm_0,phi_operational,0.12947333929595806
4,0.6,1.0,150,5,moderate,1.0,3932761200,26,2026,firm_0,phi_accuracy,-0.01082530941147149
4,0.6,1.0,150,5,moderate,1.0,3932761200,26,2026,firm_0,ir_operational,1.0
4,0.6,1.0,150,5,moderate,1.0,3932761200,26,2026,firm_0,ir_accuracy,0.0
4,0.6,1.0,150,5,moderate,1.0,3932761200,26,2026,firm_1,phi_operational,-0.28735016579803363
4,0.6,1.0,150,5,moderate,1.0,3932761200,26,2026,firm_1,phi_accuracy,-0.03332724191987317
4,0.6,1.0,150,5,moderate,1.0,3932761200,26,2026,firm_1,ir_operational,0.0
4,0.6,1.0,150,5,moderate,1.0,3932761200,26,2026,firm_1,ir_accuracy,0.0
4,0.6,1.0,150,5,moderate,1.0,3932761200,26,2026,firm_2,phi_operational,0.5188838914114555
4,0.6,1.0,150,5,moderate,1.0,3932761200,26,2026,firm_2,phi_accuracy,-0.0016678306745803546
4,0.6,1.0,150,5,moderate,1.0,3932761200,26,2026,firm_2,ir_operational,1.0
4,0.6,1.0,150,5,moderate,1.0,3932761200,26,2026,firm_2,ir_accuracy,0.0
4,0.6,1.0,150,5,moderate,1.0,3932761200,26,2026,firm_3,phi_operational,-0.1612106240599971
4,0.6,1.0,150,5,moderate,1.0,3932761200,26,2026,firm_3,phi_accuracy,0.0005813790711474514
4,0.6,1.0,150,5,moderate,1.0,3932761200,26,2026,firm_3,ir_operational,0.0
4,0.6,1.0,150,5,moderate,1.0,3932761200,26,2026,firm_3,ir_accuracy,1.0
4,0.6,1.0,150,5,moderate,1.0,3932761200,26,2026,_summary,v_op_N,0.19979644084938286
4,0.6,1.0,150,5,moderate,1.0,3932761200,26,2026,_summary,v_acc_N,-0.04523900293477756
4,0.6,1.0,150,5,moderate,1.0,3932761200,26,2026,_summary,spearman_rho,0.4
4,0.6,1.0,150,5,moderate,1.0,3932761200,26,2026,_summary,payment_displacement,0.3690193066287822
4,0.6,1.0,150,5,moderate,1.0,3932761200,26,2026,_summary,any_rank_reversal,1.0
4,0.6,1.0,150,5,moderate,1.0,3932761200,26,2026,_summary,efficiency_gap_op,0.0
4,0.6,1.0,150,5,moderate,1.0,2962261044,27,2026,firm_0,phi_operational,1.4633368429374918
4,0.6,1.0,150,5,moderate,1.0,2962261044,27,2026,firm_0,phi_accuracy,0.00919090155669458
4,0.6,1.0,150,5,moderate,1.0,2962261044,27,2026,firm_0,ir_operational,1.0
4,0.6,1.0,150,5,moderate,1.0,2962261044,27,2026,firm_0,ir_accuracy,1.0
4,0.6,1.0,150,5,moderate,1.0,2962261044,27,2026,firm_1,phi_operational,-0.4135730898184823
4,0.6,1.0,150,5,moderate,1.0,2962261044,27,2026,firm_1,phi_accuracy,0.03009606812016223
4,0.6,1.0,150,5,moderate,1.0,2962261044,27,2026,firm_1,ir_operational,0.0
4,0.6,1.0,150,5,moderate,1.0,2962261044,27,2026,firm_1,ir_accuracy,1.0
4,0.6,1.0,150,5,moderate,1.0,2962261044,27,2026,firm_2,phi_operational,1.1760894745199386
4,0.6,1.0,150,5,moderate,1.0,2962261044,27,2026,firm_2,phi_accuracy,-0.007351765427313796
4,0.6,1.0,150,5,moderate,1.0,2962261044,27,2026,firm_2,ir_operational,1.0
4,0.6,1.0,150,5,moderate,1.0,2962261044,27,2026,firm_2,ir_accuracy,0.0
4,0.6,1.0,150,5,moderate,1.0,2962261044,27,2026,firm_3,phi_operational,2.337124074439958
4,0.6,1.0,150,5,moderate,1.0,2962261044,27,2026,firm_3,phi_accuracy,0.023903126142650635
4,0.6,1.0,150,5,moderate,1.0,2962261044,27,2026,firm_3,ir_operational,1.0
4,0.6,1.0,150,5,moderate,1.0,2962261044,27,2026,firm_3,ir_accuracy,1.0
4,0.6,1.0,150,5,moderate,1.0,2962261044,27,2026,_summary,v_op_N,4.562977302078906
4,0.6,1.0,150,5,moderate,1.0,2962261044,27,2026,_summary,v_acc_N,0.05583833039219366
4,0.6,1.0,150,5,moderate,1.0,2962261044,27,2026,_summary,spearman_rho,-0.19999999999999996
4,0.6,1.0,150,5,moderate,1.0,2962261044,27,2026,_summary,payment_displacement,0.26542986593741247
4,0.6,1.0,150,5,moderate,1.0,2962261044,27,2026,_summary,any_rank_reversal,1.0
4,0.6,1.0,150,5,moderate,1.0,2962261044,27,2026,_summary,efficiency_gap_op,0.0
4,0.6,1.0,150,5,moderate,1.0,3925338524,28,2026,firm_0,phi_operational,0.19966974135671714
4,0.6,1.0,150,5,moderate,1.0,3925338524,28,2026,firm_0,phi_accuracy,0.018580798472301464
4,0.6,1.0,150,5,moderate,1.0,3925338524,28,2026,firm_0,ir_operational,1.0
4,0.6,1.0,150,5,moderate,1.0,3925338524,28,2026,firm_0,ir_accuracy,1.0
4,0.6,1.0,150,5,moderate,1.0,3925338524,28,2026,firm_1,phi_operational,0.8414493370708437
4,0.6,1.0,150,5,moderate,1.0,3925338524,28,2026,firm_1,phi_accuracy,0.041066771164276664
4,0.6,1.0,150,5,moderate,1.0,3925338524,28,2026,firm_1,ir_operational,1.0
4,0.6,1.0,150,5,moderate,1.0,3925338524,28,2026,firm_1,ir_accuracy,1.0
4,0.6,1.0,150,5,moderate,1.0,3925338524,28,2026,firm_2,phi_operational,0.6692452139593167
4,0.6,1.0,150,5,moderate,1.0,3925338524,28,2026,firm_2,phi_accuracy,0.025162398844900496
4,0.6,1.0,150,5,moderate,1.0,3925338524,28,2026,firm_2,ir_operational,1.0
4,0.6,1.0,150,5,moderate,1.0,3925338524,28,2026,firm_2,ir_accuracy,1.0
4,0.6,1.0,150,5,moderate,1.0,3925338524,28,2026,firm_3,phi_operational,1.270052304845997
4,0.6,1.0,150,5,moderate,1.0,3925338524,28,2026,firm_3,phi_accuracy,0.04510657894990762
4,0.6,1.0,150,5,moderate,1.0,3925338524,28,2026,firm_3,ir_operational,1.0
4,0.6,1.0,150,5,moderate,1.0,3925338524,28,2026,firm_3,ir_accuracy,1.0
4,0.6,1.0,150,5,moderate,1.0,3925338524,28,2026,_summary,v_op_N,2.9804165972328747
4,0.6,1.0,150,5,moderate,1.0,3925338524,28,2026,_summary,v_acc_N,0.12991654743138625
4,0.6,1.0,150,5,moderate,1.0,3925338524,28,2026,_summary,spearman_rho,1.0
4,0.6,1.0,150,5,moderate,1.0,3925338524,28,2026,_summary,payment_displacement,0.05490110240961258
4,0.6,1.0,150,5,moderate,1.0,3925338524,28,2026,_summary,any_rank_reversal,0.0
4,0.6,1.0,150,5,moderate,1.0,3925338524,28,2026,_summary,efficiency_gap_op,0.0
4,0.6,1.0,150,5,moderate,1.0,3826081786,29,2026,firm_0,phi_operational,5.412379751957184
4,0.6,1.0,150,5,moderate,1.0,3826081786,29,2026,firm_0,phi_accuracy,0.02851448952305813
4,0.6,1.0,150,5,moderate,1.0,3826081786,29,2026,firm_0,ir_operational,1.0
4,0.6,1.0,150,5,moderate,1.0,3826081786,29,2026,firm_0,ir_accuracy,1.0
4,0.6,1.0,150,5,moderate,1.0,3826081786,29,2026,firm_1,phi_operational,0.6941046181979686
4,0.6,1.0,150,5,moderate,1.0,3826081786,29,2026,firm_1,phi_accuracy,-0.015395842763016976
4,0.6,1.0,150,5,moderate,1.0,3826081786,29,2026,firm_1,ir_operational,1.0
4,0.6,1.0,150,5,moderate,1.0,3826081786,29,2026,firm_1,ir_accuracy,0.0
4,0.6,1.0,150,5,moderate,1.0,3826081786,29,2026,firm_2,phi_operational,2.478593752984466
4,0.6,1.0,150,5,moderate,1.0,3826081786,29,2026,firm_2,phi_accuracy,-0.02188440227343713
4,0.6,1.0,150,5,moderate,1.0,3826081786,29,2026,firm_2,ir_operational,1.0
4,0.6,1.0,150,5,moderate,1.0,3826081786,29,2026,firm_2,ir_accuracy,0.0
4,0.6,1.0,150,5,moderate,1.0,3826081786,29,2026,firm_3,phi_operational,4.102551379393651
4,0.6,1.0,150,5,moderate,1.0,3826081786,29,2026,firm_3,phi_accuracy,0.01713264922331903
4,0.6,1.0,150,5,moderate,1.0,3826081786,29,2026,firm_3,ir_operational,1.0
4,0.6,1.0,150,5,moderate,1.0,3826081786,29,2026,firm_3,ir_accuracy,1.0
4,0.6,1.0,150,5,moderate,1.0,3826081786,29,2026,_summary,v_op_N,12.68762950253327
4,0.6,1.0,150,5,moderate,1.0,3826081786,29,2026,_summary,v_acc_N,0.008366893709923051
4,0.6,1.0,150,5,moderate,1.0,3826081786,29,2026,_summary,spearman_rho,0.8
4,0.6,1.0,150,5,moderate,1.0,3826081786,29,2026,_summary,payment_displacement,0.2247764449806479
4,0.6,1.0,150,5,moderate,1.0,3826081786,29,2026,_summary,any_rank_reversal,1.0
4,0.6,1.0,150,5,moderate,1.0,3826081786,29,2026,_summary,efficiency_gap_op,0.0
4,0.6,4.0,150,5,moderate,1.0,801833027,0,2026,firm_0,phi_operational,6.735309477208541
4,0.6,4.0,150,5,moderate,1.0,801833027,0,2026,firm_0,phi_accuracy,0.03957262613724233
4,0.6,4.0,150,5,moderate,1.0,801833027,0,2026,firm_0,ir_operational,1.0
4,0.6,4.0,150,5,moderate,1.0,801833027,0,2026,firm_0,ir_accuracy,1.0
4,0.6,4.0,150,5,moderate,1.0,801833027,0,2026,firm_1,phi_operational,-2.3370681787898535
4,0.6,4.0,150,5,moderate,1.0,801833027,0,2026,firm_1,phi_accuracy,0.06940399295445465
4,0.6,4.0,150,5,moderate,1.0,801833027,0,2026,firm_1,ir_operational,0.0
4,0.6,4.0,150,5,moderate,1.0,801833027,0,2026,firm_1,ir_accuracy,1.0
4,0.6,4.0,150,5,moderate,1.0,801833027,0,2026,firm_2,phi_operational,4.7668183031029745
4,0.6,4.0,150,5,moderate,1.0,801833027,0,2026,firm_2,phi_accuracy,0.04695539694784445
4,0.6,4.0,150,5,moderate,1.0,801833027,0,2026,firm_2,ir_operational,1.0
4,0.6,4.0,150,5,moderate,1.0,801833027,0,2026,firm_2,ir_accuracy,1.0
4,0.6,4.0,150,5,moderate,1.0,801833027,0,2026,firm_3,phi_operational,4.681362510597737
4,0.6,4.0,150,5,moderate,1.0,801833027,0,2026,firm_3,phi_accuracy,0.005904504334507177
4,0.6,4.0,150,5,moderate,1.0,801833027,0,2026,firm_3,ir_operational,1.0
4,0.6,4.0,150,5,moderate,1.0,801833027,0,2026,firm_3,ir_accuracy,1.0
4,0.6,4.0,150,5,moderate,1.0,801833027,0,2026,_summary,v_op_N,13.846422112119399
4,0.6,4.0,150,5,moderate,1.0,801833027,0,2026,_summary,v_acc_N,0.1618365203740486
4,0.6,4.0,150,5,moderate,1.0,801833027,0,2026,_summary,spearman_rho,-0.3999999999999999
4,0.6,4.0,150,5,moderate,1.0,801833027,0,2026,_summary,payment_displacement,0.23080678156958073
4,0.6,4.0,150,5,moderate,1.0,801833027,0,2026,_summary,any_rank_reversal,1.0
4,0.6,4.0,150,5,moderate,1.0,801833027,0,2026,_summary,efficiency_gap_op,0.0
4,0.6,4.0,150,5,moderate,1.0,2899282746,1,2026,firm_0,phi_operational,7.183988833806694
4,0.6,4.0,150,5,moderate,1.0,2899282746,1,2026,firm_0,phi_accuracy,0.032236475414354385
4,0.6,4.0,150,5,moderate,1.0,2899282746,1,2026,firm_0,ir_operational,1.0
4,0.6,4.0,150,5,moderate,1.0,2899282746,1,2026,firm_0,ir_accuracy,1.0
4,0.6,4.0,150,5,moderate,1.0,2899282746,1,2026,firm_1,phi_operational,11.129155008163346
4,0.6,4.0,150,5,moderate,1.0,2899282746,1,2026,firm_1,phi_accuracy,0.019704706019476936
4,0.6,4.0,150,5,moderate,1.0,2899282746,1,2026,firm_1,ir_operational,1.0
4,0.6,4.0,150,5,moderate,1.0,2899282746,1,2026,firm_1,ir_accuracy,1.0
4,0.6,4.0,150,5,moderate,1.0,2899282746,1,2026,firm_2,phi_operational,9.284242983574444
4,0.6,4.0,150,5,moderate,1.0,2899282746,1,2026,firm_2,phi_accuracy,0.012202252493113536
4,0.6,4.0,150,5,moderate,1.0,2899282746,1,2026,firm_2,ir_operational,1.0
4,0.6,4.0,150,5,moderate,1.0,2899282746,1,2026,firm_2,ir_accuracy,1.0
4,0.6,4.0,150,5,moderate,1.0,2899282746,1,2026,firm_3,phi_operational,13.373649996382728
4,0.6,4.0,150,5,moderate,1.0,2899282746,1,2026,firm_3,phi_accuracy,0.009564719206630951
4,0.6,4.0,150,5,moderate,1.0,2899282746,1,2026,firm_3,ir_operational,1.0
4,0.6,4.0,150,5,moderate,1.0,2899282746,1,2026,firm_3,ir_accuracy,1.0
4,0.6,4.0,150,5,moderate,1.0,2899282746,1,2026,_summary,v_op_N,40.971036821927214
4,0.6,4.0,150,5,moderate,1.0,2899282746,1,2026,_summary,v_acc_N,0.07370815313357582
4,0.6,4.0,150,5,moderate,1.0,2899282746,1,2026,_summary,spearman_rho,-0.8
4,0.6,4.0,150,5,moderate,1.0,2899282746,1,2026,_summary,payment_displacement,0.13100490324929281
4,0.6,4.0,150,5,moderate,1.0,2899282746,1,2026,_summary,any_rank_reversal,1.0
4,0.6,4.0,150,5,moderate,1.0,2899282746,1,2026,_summary,efficiency_gap_op,0.0
4,0.6,4.0,150,5,moderate,1.0,552467649,2,2026,firm_0,phi_operational,-4.857446893012981
4,0.6,4.0,150,5,moderate,1.0,552467649,2,2026,firm_0,phi_accuracy,-0.01394794505531734
4,0.6,4.0,150,5,moderate,1.0,552467649,2,2026,firm_0,ir_operational,0.0
4,0.6,4.0,150,5,moderate,1.0,552467649,2,2026,firm_0,ir_accuracy,0.0
4,0.6,4.0,150,5,moderate,1.0,552467649,2,2026,firm_1,phi_operational,2.932797150890811
4,0.6,4.0,150,5,moderate,1.0,552467649,2,2026,firm_1,phi_accuracy,0.02437918158247524
4,0.6,4.0,150,5,moderate,1.0,552467649,2,2026,firm_1,ir_operational,1.0
4,0.6,4.0,150,5,moderate,1.0,552467649,2,2026,firm_1,ir_accuracy,1.0
4,0.6,4.0,150,5,moderate,1.0,552467649,2,2026,firm_2,phi_operational,-6.535330730201565
4,0.6,4.0,150,5,moderate,1.0,552467649,2,2026,firm_2,phi_accuracy,0.006649275234396698
4,0.6,4.0,150,5,moderate,1.0,552467649,2,2026,firm_2,ir_operational,0.0
4,0.6,4.0,150,5,moderate,1.0,552467649,2,2026,firm_2,ir_accuracy,1.0
4,0.6,4.0,150,5,moderate,1.0,552467649,2,2026,firm_3,phi_operational,2.6982505907167535
4,0.6,4.0,150,5,moderate,1.0,552467649,2,2026,firm_3,phi_accuracy,0.0046637300354276014
4,0.6,4.0,150,5,moderate,1.0,552467649,2,2026,firm_3,ir_operational,1.0
4,0.6,4.0,150,5,moderate,1.0,552467649,2,2026,firm_3,ir_accuracy,1.0
4,0.6,4.0,150,5,moderate,1.0,552467649,2,2026,_summary,v_op_N,-5.761729881606982
4,0.6,4.0,150,5,moderate,1.0,552467649,2,2026,_summary,v_acc_N,0.0217442417969822
4,0.6,4.0,150,5,moderate,1.0,552467649,2,2026,_summary,spearman_rho,0.4
4,0.6,4.0,150,5,moderate,1.0,552467649,2,2026,_summary,payment_displacement,0.2263959703866462
4,0.6,4.0,150,5,moderate,1.0,552467649,2,2026,_summary,any_rank_reversal,1.0
4,0.6,4.0,150,5,moderate,1.0,552467649,2,2026,_summary,efficiency_gap_op,0.0
4,0.6,4.0,150,5,moderate,1.0,3865521140,3,2026,firm_0,phi_operational,13.667151834035636
4,0.6,4.0,150,5,moderate,1.0,3865521140,3,2026,firm_0,phi_accuracy,0.06644769334648892
4,0.6,4.0,150,5,moderate,1.0,3865521140,3,2026,firm_0,ir_operational,1.0
4,0.6,4.0,150,5,moderate,1.0,3865521140,3,2026,firm_0,ir_accuracy,1.0
4,0.6,4.0,150,5,moderate,1.0,3865521140,3,2026,firm_1,phi_operational,7.166427728186936
4,0.6,4.0,150,5,moderate,1.0,3865521140,3,2026,firm_1,phi_accuracy,0.003205159715807408
4,0.6,4.0,150,5,moderate,1.0,3865521140,3,2026,firm_1,ir_operational,1.0
4,0.6,4.0,150,5,moderate,1.0,3865521140,3,2026,firm_1,ir_accuracy,1.0
4,0.6,4.0,150,5,moderate,1.0,3865521140,3,2026,firm_2,phi_operational,4.403603983131523
4,0.6,4.0,150,5,moderate,1.0,3865521140,3,2026,firm_2,phi_accuracy,-0.005383299201399109
4,0.6,4.0,150,5,moderate,1.0,3865521140,3,2026,firm_2,ir_operational,1.0
4,0.6,4.0,150,5,moderate,1.0,3865521140,3,2026,firm_2,ir_accuracy,0.0
4,0.6,4.0,150,5,moderate,1.0,3865521140,3,2026,firm_3,phi_operational,10.035272057021562
4,0.6,4.0,150,5,moderate,1.0,3865521140,3,2026,firm_3,phi_accuracy,-0.011045805296549138
4,0.6,4.0,150,5,moderate,1.0,3865521140,3,2026,firm_3,ir_operational,1.0
4,0.6,4.0,150,5,moderate,1.0,3865521140,3,2026,firm_3,ir_accuracy,0.0
4,0.6,4.0,150,5,moderate,1.0,3865521140,3,2026,_summary,v_op_N,35.27245560237566
4,0.6,4.0,150,5,moderate,1.0,3865521140,3,2026,_summary,v_acc_N,0.05322374856434808
4,0.6,4.0,150,5,moderate,1.0,3865521140,3,2026,_summary,spearman_rho,0.4
4,0.6,4.0,150,5,moderate,1.0,3865521140,3,2026,_summary,payment_displacement,0.2876462004348924
4,0.6,4.0,150,5,moderate,1.0,3865521140,3,2026,_summary,any_rank_reversal,1.0
4,0.6,4.0,150,5,moderate,1.0,3865521140,3,2026,_summary,efficiency_gap_op,0.0
4,0.6,4.0,150,5,moderate,1.0,3003369925,4,2026,firm_0,phi_operational,4.482790725458092
4,0.6,4.0,150,5,moderate,1.0,3003369925,4,2026,firm_0,phi_accuracy,0.02286136188120887
4,0.6,4.0,150,5,moderate,1.0,3003369925,4,2026,firm_0,ir_operational,1.0
4,0.6,4.0,150,5,moderate,1.0,3003369925,4,2026,firm_0,ir_accuracy,1.0
4,0.6,4.0,150,5,moderate,1.0,3003369925,4,2026,firm_1,phi_operational,0.9416902402977504
4,0.6,4.0,150,5,moderate,1.0,3003369925,4,2026,firm_1,phi_accuracy,0.0141258831697304
4,0.6,4.0,150,5,moderate,1.0,3003369925,4,2026,firm_1,ir_operational,1.0
4,0.6,4.0,150,5,moderate,1.0,3003369925,4,2026,firm_1,ir_accuracy,1.0
4,0.6,4.0,150,5,moderate,1.0,3003369925,4,2026,firm_2,phi_operational,6.747000572138461
4,0.6,4.0,150,5,moderate,1.0,3003369925,4,2026,firm_2,phi_accuracy,0.05764808635591863
4,0.6,4.0,150,5,moderate,1.0,3003369925,4,2026,firm_2,ir_operational,1.0
4,0.6,4.0,150,5,moderate,1.0,3003369925,4,2026,firm_2,ir_accuracy,1.0
4,0.6,4.0,150,5,moderate,1.0,3003369925,4,2026,firm_3,phi_operational,1.4049308987901459
4,0.6,4.0,150,5,moderate,1.0,3003369925,4,2026,firm_3,phi_accuracy,0.06459475677803657
4,0.6,4.0,150,5,moderate,1.0,3003369925,4,2026,firm_3,ir_operational,1.0
4,0.6,4.0,150,5,moderate,1.0,3003369925,4,2026,firm_3,ir_accuracy,1.0
4,0.6,4.0,150,5,moderate,1.0,3003369925,4,2026,_summary,v_op_N,13.57641243668445
4,0.6,4.0,150,5,moderate,1.0,3003369925,4,2026,_summary,v_acc_N,0.15923008818489448
4,0.6,4.0,150,5,moderate,1.0,3003369925,4,2026,_summary,spearman_rho,0.4
4,0.6,4.0,150,5,moderate,1.0,3003369925,4,2026,_summary,payment_displacement,0.16076874674419153
4,0.6,4.0,150,5,moderate,1.0,3003369925,4,2026,_summary,any_rank_reversal,1.0
4,0.6,4.0,150,5,moderate,1.0,3003369925,4,2026,_summary,efficiency_gap_op,0.0
4,0.6,4.0,150,5,moderate,1.0,3942828951,5,2026,firm_0,phi_operational,2.364113737431481
4,0.6,4.0,150,5,moderate,1.0,3942828951,5,2026,firm_0,phi_accuracy,-0.011444859970023785
4,0.6,4.0,150,5,moderate,1.0,3942828951,5,2026,firm_0,ir_operational,1.0
4,0.6,4.0,150,5,moderate,1.0,3942828951,5,2026,firm_0,ir_accuracy,0.0
4,0.6,4.0,150,5,moderate,1.0,3942828951,5,2026,firm_1,phi_operational,7.795749071969202
4,0.6,4.0,150,5,moderate,1.0,3942828951,5,2026,firm_1,phi_accuracy,0.026249037088193046
4,0.6,4.0,150,5,moderate,1.0,3942828951,5,2026,firm_1,ir_operational,1.0
4,0.6,4.0,150,5,moderate,1.0,3942828951,5,2026,firm_1,ir_accuracy,1.0
4,0.6,4.0,150,5,moderate,1.0,3942828951,5,2026,firm_2,phi_operational,9.421987132239455
4,0.6,4.0,150,5,moderate,1.0,3942828951,5,2026,firm_2,phi_accuracy,0.023580087354204405
4,0.6,4.0,150,5,moderate,1.0,3942828951,5,2026,firm_2,ir_operational,1.0
4,0.6,4.0,150,5,moderate,1.0,3942828951,5,2026,firm_2,ir_accuracy,1.0
4,0.6,4.0,150,5,moderate,1.0,3942828951,5,2026,firm_3,phi_operational,3.900736125666019
4,0.6,4.0,150,5,moderate,1.0,3942828951,5,2026,firm_3,phi_accuracy,0.018476758049682157
4,0.6,4.0,150,5,moderate,1.0,3942828951,5,2026,firm_3,ir_operational,1.0
4,0.6,4.0,150,5,moderate,1.0,3942828951,5,2026,firm_3,ir_accuracy,1.0
4,0.6,4.0,150,5,moderate,1.0,3942828951,5,2026,_summary,v_op_N,23.48258606730616
4,0.6,4.0,150,5,moderate,1.0,3942828951,5,2026,_summary,v_acc_N,0.056861022522055826
4,0.6,4.0,150,5,moderate,1.0,3942828951,5,2026,_summary,spearman_rho,0.8
4,0.6,4.0,150,5,moderate,1.0,3942828951,5,2026,_summary,payment_displacement,0.10453867311311615
4,0.6,4.0,150,5,moderate,1.0,3942828951,5,2026,_summary,any_rank_reversal,1.0
4,0.6,4.0,150,5,moderate,1.0,3942828951,5,2026,_summary,efficiency_gap_op,0.0
4,0.6,4.0,150,5,moderate,1.0,2870829169,6,2026,firm_0,phi_operational,9.426895957603486
4,0.6,4.0,150,5,moderate,1.0,2870829169,6,2026,firm_0,phi_accuracy,0.05469744572133997
4,0.6,4.0,150,5,moderate,1.0,2870829169,6,2026,firm_0,ir_operational,1.0
4,0.6,4.0,150,5,moderate,1.0,2870829169,6,2026,firm_0,ir_accuracy,1.0
4,0.6,4.0,150,5,moderate,1.0,2870829169,6,2026,firm_1,phi_operational,7.193924233427348
4,0.6,4.0,150,5,moderate,1.0,2870829169,6,2026,firm_1,phi_accuracy,0.03862206085725812
4,0.6,4.0,150,5,moderate,1.0,2870829169,6,2026,firm_1,ir_operational,1.0
4,0.6,4.0,150,5,moderate,1.0,2870829169,6,2026,firm_1,ir_accuracy,1.0
4,0.6,4.0,150,5,moderate,1.0,2870829169,6,2026,firm_2,phi_operational,7.627364968704133
4,0.6,4.0,150,5,moderate,1.0,2870829169,6,2026,firm_2,phi_accuracy,0.04155300572678931
4,0.6,4.0,150,5,moderate,1.0,2870829169,6,2026,firm_2,ir_operational,1.0
4,0.6,4.0,150,5,moderate,1.0,2870829169,6,2026,firm_2,ir_accuracy,1.0
4,0.6,4.0,150,5,moderate,1.0,2870829169,6,2026,firm_3,phi_operational,8.607975277825933
4,0.6,4.0,150,5,moderate,1.0,2870829169,6,2026,firm_3,phi_accuracy,0.03833114848211153
4,0.6,4.0,150,5,moderate,1.0,2870829169,6,2026,firm_3,ir_operational,1.0
4,0.6,4.0,150,5,moderate,1.0,2870829169,6,2026,firm_3,ir_accuracy,1.0
4,0.6,4.0,150,5,moderate,1.0,2870829169,6,2026,_summary,v_op_N,32.8561604375609
4,0.6,4.0,150,5,moderate,1.0,2870829169,6,2026,_summary,v_acc_N,0.17320366078749894
4,0.6,4.0,150,5,moderate,1.0,2870829169,6,2026,_summary,spearman_rho,0.4
4,0.6,4.0,150,5,moderate,1.0,2870829169,6,2026,_summary,payment_displacement,0.020341443219182243
4,0.6,4.0,150,5,moderate,1.0,2870829169,6,2026,_summary,any_rank_reversal,1.0
4,0.6,4.0,150,5,moderate,1.0,2870829169,6,2026,_summary,efficiency_gap_op,0.0
4,0.6,4.0,150,5,moderate,1.0,1946737020,7,2026,firm_0,phi_operational,6.808354055073011
4,0.6,4.0,150,5,moderate,1.0,1946737020,7,2026,firm_0,phi_accuracy,0.05904065628482885
4,0.6,4.0,150,5,moderate,1.0,1946737020,7,2026,firm_0,ir_operational,1.0
4,0.6,4.0,150,5,moderate,1.0,1946737020,7,2026,firm_0,ir_accuracy,1.0
4,0.6,4.0,150,5,moderate,1.0,1946737020,7,2026,firm_1,phi_operational,11.895063126936728
4,0.6,4.0,150,5,moderate,1.0,1946737020,7,2026,firm_1,phi_accuracy,0.06230754759466726
4,0.6,4.0,150,5,moderate,1.0,1946737020,7,2026,firm_1,ir_operational,1.0
4,0.6,4.0,150,5,moderate,1.0,1946737020,7,2026,firm_1,ir_accuracy,1.0
4,0.6,4.0,150,5,moderate,1.0,1946737020,7,2026,firm_2,phi_operational,7.848642435602281
4,0.6,4.0,150,5,moderate,1.0,1946737020,7,2026,firm_2,phi_accuracy,0.0694954007943139
4,0.6,4.0,150,5,moderate,1.0,1946737020,7,2026,firm_2,ir_operational,1.0
4,0.6,4.0,150,5,moderate,1.0,1946737020,7,2026,firm_2,ir_accuracy,1.0
4,0.6,4.0,150,5,moderate,1.0,1946737020,7,2026,firm_3,phi_operational,10.619662208590691
4,0.6,4.0,150,5,moderate,1.0,1946737020,7,2026,firm_3,phi_accuracy,0.04245546657116826
4,0.6,4.0,150,5,moderate,1.0,1946737020,7,2026,firm_3,ir_operational,1.0
4,0.6,4.0,150,5,moderate,1.0,1946737020,7,2026,firm_3,ir_accuracy,1.0
4,0.6,4.0,150,5,moderate,1.0,1946737020,7,2026,_summary,v_op_N,37.17172182620271
4,0.6,4.0,150,5,moderate,1.0,1946737020,7,2026,_summary,v_acc_N,0.23329907124497828
4,0.6,4.0,150,5,moderate,1.0,1946737020,7,2026,_summary,spearman_rho,0.0
4,0.6,4.0,150,5,moderate,1.0,1946737020,7,2026,_summary,payment_displacement,0.07832234844112254
4,0.6,4.0,150,5,moderate,1.0,1946737020,7,2026,_summary,any_rank_reversal,1.0
4,0.6,4.0,150,5,moderate,1.0,1946737020,7,2026,_summary,efficiency_gap_op,0.0
4,0.6,4.0,150,5,moderate,1.0,3369496035,8,2026,firm_0,phi_operational,4.406354378216983
4,0.6,4.0,150,5,moderate,1.0,3369496035,8,2026,firm_0,phi_accuracy,0.021344777124422877
4,0.6,4.0,150,5,moderate,1.0,3369496035,8,2026,firm_0,ir_operational,1.0
4,0.6,4.0,150,5,moderate,1.0,3369496035,8,2026,firm_0,ir_accuracy,1.0
4,0.6,4.0,150,5,moderate,1.0,3369496035,8,2026,firm_1,phi_operational,13.156572838034085
4,0.6,4.0,150,5,moderate,1.0,3369496035,8,2026,firm_1,phi_accuracy,0.07552423751431847
4,0.6,4.0,150,5,moderate,1.0,3369496035,8,2026,firm_1,ir_operational,1.0
4,0.6,4.0,150,5,moderate,1.0,3369496035,8,2026,firm_1,ir_accuracy,1.0
4,0.6,4.0,150,5,moderate,1.0,3369496035,8,2026,firm_2,phi_operational,13.40819562703669
4,0.6,4.0,150,5,moderate,1.0,3369496035,8,2026,firm_2,phi_accuracy,0.060860934822352754
4,0.6,4.0,150,5,moderate,1.0,3369496035,8,2026,firm_2,ir_operational,1.0
4,0.6,4.0,150,5,moderate,1.0,3369496035,8,2026,firm_2,ir_accuracy,1.0
4,0.6,4.0,150,5,moderate,1.0,3369496035,8,2026,firm_3,phi_operational,4.591905788696494
4,0.6,4.0,150,5,moderate,1.0,3369496035,8,2026,firm_3,phi_accuracy,0.0004662662305487766
4,0.6,4.0,150,5,moderate,1.0,3369496035,8,2026,firm_3,ir_operational,1.0
4,0.6,4.0,150,5,moderate,1.0,3369496035,8,2026,firm_3,ir_accuracy,1.0
4,0.6,4.0,150,5,moderate,1.0,3369496035,8,2026,_summary,v_op_N,35.56302863198425
4,0.6,4.0,150,5,moderate,1.0,3369496035,8,2026,_summary,v_acc_N,0.15819621569164288
4,0.6,4.0,150,5,moderate,1.0,3369496035,8,2026,_summary,spearman_rho,0.6
4,0.6,4.0,150,5,moderate,1.0,3369496035,8,2026,_summary,payment_displacement,0.06308640998605058
4,0.6,4.0,150,5,moderate,1.0,3369496035,8,2026,_summary,any_rank_reversal,1.0
4,0.6,4.0,150,5,moderate,1.0,3369496035,8,2026,_summary,efficiency_gap_op,0.0
4,0.6,4.0,150,5,moderate,1.0,924429165,9,2026,firm_0,phi_operational,5.8996663874876605
4,0.6,4.0,150,5,moderate,1.0,924429165,9,2026,firm_0,phi_accuracy,0.030480577016917986
4,0.6,4.0,150,5,moderate,1.0,924429165,9,2026,firm_0,ir_operational,1.0
4,0.6,4.0,150,5,moderate,1.0,924429165,9,2026,firm_0,ir_accuracy,1.0
4,0.6,4.0,150,5,moderate,1.0,924429165,9,2026,firm_1,phi_operational,3.622511655203695
4,0.6,4.0,150,5,moderate,1.0,924429165,9,2026,firm_1,phi_accuracy,0.04168597491513562
4,0.6,4.0,150,5,moderate,1.0,924429165,9,2026,firm_1,ir_operational,1.0
4,0.6,4.0,150,5,moderate,1.0,924429165,9,2026,firm_1,ir_accuracy,1.0
4,0.6,4.0,150,5,moderate,1.0,924429165,9,2026,firm_2,phi_operational,2.243335338622117
4,0.6,4.0,150,5,moderate,1.0,924429165,9,2026,firm_2,phi_accuracy,-0.0018690332430402468
4,0.6,4.0,150,5,moderate,1.0,924429165,9,2026,firm_2,ir_operational,1.0
4,0.6,4.0,150,5,moderate,1.0,924429165,9,2026,firm_2,ir_accuracy,0.0
4,0.6,4.0,150,5,moderate,1.0,924429165,9,2026,firm_3,phi_operational,1.2549030071179694
4,0.6,4.0,150,5,moderate,1.0,924429165,9,2026,firm_3,phi_accuracy,0.010117616901380789
4,0.6,4.0,150,5,moderate,1.0,924429165,9,2026,firm_3,ir_operational,1.0
4,0.6,4.0,150,5,moderate,1.0,924429165,9,2026,firm_3,ir_accuracy,1.0
4,0.6,4.0,150,5,moderate,1.0,924429165,9,2026,_summary,v_op_N,13.020416388431443
4,0.6,4.0,150,5,moderate,1.0,924429165,9,2026,_summary,v_acc_N,0.08041513559039415
4,0.6,4.0,150,5,moderate,1.0,924429165,9,2026,_summary,spearman_rho,0.6
4,0.6,4.0,150,5,moderate,1.0,924429165,9,2026,_summary,payment_displacement,0.13159957284561927
4,0.6,4.0,150,5,moderate,1.0,924429165,9,2026,_summary,any_rank_reversal,1.0
4,0.6,4.0,150,5,moderate,1.0,924429165,9,2026,_summary,efficiency_gap_op,0.0
4,0.6,4.0,150,5,moderate,1.0,2100655182,10,2026,firm_0,phi_operational,9.997098275034972
4,0.6,4.0,150,5,moderate,1.0,2100655182,10,2026,firm_0,phi_accuracy,-0.03028161376618127
4,0.6,4.0,150,5,moderate,1.0,2100655182,10,2026,firm_0,ir_operational,1.0
4,0.6,4.0,150,5,moderate,1.0,2100655182,10,2026,firm_0,ir_accuracy,0.0
4,0.6,4.0,150,5,moderate,1.0,2100655182,10,2026,firm_1,phi_operational,11.1907073252126
4,0.6,4.0,150,5,moderate,1.0,2100655182,10,2026,firm_1,phi_accuracy,-0.05663723153048161
4,0.6,4.0,150,5,moderate,1.0,2100655182,10,2026,firm_1,ir_operational,1.0
4,0.6,4.0,150,5,moderate,1.0,2100655182,10,2026,firm_1,ir_accuracy,0.0
4,0.6,4.0,150,5,moderate,1.0,2100655182,10,2026,firm_2,phi_operational,5.994406550660206
4,0.6,4.0,150,5,moderate,1.0,2100655182,10,2026,firm_2,phi_accuracy,0.0045144883332220625
4,0.6,4.0,150,5,moderate,1.0,2100655182,10,2026,firm_2,ir_operational,1.0
4,0.6,4.0,150,5,moderate,1.0,2100655182,10,2026,firm_2,ir_accuracy,1.0
4,0.6,4.0,150,5,moderate,1.0,2100655182,10,2026,firm_3,phi_operational,12.851728046180094
4,0.6,4.0,150,5,moderate,1.0,2100655182,10,2026,firm_3,phi_accuracy,-0.013726062190021055
4,0.6,4.0,150,5,moderate,1.0,2100655182,10,2026,firm_3,ir_operational,1.0
4,0.6,4.0,150,5,moderate,1.0,2100655182,10,2026,firm_3,ir_accuracy,0.0
4,0.6,4.0,150,5,moderate,1.0,2100655182,10,2026,_summary,v_op_N,40.03394019708787
4,0.6,4.0,150,5,moderate,1.0,2100655182,10,2026,_summary,v_acc_N,-0.09613041915346188
4,0.6,4.0,150,5,moderate,1.0,2100655182,10,2026,_summary,spearman_rho,-0.3999999999999999
4,0.6,4.0,150,5,moderate,1.0,2100655182,10,2026,_summary,payment_displacement,0.47853502153334987
4,0.6,4.0,150,5,moderate,1.0,2100655182,10,2026,_summary,any_rank_reversal,1.0
4,0.6,4.0,150,5,moderate,1.0,2100655182,10,2026,_summary,efficiency_gap_op,0.0
4,0.6,4.0,150,5,moderate,1.0,3219012500,11,2026,firm_0,phi_operational,3.857398618331871
4,0.6,4.0,150,5,moderate,1.0,3219012500,11,2026,firm_0,phi_accuracy,0.0071667477628738485
4,0.6,4.0,150,5,moderate,1.0,3219012500,11,2026,firm_0,ir_operational,1.0
4,0.6,4.0,150,5,moderate,1.0,3219012500,11,2026,firm_0,ir_accuracy,1.0
4,0.6,4.0,150,5,moderate,1.0,3219012500,11,2026,firm_1,phi_operational,5.592955396055325
4,0.6,4.0,150,5,moderate,1.0,3219012500,11,2026,firm_1,phi_accuracy,0.013441083389688892
4,0.6,4.0,150,5,moderate,1.0,3219012500,11,2026,firm_1,ir_operational,1.0
4,0.6,4.0,150,5,moderate,1.0,3219012500,11,2026,firm_1,ir_accuracy,1.0
4,0.6,4.0,150,5,moderate,1.0,3219012500,11,2026,firm_2,phi_operational,3.120525684981525
4,0.6,4.0,150,5,moderate,1.0,3219012500,11,2026,firm_2,phi_accuracy,0.05711810840507871
4,0.6,4.0,150,5,moderate,1.0,3219012500,11,2026,firm_2,ir_operational,1.0
4,0.6,4.0,150,5,moderate,1.0,3219012500,11,2026,firm_2,ir_accuracy,1.0
4,0.6,4.0,150,5,moderate,1.0,3219012500,11,2026,firm_3,phi_operational,4.437045017756256
4,0.6,4.0,150,5,moderate,1.0,3219012500,11,2026,firm_3,phi_accuracy,0.01099190463594063
4,0.6,4.0,150,5,moderate,1.0,3219012500,11,2026,firm_3,ir_operational,1.0
4,0.6,4.0,150,5,moderate,1.0,3219012500,11,2026,firm_3,ir_accuracy,1.0
4,0.6,4.0,150,5,moderate,1.0,3219012500,11,2026,_summary,v_op_N,17.00792471712498
4,0.6,4.0,150,5,moderate,1.0,3219012500,11,2026,_summary,v_acc_N,0.08871784419358208
4,0.6,4.0,150,5,moderate,1.0,3219012500,11,2026,_summary,spearman_rho,-0.19999999999999996
4,0.6,4.0,150,5,moderate,1.0,3219012500,11,2026,_summary,payment_displacement,0.23017139076937299
4,0.6,4.0,150,5,moderate,1.0,3219012500,11,2026,_summary,any_rank_reversal,1.0
4,0.6,4.0,150,5,moderate,1.0,3219012500,11,2026,_summary,efficiency_gap_op,0.0
4,0.6,4.0,150,5,moderate,1.0,1661353115,12,2026,firm_0,phi_operational,2.1889352920936034
4,0.6,4.0,150,5,moderate,1.0,1661353115,12,2026,firm_0,phi_accuracy,-0.013415977424219294
4,0.6,4.0,150,5,moderate,1.0,1661353115,12,2026,firm_0,ir_operational,1.0
4,0.6,4.0,150,5,moderate,1.0,1661353115,12,2026,firm_0,ir_accuracy,0.0
4,0.6,4.0,150,5,moderate,1.0,1661353115,12,2026,firm_1,phi_operational,5.473390649079292
4,0.6,4.0,150,5,moderate,1.0,1661353115,12,2026,firm_1,phi_accuracy,0.00923061950350092
4,0.6,4.0,150,5,moderate,1.0,1661353115,12,2026,firm_1,ir_operational,1.0
4,0.6,4.0,150,5,moderate,1.0,1661353115,12,2026,firm_1,ir_accuracy,1.0
4,0.6,4.0,150,5,moderate,1.0,1661353115,12,2026,firm_2,phi_operational,6.752771680452057
4,0.6,4.0,150,5,moderate,1.0,1661353115,12,2026,firm_2,phi_accuracy,-0.007685340555963685
4,0.6,4.0,150,5,moderate,1.0,1661353115,12,2026,firm_2,ir_operational,1.0
4,0.6,4.0,150,5,moderate,1.0,1661353115,12,2026,firm_2,ir_accuracy,0.0
4,0.6,4.0,150,5,moderate,1.0,1661353115,12,2026,firm_3,phi_operational,-7.512226404662883
4,0.6,4.0,150,5,moderate,1.0,1661353115,12,2026,firm_3,phi_accuracy,-0.0018303543382783096
4,0.6,4.0,150,5,moderate,1.0,1661353115,12,2026,firm_3,ir_operational,0.0
4,0.6,4.0,150,5,moderate,1.0,1661353115,12,2026,firm_3,ir_accuracy,0.0
4,0.6,4.0,150,5,moderate,1.0,1661353115,12,2026,_summary,v_op_N,6.902871216962069
4,0.6,4.0,150,5,moderate,1.0,1661353115,12,2026,_summary,v_acc_N,-0.013701052814960368
4,0.6,4.0,150,5,moderate,1.0,1661353115,12,2026,_summary,spearman_rho,0.0
4,0.6,4.0,150,5,moderate,1.0,1661353115,12,2026,_summary,payment_displacement,0.3467374883515837
4,0.6,4.0,150,5,moderate,1.0,1661353115,12,2026,_summary,any_rank_reversal,1.0
4,0.6,4.0,150,5,moderate,1.0,1661353115,12,2026,_summary,efficiency_gap_op,0.0
4,0.6,4.0,150,5,moderate,1.0,2727985266,13,2026,firm_0,phi_operational,-1.844883622180769
4,0.6,4.0,150,5,moderate,1.0,2727985266,13,2026,firm_0,phi_accuracy,-0.01804334102414975
4,0.6,4.0,150,5,moderate,1.0,2727985266,13,2026,firm_0,ir_operational,0.0
4,0.6,4.0,150,5,moderate,1.0,2727985266,13,2026,firm_0,ir_accuracy,0.0
4,0.6,4.0,150,5,moderate,1.0,2727985266,13,2026,firm_1,phi_operational,2.1744881477641798
4,0.6,4.0,150,5,moderate,1.0,2727985266,13,2026,firm_1,phi_accuracy,0.0209422736276767
4,0.6,4.0,150,5,moderate,1.0,2727985266,13,2026,firm_1,ir_operational,1.0
4,0.6,4.0,150,5,moderate,1.0,2727985266,13,2026,firm_1,ir_accuracy,1.0
4,0.6,4.0,150,5,moderate,1.0,2727985266,13,2026,firm_2,phi_operational,2.433897438815478
4,0.6,4.0,150,5,moderate,1.0,2727985266,13,2026,firm_2,phi_accuracy,0.0063585591546974265
4,0.6,4.0,150,5,moderate,1.0,2727985266,13,2026,firm_2,ir_operational,1.0
4,0.6,4.0,150,5,moderate,1.0,2727985266,13,2026,firm_2,ir_accuracy,1.0
4,0.6,4.0,150,5,moderate,1.0,2727985266,13,2026,firm_3,phi_operational,7.387625186992844
4,0.6,4.0,150,5,moderate,1.0,2727985266,13,2026,firm_3,phi_accuracy,0.024150971401844024
4,0.6,4.0,150,5,moderate,1.0,2727985266,13,2026,firm_3,ir_operational,1.0
4,0.6,4.0,150,5,moderate,1.0,2727985266,13,2026,firm_3,ir_accuracy,1.0
4,0.6,4.0,150,5,moderate,1.0,2727985266,13,2026,_summary,v_op_N,10.151127151391734
4,0.6,4.0,150,5,moderate,1.0,2727985266,13,2026,_summary,v_acc_N,0.0334084631600684
4,0.6,4.0,150,5,moderate,1.0,2727985266,13,2026,_summary,spearman_rho,0.8
4,0.6,4.0,150,5,moderate,1.0,2727985266,13,2026,_summary,payment_displacement,0.13529250671411208
4,0.6,4.0,150,5,moderate,1.0,2727985266,13,2026,_summary,any_rank_reversal,1.0
4,0.6,4.0,150,5,moderate,1.0,2727985266,13,2026,_summary,efficiency_gap_op,0.0
4,0.6,4.0,150,5,moderate,1.0,227442058,14,2026,firm_0,phi_operational,23.200035943140115
4,0.6,4.0,150,5,moderate,1.0,227442058,14,2026,firm_0,phi_accuracy,0.048811259389039
4,0.6,4.0,150,5,moderate,1.0,227442058,14,2026,firm_0,ir_operational,1.0
4,0.6,4.0,150,5,moderate,1.0,227442058,14,2026,firm_0,ir_accuracy,1.0
4,0.6,4.0,150,5,moderate,1.0,227442058,14,2026,firm_1,phi_operational,14.084556647429517
4,0.6,4.0,150,5,moderate,1.0,227442058,14,2026,firm_1,phi_accuracy,0.06988922521576897
4,0.6,4.0,150,5,moderate,1.0,227442058,14,2026,firm_1,ir_operational,1.0
4,0.6,4.0,150,5,moderate,1.0,227442058,14,2026,firm_1,ir_accuracy,1.0
4,0.6,4.0,150,5,moderate,1.0,227442058,14,2026,firm_2,phi_operational,10.357973114359243
4,0.6,4.0,150,5,moderate,1.0,227442058,14,2026,firm_2,phi_accuracy,0.025440082433254907
4,0.6,4.0,150,5,moderate,1.0,227442058,14,2026,firm_2,ir_operational,1.0
4,0.6,4.0,150,5,moderate,1.0,227442058,14,2026,firm_2,ir_accuracy,1.0
4,0.6,4.0,150,5,moderate,1.0,227442058,14,2026,firm_3,phi_operational,8.987750165083401
4,0.6,4.0,150,5,moderate,1.0,227442058,14,2026,firm_3,phi_accuracy,-0.0033055181357639625
4,0.6,4.0,150,5,moderate,1.0,227442058,14,2026,firm_3,ir_operational,1.0
4,0.6,4.0,150,5,moderate,1.0,227442058,14,2026,firm_3,ir_accuracy,0.0
4,0.6,4.0,150,5,moderate,1.0,227442058,14,2026,_summary,v_op_N,56.63031587001228
4,0.6,4.0,150,5,moderate,1.0,227442058,14,2026,_summary,v_acc_N,0.14083504890229892
4,0.6,4.0,150,5,moderate,1.0,227442058,14,2026,_summary,spearman_rho,0.8
4,0.6,4.0,150,5,moderate,1.0,227442058,14,2026,_summary,payment_displacement,0.12385322846984494
4,0.6,4.0,150,5,moderate,1.0,227442058,14,2026,_summary,any_rank_reversal,1.0
4,0.6,4.0,150,5,moderate,1.0,227442058,14,2026,_summary,efficiency_gap_op,7.105427357601002e-15
4,0.6,4.0,150,5,moderate,1.0,835622182,15,2026,firm_0,phi_operational,1.7298081719177674
4,0.6,4.0,150,5,moderate,1.0,835622182,15,2026,firm_0,phi_accuracy,0.01592057716119823
4,0.6,4.0,150,5,moderate,1.0,835622182,15,2026,firm_0,ir_operational,1.0
4,0.6,4.0,150,5,moderate,1.0,835622182,15,2026,firm_0,ir_accuracy,1.0
4,0.6,4.0,150,5,moderate,1.0,835622182,15,2026,firm_1,phi_operational,0.24341832627336157
4,0.6,4.0,150,5,moderate,1.0,835622182,15,2026,firm_1,phi_accuracy,0.01303907581466999
4,0.6,4.0,150,5,moderate,1.0,835622182,15,2026,firm_1,ir_operational,1.0
4,0.6,4.0,150,5,moderate,1.0,835622182,15,2026,firm_1,ir_accuracy,1.0
4,0.6,4.0,150,5,moderate,1.0,835622182,15,2026,firm_2,phi_operational,10.813643121148989
4,0.6,4.0,150,5,moderate,1.0,835622182,15,2026,firm_2,phi_accuracy,-0.01867787192321496
4,0.6,4.0,150,5,moderate,1.0,835622182,15,2026,firm_2,ir_operational,1.0
4,0.6,4.0,150,5,moderate,1.0,835622182,15,2026,firm_2,ir_accuracy,0.0
4,0.6,4.0,150,5,moderate,1.0,835622182,15,2026,firm_3,phi_operational,2.848366609566928
4,0.6,4.0,150,5,moderate,1.0,835622182,15,2026,firm_3,phi_accuracy,0.016497807945249077
4,0.6,4.0,150,5,moderate,1.0,835622182,15,2026,firm_3,ir_operational,1.0
4,0.6,4.0,150,5,moderate,1.0,835622182,15,2026,firm_3,ir_accuracy,1.0
4,0.6,4.0,150,5,moderate,1.0,835622182,15,2026,_summary,v_op_N,15.635236228907047
4,0.6,4.0,150,5,moderate,1.0,835622182,15,2026,_summary,v_acc_N,0.026779588997902337
4,0.6,4.0,150,5,moderate,1.0,835622182,15,2026,_summary,spearman_rho,-0.19999999999999996
4,0.6,4.0,150,5,moderate,1.0,835622182,15,2026,_summary,payment_displacement,0.3458100332706906
4,0.6,4.0,150,5,moderate,1.0,835622182,15,2026,_summary,any_rank_reversal,1.0
4,0.6,4.0,150,5,moderate,1.0,835622182,15,2026,_summary,efficiency_gap_op,1.7763568394002505e-15
4,0.6,4.0,150,5,moderate,1.0,869574251,16,2026,firm_0,phi_operational,2.8672365828107234
4,0.6,4.0,150,5,moderate,1.0,869574251,16,2026,firm_0,phi_accuracy,0.00662335524401747
4,0.6,4.0,150,5,moderate,1.0,869574251,16,2026,firm_0,ir_operational,1.0
4,0.6,4.0,150,5,moderate,1.0,869574251,16,2026,firm_0,ir_accuracy,1.0
4,0.6,4.0,150,5,moderate,1.0,869574251,16,2026,firm_1,phi_operational,-1.3099134506351124
4,0.6,4.0,150,5,moderate,1.0,869574251,16,2026,firm_1,phi_accuracy,0.0018298886289009513
4,0.6,4.0,150,5,moderate,1.0,869574251,16,2026,firm_1,ir_operational,0.0
4,0.6,4.0,150,5,moderate,1.0,869574251,16,2026,firm_1,ir_accuracy,1.0
4,0.6,4.0,150,5,moderate,1.0,869574251,16,2026,firm_2,phi_operational,5.790656231943766
4,0.6,4.0,150,5,moderate,1.0,869574251,16,2026,firm_2,phi_accuracy,0.044581237313908395
4,0.6,4.0,150,5,moderate,1.0,869574251,16,2026,firm_2,ir_operational,1.0
4,0.6,4.0,150,5,moderate,1.0,869574251,16,2026,firm_2,ir_accuracy,1.0
4,0.6,4.0,150,5,moderate,1.0,869574251,16,2026,firm_3,phi_operational,3.0307111131617903
4,0.6,4.0,150,5,moderate,1.0,869574251,16,2026,firm_3,phi_accuracy,-0.004535907780514455
4,0.6,4.0,150,5,moderate,1.0,869574251,16,2026,firm_3,ir_operational,1.0
4,0.6,4.0,150,5,moderate,1.0,869574251,16,2026,firm_3,ir_accuracy,0.0
4,0.6,4.0,150,5,moderate,1.0,869574251,16,2026,_summary,v_op_N,10.378690477281168
4,0.6,4.0,150,5,moderate,1.0,869574251,16,2026,_summary,v_acc_N,0.04849857340631236
4,0.6,4.0,150,5,moderate,1.0,869574251,16,2026,_summary,spearman_rho,0.4
4,0.6,4.0,150,5,moderate,1.0,869574251,16,2026,_summary,payment_displacement,0.2197330741602489
4,0.6,4.0,150,5,moderate,1.0,869574251,16,2026,_summary,any_rank_reversal,1.0
4,0.6,4.0,150,5,moderate,1.0,869574251,16,2026,_summary,efficiency_gap_op,1.7763568394002505e-15
4,0.6,4.0,150,5,moderate,1.0,4234550116,17,2026,firm_0,phi_operational,1.8728515148264553
4,0.6,4.0,150,5,moderate,1.0,4234550116,17,2026,firm_0,phi_accuracy,0.0180112451024792
4,0.6,4.0,150,5,moderate,1.0,4234550116,17,2026,firm_0,ir_operational,1.0
4,0.6,4.0,150,5,moderate,1.0,4234550116,17,2026,firm_0,ir_accuracy,1.0
4,0.6,4.0,150,5,moderate,1.0,4234550116,17,2026,firm_1,phi_operational,3.7784858520348337
4,0.6,4.0,150,5,moderate,1.0,4234550116,17,2026,firm_1,phi_accuracy,-0.013189204839858526
4,0.6,4.0,150,5,moderate,1.0,4234550116,17,2026,firm_1,ir_operational,1.0
4,0.6,4.0,150,5,moderate,1.0,4234550116,17,2026,firm_1,ir_accuracy,0.0
4,0.6,4.0,150,5,moderate,1.0,4234550116,17,2026,firm_2,phi_operational,-3.912424419796442
4,0.6,4.0,150,5,moderate,1.0,4234550116,17,2026,firm_2,phi_accuracy,-0.005104365565956429
4,0.6,4.0,150,5,moderate,1.0,4234550116,17,2026,firm_2,ir_operational,0.0
4,0.6,4.0,150,5,moderate,1.0,4234550116,17,2026,firm_2,ir_accuracy,0.0
4,0.6,4.0,150,5,moderate,1.0,4234550116,17,2026,firm_3,phi_operational,-1.7620533755770962
4,0.6,4.0,150,5,moderate,1.0,4234550116,17,2026,firm_3,phi_accuracy,0.008481490601434143
4,0.6,4.0,150,5,moderate,1.0,4234550116,17,2026,firm_3,ir_operational,0.0
4,0.6,4.0,150,5,moderate,1.0,4234550116,17,2026,firm_3,ir_accuracy,1.0
4,0.6,4.0,150,5,moderate,1.0,4234550116,17,2026,_summary,v_op_N,-0.0231404285122494
4,0.6,4.0,150,5,moderate,1.0,4234550116,17,2026,_summary,v_acc_N,0.008199165298098388
4,0.6,4.0,150,5,moderate,1.0,4234550116,17,2026,_summary,spearman_rho,-0.19999999999999996
4,0.6,4.0,150,5,moderate,1.0,4234550116,17,2026,_summary,payment_displacement,0.360333565794254
4,0.6,4.0,150,5,moderate,1.0,4234550116,17,2026,_summary,any_rank_reversal,1.0
4,0.6,4.0,150,5,moderate,1.0,4234550116,17,2026,_summary,efficiency_gap_op,0.0
4,0.6,4.0,150,5,moderate,1.0,3119988374,18,2026,firm_0,phi_operational,3.1761942123300884
4,0.6,4.0,150,5,moderate,1.0,3119988374,18,2026,firm_0,phi_accuracy,0.0052398107335440425
4,0.6,4.0,150,5,moderate,1.0,3119988374,18,2026,firm_0,ir_operational,1.0
4,0.6,4.0,150,5,moderate,1.0,3119988374,18,2026,firm_0,ir_accuracy,1.0
4,0.6,4.0,150,5,moderate,1.0,3119988374,18,2026,firm_1,phi_operational,2.853004618204546
4,0.6,4.0,150,5,moderate,1.0,3119988374,18,2026,firm_1,phi_accuracy,0.002204820471743317
4,0.6,4.0,150,5,moderate,1.0,3119988374,18,2026,firm_1,ir_operational,1.0
4,0.6,4.0,150,5,moderate,1.0,3119988374,18,2026,firm_1,ir_accuracy,1.0
4,0.6,4.0,150,5,moderate,1.0,3119988374,18,2026,firm_2,phi_operational,-1.678527435663412
4,0.6,4.0,150,5,moderate,1.0,3119988374,18,2026,firm_2,phi_accuracy,-0.0012084714457917904
4,0.6,4.0,150,5,moderate,1.0,3119988374,18,2026,firm_2,ir_operational,0.0
4,0.6,4.0,150,5,moderate,1.0,3119988374,18,2026,firm_2,ir_accuracy,0.0
4,0.6,4.0,150,5,moderate,1.0,3119988374,18,2026,firm_3,phi_operational,-3.0794772629762637
4,0.6,4.0,150,5,moderate,1.0,3119988374,18,2026,firm_3,phi_accuracy,0.01850656040778173
4,0.6,4.0,150,5,moderate,1.0,3119988374,18,2026,firm_3,ir_operational,0.0
4,0.6,4.0,150,5,moderate,1.0,3119988374,18,2026,firm_3,ir_accuracy,1.0
4,0.6,4.0,150,5,moderate,1.0,3119988374,18,2026,_summary,v_op_N,1.2711941318949584
4,0.6,4.0,150,5,moderate,1.0,3119988374,18,2026,_summary,v_acc_N,0.0247427201672773
4,0.6,4.0,150,5,moderate,1.0,3119988374,18,2026,_summary,spearman_rho,-0.19999999999999996
4,0.6,4.0,150,5,moderate,1.0,3119988374,18,2026,_summary,payment_displacement,0.3406993740587161
4,0.6,4.0,150,5,moderate,1.0,3119988374,18,2026,_summary,any_rank_reversal,1.0
4,0.6,4.0,150,5,moderate,1.0,3119988374,18,2026,_summary,efficiency_gap_op,4.440892098500626e-16
4,0.6,4.0,150,5,moderate,1.0,3165197013,19,2026,firm_0,phi_operational,4.3491160072556925
4,0.6,4.0,150,5,moderate,1.0,3165197013,19,2026,firm_0,phi_accuracy,0.009171569598864504
4,0.6,4.0,150,5,moderate,1.0,3165197013,19,2026,firm_0,ir_operational,1.0
4,0.6,4.0,150,5,moderate,1.0,3165197013,19,2026,firm_0,ir_accuracy,1.0
4,0.6,4.0,150,5,moderate,1.0,3165197013,19,2026,firm_1,phi_operational,4.79385709176167
4,0.6,4.0,150,5,moderate,1.0,3165197013,19,2026,firm_1,phi_accuracy,0.015097781562088018
4,0.6,4.0,150,5,moderate,1.0,3165197013,19,2026,firm_1,ir_operational,1.0
4,0.6,4.0,150,5,moderate,1.0,3165197013,19,2026,firm_1,ir_accuracy,1.0
4,0.6,4.0,150,5,moderate,1.0,3165197013,19,2026,firm_2,phi_operational,6.160728512583337
4,0.6,4.0,150,5,moderate,1.0,3165197013,19,2026,firm_2,phi_accuracy,-0.018850834081568235
4,0.6,4.0,150,5,moderate,1.0,3165197013,19,2026,firm_2,ir_operational,1.0
4,0.6,4.0,150,5,moderate,1.0,3165197013,19,2026,firm_2,ir_accuracy,0.0
4,0.6,4.0,150,5,moderate,1.0,3165197013,19,2026,firm_3,phi_operational,6.866333284127933
4,0.6,4.0,150,5,moderate,1.0,3165197013,19,2026,firm_3,phi_accuracy,0.02285071234058394
4,0.6,4.0,150,5,moderate,1.0,3165197013,19,2026,firm_3,ir_operational,1.0
4,0.6,4.0,150,5,moderate,1.0,3165197013,19,2026,firm_3,ir_accuracy,1.0
4,0.6,4.0,150,5,moderate,1.0,3165197013,19,2026,_summary,v_op_N,22.170034895728634
4,0.6,4.0,150,5,moderate,1.0,3165197013,19,2026,_summary,v_acc_N,0.028269229419968234
4,0.6,4.0,150,5,moderate,1.0,3165197013,19,2026,_summary,spearman_rho,0.4
4,0.6,4.0,150,5,moderate,1.0,3165197013,19,2026,_summary,payment_displacement,0.167515906634934
4,0.6,4.0,150,5,moderate,1.0,3165197013,19,2026,_summary,any_rank_reversal,1.0
4,0.6,4.0,150,5,moderate,1.0,3165197013,19,2026,_summary,efficiency_gap_op,0.0
4,0.6,4.0,150,5,moderate,1.0,4102112121,20,2026,firm_0,phi_operational,0.860008378892914
4,0.6,4.0,150,5,moderate,1.0,4102112121,20,2026,firm_0,phi_accuracy,0.017088692594801936
4,0.6,4.0,150,5,moderate,1.0,4102112121,20,2026,firm_0,ir_operational,1.0
4,0.6,4.0,150,5,moderate,1.0,4102112121,20,2026,firm_0,ir_accuracy,1.0
4,0.6,4.0,150,5,moderate,1.0,4102112121,20,2026,firm_1,phi_operational,1.053734559766113
4,0.6,4.0,150,5,moderate,1.0,4102112121,20,2026,firm_1,phi_accuracy,-0.026106562626078123
4,0.6,4.0,150,5,moderate,1.0,4102112121,20,2026,firm_1,ir_operational,1.0
4,0.6,4.0,150,5,moderate,1.0,4102112121,20,2026,firm_1,ir_accuracy,0.0
4,0.6,4.0,150,5,moderate,1.0,4102112121,20,2026,firm_2,phi_operational,1.987649590353797
4,0.6,4.0,150,5,moderate,1.0,4102112121,20,2026,firm_2,phi_accuracy,0.014539054425601949
4,0.6,4.0,150,5,moderate,1.0,4102112121,20,2026,firm_2,ir_operational,1.0
4,0.6,4.0,150,5,moderate,1.0,4102112121,20,2026,firm_2,ir_accuracy,1.0
4,0.6,4.0,150,5,moderate,1.0,4102112121,20,2026,firm_3,phi_operational,5.791472279537558
4,0.6,4.0,150,5,moderate,1.0,4102112121,20,2026,firm_3,phi_accuracy,0.001382055833224529
4,0.6,4.0,150,5,moderate,1.0,4102112121,20,2026,firm_3,ir_operational,1.0
4,0.6,4.0,150,5,moderate,1.0,4102112121,20,2026,firm_3,ir_accuracy,1.0
4,0.6,4.0,150,5,moderate,1.0,4102112121,20,2026,_summary,v_op_N,9.692864808550382
4,0.6,4.0,150,5,moderate,1.0,4102112121,20,2026,_summary,v_acc_N,0.006903240227550289
4,0.6,4.0,150,5,moderate,1.0,4102112121,20,2026,_summary,spearman_rho,-0.3999999999999999
4,0.6,4.0,150,5,moderate,1.0,4102112121,20,2026,_summary,payment_displacement,0.34141617021302717
4,0.6,4.0,150,5,moderate,1.0,4102112121,20,2026,_summary,any_rank_reversal,1.0
4,0.6,4.0,150,5,moderate,1.0,4102112121,20,2026,_summary,efficiency_gap_op,0.0
4,0.6,4.0,150,5,moderate,1.0,2386713441,21,2026,firm_0,phi_operational,3.291108025074678
4,0.6,4.0,150,5,moderate,1.0,2386713441,21,2026,firm_0,phi_accuracy,0.007667982227298068
4,0.6,4.0,150,5,moderate,1.0,2386713441,21,2026,firm_0,ir_operational,1.0
4,0.6,4.0,150,5,moderate,1.0,2386713441,21,2026,firm_0,ir_accuracy,1.0
4,0.6,4.0,150,5,moderate,1.0,2386713441,21,2026,firm_1,phi_operational,-0.07520134083802532
4,0.6,4.0,150,5,moderate,1.0,2386713441,21,2026,firm_1,phi_accuracy,0.07317264493692033
4,0.6,4.0,150,5,moderate,1.0,2386713441,21,2026,firm_1,ir_operational,0.0
4,0.6,4.0,150,5,moderate,1.0,2386713441,21,2026,firm_1,ir_accuracy,1.0
4,0.6,4.0,150,5,moderate,1.0,2386713441,21,2026,firm_2,phi_operational,16.60856353715238
4,0.6,4.0,150,5,moderate,1.0,2386713441,21,2026,firm_2,phi_accuracy,-0.010257197907883042
4,0.6,4.0,150,5,moderate,1.0,2386713441,21,2026,firm_2,ir_operational,1.0
4,0.6,4.0,150,5,moderate,1.0,2386713441,21,2026,firm_2,ir_accuracy,0.0
4,0.6,4.0,150,5,moderate,1.0,2386713441,21,2026,firm_3,phi_operational,7.995306442847621
4,0.6,4.0,150,5,moderate,1.0,2386713441,21,2026,firm_3,phi_accuracy,0.048707464612411336
4,0.6,4.0,150,5,moderate,1.0,2386713441,21,2026,firm_3,ir_operational,1.0
4,0.6,4.0,150,5,moderate,1.0,2386713441,21,2026,firm_3,ir_accuracy,1.0
4,0.6,4.0,150,5,moderate,1.0,2386713441,21,2026,_summary,v_op_N,27.819776664236656
4,0.6,4.0,150,5,moderate,1.0,2386713441,21,2026,_summary,v_acc_N,0.1192908938687467
4,0.6,4.0,150,5,moderate,1.0,2386713441,21,2026,_summary,spearman_rho,-0.8
4,0.6,4.0,150,5,moderate,1.0,2386713441,21,2026,_summary,payment_displacement,0.329650660123017
4,0.6,4.0,150,5,moderate,1.0,2386713441,21,2026,_summary,any_rank_reversal,1.0
4,0.6,4.0,150,5,moderate,1.0,2386713441,21,2026,_summary,efficiency_gap_op,0.0
4,0.6,4.0,150,5,moderate,1.0,125127362,22,2026,firm_0,phi_operational,15.719111308918238
4,0.6,4.0,150,5,moderate,1.0,125127362,22,2026,firm_0,phi_accuracy,0.06101454640052205
4,0.6,4.0,150,5,moderate,1.0,125127362,22,2026,firm_0,ir_operational,1.0
4,0.6,4.0,150,5,moderate,1.0,125127362,22,2026,firm_0,ir_accuracy,1.0
4,0.6,4.0,150,5,moderate,1.0,125127362,22,2026,firm_1,phi_operational,-0.549150214920284
4,0.6,4.0,150,5,moderate,1.0,125127362,22,2026,firm_1,phi_accuracy,0.050214202887284946
4,0.6,4.0,150,5,moderate,1.0,125127362,22,2026,firm_1,ir_operational,0.0
4,0.6,4.0,150,5,moderate,1.0,125127362,22,2026,firm_1,ir_accuracy,1.0
4,0.6,4.0,150,5,moderate,1.0,125127362,22,2026,firm_2,phi_operational,6.366401232623881
4,0.6,4.0,150,5,moderate,1.0,125127362,22,2026,firm_2,phi_accuracy,0.045034144009392624
4,0.6,4.0,150,5,moderate,1.0,125127362,22,2026,firm_2,ir_operational,1.0
4,0.6,4.0,150,5,moderate,1.0,125127362,22,2026,firm_2,ir_accuracy,1.0
4,0.6,4.0,150,5,moderate,1.0,125127362,22,2026,firm_3,phi_operational,6.605693125298433
4,0.6,4.0,150,5,moderate,1.0,125127362,22,2026,firm_3,phi_accuracy,0.05203809404252296
4,0.6,4.0,150,5,moderate,1.0,125127362,22,2026,firm_3,ir_operational,1.0
4,0.6,4.0,150,5,moderate,1.0,125127362,22,2026,firm_3,ir_accuracy,1.0
4,0.6,4.0,150,5,moderate,1.0,125127362,22,2026,_summary,v_op_N,28.14205545192027
4,0.6,4.0,150,5,moderate,1.0,125127362,22,2026,_summary,v_acc_N,0.20830098733972258
4,0.6,4.0,150,5,moderate,1.0,125127362,22,2026,_summary,spearman_rho,0.8
4,0.6,4.0,150,5,moderate,1.0,125127362,22,2026,_summary,payment_displacement,0.13248854638872704
4,0.6,4.0,150,5,moderate,1.0,125127362,22,2026,_summary,any_rank_reversal,1.0
4,0.6,4.0,150,5,moderate,1.0,125127362,22,2026,_summary,efficiency_gap_op,3.552713678800501e-15
4,0.6,4.0,150,5,moderate,1.0,3803124947,23,2026,firm_0,phi_operational,-0.4171079768043313
4,0.6,4.0,150,5,moderate,1.0,3803124947,23,2026,firm_0,phi_accuracy,-0.020954161553638884
4,0.6,4.0,150,5,moderate,1.0,3803124947,23,2026,firm_0,ir_operational,0.0
4,0.6,4.0,150,5,moderate,1.0,3803124947,23,2026,firm_0,ir_accuracy,0.0
4,0.6,4.0,150,5,moderate,1.0,3803124947,23,2026,firm_1,phi_operational,4.271783744910232
4,0.6,4.0,150,5,moderate,1.0,3803124947,23,2026,firm_1,phi_accuracy,0.0013970010081109652
4,0.6,4.0,150,5,moderate,1.0,3803124947,23,2026,firm_1,ir_operational,1.0
4,0.6,4.0,150,5,moderate,1.0,3803124947,23,2026,firm_1,ir_accuracy,1.0
4,0.6,4.0,150,5,moderate,1.0,3803124947,23,2026,firm_2,phi_operational,-1.8309260517510542
4,0.6,4.0,150,5,moderate,1.0,3803124947,23,2026,firm_2,phi_accuracy,-0.006850983558145118
4,0.6,4.0,150,5,moderate,1.0,3803124947,23,2026,firm_2,ir_operational,0.0
4,0.6,4.0,150,5,moderate,1.0,3803124947,23,2026,firm_2,ir_accuracy,0.0
4,0.6,4.0,150,5,moderate,1.0,3803124947,23,2026,firm_3,phi_operational,-1.1538896831939143
4,0.6,4.0,150,5,moderate,1.0,3803124947,23,2026,firm_3,phi_accuracy,-0.02724203198946967
4,0.6,4.0,150,5,moderate,1.0,3803124947,23,2026,firm_3,ir_operational,0.0
4,0.6,4.0,150,5,moderate,1.0,3803124947,23,2026,firm_3,ir_accuracy,0.0
4,0.6,4.0,150,5,moderate,1.0,3803124947,23,2026,_summary,v_op_N,0.8698600331609327
4,0.6,4.0,150,5,moderate,1.0,3803124947,23,2026,_summary,v_acc_N,-0.05365017609314271
4,0.6,4.0,150,5,moderate,1.0,3803124947,23,2026,_summary,spearman_rho,0.4
4,0.6,4.0,150,5,moderate,1.0,3803124947,23,2026,_summary,payment_displacement,0.32457443660586754
4,0.6,4.0,150,5,moderate,1.0,3803124947,23,2026,_summary,any_rank_reversal,1.0
4,0.6,4.0,150,5,moderate,1.0,3803124947,23,2026,_summary,efficiency_gap_op,2.220446049250313e-16
4,0.6,4.0,150,5,moderate,1.0,3453608949,24,2026,firm_0,phi_operational,1.1149011873504215
4,0.6,4.0,150,5,moderate,1.0,3453608949,24,2026,firm_0,phi_accuracy,0.01899547774620486
4,0.6,4.0,150,5,moderate,1.0,3453608949,24,2026,firm_0,ir_operational,1.0
4,0.6,4.0,150,5,moderate,1.0,3453608949,24,2026,firm_0,ir_accuracy,1.0
4,0.6,4.0,150,5,moderate,1.0,3453608949,24,2026,firm_1,phi_operational,3.2306329012497437
4,0.6,4.0,150,5,moderate,1.0,3453608949,24,2026,firm_1,phi_accuracy,0.00361185073762188
4,0.6,4.0,150,5,moderate,1.0,3453608949,24,2026,firm_1,ir_operational,1.0
4,0.6,4.0,150,5,moderate,1.0,3453608949,24,2026,firm_1,ir_accuracy,1.0
4,0.6,4.0,150,5,moderate,1.0,3453608949,24,2026,firm_2,phi_operational,4.115620526539502
4,0.6,4.0,150,5,moderate,1.0,3453608949,24,2026,firm_2,phi_accuracy,-0.020953686076072193
4,0.6,4.0,150,5,moderate,1.0,3453608949,24,2026,firm_2,ir_operational,1.0
4,0.6,4.0,150,5,moderate,1.0,3453608949,24,2026,firm_2,ir_accuracy,0.0
4,0.6,4.0,150,5,moderate,1.0,3453608949,24,2026,firm_3,phi_operational,10.223515880804763
4,0.6,4.0,150,5,moderate,1.0,3453608949,24,2026,firm_3,phi_accuracy,0.018890623902377963
4,0.6,4.0,150,5,moderate,1.0,3453608949,24,2026,firm_3,ir_operational,1.0
4,0.6,4.0,150,5,moderate,1.0,3453608949,24,2026,firm_3,ir_accuracy,1.0
4,0.6,4.0,150,5,moderate,1.0,3453608949,24,2026,_summary,v_op_N,18.68467049594443
4,0.6,4.0,150,5,moderate,1.0,3453608949,24,2026,_summary,v_acc_N,0.02054426631013251
4,0.6,4.0,150,5,moderate,1.0,3453608949,24,2026,_summary,spearman_rho,-0.3999999999999999
4,0.6,4.0,150,5,moderate,1.0,3453608949,24,2026,_summary,payment_displacement,0.29000614904785665
4,0.6,4.0,150,5,moderate,1.0,3453608949,24,2026,_summary,any_rank_reversal,1.0
4,0.6,4.0,150,5,moderate,1.0,3453608949,24,2026,_summary,efficiency_gap_op,0.0
4,0.6,4.0,150,5,moderate,1.0,3518992214,25,2026,firm_0,phi_operational,2.6284639889739574
4,0.6,4.0,150,5,moderate,1.0,3518992214,25,2026,firm_0,phi_accuracy,0.01369848871955535
4,0.6,4.0,150,5,moderate,1.0,3518992214,25,2026,firm_0,ir_operational,1.0
4,0.6,4.0,150,5,moderate,1.0,3518992214,25,2026,firm_0,ir_accuracy,1.0
4,0.6,4.0,150,5,moderate,1.0,3518992214,25,2026,firm_1,phi_operational,2.995518884351678
4,0.6,4.0,150,5,moderate,1.0,3518992214,25,2026,firm_1,phi_accuracy,0.007774690153966091
4,0.6,4.0,150,5,moderate,1.0,3518992214,25,2026,firm_1,ir_operational,1.0
4,0.6,4.0,150,5,moderate,1.0,3518992214,25,2026,firm_1,ir_accuracy,1.0
4,0.6,4.0,150,5,moderate,1.0,3518992214,25,2026,firm_2,phi_operational,2.8237559090955906
4,0.6,4.0,150,5,moderate,1.0,3518992214,25,2026,firm_2,phi_accuracy,0.03169535508542898
4,0.6,4.0,150,5,moderate,1.0,3518992214,25,2026,firm_2,ir_operational,1.0
4,0.6,4.0,150,5,moderate,1.0,3518992214,25,2026,firm_2,ir_accuracy,1.0
4,0.6,4.0,150,5,moderate,1.0,3518992214,25,2026,firm_3,phi_operational,0.7912093813802413
4,0.6,4.0,150,5,moderate,1.0,3518992214,25,2026,firm_3,phi_accuracy,0.028346046602619263
4,0.6,4.0,150,5,moderate,1.0,3518992214,25,2026,firm_3,ir_operational,1.0
4,0.6,4.0,150,5,moderate,1.0,3518992214,25,2026,firm_3,ir_accuracy,1.0
4,0.6,4.0,150,5,moderate,1.0,3518992214,25,2026,_summary,v_op_N,9.238948163801467
4,0.6,4.0,150,5,moderate,1.0,3518992214,25,2026,_summary,v_acc_N,0.08151458056156968
4,0.6,4.0,150,5,moderate,1.0,3518992214,25,2026,_summary,spearman_rho,-0.3999999999999999
4,0.6,4.0,150,5,moderate,1.0,3518992214,25,2026,_summary,payment_displacement,0.1726489949421187
4,0.6,4.0,150,5,moderate,1.0,3518992214,25,2026,_summary,any_rank_reversal,1.0
4,0.6,4.0,150,5,moderate,1.0,3518992214,25,2026,_summary,efficiency_gap_op,0.0
4,0.6,4.0,150,5,moderate,1.0,4148635828,26,2026,firm_0,phi_operational,4.935943827693966
4,0.6,4.0,150,5,moderate,1.0,4148635828,26,2026,firm_0,phi_accuracy,-0.020259613671845124
4,0.6,4.0,150,5,moderate,1.0,4148635828,26,2026,firm_0,ir_operational,1.0
4,0.6,4.0,150,5,moderate,1.0,4148635828,26,2026,firm_0,ir_accuracy,0.0
4,0.6,4.0,150,5,moderate,1.0,4148635828,26,2026,firm_1,phi_operational,10.139007454204037
4,0.6,4.0,150,5,moderate,1.0,4148635828,26,2026,firm_1,phi_accuracy,0.07843220282700893
4,0.6,4.0,150,5,moderate,1.0,4148635828,26,2026,firm_1,ir_operational,1.0
4,0.6,4.0,150,5,moderate,1.0,4148635828,26,2026,firm_1,ir_accuracy,1.0
4,0.6,4.0,150,5,moderate,1.0,4148635828,26,2026,firm_2,phi_operational,5.089030542733028
4,0.6,4.0,150,5,moderate,1.0,4148635828,26,2026,firm_2,phi_accuracy,-0.01193882527325324
4,0.6,4.0,150,5,moderate,1.0,4148635828,26,2026,firm_2,ir_operational,1.0
4,0.6,4.0,150,5,moderate,1.0,4148635828,26,2026,firm_2,ir_accuracy,0.0
4,0.6,4.0,150,5,moderate,1.0,4148635828,26,2026,firm_3,phi_operational,5.7469883429836885
4,0.6,4.0,150,5,moderate,1.0,4148635828,26,2026,firm_3,phi_accuracy,0.026772417223112317
4,0.6,4.0,150,5,moderate,1.0,4148635828,26,2026,firm_3,ir_operational,1.0
4,0.6,4.0,150,5,moderate,1.0,4148635828,26,2026,firm_3,ir_accuracy,1.0
4,0.6,4.0,150,5,moderate,1.0,4148635828,26,2026,_summary,v_op_N,25.91097016761472
4,0.6,4.0,150,5,moderate,1.0,4148635828,26,2026,_summary,v_acc_N,0.07300618110502288
4,0.6,4.0,150,5,moderate,1.0,4148635828,26,2026,_summary,spearman_rho,1.0
4,0.6,4.0,150,5,moderate,1.0,4148635828,26,2026,_summary,payment_displacement,0.20692620487063634
4,0.6,4.0,150,5,moderate,1.0,4148635828,26,2026,_summary,any_rank_reversal,0.0
4,0.6,4.0,150,5,moderate,1.0,4148635828,26,2026,_summary,efficiency_gap_op,0.0
4,0.6,4.0,150,5,moderate,1.0,1976677536,27,2026,firm_0,phi_operational,5.977082977662102
4,0.6,4.0,150,5,moderate,1.0,1976677536,27,2026,firm_0,phi_accuracy,0.03509550709396979
4,0.6,4.0,150,5,moderate,1.0,1976677536,27,2026,firm_0,ir_operational,1.0
4,0.6,4.0,150,5,moderate,1.0,1976677536,27,2026,firm_0,ir_accuracy,1.0
4,0.6,4.0,150,5,moderate,1.0,1976677536,27,2026,firm_1,phi_operational,0.0745757605917845
4,0.6,4.0,150,5,moderate,1.0,1976677536,27,2026,firm_1,phi_accuracy,0.05279879683488671
4,0.6,4.0,150,5,moderate,1.0,1976677536,27,2026,firm_1,ir_operational,1.0
4,0.6,4.0,150,5,moderate,1.0,1976677536,27,2026,firm_1,ir_accuracy,1.0
4,0.6,4.0,150,5,moderate,1.0,1976677536,27,2026,firm_2,phi_operational,1.633548471300107
4,0.6,4.0,150,5,moderate,1.0,1976677536,27,2026,firm_2,phi_accuracy,-0.023102345774823063
4,0.6,4.0,150,5,moderate,1.0,1976677536,27,2026,firm_2,ir_operational,1.0
4,0.6,4.0,150,5,moderate,1.0,1976677536,27,2026,firm_2,ir_accuracy,0.0
4,0.6,4.0,150,5,moderate,1.0,1976677536,27,2026,firm_3,phi_operational,6.92474201896232
4,0.6,4.0,150,5,moderate,1.0,1976677536,27,2026,firm_3,phi_accuracy,0.025840203623875346
4,0.6,4.0,150,5,moderate,1.0,1976677536,27,2026,firm_3,ir_operational,1.0
4,0.6,4.0,150,5,moderate,1.0,1976677536,27,2026,firm_3,ir_accuracy,1.0
4,0.6,4.0,150,5,moderate,1.0,1976677536,27,2026,_summary,v_op_N,14.609949228516314
4,0.6,4.0,150,5,moderate,1.0,1976677536,27,2026,_summary,v_acc_N,0.09063216177790878
4,0.6,4.0,150,5,moderate,1.0,1976677536,27,2026,_summary,spearman_rho,-0.3999999999999999
4,0.6,4.0,150,5,moderate,1.0,1976677536,27,2026,_summary,payment_displacement,0.27478951706260146
4,0.6,4.0,150,5,moderate,1.0,1976677536,27,2026,_summary,any_rank_reversal,1.0
4,0.6,4.0,150,5,moderate,1.0,1976677536,27,2026,_summary,efficiency_gap_op,0.0
4,0.6,4.0,150,5,moderate,1.0,2347352352,28,2026,firm_0,phi_operational,1.5699947039308881
4,0.6,4.0,150,5,moderate,1.0,2347352352,28,2026,firm_0,phi_accuracy,-0.0055380126814571495
4,0.6,4.0,150,5,moderate,1.0,2347352352,28,2026,firm_0,ir_operational,1.0
4,0.6,4.0,150,5,moderate,1.0,2347352352,28,2026,firm_0,ir_accuracy,0.0
4,0.6,4.0,150,5,moderate,1.0,2347352352,28,2026,firm_1,phi_operational,0.2184515241172562
4,0.6,4.0,150,5,moderate,1.0,2347352352,28,2026,firm_1,phi_accuracy,0.0008214580732581371
4,0.6,4.0,150,5,moderate,1.0,2347352352,28,2026,firm_1,ir_operational,1.0
4,0.6,4.0,150,5,moderate,1.0,2347352352,28,2026,firm_1,ir_accuracy,1.0
4,0.6,4.0,150,5,moderate,1.0,2347352352,28,2026,firm_2,phi_operational,-1.688695882431176
4,0.6,4.0,150,5,moderate,1.0,2347352352,28,2026,firm_2,phi_accuracy,-0.015005860507025827
4,0.6,4.0,150,5,moderate,1.0,2347352352,28,2026,firm_2,ir_operational,0.0
4,0.6,4.0,150,5,moderate,1.0,2347352352,28,2026,firm_2,ir_accuracy,0.0
4,0.6,4.0,150,5,moderate,1.0,2347352352,28,2026,firm_3,phi_operational,2.062023990207848
4,0.6,4.0,150,5,moderate,1.0,2347352352,28,2026,firm_3,phi_accuracy,-0.010362852248714954
4,0.6,4.0,150,5,moderate,1.0,2347352352,28,2026,firm_3,ir_operational,1.0
4,0.6,4.0,150,5,moderate,1.0,2347352352,28,2026,firm_3,ir_accuracy,0.0
4,0.6,4.0,150,5,moderate,1.0,2347352352,28,2026,_summary,v_op_N,2.1617743358248163
4,0.6,4.0,150,5,moderate,1.0,2347352352,28,2026,_summary,v_acc_N,-0.030085267363939794
4,0.6,4.0,150,5,moderate,1.0,2347352352,28,2026,_summary,spearman_rho,0.19999999999999996
4,0.6,4.0,150,5,moderate,1.0,2347352352,28,2026,_summary,payment_displacement,0.3346224369789207
4,0.6,4.0,150,5,moderate,1.0,2347352352,28,2026,_summary,any_rank_reversal,1.0
4,0.6,4.0,150,5,moderate,1.0,2347352352,28,2026,_summary,efficiency_gap_op,0.0
4,0.6,4.0,150,5,moderate,1.0,2961736421,29,2026,firm_0,phi_operational,2.772505011323929
4,0.6,4.0,150,5,moderate,1.0,2961736421,29,2026,firm_0,phi_accuracy,0.015741938908504866
4,0.6,4.0,150,5,moderate,1.0,2961736421,29,2026,firm_0,ir_operational,1.0
4,0.6,4.0,150,5,moderate,1.0,2961736421,29,2026,firm_0,ir_accuracy,1.0
4,0.6,4.0,150,5,moderate,1.0,2961736421,29,2026,firm_1,phi_operational,4.484143031658386
4,0.6,4.0,150,5,moderate,1.0,2961736421,29,2026,firm_1,phi_accuracy,0.07586823911163242
4,0.6,4.0,150,5,moderate,1.0,2961736421,29,2026,firm_1,ir_operational,1.0
4,0.6,4.0,150,5,moderate,1.0,2961736421,29,2026,firm_1,ir_accuracy,1.0
4,0.6,4.0,150,5,moderate,1.0,2961736421,29,2026,firm_2,phi_operational,2.610498812840229
4,0.6,4.0,150,5,moderate,1.0,2961736421,29,2026,firm_2,phi_accuracy,0.018768084114993415
4,0.6,4.0,150,5,moderate,1.0,2961736421,29,2026,firm_2,ir_operational,1.0
4,0.6,4.0,150,5,moderate,1.0,2961736421,29,2026,firm_2,ir_accuracy,1.0
4,0.6,4.0,150,5,moderate,1.0,2961736421,29,2026,firm_3,phi_operational,3.719284855389868
4,0.6,4.0,150,5,moderate,1.0,2961736421,29,2026,firm_3,phi_accuracy,0.06643641179334235
4,0.6,4.0,150,5,moderate,1.0,2961736421,29,2026,firm_3,ir_operational,1.0
4,0.6,4.0,150,5,moderate,1.0,2961736421,29,2026,firm_3,ir_accuracy,1.0
4,0.6,4.0,150,5,moderate,1.0,2961736421,29,2026,_summary,v_op_N,13.586431711212413
4,0.6,4.0,150,5,moderate,1.0,2961736421,29,2026,_summary,v_acc_N,0.17681467392847305
4,0.6,4.0,150,5,moderate,1.0,2961736421,29,2026,_summary,spearman_rho,0.8
4,0.6,4.0,150,5,moderate,1.0,2961736421,29,2026,_summary,payment_displacement,0.1005140732303101
4,0.6,4.0,150,5,moderate,1.0,2961736421,29,2026,_summary,any_rank_reversal,1.0
4,0.6,4.0,150,5,moderate,1.0,2961736421,29,2026,_summary,efficiency_gap_op,0.0
4,0.6,9.0,150,5,moderate,1.0,1224493266,0,2026,firm_0,phi_operational,0.6938560465007888
4,0.6,9.0,150,5,moderate,1.0,1224493266,0,2026,firm_0,phi_accuracy,-0.000770187364705327
4,0.6,9.0,150,5,moderate,1.0,1224493266,0,2026,firm_0,ir_operational,1.0
4,0.6,9.0,150,5,moderate,1.0,1224493266,0,2026,firm_0,ir_accuracy,0.0
4,0.6,9.0,150,5,moderate,1.0,1224493266,0,2026,firm_1,phi_operational,12.494125658031644
4,0.6,9.0,150,5,moderate,1.0,1224493266,0,2026,firm_1,phi_accuracy,0.030059276901676524
4,0.6,9.0,150,5,moderate,1.0,1224493266,0,2026,firm_1,ir_operational,1.0
4,0.6,9.0,150,5,moderate,1.0,1224493266,0,2026,firm_1,ir_accuracy,1.0
4,0.6,9.0,150,5,moderate,1.0,1224493266,0,2026,firm_2,phi_operational,18.66692457650658
4,0.6,9.0,150,5,moderate,1.0,1224493266,0,2026,firm_2,phi_accuracy,0.005116843403606954
4,0.6,9.0,150,5,moderate,1.0,1224493266,0,2026,firm_2,ir_operational,1.0
4,0.6,9.0,150,5,moderate,1.0,1224493266,0,2026,firm_2,ir_accuracy,1.0
4,0.6,9.0,150,5,moderate,1.0,1224493266,0,2026,firm_3,phi_operational,7.721456810403755
4,0.6,9.0,150,5,moderate,1.0,1224493266,0,2026,firm_3,phi_accuracy,-0.006977162742128905
4,0.6,9.0,150,5,moderate,1.0,1224493266,0,2026,firm_3,ir_operational,1.0
4,0.6,9.0,150,5,moderate,1.0,1224493266,0,2026,firm_3,ir_accuracy,0.0
4,0.6,9.0,150,5,moderate,1.0,1224493266,0,2026,_summary,v_op_N,39.57636309144277
4,0.6,9.0,150,5,moderate,1.0,1224493266,0,2026,_summary,v_acc_N,0.027428770198449248
4,0.6,9.0,150,5,moderate,1.0,1224493266,0,2026,_summary,spearman_rho,0.6
4,0.6,9.0,150,5,moderate,1.0,1224493266,0,2026,_summary,payment_displacement,0.28254740954232627
4,0.6,9.0,150,5,moderate,1.0,1224493266,0,2026,_summary,any_rank_reversal,1.0
4,0.6,9.0,150,5,moderate,1.0,1224493266,0,2026,_summary,efficiency_gap_op,7.105427357601002e-15
4,0.6,9.0,150,5,moderate,1.0,880121718,1,2026,firm_0,phi_operational,8.763094514658519
4,0.6,9.0,150,5,moderate,1.0,880121718,1,2026,firm_0,phi_accuracy,-0.016659357448452778
4,0.6,9.0,150,5,moderate,1.0,880121718,1,2026,firm_0,ir_operational,1.0
4,0.6,9.0,150,5,moderate,1.0,880121718,1,2026,firm_0,ir_accuracy,0.0
4,0.6,9.0,150,5,moderate,1.0,880121718,1,2026,firm_1,phi_operational,9.114579953481098
4,0.6,9.0,150,5,moderate,1.0,880121718,1,2026,firm_1,phi_accuracy,0.04065141775459409
4,0.6,9.0,150,5,moderate,1.0,880121718,1,2026,firm_1,ir_operational,1.0
4,0.6,9.0,150,5,moderate,1.0,880121718,1,2026,firm_1,ir_accuracy,1.0
4,0.6,9.0,150,5,moderate,1.0,880121718,1,2026,firm_2,phi_operational,6.950751503468628
4,0.6,9.0,150,5,moderate,1.0,880121718,1,2026,firm_2,phi_accuracy,0.005271337111253531
4,0.6,9.0,150,5,moderate,1.0,880121718,1,2026,firm_2,ir_operational,1.0
4,0.6,9.0,150,5,moderate,1.0,880121718,1,2026,firm_2,ir_accuracy,1.0
4,0.6,9.0,150,5,moderate,1.0,880121718,1,2026,firm_3,phi_operational,8.258076071988834
4,0.6,9.0,150,5,moderate,1.0,880121718,1,2026,firm_3,phi_accuracy,-0.009430579782023144
4,0.6,9.0,150,5,moderate,1.0,880121718,1,2026,firm_3,ir_operational,1.0
4,0.6,9.0,150,5,moderate,1.0,880121718,1,2026,firm_3,ir_accuracy,0.0
4,0.6,9.0,150,5,moderate,1.0,880121718,1,2026,_summary,v_op_N,33.08650204359708
4,0.6,9.0,150,5,moderate,1.0,880121718,1,2026,_summary,v_acc_N,0.019832817635371702
4,0.6,9.0,150,5,moderate,1.0,880121718,1,2026,_summary,spearman_rho,0.19999999999999996
4,0.6,9.0,150,5,moderate,1.0,880121718,1,2026,_summary,payment_displacement,0.3256612985775968
4,0.6,9.0,150,5,moderate,1.0,880121718,1,2026,_summary,any_rank_reversal,1.0
4,0.6,9.0,150,5,moderate,1.0,880121718,1,2026,_summary,efficiency_gap_op,0.0
4,0.6,9.0,150,5,moderate,1.0,1635817196,2,2026,firm_0,phi_operational,4.518468234823568
4,0.6,9.0,150,5,moderate,1.0,1635817196,2,2026,firm_0,phi_accuracy,0.018893666620867527
4,0.6,9.0,150,5,moderate,1.0,1635817196,2,2026,firm_0,ir_operational,1.0
4,0.6,9.0,150,5,moderate,1.0,1635817196,2,2026,firm_0,ir_accuracy,1.0
4,0.6,9.0,150,5,moderate,1.0,1635817196,2,2026,firm_1,phi_operational,33.300230090501834
4,0.6,9.0,150,5,moderate,1.0,1635817196,2,2026,firm_1,phi_accuracy,-0.023375604961298025
4,0.6,9.0,150,5,moderate,1.0,1635817196,2,2026,firm_1,ir_operational,1.0
4,0.6,9.0,150,5,moderate,1.0,1635817196,2,2026,firm_1,ir_accuracy,0.0
4,0.6,9.0,150,5,moderate,1.0,1635817196,2,2026,firm_2,phi_operational,3.261499100183613
4,0.6,9.0,150,5,moderate,1.0,1635817196,2,2026,firm_2,phi_accuracy,0.018721828603797536
4,0.6,9.0,150,5,moderate,1.0,1635817196,2,2026,firm_2,ir_operational,1.0
4,0.6,9.0,150,5,moderate,1.0,1635817196,2,2026,firm_2,ir_accuracy,1.0
4,0.6,9.0,150,5,moderate,1.0,1635817196,2,2026,firm_3,phi_operational,28.42053877862839
4,0.6,9.0,150,5,moderate,1.0,1635817196,2,2026,firm_3,phi_accuracy,-0.04093593026244203
4,0.6,9.0,150,5,moderate,1.0,1635817196,2,2026,firm_3,ir_operational,1.0
4,0.6,9.0,150,5,moderate,1.0,1635817196,2,2026,firm_3,ir_accuracy,0.0
4,0.6,9.0,150,5,moderate,1.0,1635817196,2,2026,_summary,v_op_N,69.50073620413741
4,0.6,9.0,150,5,moderate,1.0,1635817196,2,2026,_summary,v_acc_N,-0.026696039999074994
4,0.6,9.0,150,5,moderate,1.0,1635817196,2,2026,_summary,spearman_rho,-0.6000000000000001
4,0.6,9.0,150,5,moderate,1.0,1635817196,2,2026,_summary,payment_displacement,0.44402960486276577
4,0.6,9.0,150,5,moderate,1.0,1635817196,2,2026,_summary,any_rank_reversal,1.0
4,0.6,9.0,150,5,moderate,1.0,1635817196,2,2026,_summary,efficiency_gap_op,0.0
4,0.6,9.0,150,5,moderate,1.0,4092446317,3,2026,firm_0,phi_operational,10.532056747759478
4,0.6,9.0,150,5,moderate,1.0,4092446317,3,2026,firm_0,phi_accuracy,0.06560233664522466
4,0.6,9.0,150,5,moderate,1.0,4092446317,3,2026,firm_0,ir_operational,1.0
4,0.6,9.0,150,5,moderate,1.0,4092446317,3,2026,firm_0,ir_accuracy,1.0
4,0.6,9.0,150,5,moderate,1.0,4092446317,3,2026,firm_1,phi_operational,2.9946208715923035
4,0.6,9.0,150,5,moderate,1.0,4092446317,3,2026,firm_1,phi_accuracy,0.039561036764183904
4,0.6,9.0,150,5,moderate,1.0,4092446317,3,2026,firm_1,ir_operational,1.0
4,0.6,9.0,150,5,moderate,1.0,4092446317,3,2026,firm_1,ir_accuracy,1.0
4,0.6,9.0,150,5,moderate,1.0,4092446317,3,2026,firm_2,phi_operational,-2.1013352856396827
4,0.6,9.0,150,5,moderate,1.0,4092446317,3,2026,firm_2,phi_accuracy,0.00731577466334335
4,0.6,9.0,150,5,moderate,1.0,4092446317,3,2026,firm_2,ir_operational,0.0
4,0.6,9.0,150,5,moderate,1.0,4092446317,3,2026,firm_2,ir_accuracy,1.0
4,0.6,9.0,150,5,moderate,1.0,4092446317,3,2026,firm_3,phi_operational,19.71524220990879
4,0.6,9.0,150,5,moderate,1.0,4092446317,3,2026,firm_3,phi_accuracy,0.08062425764972317
4,0.6,9.0,150,5,moderate,1.0,4092446317,3,2026,firm_3,ir_operational,1.0
4,0.6,9.0,150,5,moderate,1.0,4092446317,3,2026,firm_3,ir_accuracy,1.0
4,0.6,9.0,150,5,moderate,1.0,4092446317,3,2026,_summary,v_op_N,31.14058454362089
4,0.6,9.0,150,5,moderate,1.0,4092446317,3,2026,_summary,v_acc_N,0.19310340572247509
4,0.6,9.0,150,5,moderate,1.0,4092446317,3,2026,_summary,spearman_rho,1.0
4,0.6,9.0,150,5,moderate,1.0,4092446317,3,2026,_summary,payment_displacement,0.0998792014051065
4,0.6,9.0,150,5,moderate,1.0,4092446317,3,2026,_summary,any_rank_reversal,0.0
4,0.6,9.0,150,5,moderate,1.0,4092446317,3,2026,_summary,efficiency_gap_op,0.0
4,0.6,9.0,150,5,moderate,1.0,3243494709,4,2026,firm_0,phi_operational,19.167358007320296
4,0.6,9.0,150,5,moderate,1.0,3243494709,4,2026,firm_0,phi_accuracy,-0.009458852206773172
4,0.6,9.0,150,5,moderate,1.0,3243494709,4,2026,firm_0,ir_operational,1.0
4,0.6,9.0,150,5,moderate,1.0,3243494709,4,2026,firm_0,ir_accuracy,0.0
4,0.6,9.0,150,5,moderate,1.0,3243494709,4,2026,firm_1,phi_operational,11.963657000996761
4,0.6,9.0,150,5,moderate,1.0,3243494709,4,2026,firm_1,phi_accuracy,-0.024973315205751506
4,0.6,9.0,150,5,moderate,1.0,3243494709,4,2026,firm_1,ir_operational,1.0
4,0.6,9.0,150,5,moderate,1.0,3243494709,4,2026,firm_1,ir_accuracy,0.0
4,0.6,9.0,150,5,moderate,1.0,3243494709,4,2026,firm_2,phi_operational,12.510699568834506
4,0.6,9.0,150,5,moderate,1.0,3243494709,4,2026,firm_2,phi_accuracy,0.030937362347976838
4,0.6,9.0,150,5,moderate,1.0,3243494709,4,2026,firm_2,ir_operational,1.0
4,0.6,9.0,150,5,moderate,1.0,3243494709,4,2026,firm_2,ir_accuracy,1.0
4,0.6,9.0,150,5,moderate,1.0,3243494709,4,2026,firm_3,phi_operational,38.97686872317183
4,0.6,9.0,150,5,moderate,1.0,3243494709,4,2026,firm_3,phi_accuracy,-0.057427397435819
4,0.6,9.0,150,5,moderate,1.0,3243494709,4,2026,firm_3,ir_operational,1.0
4,0.6,9.0,150,5,moderate,1.0,3243494709,4,2026,firm_3,ir_accuracy,0.0
4,0.6,9.0,150,5,moderate,1.0,3243494709,4,2026,_summary,v_op_N,82.6185833003234
4,0.6,9.0,150,5,moderate,1.0,3243494709,4,2026,_summary,v_acc_N,-0.06092220250036684
4,0.6,9.0,150,5,moderate,1.0,3243494709,4,2026,_summary,spearman_rho,-0.3999999999999999
4,0.6,9.0,150,5,moderate,1.0,3243494709,4,2026,_summary,payment_displacement,0.4242864070684066
4,0.6,9.0,150,5,moderate,1.0,3243494709,4,2026,_summary,any_rank_reversal,1.0
4,0.6,9.0,150,5,moderate,1.0,3243494709,4,2026,_summary,efficiency_gap_op,0.0
4,0.6,9.0,150,5,moderate,1.0,2622278057,5,2026,firm_0,phi_operational,10.089414143624102
4,0.6,9.0,150,5,moderate,1.0,2622278057,5,2026,firm_0,phi_accuracy,-0.006858171329014913
4,0.6,9.0,150,5,moderate,1.0,2622278057,5,2026,firm_0,ir_operational,1.0
4,0.6,9.0,150,5,moderate,1.0,2622278057,5,2026,firm_0,ir_accuracy,0.0
4,0.6,9.0,150,5,moderate,1.0,2622278057,5,2026,firm_1,phi_operational,13.332991032765335
4,0.6,9.0,150,5,moderate,1.0,2622278057,5,2026,firm_1,phi_accuracy,-0.01673570258533289
4,0.6,9.0,150,5,moderate,1.0,2622278057,5,2026,firm_1,ir_operational,1.0
4,0.6,9.0,150,5,moderate,1.0,2622278057,5,2026,firm_1,ir_accuracy,0.0
4,0.6,9.0,150,5,moderate,1.0,2622278057,5,2026,firm_2,phi_operational,9.540042868311179
4,0.6,9.0,150,5,moderate,1.0,2622278057,5,2026,firm_2,phi_accuracy,0.02988284838216354
4,0.6,9.0,150,5,moderate,1.0,2622278057,5,2026,firm_2,ir_operational,1.0
4,0.6,9.0,150,5,moderate,1.0,2622278057,5,2026,firm_2,ir_accuracy,1.0
4,0.6,9.0,150,5,moderate,1.0,2622278057,5,2026,firm_3,phi_operational,9.757408751815337
4,0.6,9.0,150,5,moderate,1.0,2622278057,5,2026,firm_3,phi_accuracy,-0.009253319112522251
4,0.6,9.0,150,5,moderate,1.0,2622278057,5,2026,firm_3,ir_operational,1.0
4,0.6,9.0,150,5,moderate,1.0,2622278057,5,2026,firm_3,ir_accuracy,0.0
4,0.6,9.0,150,5,moderate,1.0,2622278057,5,2026,_summary,v_op_N,42.719856796515955
4,0.6,9.0,150,5,moderate,1.0,2622278057,5,2026,_summary,v_acc_N,-0.002964344644706518
4,0.6,9.0,150,5,moderate,1.0,2622278057,5,2026,_summary,spearman_rho,-0.8
4,0.6,9.0,150,5,moderate,1.0,2622278057,5,2026,_summary,payment_displacement,0.38834182059535827
4,0.6,9.0,150,5,moderate,1.0,2622278057,5,2026,_summary,any_rank_reversal,1.0
4,0.6,9.0,150,5,moderate,1.0,2622278057,5,2026,_summary,efficiency_gap_op,0.0
4,0.6,9.0,150,5,moderate,1.0,207790068,6,2026,firm_0,phi_operational,2.6609956727959054
4,0.6,9.0,150,5,moderate,1.0,207790068,6,2026,firm_0,phi_accuracy,-0.021553651433748322
4,0.6,9.0,150,5,moderate,1.0,207790068,6,2026,firm_0,ir_operational,1.0
4,0.6,9.0,150,5,moderate,1.0,207790068,6,2026,firm_0,ir_accuracy,0.0
4,0.6,9.0,150,5,moderate,1.0,207790068,6,2026,firm_1,phi_operational,16.47530452523484
4,0.6,9.0,150,5,moderate,1.0,207790068,6,2026,firm_1,phi_accuracy,0.023451989406158148
4,0.6,9.0,150,5,moderate,1.0,207790068,6,2026,firm_1,ir_operational,1.0
4,0.6,9.0,150,5,moderate,1.0,207790068,6,2026,firm_1,ir_accuracy,1.0
4,0.6,9.0,150,5,moderate,1.0,207790068,6,2026,firm_2,phi_operational,9.76212752372056
4,0.6,9.0,150,5,moderate,1.0,207790068,6,2026,firm_2,phi_accuracy,0.009916858257739636
4,0.6,9.0,150,5,moderate,1.0,207790068,6,2026,firm_2,ir_operational,1.0
4,0.6,9.0,150,5,moderate,1.0,207790068,6,2026,firm_2,ir_accuracy,1.0
4,0.6,9.0,150,5,moderate,1.0,207790068,6,2026,firm_3,phi_operational,27.916875425651945
4,0.6,9.0,150,5,moderate,1.0,207790068,6,2026,firm_3,phi_accuracy,0.053795488263372784
4,0.6,9.0,150,5,moderate,1.0,207790068,6,2026,firm_3,ir_operational,1.0
4,0.6,9.0,150,5,moderate,1.0,207790068,6,2026,firm_3,ir_accuracy,1.0
4,0.6,9.0,150,5,moderate,1.0,207790068,6,2026,_summary,v_op_N,56.815303147403256
4,0.6,9.0,150,5,moderate,1.0,207790068,6,2026,_summary,v_acc_N,0.06561068449352225
4,0.6,9.0,150,5,moderate,1.0,207790068,6,2026,_summary,spearman_rho,1.0
4,0.6,9.0,150,5,moderate,1.0,207790068,6,2026,_summary,payment_displacement,0.10085388426406594
4,0.6,9.0,150,5,moderate,1.0,207790068,6,2026,_summary,any_rank_reversal,0.0
4,0.6,9.0,150,5,moderate,1.0,207790068,6,2026,_summary,efficiency_gap_op,7.105427357601002e-15
4,0.6,9.0,150,5,moderate,1.0,3188567981,7,2026,firm_0,phi_operational,26.942154133958923
4,0.6,9.0,150,5,moderate,1.0,3188567981,7,2026,firm_0,phi_accuracy,0.01740250082662831
4,0.6,9.0,150,5,moderate,1.0,3188567981,7,2026,firm_0,ir_operational,1.0
4,0.6,9.0,150,5,moderate,1.0,3188567981,7,2026,firm_0,ir_accuracy,1.0
4,0.6,9.0,150,5,moderate,1.0,3188567981,7,2026,firm_1,phi_operational,28.14981476513698
4,0.6,9.0,150,5,moderate,1.0,3188567981,7,2026,firm_1,phi_accuracy,-0.020726506106651832
4,0.6,9.0,150,5,moderate,1.0,3188567981,7,2026,firm_1,ir_operational,1.0
4,0.6,9.0,150,5,moderate,1.0,3188567981,7,2026,firm_1,ir_accuracy,0.0
4,0.6,9.0,150,5,moderate,1.0,3188567981,7,2026,firm_2,phi_operational,17.398914025942553
4,0.6,9.0,150,5,moderate,1.0,3188567981,7,2026,firm_2,phi_accuracy,-0.015514791421763818
4,0.6,9.0,150,5,moderate,1.0,3188567981,7,2026,firm_2,ir_operational,1.0
4,0.6,9.0,150,5,moderate,1.0,3188567981,7,2026,firm_2,ir_accuracy,0.0
4,0.6,9.0,150,5,moderate,1.0,3188567981,7,2026,firm_3,phi_operational,16.11236824116192
4,0.6,9.0,150,5,moderate,1.0,3188567981,7,2026,firm_3,phi_accuracy,-0.008432628142756249
4,0.6,9.0,150,5,moderate,1.0,3188567981,7,2026,firm_3,ir_operational,1.0
4,0.6,9.0,150,5,moderate,1.0,3188567981,7,2026,firm_3,ir_accuracy,0.0
4,0.6,9.0,150,5,moderate,1.0,3188567981,7,2026,_summary,v_op_N,88.60325116620038
4,0.6,9.0,150,5,moderate,1.0,3188567981,7,2026,_summary,v_acc_N,-0.02727142484454359
4,0.6,9.0,150,5,moderate,1.0,3188567981,7,2026,_summary,spearman_rho,-0.3999999999999999
4,0.6,9.0,150,5,moderate,1.0,3188567981,7,2026,_summary,payment_displacement,0.35983003687023607
4,0.6,9.0,150,5,moderate,1.0,3188567981,7,2026,_summary,any_rank_reversal,1.0
4,0.6,9.0,150,5,moderate,1.0,3188567981,7,2026,_summary,efficiency_gap_op,0.0
4,0.6,9.0,150,5,moderate,1.0,2213125498,8,2026,firm_0,phi_operational,14.168624401411419
4,0.6,9.0,150,5,moderate,1.0,2213125498,8,2026,firm_0,phi_accuracy,0.015502615353201668
4,0.6,9.0,150,5,moderate,1.0,2213125498,8,2026,firm_0,ir_operational,1.0
4,0.6,9.0,150,5,moderate,1.0,2213125498,8,2026,firm_0,ir_accuracy,1.0
4,0.6,9.0,150,5,moderate,1.0,2213125498,8,2026,firm_1,phi_operational,13.1408542568129
4,0.6,9.0,150,5,moderate,1.0,2213125498,8,2026,firm_1,phi_accuracy,0.01734704286627794
4,0.6,9.0,150,5,moderate,1.0,2213125498,8,2026,firm_1,ir_operational,1.0
4,0.6,9.0,150,5,moderate,1.0,2213125498,8,2026,firm_1,ir_accuracy,1.0
4,0.6,9.0,150,5,moderate,1.0,2213125498,8,2026,firm_2,phi_operational,20.467142981727136
4,0.6,9.0,150,5,moderate,1.0,2213125498,8,2026,firm_2,phi_accuracy,0.012372591812747857
4,0.6,9.0,150,5,moderate,1.0,2213125498,8,2026,firm_2,ir_operational,1.0
4,0.6,9.0,150,5,moderate,1.0,2213125498,8,2026,firm_2,ir_accuracy,1.0
4,0.6,9.0,150,5,moderate,1.0,2213125498,8,2026,firm_3,phi_operational,10.7489743041115
4,0.6,9.0,150,5,moderate,1.0,2213125498,8,2026,firm_3,phi_accuracy,0.008273678995745382
4,0.6,9.0,150,5,moderate,1.0,2213125498,8,2026,firm_3,ir_operational,1.0
4,0.6,9.0,150,5,moderate,1.0,2213125498,8,2026,firm_3,ir_accuracy,1.0
4,0.6,9.0,150,5,moderate,1.0,2213125498,8,2026,_summary,v_op_N,58.52559594406296
4,0.6,9.0,150,5,moderate,1.0,2213125498,8,2026,_summary,v_acc_N,0.053495929027972844
4,0.6,9.0,150,5,moderate,1.0,2213125498,8,2026,_summary,spearman_rho,0.19999999999999996
4,0.6,9.0,150,5,moderate,1.0,2213125498,8,2026,_summary,payment_displacement,0.07371724971980856
4,0.6,9.0,150,5,moderate,1.0,2213125498,8,2026,_summary,any_rank_reversal,1.0
4,0.6,9.0,150,5,moderate,1.0,2213125498,8,2026,_summary,efficiency_gap_op,0.0
4,0.6,9.0,150,5,moderate,1.0,1854772482,9,2026,firm_0,phi_operational,3.397132046086066
4,0.6,9.0,150,5,moderate,1.0,1854772482,9,2026,firm_0,phi_accuracy,0.0017584289932169313
4,0.6,9.0,150,5,moderate,1.0,1854772482,9,2026,firm_0,ir_operational,1.0
4,0.6,9.0,150,5,moderate,1.0,1854772482,9,2026,firm_0,ir_accuracy,1.0
4,0.6,9.0,150,5,moderate,1.0,1854772482,9,2026,firm_1,phi_operational,0.9396651750420421
4,0.6,9.0,150,5,moderate,1.0,1854772482,9,2026,firm_1,phi_accuracy,0.009286293089290687
4,0.6,9.0,150,5,moderate,1.0,1854772482,9,2026,firm_1,ir_operational,1.0
4,0.6,9.0,150,5,moderate,1.0,1854772482,9,2026,firm_1,ir_accuracy,1.0
4,0.6,9.0,150,5,moderate,1.0,1854772482,9,2026,firm_2,phi_operational,-1.994132408437224
4,0.6,9.0,150,5,moderate,1.0,1854772482,9,2026,firm_2,phi_accuracy,0.017568330404679772
4,0.6,9.0,150,5,moderate,1.0,1854772482,9,2026,firm_2,ir_operational,0.0
4,0.6,9.0,150,5,moderate,1.0,1854772482,9,2026,firm_2,ir_accuracy,1.0
4,0.6,9.0,150,5,moderate,1.0,1854772482,9,2026,firm_3,phi_operational,3.047026662017686
4,0.6,9.0,150,5,moderate,1.0,1854772482,9,2026,firm_3,phi_accuracy,-0.010127982629657991
4,0.6,9.0,150,5,moderate,1.0,1854772482,9,2026,firm_3,ir_operational,1.0
4,0.6,9.0,150,5,moderate,1.0,1854772482,9,2026,firm_3,ir_accuracy,0.0
4,0.6,9.0,150,5,moderate,1.0,1854772482,9,2026,_summary,v_op_N,5.38969147470857
4,0.6,9.0,150,5,moderate,1.0,1854772482,9,2026,_summary,v_acc_N,0.0184850698575294
4,0.6,9.0,150,5,moderate,1.0,1854772482,9,2026,_summary,spearman_rho,-0.8
4,0.6,9.0,150,5,moderate,1.0,1854772482,9,2026,_summary,payment_displacement,0.4272056654981261
4,0.6,9.0,150,5,moderate,1.0,1854772482,9,2026,_summary,any_rank_reversal,1.0
4,0.6,9.0,150,5,moderate,1.0,1854772482,9,2026,_summary,efficiency_gap_op,0.0
4,0.6,9.0,150,5,moderate,1.0,3916298188,10,2026,firm_0,phi_operational,20.10871492656085
4,0.6,9.0,150,5,moderate,1.0,3916298188,10,2026,firm_0,phi_accuracy,0.00855420217163061
4,0.6,9.0,150,5,moderate,1.0,3916298188,10,2026,firm_0,ir_operational,1.0
4,0.6,9.0,150,5,moderate,1.0,3916298188,10,2026,firm_0,ir_accuracy,1.0
4,0.6,9.0,150,5,moderate,1.0,3916298188,10,2026,firm_1,phi_operational,1.1490502058220218
4,0.6,9.0,150,5,moderate,1.0,3916298188,10,2026,firm_1,phi_accuracy,0.008210218824870202
4,0.6,9.0,150,5,moderate,1.0,3916298188,10,2026,firm_1,ir_operational,1.0
4,0.6,9.0,150,5,moderate,1.0,3916298188,10,2026,firm_1,ir_accuracy,1.0
4,0.6,9.0,150,5,moderate,1.0,3916298188,10,2026,firm_2,phi_operational,23.579158085296104
4,0.6,9.0,150,5,moderate,1.0,3916298188,10,2026,firm_2,phi_accuracy,0.027623914567938553
4,0.6,9.0,150,5,moderate,1.0,3916298188,10,2026,firm_2,ir_operational,1.0
4,0.6,9.0,150,5,moderate,1.0,3916298188,10,2026,firm_2,ir_accuracy,1.0
4,0.6,9.0,150,5,moderate,1.0,3916298188,10,2026,firm_3,phi_operational,13.060589235640927
4,0.6,9.0,150,5,moderate,1.0,3916298188,10,2026,firm_3,phi_accuracy,0.061553460866538304
4,0.6,9.0,150,5,moderate,1.0,3916298188,10,2026,firm_3,ir_operational,1.0
4,0.6,9.0,150,5,moderate,1.0,3916298188,10,2026,firm_3,ir_accuracy,1.0
4,0.6,9.0,150,5,moderate,1.0,3916298188,10,2026,_summary,v_op_N,57.897512453319905
4,0.6,9.0,150,5,moderate,1.0,3916298188,10,2026,_summary,v_acc_N,0.10594179643097767
4,0.6,9.0,150,5,moderate,1.0,3916298188,10,2026,_summary,spearman_rho,0.4
4,0.6,9.0,150,5,moderate,1.0,3916298188,10,2026,_summary,payment_displacement,0.20654102121901452
4,0.6,9.0,150,5,moderate,1.0,3916298188,10,2026,_summary,any_rank_reversal,1.0
4,0.6,9.0,150,5,moderate,1.0,3916298188,10,2026,_summary,efficiency_gap_op,0.0
4,0.6,9.0,150,5,moderate,1.0,3967416237,11,2026,firm_0,phi_operational,0.9794082513189433
4,0.6,9.0,150,5,moderate,1.0,3967416237,11,2026,firm_0,phi_accuracy,-0.0516587672572435
4,0.6,9.0,150,5,moderate,1.0,3967416237,11,2026,firm_0,ir_operational,1.0
4,0.6,9.0,150,5,moderate,1.0,3967416237,11,2026,firm_0,ir_accuracy,0.0
4,0.6,9.0,150,5,moderate,1.0,3967416237,11,2026,firm_1,phi_operational,3.3881804099385135
4,0.6,9.0,150,5,moderate,1.0,3967416237,11,2026,firm_1,phi_accuracy,-0.01918292346301631
4,0.6,9.0,150,5,moderate,1.0,3967416237,11,2026,firm_1,ir_operational,1.0
4,0.6,9.0,150,5,moderate,1.0,3967416237,11,2026,firm_1,ir_accuracy,0.0
4,0.6,9.0,150,5,moderate,1.0,3967416237,11,2026,firm_2,phi_operational,12.98132247206081
4,0.6,9.0,150,5,moderate,1.0,3967416237,11,2026,firm_2,phi_accuracy,0.001858767861865118
4,0.6,9.0,150,5,moderate,1.0,3967416237,11,2026,firm_2,ir_operational,1.0
4,0.6,9.0,150,5,moderate,1.0,3967416237,11,2026,firm_2,ir_accuracy,1.0
4,0.6,9.0,150,5,moderate,1.0,3967416237,11,2026,firm_3,phi_operational,8.660892588138438
4,0.6,9.0,150,5,moderate,1.0,3967416237,11,2026,firm_3,phi_accuracy,0.010226877770193044
4,0.6,9.0,150,5,moderate,1.0,3967416237,11,2026,firm_3,ir_operational,1.0
4,0.6,9.0,150,5,moderate,1.0,3967416237,11,2026,firm_3,ir_accuracy,1.0
4,0.6,9.0,150,5,moderate,1.0,3967416237,11,2026,_summary,v_op_N,26.009803721456706
4,0.6,9.0,150,5,moderate,1.0,3967416237,11,2026,_summary,v_acc_N,-0.05875604508820165
4,0.6,9.0,150,5,moderate,1.0,3967416237,11,2026,_summary,spearman_rho,0.8
4,0.6,9.0,150,5,moderate,1.0,3967416237,11,2026,_summary,payment_displacement,0.4271311116212151
4,0.6,9.0,150,5,moderate,1.0,3967416237,11,2026,_summary,any_rank_reversal,1.0
4,0.6,9.0,150,5,moderate,1.0,3967416237,11,2026,_summary,efficiency_gap_op,0.0
4,0.6,9.0,150,5,moderate,1.0,3572003706,12,2026,firm_0,phi_operational,7.782056504710529
4,0.6,9.0,150,5,moderate,1.0,3572003706,12,2026,firm_0,phi_accuracy,0.004963683963450335
4,0.6,9.0,150,5,moderate,1.0,3572003706,12,2026,firm_0,ir_operational,1.0
4,0.6,9.0,150,5,moderate,1.0,3572003706,12,2026,firm_0,ir_accuracy,1.0
4,0.6,9.0,150,5,moderate,1.0,3572003706,12,2026,firm_1,phi_operational,7.840855881385626
4,0.6,9.0,150,5,moderate,1.0,3572003706,12,2026,firm_1,phi_accuracy,0.005016128291182512
4,0.6,9.0,150,5,moderate,1.0,3572003706,12,2026,firm_1,ir_operational,1.0
4,0.6,9.0,150,5,moderate,1.0,3572003706,12,2026,firm_1,ir_accuracy,1.0
4,0.6,9.0,150,5,moderate,1.0,3572003706,12,2026,firm_2,phi_operational,6.798185249290971
4,0.6,9.0,150,5,moderate,1.0,3572003706,12,2026,firm_2,phi_accuracy,0.0007171082349256934
4,0.6,9.0,150,5,moderate,1.0,3572003706,12,2026,firm_2,ir_operational,1.0
4,0.6,9.0,150,5,moderate,1.0,3572003706,12,2026,firm_2,ir_accuracy,1.0
4,0.6,9.0,150,5,moderate,1.0,3572003706,12,2026,firm_3,phi_operational,5.588863311216642
4,0.6,9.0,150,5,moderate,1.0,3572003706,12,2026,firm_3,phi_accuracy,-0.008033076698903113
4,0.6,9.0,150,5,moderate,1.0,3572003706,12,2026,firm_3,ir_operational,1.0
4,0.6,9.0,150,5,moderate,1.0,3572003706,12,2026,firm_3,ir_accuracy,0.0
4,0.6,9.0,150,5,moderate,1.0,3572003706,12,2026,_summary,v_op_N,28.00996094660377
4,0.6,9.0,150,5,moderate,1.0,3572003706,12,2026,_summary,v_acc_N,0.002663843790655429
4,0.6,9.0,150,5,moderate,1.0,3572003706,12,2026,_summary,spearman_rho,1.0
4,0.6,9.0,150,5,moderate,1.0,3572003706,12,2026,_summary,payment_displacement,0.21444415122289906
4,0.6,9.0,150,5,moderate,1.0,3572003706,12,2026,_summary,any_rank_reversal,0.0
4,0.6,9.0,150,5,moderate,1.0,3572003706,12,2026,_summary,efficiency_gap_op,0.0
4,0.6,9.0,150,5,moderate,1.0,2334872113,13,2026,firm_0,phi_operational,8.832933640915872
4,0.6,9.0,150,5,moderate,1.0,2334872113,13,2026,firm_0,phi_accuracy,0.02465493125982502
4,0.6,9.0,150,5,moderate,1.0,2334872113,13,2026,firm_0,ir_operational,1.0
4,0.6,9.0,150,5,moderate,1.0,2334872113,13,2026,firm_0,ir_accuracy,1.0
4,0.6,9.0,150,5,moderate,1.0,2334872113,13,2026,firm_1,phi_operational,9.84796542676589
4,0.6,9.0,150,5,moderate,1.0,2334872113,13,2026,firm_1,phi_accuracy,-0.007398790081581286
4,0.6,9.0,150,5,moderate,1.0,2334872113,13,2026,firm_1,ir_operational,1.0
4,0.6,9.0,150,5,moderate,1.0,2334872113,13,2026,firm_1,ir_accuracy,0.0
4,0.6,9.0,150,5,moderate,1.0,2334872113,13,2026,firm_2,phi_operational,22.196058972906627
4,0.6,9.0,150,5,moderate,1.0,2334872113,13,2026,firm_2,phi_accuracy,0.01584543264137931
4,0.6,9.0,150,5,moderate,1.0,2334872113,13,2026,firm_2,ir_operational,1.0
4,0.6,9.0,150,5,moderate,1.0,2334872113,13,2026,firm_2,ir_accuracy,1.0
4,0.6,9.0,150,5,moderate,1.0,2334872113,13,2026,firm_3,phi_operational,13.55828176694709
4,0.6,9.0,150,5,moderate,1.0,2334872113,13,2026,firm_3,phi_accuracy,0.055274272621019284
4,0.6,9.0,150,5,moderate,1.0,2334872113,13,2026,firm_3,ir_operational,1.0
4,0.6,9.0,150,5,moderate,1.0,2334872113,13,2026,firm_3,ir_accuracy,1.0
4,0.6,9.0,150,5,moderate,1.0,2334872113,13,2026,_summary,v_op_N,54.43523980753548
4,0.6,9.0,150,5,moderate,1.0,2334872113,13,2026,_summary,v_acc_N,0.08837584644064234
4,0.6,9.0,150,5,moderate,1.0,2334872113,13,2026,_summary,spearman_rho,0.0
4,0.6,9.0,150,5,moderate,1.0,2334872113,13,2026,_summary,payment_displacement,0.21754133780295618
4,0.6,9.0,150,5,moderate,1.0,2334872113,13,2026,_summary,any_rank_reversal,1.0
4,0.6,9.0,150,5,moderate,1.0,2334872113,13,2026,_summary,efficiency_gap_op,0.0
4,0.6,9.0,150,5,moderate,1.0,2874697044,14,2026,firm_0,phi_operational,-1.3438044993185372
4,0.6,9.0,150,5,moderate,1.0,2874697044,14,2026,firm_0,phi_accuracy,0.0045562481389906
4,0.6,9.0,150,5,moderate,1.0,2874697044,14,2026,firm_0,ir_operational,0.0
4,0.6,9.0,150,5,moderate,1.0,2874697044,14,2026,firm_0,ir_accuracy,1.0
4,0.6,9.0,150,5,moderate,1.0,2874697044,14,2026,firm_1,phi_operational,8.278530819642071
4,0.6,9.0,150,5,moderate,1.0,2874697044,14,2026,firm_1,phi_accuracy,0.01980217080976948
4,0.6,9.0,150,5,moderate,1.0,2874697044,14,2026,firm_1,ir_operational,1.0
4,0.6,9.0,150,5,moderate,1.0,2874697044,14,2026,firm_1,ir_accuracy,1.0
4,0.6,9.0,150,5,moderate,1.0,2874697044,14,2026,firm_2,phi_operational,-6.452119562485999
4,0.6,9.0,150,5,moderate,1.0,2874697044,14,2026,firm_2,phi_accuracy,-0.016140625175987557
4,0.6,9.0,150,5,moderate,1.0,2874697044,14,2026,firm_2,ir_operational,0.0
4,0.6,9.0,150,5,moderate,1.0,2874697044,14,2026,firm_2,ir_accuracy,0.0
4,0.6,9.0,150,5,moderate,1.0,2874697044,14,2026,firm_3,phi_operational,14.440848295374147
4,0.6,9.0,150,5,moderate,1.0,2874697044,14,2026,firm_3,phi_accuracy,0.03987202371992351
4,0.6,9.0,150,5,moderate,1.0,2874697044,14,2026,firm_3,ir_operational,1.0
4,0.6,9.0,150,5,moderate,1.0,2874697044,14,2026,firm_3,ir_accuracy,1.0
4,0.6,9.0,150,5,moderate,1.0,2874697044,14,2026,_summary,v_op_N,14.923455053211683
4,0.6,9.0,150,5,moderate,1.0,2874697044,14,2026,_summary,v_acc_N,0.04808981749269603
4,0.6,9.0,150,5,moderate,1.0,2874697044,14,2026,_summary,spearman_rho,1.0
4,0.6,9.0,150,5,moderate,1.0,2874697044,14,2026,_summary,payment_displacement,0.03977818720332673
4,0.6,9.0,150,5,moderate,1.0,2874697044,14,2026,_summary,any_rank_reversal,0.0
4,0.6,9.0,150,5,moderate,1.0,2874697044,14,2026,_summary,efficiency_gap_op,0.0
4,0.6,9.0,150,5,moderate,1.0,1249525103,15,2026,firm_0,phi_operational,7.461859516933288
4,0.6,9.0,150,5,moderate,1.0,1249525103,15,2026,firm_0,phi_accuracy,0.0171898133505817
4,0.6,9.0,150,5,moderate,1.0,1249525103,15,2026,firm_0,ir_operational,1.0
4,0.6,9.0,150,5,moderate,1.0,1249525103,15,2026,firm_0,ir_accuracy,1.0
4,0.6,9.0,150,5,moderate,1.0,1249525103,15,2026,firm_1,phi_operational,7.414302475456385
4,0.6,9.0,150,5,moderate,1.0,1249525103,15,2026,firm_1,phi_accuracy,-0.02766526494134803
4,0.6,9.0,150,5,moderate,1.0,1249525103,15,2026,firm_1,ir_operational,1.0
4,0.6,9.0,150,5,moderate,1.0,1249525103,15,2026,firm_1,ir_accuracy,0.0
4,0.6,9.0,150,5,moderate,1.0,1249525103,15,2026,firm_2,phi_operational,17.373291601674158
4,0.6,9.0,150,5,moderate,1.0,1249525103,15,2026,firm_2,phi_accuracy,-0.01092744222808851
4,0.6,9.0,150,5,moderate,1.0,1249525103,15,2026,firm_2,ir_operational,1.0
4,0.6,9.0,150,5,moderate,1.0,1249525103,15,2026,firm_2,ir_accuracy,0.0
4,0.6,9.0,150,5,moderate,1.0,1249525103,15,2026,firm_3,phi_operational,10.589138859507944
4,0.6,9.0,150,5,moderate,1.0,1249525103,15,2026,firm_3,phi_accuracy,0.006578356381788932
4,0.6,9.0,150,5,moderate,1.0,1249525103,15,2026,firm_3,ir_operational,1.0
4,0.6,9.0,150,5,moderate,1.0,1249525103,15,2026,firm_3,ir_accuracy,1.0
4,0.6,9.0,150,5,moderate,1.0,1249525103,15,2026,_summary,v_op_N,42.83859245357178
4,0.6,9.0,150,5,moderate,1.0,1249525103,15,2026,_summary,v_acc_N,-0.01482453743706591
4,0.6,9.0,150,5,moderate,1.0,1249525103,15,2026,_summary,spearman_rho,0.19999999999999996
4,0.6,9.0,150,5,moderate,1.0,1249525103,15,2026,_summary,payment_displacement,0.3601630166765759
4,0.6,9.0,150,5,moderate,1.0,1249525103,15,2026,_summary,any_rank_reversal,1.0
4,0.6,9.0,150,5,moderate,1.0,1249525103,15,2026,_summary,efficiency_gap_op,0.0
4,0.6,9.0,150,5,moderate,1.0,1137398102,16,2026,firm_0,phi_operational,14.580768699886164
4,0.6,9.0,150,5,moderate,1.0,1137398102,16,2026,firm_0,phi_accuracy,0.007226590323274818
4,0.6,9.0,150,5,moderate,1.0,1137398102,16,2026,firm_0,ir_operational,1.0
4,0.6,9.0,150,5,moderate,1.0,1137398102,16,2026,firm_0,ir_accuracy,1.0
4,0.6,9.0,150,5,moderate,1.0,1137398102,16,2026,firm_1,phi_operational,-6.029825719104092
4,0.6,9.0,150,5,moderate,1.0,1137398102,16,2026,firm_1,phi_accuracy,-0.004837745975634829
4,0.6,9.0,150,5,moderate,1.0,1137398102,16,2026,firm_1,ir_operational,0.0
4,0.6,9.0,150,5,moderate,1.0,1137398102,16,2026,firm_1,ir_accuracy,0.0
4,0.6,9.0,150,5,moderate,1.0,1137398102,16,2026,firm_2,phi_operational,23.813542228322774
4,0.6,9.0,150,5,moderate,1.0,1137398102,16,2026,firm_2,phi_accuracy,0.02622234099417128
4,0.6,9.0,150,5,moderate,1.0,1137398102,16,2026,firm_2,ir_operational,1.0
4,0.6,9.0,150,5,moderate,1.0,1137398102,16,2026,firm_2,ir_accuracy,1.0
4,0.6,9.0,150,5,moderate,1.0,1137398102,16,2026,firm_3,phi_operational,11.715342018144137
4,0.6,9.0,150,5,moderate,1.0,1137398102,16,2026,firm_3,phi_accuracy,0.0837829178149253
4,0.6,9.0,150,5,moderate,1.0,1137398102,16,2026,firm_3,ir_operational,1.0
4,0.6,9.0,150,5,moderate,1.0,1137398102,16,2026,firm_3,ir_accuracy,1.0
4,0.6,9.0,150,5,moderate,1.0,1137398102,16,2026,_summary,v_op_N,44.079827227248984
4,0.6,9.0,150,5,moderate,1.0,1137398102,16,2026,_summary,v_acc_N,0.11239410315673659
4,0.6,9.0,150,5,moderate,1.0,1137398102,16,2026,_summary,spearman_rho,0.4
4,0.6,9.0,150,5,moderate,1.0,1137398102,16,2026,_summary,payment_displacement,0.2388354622514796
4,0.6,9.0,150,5,moderate,1.0,1137398102,16,2026,_summary,any_rank_reversal,1.0
4,0.6,9.0,150,5,moderate,1.0,1137398102,16,2026,_summary,efficiency_gap_op,0.0
4,0.6,9.0,150,5,moderate,1.0,1695250570,17,2026,firm_0,phi_operational,18.499444296170186
4,0.6,9.0,150,5,moderate,1.0,1695250570,17,2026,firm_0,phi_accuracy,0.03815562878432441
4,0.6,9.0,150,5,moderate,1.0,1695250570,17,2026,firm_0,ir_operational,1.0
4,0.6,9.0,150,5,moderate,1.0,1695250570,17,2026,firm_0,ir_accuracy,1.0
4,0.6,9.0,150,5,moderate,1.0,1695250570,17,2026,firm_1,phi_operational,8.191892792280498
4,0.6,9.0,150,5,moderate,1.0,1695250570,17,2026,firm_1,phi_accuracy,-0.028461485796017955
4,0.6,9.0,150,5,moderate,1.0,1695250570,17,2026,firm_1,ir_operational,1.0
4,0.6,9.0,150,5,moderate,1.0,1695250570,17,2026,firm_1,ir_accuracy,0.0
4,0.6,9.0,150,5,moderate,1.0,1695250570,17,2026,firm_2,phi_operational,9.17193601151634
4,0.6,9.0,150,5,moderate,1.0,1695250570,17,2026,firm_2,phi_accuracy,0.0401550144423617
4,0.6,9.0,150,5,moderate,1.0,1695250570,17,2026,firm_2,ir_operational,1.0
4,0.6,9.0,150,5,moderate,1.0,1695250570,17,2026,firm_2,ir_accuracy,1.0
4,0.6,9.0,150,5,moderate,1.0,1695250570,17,2026,firm_3,phi_operational,18.03873592478512
4,0.6,9.0,150,5,moderate,1.0,1695250570,17,2026,firm_3,phi_accuracy,0.0008825106512078589
4,0.6,9.0,150,5,moderate,1.0,1695250570,17,2026,firm_3,ir_operational,1.0
4,0.6,9.0,150,5,moderate,1.0,1695250570,17,2026,firm_3,ir_accuracy,1.0
4,0.6,9.0,150,5,moderate,1.0,1695250570,17,2026,_summary,v_op_N,53.90200902475215
4,0.6,9.0,150,5,moderate,1.0,1695250570,17,2026,_summary,v_acc_N,0.050731668081876014
4,0.6,9.0,150,5,moderate,1.0,1695250570,17,2026,_summary,spearman_rho,0.4
4,0.6,9.0,150,5,moderate,1.0,1695250570,17,2026,_summary,payment_displacement,0.23921892323725247
4,0.6,9.0,150,5,moderate,1.0,1695250570,17,2026,_summary,any_rank_reversal,1.0
4,0.6,9.0,150,5,moderate,1.0,1695250570,17,2026,_summary,efficiency_gap_op,0.0
4,0.6,9.0,150,5,moderate,1.0,810211878,18,2026,firm_0,phi_operational,18.899167372065723
4,0.6,9.0,150,5,moderate,1.0,810211878,18,2026,firm_0,phi_accuracy,0.047792861393846954
4,0.6,9.0,150,5,moderate,1.0,810211878,18,2026,firm_0,ir_operational,1.0
4,0.6,9.0,150,5,moderate,1.0,810211878,18,2026,firm_0,ir_accuracy,1.0
4,0.6,9.0,150,5,moderate,1.0,810211878,18,2026,firm_1,phi_operational,31.114632861925056
4,0.6,9.0,150,5,moderate,1.0,810211878,18,2026,firm_1,phi_accuracy,0.08436782518227764
4,0.6,9.0,150,5,moderate,1.0,810211878,18,2026,firm_1,ir_operational,1.0
4,0.6,9.0,150,5,moderate,1.0,810211878,18,2026,firm_1,ir_accuracy,1.0
4,0.6,9.0,150,5,moderate,1.0,810211878,18,2026,firm_2,phi_operational,4.258422807628155
4,0.6,9.0,150,5,moderate,1.0,810211878,18,2026,firm_2,phi_accuracy,0.006078676807040864
4,0.6,9.0,150,5,moderate,1.0,810211878,18,2026,firm_2,ir_operational,1.0
4,0.6,9.0,150,5,moderate,1.0,810211878,18,2026,firm_2,ir_accuracy,1.0
4,0.6,9.0,150,5,moderate,1.0,810211878,18,2026,firm_3,phi_operational,7.868137464379675
4,0.6,9.0,150,5,moderate,1.0,810211878,18,2026,firm_3,phi_accuracy,0.01597363247252468
4,0.6,9.0,150,5,moderate,1.0,810211878,18,2026,firm_3,ir_operational,1.0
4,0.6,9.0,150,5,moderate,1.0,810211878,18,2026,firm_3,ir_accuracy,1.0
4,0.6,9.0,150,5,moderate,1.0,810211878,18,2026,_summary,v_op_N,62.140360505998615
4,0.6,9.0,150,5,moderate,1.0,810211878,18,2026,_summary,v_acc_N,0.15421299585569015
4,0.6,9.0,150,5,moderate,1.0,810211878,18,2026,_summary,spearman_rho,1.0
4,0.6,9.0,150,5,moderate,1.0,810211878,18,2026,_summary,payment_displacement,0.026074428796289684
4,0.6,9.0,150,5,moderate,1.0,810211878,18,2026,_summary,any_rank_reversal,0.0
4,0.6,9.0,150,5,moderate,1.0,810211878,18,2026,_summary,efficiency_gap_op,7.105427357601002e-15
4,0.6,9.0,150,5,moderate,1.0,1222576960,19,2026,firm_0,phi_operational,6.206749054561148
4,0.6,9.0,150,5,moderate,1.0,1222576960,19,2026,firm_0,phi_accuracy,0.022385658533729598
4,0.6,9.0,150,5,moderate,1.0,1222576960,19,2026,firm_0,ir_operational,1.0
4,0.6,9.0,150,5,moderate,1.0,1222576960,19,2026,firm_0,ir_accuracy,1.0
4,0.6,9.0,150,5,moderate,1.0,1222576960,19,2026,firm_1,phi_operational,6.525983972059265
4,0.6,9.0,150,5,moderate,1.0,1222576960,19,2026,firm_1,phi_accuracy,0.026978989951122325
4,0.6,9.0,150,5,moderate,1.0,1222576960,19,2026,firm_1,ir_operational,1.0
4,0.6,9.0,150,5,moderate,1.0,1222576960,19,2026,firm_1,ir_accuracy,1.0
4,0.6,9.0,150,5,moderate,1.0,1222576960,19,2026,firm_2,phi_operational,12.93650831213361
4,0.6,9.0,150,5,moderate,1.0,1222576960,19,2026,firm_2,phi_accuracy,0.03906700084932206
4,0.6,9.0,150,5,moderate,1.0,1222576960,19,2026,firm_2,ir_operational,1.0
4,0.6,9.0,150,5,moderate,1.0,1222576960,19,2026,firm_2,ir_accuracy,1.0
4,0.6,9.0,150,5,moderate,1.0,1222576960,19,2026,firm_3,phi_operational,16.324852302530253
4,0.6,9.0,150,5,moderate,1.0,1222576960,19,2026,firm_3,phi_accuracy,0.031272029917353034
4,0.6,9.0,150,5,moderate,1.0,1222576960,19,2026,firm_3,ir_operational,1.0
4,0.6,9.0,150,5,moderate,1.0,1222576960,19,2026,firm_3,ir_accuracy,1.0
4,0.6,9.0,150,5,moderate,1.0,1222576960,19,2026,_summary,v_op_N,41.99409364128428
4,0.6,9.0,150,5,moderate,1.0,1222576960,19,2026,_summary,v_acc_N,0.11970367925152703
4,0.6,9.0,150,5,moderate,1.0,1222576960,19,2026,_summary,spearman_rho,0.8
4,0.6,9.0,150,5,moderate,1.0,1222576960,19,2026,_summary,payment_displacement,0.06374813729053994
4,0.6,9.0,150,5,moderate,1.0,1222576960,19,2026,_summary,any_rank_reversal,1.0
4,0.6,9.0,150,5,moderate,1.0,1222576960,19,2026,_summary,efficiency_gap_op,7.105427357601002e-15
4,0.6,9.0,150,5,moderate,1.0,177993589,20,2026,firm_0,phi_operational,7.217321711239322
4,0.6,9.0,150,5,moderate,1.0,177993589,20,2026,firm_0,phi_accuracy,-0.008167872685898737
4,0.6,9.0,150,5,moderate,1.0,177993589,20,2026,firm_0,ir_operational,1.0
4,0.6,9.0,150,5,moderate,1.0,177993589,20,2026,firm_0,ir_accuracy,0.0
4,0.6,9.0,150,5,moderate,1.0,177993589,20,2026,firm_1,phi_operational,16.027271635548438
4,0.6,9.0,150,5,moderate,1.0,177993589,20,2026,firm_1,phi_accuracy,0.024388465011078504
4,0.6,9.0,150,5,moderate,1.0,177993589,20,2026,firm_1,ir_operational,1.0
4,0.6,9.0,150,5,moderate,1.0,177993589,20,2026,firm_1,ir_accuracy,1.0
4,0.6,9.0,150,5,moderate,1.0,177993589,20,2026,firm_2,phi_operational,7.9963785336912
4,0.6,9.0,150,5,moderate,1.0,177993589,20,2026,firm_2,phi_accuracy,0.019656220653851687
4,0.6,9.0,150,5,moderate,1.0,177993589,20,2026,firm_2,ir_operational,1.0
4,0.6,9.0,150,5,moderate,1.0,177993589,20,2026,firm_2,ir_accuracy,1.0
4,0.6,9.0,150,5,moderate,1.0,177993589,20,2026,firm_3,phi_operational,20.793755461162352
4,0.6,9.0,150,5,moderate,1.0,177993589,20,2026,firm_3,phi_accuracy,0.0458134239832516
4,0.6,9.0,150,5,moderate,1.0,177993589,20,2026,firm_3,ir_operational,1.0
4,0.6,9.0,150,5,moderate,1.0,177993589,20,2026,firm_3,ir_accuracy,1.0
4,0.6,9.0,150,5,moderate,1.0,177993589,20,2026,_summary,v_op_N,52.034727341641315
4,0.6,9.0,150,5,moderate,1.0,177993589,20,2026,_summary,v_acc_N,0.08169023696228306
4,0.6,9.0,150,5,moderate,1.0,177993589,20,2026,_summary,spearman_rho,1.0
4,0.6,9.0,150,5,moderate,1.0,177993589,20,2026,_summary,payment_displacement,0.09895857746033905
4,0.6,9.0,150,5,moderate,1.0,177993589,20,2026,_summary,any_rank_reversal,0.0
4,0.6,9.0,150,5,moderate,1.0,177993589,20,2026,_summary,efficiency_gap_op,0.0
4,0.6,9.0,150,5,moderate,1.0,3231415167,21,2026,firm_0,phi_operational,20.29736552447315
4,0.6,9.0,150,5,moderate,1.0,3231415167,21,2026,firm_0,phi_accuracy,0.018032438274455304
4,0.6,9.0,150,5,moderate,1.0,3231415167,21,2026,firm_0,ir_operational,1.0
4,0.6,9.0,150,5,moderate,1.0,3231415167,21,2026,firm_0,ir_accuracy,1.0
4,0.6,9.0,150,5,moderate,1.0,3231415167,21,2026,firm_1,phi_operational,11.912025339888505
4,0.6,9.0,150,5,moderate,1.0,3231415167,21,2026,firm_1,phi_accuracy,0.04046772134744548
4,0.6,9.0,150,5,moderate,1.0,3231415167,21,2026,firm_1,ir_operational,1.0
4,0.6,9.0,150,5,moderate,1.0,3231415167,21,2026,firm_1,ir_accuracy,1.0
4,0.6,9.0,150,5,moderate,1.0,3231415167,21,2026,firm_2,phi_operational,23.375419751807406
4,0.6,9.0,150,5,moderate,1.0,3231415167,21,2026,firm_2,phi_accuracy,0.06260507060382196
4,0.6,9.0,150,5,moderate,1.0,3231415167,21,2026,firm_2,ir_operational,1.0
4,0.6,9.0,150,5,moderate,1.0,3231415167,21,2026,firm_2,ir_accuracy,1.0
4,0.6,9.0,150,5,moderate,1.0,3231415167,21,2026,firm_3,phi_operational,14.509711563786386
4,0.6,9.0,150,5,moderate,1.0,3231415167,21,2026,firm_3,phi_accuracy,0.02517162030467976
4,0.6,9.0,150,5,moderate,1.0,3231415167,21,2026,firm_3,ir_operational,1.0
4,0.6,9.0,150,5,moderate,1.0,3231415167,21,2026,firm_3,ir_accuracy,1.0
4,0.6,9.0,150,5,moderate,1.0,3231415167,21,2026,_summary,v_op_N,70.09452217995545
4,0.6,9.0,150,5,moderate,1.0,3231415167,21,2026,_summary,v_acc_N,0.1462768505304025
4,0.6,9.0,150,5,moderate,1.0,3231415167,21,2026,_summary,spearman_rho,0.19999999999999996
4,0.6,9.0,150,5,moderate,1.0,3231415167,21,2026,_summary,payment_displacement,0.10060764318841386
4,0.6,9.0,150,5,moderate,1.0,3231415167,21,2026,_summary,any_rank_reversal,1.0
4,0.6,9.0,150,5,moderate,1.0,3231415167,21,2026,_summary,efficiency_gap_op,0.0
4,0.6,9.0,150,5,moderate,1.0,3779016826,22,2026,firm_0,phi_operational,2.805841990777158
4,0.6,9.0,150,5,moderate,1.0,3779016826,22,2026,firm_0,phi_accuracy,0.04014162389549395
4,0.6,9.0,150,5,moderate,1.0,3779016826,22,2026,firm_0,ir_operational,1.0
4,0.6,9.0,150,5,moderate,1.0,3779016826,22,2026,firm_0,ir_accuracy,1.0
4,0.6,9.0,150,5,moderate,1.0,3779016826,22,2026,firm_1,phi_operational,24.300200899793857
4,0.6,9.0,150,5,moderate,1.0,3779016826,22,2026,firm_1,phi_accuracy,0.09911367457654074
4,0.6,9.0,150,5,moderate,1.0,3779016826,22,2026,firm_1,ir_operational,1.0
4,0.6,9.0,150,5,moderate,1.0,3779016826,22,2026,firm_1,ir_accuracy,1.0
4,0.6,9.0,150,5,moderate,1.0,3779016826,22,2026,firm_2,phi_operational,10.24011989102441
4,0.6,9.0,150,5,moderate,1.0,3779016826,22,2026,firm_2,phi_accuracy,0.02993305964000448
4,0.6,9.0,150,5,moderate,1.0,3779016826,22,2026,firm_2,ir_operational,1.0
4,0.6,9.0,150,5,moderate,1.0,3779016826,22,2026,firm_2,ir_accuracy,1.0
4,0.6,9.0,150,5,moderate,1.0,3779016826,22,2026,firm_3,phi_operational,16.463118414530335
4,0.6,9.0,150,5,moderate,1.0,3779016826,22,2026,firm_3,phi_accuracy,0.03266303181958715
4,0.6,9.0,150,5,moderate,1.0,3779016826,22,2026,firm_3,ir_operational,1.0
4,0.6,9.0,150,5,moderate,1.0,3779016826,22,2026,firm_3,ir_accuracy,1.0
4,0.6,9.0,150,5,moderate,1.0,3779016826,22,2026,_summary,v_op_N,53.80928119612577
4,0.6,9.0,150,5,moderate,1.0,3779016826,22,2026,_summary,v_acc_N,0.20185138993162632
4,0.6,9.0,150,5,moderate,1.0,3779016826,22,2026,_summary,spearman_rho,0.4
4,0.6,9.0,150,5,moderate,1.0,3779016826,22,2026,_summary,payment_displacement,0.09307366102300324
4,0.6,9.0,150,5,moderate,1.0,3779016826,22,2026,_summary,any_rank_reversal,1.0
4,0.6,9.0,150,5,moderate,1.0,3779016826,22,2026,_summary,efficiency_gap_op,7.105427357601002e-15
4,0.6,9.0,150,5,moderate,1.0,2041755439,23,2026,firm_0,phi_operational,5.452006743808814
4,0.6,9.0,150,5,moderate,1.0,2041755439,23,2026,firm_0,phi_accuracy,-0.02285981328133716
4,0.6,9.0,150,5,moderate,1.0,2041755439,23,2026,firm_0,ir_operational,1.0
4,0.6,9.0,150,5,moderate,1.0,2041755439,23,2026,firm_0,ir_accuracy,0.0
4,0.6,9.0,150,5,moderate,1.0,2041755439,23,2026,firm_1,phi_operational,10.187260793075438
4,0.6,9.0,150,5,moderate,1.0,2041755439,23,2026,firm_1,phi_accuracy,0.06288702169690222
4,0.6,9.0,150,5,moderate,1.0,2041755439,23,2026,firm_1,ir_operational,1.0
4,0.6,9.0,150,5,moderate,1.0,2041755439,23,2026,firm_1,ir_accuracy,1.0
4,0.6,9.0,150,5,moderate,1.0,2041755439,23,2026,firm_2,phi_operational,25.35089290726362
4,0.6,9.0,150,5,moderate,1.0,2041755439,23,2026,firm_2,phi_accuracy,-0.040789548548222844
4,0.6,9.0,150,5,moderate,1.0,2041755439,23,2026,firm_2,ir_operational,1.0
4,0.6,9.0,150,5,moderate,1.0,2041755439,23,2026,firm_2,ir_accuracy,0.0
4,0.6,9.0,150,5,moderate,1.0,2041755439,23,2026,firm_3,phi_operational,30.70356331463887
4,0.6,9.0,150,5,moderate,1.0,2041755439,23,2026,firm_3,phi_accuracy,0.04438533683185034
4,0.6,9.0,150,5,moderate,1.0,2041755439,23,2026,firm_3,ir_operational,1.0
4,0.6,9.0,150,5,moderate,1.0,2041755439,23,2026,firm_3,ir_accuracy,1.0
4,0.6,9.0,150,5,moderate,1.0,2041755439,23,2026,_summary,v_op_N,71.69372375878675
4,0.6,9.0,150,5,moderate,1.0,2041755439,23,2026,_summary,v_acc_N,0.04362299669919256
4,0.6,9.0,150,5,moderate,1.0,2041755439,23,2026,_summary,spearman_rho,0.0
4,0.6,9.0,150,5,moderate,1.0,2041755439,23,2026,_summary,payment_displacement,0.2991117859135292
4,0.6,9.0,150,5,moderate,1.0,2041755439,23,2026,_summary,any_rank_reversal,1.0
4,0.6,9.0,150,5,moderate,1.0,2041755439,23,2026,_summary,efficiency_gap_op,0.0
4,0.6,9.0,150,5,moderate,1.0,1100445260,24,2026,firm_0,phi_operational,45.52729254146625
4,0.6,9.0,150,5,moderate,1.0,1100445260,24,2026,firm_0,phi_accuracy,0.06073298792689958
4,0.6,9.0,150,5,moderate,1.0,1100445260,24,2026,firm_0,ir_operational,1.0
4,0.6,9.0,150,5,moderate,1.0,1100445260,24,2026,firm_0,ir_accuracy,1.0
4,0.6,9.0,150,5,moderate,1.0,1100445260,24,2026,firm_1,phi_operational,14.984996298178412
4,0.6,9.0,150,5,moderate,1.0,1100445260,24,2026,firm_1,phi_accuracy,0.02764609568002247
4,0.6,9.0,150,5,moderate,1.0,1100445260,24,2026,firm_1,ir_operational,1.0
4,0.6,9.0,150,5,moderate,1.0,1100445260,24,2026,firm_1,ir_accuracy,1.0
4,0.6,9.0,150,5,moderate,1.0,1100445260,24,2026,firm_2,phi_operational,20.646081531497636
4,0.6,9.0,150,5,moderate,1.0,1100445260,24,2026,firm_2,phi_accuracy,0.031876295357937
4,0.6,9.0,150,5,moderate,1.0,1100445260,24,2026,firm_2,ir_operational,1.0
4,0.6,9.0,150,5,moderate,1.0,1100445260,24,2026,firm_2,ir_accuracy,1.0
4,0.6,9.0,150,5,moderate,1.0,1100445260,24,2026,firm_3,phi_operational,10.88813609542668
4,0.6,9.0,150,5,moderate,1.0,1100445260,24,2026,firm_3,phi_accuracy,0.012069293870445186
4,0.6,9.0,150,5,moderate,1.0,1100445260,24,2026,firm_3,ir_operational,1.0
4,0.6,9.0,150,5,moderate,1.0,1100445260,24,2026,firm_3,ir_accuracy,1.0
4,0.6,9.0,150,5,moderate,1.0,1100445260,24,2026,_summary,v_op_N,92.04650646656899
4,0.6,9.0,150,5,moderate,1.0,1100445260,24,2026,_summary,v_acc_N,0.13232467283530425
4,0.6,9.0,150,5,moderate,1.0,1100445260,24,2026,_summary,spearman_rho,1.0
4,0.6,9.0,150,5,moderate,1.0,1100445260,24,2026,_summary,payment_displacement,0.0313610812332257
4,0.6,9.0,150,5,moderate,1.0,1100445260,24,2026,_summary,any_rank_reversal,0.0
4,0.6,9.0,150,5,moderate,1.0,1100445260,24,2026,_summary,efficiency_gap_op,0.0
4,0.6,9.0,150,5,moderate,1.0,3453408036,25,2026,firm_0,phi_operational,17.525751795891757
4,0.6,9.0,150,5,moderate,1.0,3453408036,25,2026,firm_0,phi_accuracy,0.03278445831401897
4,0.6,9.0,150,5,moderate,1.0,3453408036,25,2026,firm_0,ir_operational,1.0
4,0.6,9.0,150,5,moderate,1.0,3453408036,25,2026,firm_0,ir_accuracy,1.0
4,0.6,9.0,150,5,moderate,1.0,3453408036,25,2026,firm_1,phi_operational,10.788119069726633
4,0.6,9.0,150,5,moderate,1.0,3453408036,25,2026,firm_1,phi_accuracy,0.01466811139952745
4,0.6,9.0,150,5,moderate,1.0,3453408036,25,2026,firm_1,ir_operational,1.0
4,0.6,9.0,150,5,moderate,1.0,3453408036,25,2026,firm_1,ir_accuracy,1.0
4,0.6,9.0,150,5,moderate,1.0,3453408036,25,2026,firm_2,phi_operational,8.392371537090657
4,0.6,9.0,150,5,moderate,1.0,3453408036,25,2026,firm_2,phi_accuracy,0.026098562350316986
4,0.6,9.0,150,5,moderate,1.0,3453408036,25,2026,firm_2,ir_operational,1.0
4,0.6,9.0,150,5,moderate,1.0,3453408036,25,2026,firm_2,ir_accuracy,1.0
4,0.6,9.0,150,5,moderate,1.0,3453408036,25,2026,firm_3,phi_operational,12.192586486257653
4,0.6,9.0,150,5,moderate,1.0,3453408036,25,2026,firm_3,phi_accuracy,0.013895211770985535
4,0.6,9.0,150,5,moderate,1.0,3453408036,25,2026,firm_3,ir_operational,1.0
4,0.6,9.0,150,5,moderate,1.0,3453408036,25,2026,firm_3,ir_accuracy,1.0
4,0.6,9.0,150,5,moderate,1.0,3453408036,25,2026,_summary,v_op_N,48.898828888966705
4,0.6,9.0,150,5,moderate,1.0,3453408036,25,2026,_summary,v_acc_N,0.08744634383484895
4,0.6,9.0,150,5,moderate,1.0,3453408036,25,2026,_summary,spearman_rho,0.19999999999999996
4,0.6,9.0,150,5,moderate,1.0,3453408036,25,2026,_summary,payment_displacement,0.07166302802128287
4,0.6,9.0,150,5,moderate,1.0,3453408036,25,2026,_summary,any_rank_reversal,1.0
4,0.6,9.0,150,5,moderate,1.0,3453408036,25,2026,_summary,efficiency_gap_op,0.0
4,0.6,9.0,150,5,moderate,1.0,2980181411,26,2026,firm_0,phi_operational,5.818573353778115
4,0.6,9.0,150,5,moderate,1.0,2980181411,26,2026,firm_0,phi_accuracy,0.009673205153147716
4,0.6,9.0,150,5,moderate,1.0,2980181411,26,2026,firm_0,ir_operational,1.0
4,0.6,9.0,150,5,moderate,1.0,2980181411,26,2026,firm_0,ir_accuracy,1.0
4,0.6,9.0,150,5,moderate,1.0,2980181411,26,2026,firm_1,phi_operational,10.512833303094784
4,0.6,9.0,150,5,moderate,1.0,2980181411,26,2026,firm_1,phi_accuracy,0.002365779825032906
4,0.6,9.0,150,5,moderate,1.0,2980181411,26,2026,firm_1,ir_operational,1.0
4,0.6,9.0,150,5,moderate,1.0,2980181411,26,2026,firm_1,ir_accuracy,1.0
4,0.6,9.0,150,5,moderate,1.0,2980181411,26,2026,firm_2,phi_operational,15.33537622984203
4,0.6,9.0,150,5,moderate,1.0,2980181411,26,2026,firm_2,phi_accuracy,0.047030725420090194
4,0.6,9.0,150,5,moderate,1.0,2980181411,26,2026,firm_2,ir_operational,1.0
4,0.6,9.0,150,5,moderate,1.0,2980181411,26,2026,firm_2,ir_accuracy,1.0
4,0.6,9.0,150,5,moderate,1.0,2980181411,26,2026,firm_3,phi_operational,4.453781301090667
4,0.6,9.0,150,5,moderate,1.0,2980181411,26,2026,firm_3,phi_accuracy,0.004349814430846902
4,0.6,9.0,150,5,moderate,1.0,2980181411,26,2026,firm_3,ir_operational,1.0
4,0.6,9.0,150,5,moderate,1.0,2980181411,26,2026,firm_3,ir_accuracy,1.0
4,0.6,9.0,150,5,moderate,1.0,2980181411,26,2026,_summary,v_op_N,36.1205641878056
4,0.6,9.0,150,5,moderate,1.0,2980181411,26,2026,_summary,v_acc_N,0.06341952482911772
4,0.6,9.0,150,5,moderate,1.0,2980181411,26,2026,_summary,spearman_rho,0.4
4,0.6,9.0,150,5,moderate,1.0,2980181411,26,2026,_summary,payment_displacement,0.15851017663960085
4,0.6,9.0,150,5,moderate,1.0,2980181411,26,2026,_summary,any_rank_reversal,1.0
4,0.6,9.0,150,5,moderate,1.0,2980181411,26,2026,_summary,efficiency_gap_op,0.0
4,0.6,9.0,150,5,moderate,1.0,1422113865,27,2026,firm_0,phi_operational,7.102021916391654
4,0.6,9.0,150,5,moderate,1.0,1422113865,27,2026,firm_0,phi_accuracy,0.025917232963315773
4,0.6,9.0,150,5,moderate,1.0,1422113865,27,2026,firm_0,ir_operational,1.0
4,0.6,9.0,150,5,moderate,1.0,1422113865,27,2026,firm_0,ir_accuracy,1.0
4,0.6,9.0,150,5,moderate,1.0,1422113865,27,2026,firm_1,phi_operational,-0.36420479993297283
4,0.6,9.0,150,5,moderate,1.0,1422113865,27,2026,firm_1,phi_accuracy,0.05329632985591981
4,0.6,9.0,150,5,moderate,1.0,1422113865,27,2026,firm_1,ir_operational,0.0
4,0.6,9.0,150,5,moderate,1.0,1422113865,27,2026,firm_1,ir_accuracy,1.0
4,0.6,9.0,150,5,moderate,1.0,1422113865,27,2026,firm_2,phi_operational,2.2156722411048215
4,0.6,9.0,150,5,moderate,1.0,1422113865,27,2026,firm_2,phi_accuracy,0.019787822585557814
4,0.6,9.0,150,5,moderate,1.0,1422113865,27,2026,firm_2,ir_operational,1.0
4,0.6,9.0,150,5,moderate,1.0,1422113865,27,2026,firm_2,ir_accuracy,1.0
4,0.6,9.0,150,5,moderate,1.0,1422113865,27,2026,firm_3,phi_operational,7.652729855172547
4,0.6,9.0,150,5,moderate,1.0,1422113865,27,2026,firm_3,phi_accuracy,0.008572335527788705
4,0.6,9.0,150,5,moderate,1.0,1422113865,27,2026,firm_3,ir_operational,1.0
4,0.6,9.0,150,5,moderate,1.0,1422113865,27,2026,firm_3,ir_accuracy,1.0
4,0.6,9.0,150,5,moderate,1.0,1422113865,27,2026,_summary,v_op_N,16.60621921273605
4,0.6,9.0,150,5,moderate,1.0,1422113865,27,2026,_summary,v_acc_N,0.1075737209325821
4,0.6,9.0,150,5,moderate,1.0,1422113865,27,2026,_summary,spearman_rho,-0.8
4,0.6,9.0,150,5,moderate,1.0,1422113865,27,2026,_summary,payment_displacement,0.27578449100282304
4,0.6,9.0,150,5,moderate,1.0,1422113865,27,2026,_summary,any_rank_reversal,1.0
4,0.6,9.0,150,5,moderate,1.0,1422113865,27,2026,_summary,efficiency_gap_op,0.0
4,0.6,9.0,150,5,moderate,1.0,2023947146,28,2026,firm_0,phi_operational,18.99000230645578
4,0.6,9.0,150,5,moderate,1.0,2023947146,28,2026,firm_0,phi_accuracy,0.06177399813917557
4,0.6,9.0,150,5,moderate,1.0,2023947146,28,2026,firm_0,ir_operational,1.0
4,0.6,9.0,150,5,moderate,1.0,2023947146,28,2026,firm_0,ir_accuracy,1.0
4,0.6,9.0,150,5,moderate,1.0,2023947146,28,2026,firm_1,phi_operational,3.741931176899205
4,0.6,9.0,150,5,moderate,1.0,2023947146,28,2026,firm_1,phi_accuracy,-0.02641773934451256
4,0.6,9.0,150,5,moderate,1.0,2023947146,28,2026,firm_1,ir_operational,1.0
4,0.6,9.0,150,5,moderate,1.0,2023947146,28,2026,firm_1,ir_accuracy,0.0
4,0.6,9.0,150,5,moderate,1.0,2023947146,28,2026,firm_2,phi_operational,10.292811715341296
4,0.6,9.0,150,5,moderate,1.0,2023947146,28,2026,firm_2,phi_accuracy,0.021544903116648993
4,0.6,9.0,150,5,moderate,1.0,2023947146,28,2026,firm_2,ir_operational,1.0
4,0.6,9.0,150,5,moderate,1.0,2023947146,28,2026,firm_2,ir_accuracy,1.0
4,0.6,9.0,150,5,moderate,1.0,2023947146,28,2026,firm_3,phi_operational,12.11609119924077
4,0.6,9.0,150,5,moderate,1.0,2023947146,28,2026,firm_3,phi_accuracy,-0.010348324633494776
4,0.6,9.0,150,5,moderate,1.0,2023947146,28,2026,firm_3,ir_operational,1.0
4,0.6,9.0,150,5,moderate,1.0,2023947146,28,2026,firm_3,ir_accuracy,0.0
4,0.6,9.0,150,5,moderate,1.0,2023947146,28,2026,_summary,v_op_N,45.14083639793705
4,0.6,9.0,150,5,moderate,1.0,2023947146,28,2026,_summary,v_acc_N,0.04655283727781723
4,0.6,9.0,150,5,moderate,1.0,2023947146,28,2026,_summary,spearman_rho,0.8
4,0.6,9.0,150,5,moderate,1.0,2023947146,28,2026,_summary,payment_displacement,0.19995136712868222
4,0.6,9.0,150,5,moderate,1.0,2023947146,28,2026,_summary,any_rank_reversal,1.0
4,0.6,9.0,150,5,moderate,1.0,2023947146,28,2026,_summary,efficiency_gap_op,0.0
4,0.6,9.0,150,5,moderate,1.0,3498060065,29,2026,firm_0,phi_operational,6.168322814996117
4,0.6,9.0,150,5,moderate,1.0,3498060065,29,2026,firm_0,phi_accuracy,0.07016509179914329
4,0.6,9.0,150,5,moderate,1.0,3498060065,29,2026,firm_0,ir_operational,1.0
4,0.6,9.0,150,5,moderate,1.0,3498060065,29,2026,firm_0,ir_accuracy,1.0
4,0.6,9.0,150,5,moderate,1.0,3498060065,29,2026,firm_1,phi_operational,21.96769943406204
4,0.6,9.0,150,5,moderate,1.0,3498060065,29,2026,firm_1,phi_accuracy,-0.008165376941976757
4,0.6,9.0,150,5,moderate,1.0,3498060065,29,2026,firm_1,ir_operational,1.0
4,0.6,9.0,150,5,moderate,1.0,3498060065,29,2026,firm_1,ir_accuracy,0.0
4,0.6,9.0,150,5,moderate,1.0,3498060065,29,2026,firm_2,phi_operational,18.160212232376516
4,0.6,9.0,150,5,moderate,1.0,3498060065,29,2026,firm_2,phi_accuracy,-0.0017236159952967278
4,0.6,9.0,150,5,moderate,1.0,3498060065,29,2026,firm_2,ir_operational,1.0
4,0.6,9.0,150,5,moderate,1.0,3498060065,29,2026,firm_2,ir_accuracy,0.0
4,0.6,9.0,150,5,moderate,1.0,3498060065,29,2026,firm_3,phi_operational,14.500575663471873
4,0.6,9.0,150,5,moderate,1.0,3498060065,29,2026,firm_3,phi_accuracy,0.006858061785347425
4,0.6,9.0,150,5,moderate,1.0,3498060065,29,2026,firm_3,ir_operational,1.0
4,0.6,9.0,150,5,moderate,1.0,3498060065,29,2026,firm_3,ir_accuracy,1.0
4,0.6,9.0,150,5,moderate,1.0,3498060065,29,2026,_summary,v_op_N,60.796810144906544
4,0.6,9.0,150,5,moderate,1.0,3498060065,29,2026,_summary,v_acc_N,0.06713416064721722
4,0.6,9.0,150,5,moderate,1.0,3498060065,29,2026,_summary,spearman_rho,-1.0
4,0.6,9.0,150,5,moderate,1.0,3498060065,29,2026,_summary,payment_displacement,0.409817010347311
4,0.6,9.0,150,5,moderate,1.0,3498060065,29,2026,_summary,any_rank_reversal,1.0
4,0.6,9.0,150,5,moderate,1.0,3498060065,29,2026,_summary,efficiency_gap_op,0.0
4,0.6,19.0,150,5,moderate,1.0,461296014,0,2026,firm_0,phi_operational,76.43423194970813
4,0.6,19.0,150,5,moderate,1.0,461296014,0,2026,firm_0,phi_accuracy,0.0170827735062635
4,0.6,19.0,150,5,moderate,1.0,461296014,0,2026,firm_0,ir_operational,1.0
4,0.6,19.0,150,5,moderate,1.0,461296014,0,2026,firm_0,ir_accuracy,1.0
4,0.6,19.0,150,5,moderate,1.0,461296014,0,2026,firm_1,phi_operational,39.1216676180271
4,0.6,19.0,150,5,moderate,1.0,461296014,0,2026,firm_1,phi_accuracy,0.024633775421278897
4,0.6,19.0,150,5,moderate,1.0,461296014,0,2026,firm_1,ir_operational,1.0
4,0.6,19.0,150,5,moderate,1.0,461296014,0,2026,firm_1,ir_accuracy,1.0
4,0.6,19.0,150,5,moderate,1.0,461296014,0,2026,firm_2,phi_operational,100.99998411711562
4,0.6,19.0,150,5,moderate,1.0,461296014,0,2026,firm_2,phi_accuracy,0.0018110473714519808
4,0.6,19.0,150,5,moderate,1.0,461296014,0,2026,firm_2,ir_operational,1.0
4,0.6,19.0,150,5,moderate,1.0,461296014,0,2026,firm_2,ir_accuracy,1.0
4,0.6,19.0,150,5,moderate,1.0,461296014,0,2026,firm_3,phi_operational,46.046200777835814
4,0.6,19.0,150,5,moderate,1.0,461296014,0,2026,firm_3,phi_accuracy,0.04526865751382348
4,0.6,19.0,150,5,moderate,1.0,461296014,0,2026,firm_3,ir_operational,1.0
4,0.6,19.0,150,5,moderate,1.0,461296014,0,2026,firm_3,ir_accuracy,1.0
4,0.6,19.0,150,5,moderate,1.0,461296014,0,2026,_summary,v_op_N,262.60208446268666
4,0.6,19.0,150,5,moderate,1.0,461296014,0,2026,_summary,v_acc_N,0.08879625381281786
4,0.6,19.0,150,5,moderate,1.0,461296014,0,2026,_summary,spearman_rho,-0.8
4,0.6,19.0,150,5,moderate,1.0,461296014,0,2026,_summary,payment_displacement,0.23144993749293108
4,0.6,19.0,150,5,moderate,1.0,461296014,0,2026,_summary,any_rank_reversal,1.0
4,0.6,19.0,150,5,moderate,1.0,461296014,0,2026,_summary,efficiency_gap_op,0.0
4,0.6,19.0,150,5,moderate,1.0,2036099717,1,2026,firm_0,phi_operational,22.20127176890268
4,0.6,19.0,150,5,moderate,1.0,2036099717,1,2026,firm_0,phi_accuracy,0.010686841243406991
4,0.6,19.0,150,5,moderate,1.0,2036099717,1,2026,firm_0,ir_operational,1.0
4,0.6,19.0,150,5,moderate,1.0,2036099717,1,2026,firm_0,ir_accuracy,1.0
4,0.6,19.0,150,5,moderate,1.0,2036099717,1,2026,firm_1,phi_operational,45.797214126147836
4,0.6,19.0,150,5,moderate,1.0,2036099717,1,2026,firm_1,phi_accuracy,0.006553343046180094
4,0.6,19.0,150,5,moderate,1.0,2036099717,1,2026,firm_1,ir_operational,1.0
4,0.6,19.0,150,5,moderate,1.0,2036099717,1,2026,firm_1,ir_accuracy,1.0
4,0.6,19.0,150,5,moderate,1.0,2036099717,1,2026,firm_2,phi_operational,25.939193060303182
4,0.6,19.0,150,5,moderate,1.0,2036099717,1,2026,firm_2,phi_accuracy,0.0398643534069465
4,0.6,19.0,150,5,moderate,1.0,2036099717,1,2026,firm_2,ir_operational,1.0
4,0.6,19.0,150,5,moderate,1.0,2036099717,1,2026,firm_2,ir_accuracy,1.0
4,0.6,19.0,150,5,moderate,1.0,2036099717,1,2026,firm_3,phi_operational,35.79524989781987
4,0.6,19.0,150,5,moderate,1.0,2036099717,1,2026,firm_3,phi_accuracy,-0.008296188664655674
4,0.6,19.0,150,5,moderate,1.0,2036099717,1,2026,firm_3,ir_operational,1.0
4,0.6,19.0,150,5,moderate,1.0,2036099717,1,2026,firm_3,ir_accuracy,0.0
4,0.6,19.0,150,5,moderate,1.0,2036099717,1,2026,_summary,v_op_N,129.73292885317358
4,0.6,19.0,150,5,moderate,1.0,2036099717,1,2026,_summary,v_acc_N,0.04880834903187792
4,0.6,19.0,150,5,moderate,1.0,2036099717,1,2026,_summary,spearman_rho,-0.6000000000000001
4,0.6,19.0,150,5,moderate,1.0,2036099717,1,2026,_summary,payment_displacement,0.26822426562171275
4,0.6,19.0,150,5,moderate,1.0,2036099717,1,2026,_summary,any_rank_reversal,1.0
4,0.6,19.0,150,5,moderate,1.0,2036099717,1,2026,_summary,efficiency_gap_op,0.0
4,0.6,19.0,150,5,moderate,1.0,4178560734,2,2026,firm_0,phi_operational,30.11369569789796
4,0.6,19.0,150,5,moderate,1.0,4178560734,2,2026,firm_0,phi_accuracy,0.03289558286067921
4,0.6,19.0,150,5,moderate,1.0,4178560734,2,2026,firm_0,ir_operational,1.0
4,0.6,19.0,150,5,moderate,1.0,4178560734,2,2026,firm_0,ir_accuracy,1.0
4,0.6,19.0,150,5,moderate,1.0,4178560734,2,2026,firm_1,phi_operational,32.36073605153281
4,0.6,19.0,150,5,moderate,1.0,4178560734,2,2026,firm_1,phi_accuracy,0.028005408904523094
4,0.6,19.0,150,5,moderate,1.0,4178560734,2,2026,firm_1,ir_operational,1.0
4,0.6,19.0,150,5,moderate,1.0,4178560734,2,2026,firm_1,ir_accuracy,1.0
4,0.6,19.0,150,5,moderate,1.0,4178560734,2,2026,firm_2,phi_operational,40.194436253865774
4,0.6,19.0,150,5,moderate,1.0,4178560734,2,2026,firm_2,phi_accuracy,0.037293533213576605
4,0.6,19.0,150,5,moderate,1.0,4178560734,2,2026,firm_2,ir_operational,1.0
4,0.6,19.0,150,5,moderate,1.0,4178560734,2,2026,firm_2,ir_accuracy,1.0
4,0.6,19.0,150,5,moderate,1.0,4178560734,2,2026,firm_3,phi_operational,33.111525589406824
4,0.6,19.0,150,5,moderate,1.0,4178560734,2,2026,firm_3,phi_accuracy,0.01820460545320666
4,0.6,19.0,150,5,moderate,1.0,4178560734,2,2026,firm_3,ir_operational,1.0
4,0.6,19.0,150,5,moderate,1.0,4178560734,2,2026,firm_3,ir_accuracy,1.0
4,0.6,19.0,150,5,moderate,1.0,4178560734,2,2026,_summary,v_op_N,135.78039359270338
4,0.6,19.0,150,5,moderate,1.0,4178560734,2,2026,_summary,v_acc_N,0.11639913043198558
4,0.6,19.0,150,5,moderate,1.0,4178560734,2,2026,_summary,spearman_rho,0.19999999999999996
4,0.6,19.0,150,5,moderate,1.0,4178560734,2,2026,_summary,payment_displacement,0.043731376278713104
4,0.6,19.0,150,5,moderate,1.0,4178560734,2,2026,_summary,any_rank_reversal,1.0
4,0.6,19.0,150,5,moderate,1.0,4178560734,2,2026,_summary,efficiency_gap_op,0.0
4,0.6,19.0,150,5,moderate,1.0,680036989,3,2026,firm_0,phi_operational,10.443828153462619
4,0.6,19.0,150,5,moderate,1.0,680036989,3,2026,firm_0,phi_accuracy,-0.00029158961281879536
4,0.6,19.0,150,5,moderate,1.0,680036989,3,2026,firm_0,ir_operational,1.0
4,0.6,19.0,150,5,moderate,1.0,680036989,3,2026,firm_0,ir_accuracy,0.0
4,0.6,19.0,150,5,moderate,1.0,680036989,3,2026,firm_1,phi_operational,23.926006994095054
4,0.6,19.0,150,5,moderate,1.0,680036989,3,2026,firm_1,phi_accuracy,-0.042397171539643466
4,0.6,19.0,150,5,moderate,1.0,680036989,3,2026,firm_1,ir_operational,1.0
4,0.6,19.0,150,5,moderate,1.0,680036989,3,2026,firm_1,ir_accuracy,0.0
4,0.6,19.0,150,5,moderate,1.0,680036989,3,2026,firm_2,phi_operational,2.5108195760878966
4,0.6,19.0,150,5,moderate,1.0,680036989,3,2026,firm_2,phi_accuracy,-0.0036350208611391666
4,0.6,19.0,150,5,moderate,1.0,680036989,3,2026,firm_2,ir_operational,1.0
4,0.6,19.0,150,5,moderate,1.0,680036989,3,2026,firm_2,ir_accuracy,0.0
4,0.6,19.0,150,5,moderate,1.0,680036989,3,2026,firm_3,phi_operational,19.02510254562988
4,0.6,19.0,150,5,moderate,1.0,680036989,3,2026,firm_3,phi_accuracy,-0.009376590379116645
4,0.6,19.0,150,5,moderate,1.0,680036989,3,2026,firm_3,ir_operational,1.0
4,0.6,19.0,150,5,moderate,1.0,680036989,3,2026,firm_3,ir_accuracy,0.0
4,0.6,19.0,150,5,moderate,1.0,680036989,3,2026,_summary,v_op_N,55.905757269275455
4,0.6,19.0,150,5,moderate,1.0,680036989,3,2026,_summary,v_acc_N,-0.05570037239271808
4,0.6,19.0,150,5,moderate,1.0,680036989,3,2026,_summary,spearman_rho,-0.8
4,0.6,19.0,150,5,moderate,1.0,680036989,3,2026,_summary,payment_displacement,0.49999999999550715
4,0.6,19.0,150,5,moderate,1.0,680036989,3,2026,_summary,any_rank_reversal,1.0
4,0.6,19.0,150,5,moderate,1.0,680036989,3,2026,_summary,efficiency_gap_op,7.105427357601002e-15
4,0.6,19.0,150,5,moderate,1.0,321680061,4,2026,firm_0,phi_operational,21.68691509410242
4,0.6,19.0,150,5,moderate,1.0,321680061,4,2026,firm_0,phi_accuracy,-0.0076392243633554655
4,0.6,19.0,150,5,moderate,1.0,321680061,4,2026,firm_0,ir_operational,1.0
4,0.6,19.0,150,5,moderate,1.0,321680061,4,2026,firm_0,ir_accuracy,0.0
4,0.6,19.0,150,5,moderate,1.0,321680061,4,2026,firm_1,phi_operational,28.545695719164048
4,0.6,19.0,150,5,moderate,1.0,321680061,4,2026,firm_1,phi_accuracy,0.010941276281002933
4,0.6,19.0,150,5,moderate,1.0,321680061,4,2026,firm_1,ir_operational,1.0
4,0.6,19.0,150,5,moderate,1.0,321680061,4,2026,firm_1,ir_accuracy,1.0
4,0.6,19.0,150,5,moderate,1.0,321680061,4,2026,firm_2,phi_operational,43.77496762756739
4,0.6,19.0,150,5,moderate,1.0,321680061,4,2026,firm_2,phi_accuracy,-0.011321690756109549
4,0.6,19.0,150,5,moderate,1.0,321680061,4,2026,firm_2,ir_operational,1.0
4,0.6,19.0,150,5,moderate,1.0,321680061,4,2026,firm_2,ir_accuracy,0.0
4,0.6,19.0,150,5,moderate,1.0,321680061,4,2026,firm_3,phi_operational,19.030350185329326
4,0.6,19.0,150,5,moderate,1.0,321680061,4,2026,firm_3,phi_accuracy,-0.0008333120768819109
4,0.6,19.0,150,5,moderate,1.0,321680061,4,2026,firm_3,ir_operational,1.0
4,0.6,19.0,150,5,moderate,1.0,321680061,4,2026,firm_3,ir_accuracy,0.0
4,0.6,19.0,150,5,moderate,1.0,321680061,4,2026,_summary,v_op_N,113.0379286261632
4,0.6,19.0,150,5,moderate,1.0,321680061,4,2026,_summary,v_acc_N,-0.008852950915343993
4,0.6,19.0,150,5,moderate,1.0,321680061,4,2026,_summary,spearman_rho,-0.3999999999999999
4,0.6,19.0,150,5,moderate,1.0,321680061,4,2026,_summary,payment_displacement,0.373733993235983
4,0.6,19.0,150,5,moderate,1.0,321680061,4,2026,_summary,any_rank_reversal,1.0
4,0.6,19.0,150,5,moderate,1.0,321680061,4,2026,_summary,efficiency_gap_op,0.0
4,0.6,19.0,150,5,moderate,1.0,2900199227,5,2026,firm_0,phi_operational,38.28660319700225
4,0.6,19.0,150,5,moderate,1.0,2900199227,5,2026,firm_0,phi_accuracy,0.0058057931206998235
4,0.6,19.0,150,5,moderate,1.0,2900199227,5,2026,firm_0,ir_operational,1.0
4,0.6,19.0,150,5,moderate,1.0,2900199227,5,2026,firm_0,ir_accuracy,1.0
4,0.6,19.0,150,5,moderate,1.0,2900199227,5,2026,firm_1,phi_operational,32.113853524293894
4,0.6,19.0,150,5,moderate,1.0,2900199227,5,2026,firm_1,phi_accuracy,-0.012552711688828266
4,0.6,19.0,150,5,moderate,1.0,2900199227,5,2026,firm_1,ir_operational,1.0
4,0.6,19.0,150,5,moderate,1.0,2900199227,5,2026,firm_1,ir_accuracy,0.0
4,0.6,19.0,150,5,moderate,1.0,2900199227,5,2026,firm_2,phi_operational,42.79725952205937
4,0.6,19.0,150,5,moderate,1.0,2900199227,5,2026,firm_2,phi_accuracy,-0.01234066654911753
4,0.6,19.0,150,5,moderate,1.0,2900199227,5,2026,firm_2,ir_operational,1.0
4,0.6,19.0,150,5,moderate,1.0,2900199227,5,2026,firm_2,ir_accuracy,0.0
4,0.6,19.0,150,5,moderate,1.0,2900199227,5,2026,firm_3,phi_operational,33.258674736050054
4,0.6,19.0,150,5,moderate,1.0,2900199227,5,2026,firm_3,phi_accuracy,-0.008230983684863396
4,0.6,19.0,150,5,moderate,1.0,2900199227,5,2026,firm_3,ir_operational,1.0
4,0.6,19.0,150,5,moderate,1.0,2900199227,5,2026,firm_3,ir_accuracy,0.0
4,0.6,19.0,150,5,moderate,1.0,2900199227,5,2026,_summary,v_op_N,146.45639097940557
4,0.6,19.0,150,5,moderate,1.0,2900199227,5,2026,_summary,v_acc_N,-0.027318568802109366
4,0.6,19.0,150,5,moderate,1.0,2900199227,5,2026,_summary,spearman_rho,0.4
4,0.6,19.0,150,5,moderate,1.0,2900199227,5,2026,_summary,payment_displacement,0.4254332134747194
4,0.6,19.0,150,5,moderate,1.0,2900199227,5,2026,_summary,any_rank_reversal,1.0
4,0.6,19.0,150,5,moderate,1.0,2900199227,5,2026,_summary,efficiency_gap_op,0.0
4,0.6,19.0,150,5,moderate,1.0,1345297793,6,2026,firm_0,phi_operational,38.80147000623418
4,0.6,19.0,150,5,moderate,1.0,1345297793,6,2026,firm_0,phi_accuracy,0.013526503178321667
4,0.6,19.0,150,5,moderate,1.0,1345297793,6,2026,firm_0,ir_operational,1.0
4,0.6,19.0,150,5,moderate,1.0,1345297793,6,2026,firm_0,ir_accuracy,1.0
4,0.6,19.0,150,5,moderate,1.0,1345297793,6,2026,firm_1,phi_operational,26.465676297570155
4,0.6,19.0,150,5,moderate,1.0,1345297793,6,2026,firm_1,phi_accuracy,0.010243720835916448
4,0.6,19.0,150,5,moderate,1.0,1345297793,6,2026,firm_1,ir_operational,1.0
4,0.6,19.0,150,5,moderate,1.0,1345297793,6,2026,firm_1,ir_accuracy,1.0
4,0.6,19.0,150,5,moderate,1.0,1345297793,6,2026,firm_2,phi_operational,4.5777054755743425
4,0.6,19.0,150,5,moderate,1.0,1345297793,6,2026,firm_2,phi_accuracy,-0.01849812778544164
4,0.6,19.0,150,5,moderate,1.0,1345297793,6,2026,firm_2,ir_operational,1.0
4,0.6,19.0,150,5,moderate,1.0,1345297793,6,2026,firm_2,ir_accuracy,0.0
4,0.6,19.0,150,5,moderate,1.0,1345297793,6,2026,firm_3,phi_operational,51.34389942398674
4,0.6,19.0,150,5,moderate,1.0,1345297793,6,2026,firm_3,phi_accuracy,0.001979372504389241
4,0.6,19.0,150,5,moderate,1.0,1345297793,6,2026,firm_3,ir_operational,1.0
4,0.6,19.0,150,5,moderate,1.0,1345297793,6,2026,firm_3,ir_accuracy,1.0
4,0.6,19.0,150,5,moderate,1.0,1345297793,6,2026,_summary,v_op_N,121.18875120336543
4,0.6,19.0,150,5,moderate,1.0,1345297793,6,2026,_summary,v_acc_N,0.0072514687331857175
4,0.6,19.0,150,5,moderate,1.0,1345297793,6,2026,_summary,spearman_rho,0.4
4,0.6,19.0,150,5,moderate,1.0,1345297793,6,2026,_summary,payment_displacement,0.21559138687668272
4,0.6,19.0,150,5,moderate,1.0,1345297793,6,2026,_summary,any_rank_reversal,1.0
4,0.6,19.0,150,5,moderate,1.0,1345297793,6,2026,_summary,efficiency_gap_op,0.0
4,0.6,19.0,150,5,moderate,1.0,1738185727,7,2026,firm_0,phi_operational,21.81708569720888
4,0.6,19.0,150,5,moderate,1.0,1738185727,7,2026,firm_0,phi_accuracy,0.007465461638298569
4,0.6,19.0,150,5,moderate,1.0,1738185727,7,2026,firm_0,ir_operational,1.0
4,0.6,19.0,150,5,moderate,1.0,1738185727,7,2026,firm_0,ir_accuracy,1.0
4,0.6,19.0,150,5,moderate,1.0,1738185727,7,2026,firm_1,phi_operational,17.217771252937233
4,0.6,19.0,150,5,moderate,1.0,1738185727,7,2026,firm_1,phi_accuracy,-0.024930432659782065
4,0.6,19.0,150,5,moderate,1.0,1738185727,7,2026,firm_1,ir_operational,1.0
4,0.6,19.0,150,5,moderate,1.0,1738185727,7,2026,firm_1,ir_accuracy,0.0
4,0.6,19.0,150,5,moderate,1.0,1738185727,7,2026,firm_2,phi_operational,13.70200810138264
4,0.6,19.0,150,5,moderate,1.0,1738185727,7,2026,firm_2,phi_accuracy,0.007875951644119472
4,0.6,19.0,150,5,moderate,1.0,1738185727,7,2026,firm_2,ir_operational,1.0
4,0.6,19.0,150,5,moderate,1.0,1738185727,7,2026,firm_2,ir_accuracy,1.0
4,0.6,19.0,150,5,moderate,1.0,1738185727,7,2026,firm_3,phi_operational,14.736604702721593
4,0.6,19.0,150,5,moderate,1.0,1738185727,7,2026,firm_3,phi_accuracy,0.014542308349615915
4,0.6,19.0,150,5,moderate,1.0,1738185727,7,2026,firm_3,ir_operational,1.0
4,0.6,19.0,150,5,moderate,1.0,1738185727,7,2026,firm_3,ir_accuracy,1.0
4,0.6,19.0,150,5,moderate,1.0,1738185727,7,2026,_summary,v_op_N,67.47346975425035
4,0.6,19.0,150,5,moderate,1.0,1738185727,7,2026,_summary,v_acc_N,0.00495328897225189
4,0.6,19.0,150,5,moderate,1.0,1738185727,7,2026,_summary,spearman_rho,-0.6000000000000001
4,0.6,19.0,150,5,moderate,1.0,1738185727,7,2026,_summary,payment_displacement,0.2508567905645301
4,0.6,19.0,150,5,moderate,1.0,1738185727,7,2026,_summary,any_rank_reversal,1.0
4,0.6,19.0,150,5,moderate,1.0,1738185727,7,2026,_summary,efficiency_gap_op,0.0
4,0.6,19.0,150,5,moderate,1.0,56564419,8,2026,firm_0,phi_operational,24.82202206995627
4,0.6,19.0,150,5,moderate,1.0,56564419,8,2026,firm_0,phi_accuracy,-0.011244526234825442
4,0.6,19.0,150,5,moderate,1.0,56564419,8,2026,firm_0,ir_operational,1.0
4,0.6,19.0,150,5,moderate,1.0,56564419,8,2026,firm_0,ir_accuracy,0.0
4,0.6,19.0,150,5,moderate,1.0,56564419,8,2026,firm_1,phi_operational,55.74336300862959
4,0.6,19.0,150,5,moderate,1.0,56564419,8,2026,firm_1,phi_accuracy,0.013414507005470838
4,0.6,19.0,150,5,moderate,1.0,56564419,8,2026,firm_1,ir_operational,1.0
4,0.6,19.0,150,5,moderate,1.0,56564419,8,2026,firm_1,ir_accuracy,1.0
4,0.6,19.0,150,5,moderate,1.0,56564419,8,2026,firm_2,phi_operational,59.87645065139334
4,0.6,19.0,150,5,moderate,1.0,56564419,8,2026,firm_2,phi_accuracy,0.057002892150458534
4,0.6,19.0,150,5,moderate,1.0,56564419,8,2026,firm_2,ir_operational,1.0
4,0.6,19.0,150,5,moderate,1.0,56564419,8,2026,firm_2,ir_accuracy,1.0
4,0.6,19.0,150,5,moderate,1.0,56564419,8,2026,firm_3,phi_operational,29.25824101221902
4,0.6,19.0,150,5,moderate,1.0,56564419,8,2026,firm_3,phi_accuracy,0.00845441133041483
4,0.6,19.0,150,5,moderate,1.0,56564419,8,2026,firm_3,ir_operational,1.0
4,0.6,19.0,150,5,moderate,1.0,56564419,8,2026,firm_3,ir_accuracy,1.0
4,0.6,19.0,150,5,moderate,1.0,56564419,8,2026,_summary,v_op_N,169.70007674219823
4,0.6,19.0,150,5,moderate,1.0,56564419,8,2026,_summary,v_acc_N,0.06762728425151876
4,0.6,19.0,150,5,moderate,1.0,56564419,8,2026,_summary,spearman_rho,1.0
4,0.6,19.0,150,5,moderate,1.0,56564419,8,2026,_summary,payment_displacement,0.20224439846453207
4,0.6,19.0,150,5,moderate,1.0,56564419,8,2026,_summary,any_rank_reversal,0.0
4,0.6,19.0,150,5,moderate,1.0,56564419,8,2026,_summary,efficiency_gap_op,0.0
4,0.6,19.0,150,5,moderate,1.0,1100031326,9,2026,firm_0,phi_operational,33.42513946101483
4,0.6,19.0,150,5,moderate,1.0,1100031326,9,2026,firm_0,phi_accuracy,-0.027399318776186146
4,0.6,19.0,150,5,moderate,1.0,1100031326,9,2026,firm_0,ir_operational,1.0
4,0.6,19.0,150,5,moderate,1.0,1100031326,9,2026,firm_0,ir_accuracy,0.0
4,0.6,19.0,150,5,moderate,1.0,1100031326,9,2026,firm_1,phi_operational,52.7346597348803
4,0.6,19.0,150,5,moderate,1.0,1100031326,9,2026,firm_1,phi_accuracy,0.020589325789967368
4,0.6,19.0,150,5,moderate,1.0,1100031326,9,2026,firm_1,ir_operational,1.0
4,0.6,19.0,150,5,moderate,1.0,1100031326,9,2026,firm_1,ir_accuracy,1.0
4,0.6,19.0,150,5,moderate,1.0,1100031326,9,2026,firm_2,phi_operational,66.30026509673095
4,0.6,19.0,150,5,moderate,1.0,1100031326,9,2026,firm_2,phi_accuracy,-0.02381571336185409
4,0.6,19.0,150,5,moderate,1.0,1100031326,9,2026,firm_2,ir_operational,1.0
4,0.6,19.0,150,5,moderate,1.0,1100031326,9,2026,firm_2,ir_accuracy,0.0
4,0.6,19.0,150,5,moderate,1.0,1100031326,9,2026,firm_3,phi_operational,50.63093279400988
4,0.6,19.0,150,5,moderate,1.0,1100031326,9,2026,firm_3,phi_accuracy,0.07195276088855633
4,0.6,19.0,150,5,moderate,1.0,1100031326,9,2026,firm_3,ir_operational,1.0
4,0.6,19.0,150,5,moderate,1.0,1100031326,9,2026,firm_3,ir_accuracy,1.0
4,0.6,19.0,150,5,moderate,1.0,1100031326,9,2026,_summary,v_op_N,203.09099708663598
4,0.6,19.0,150,5,moderate,1.0,1100031326,9,2026,_summary,v_acc_N,0.041327054540483465
4,0.6,19.0,150,5,moderate,1.0,1100031326,9,2026,_summary,spearman_rho,0.19999999999999996
4,0.6,19.0,150,5,moderate,1.0,1100031326,9,2026,_summary,payment_displacement,0.3037376452927094
4,0.6,19.0,150,5,moderate,1.0,1100031326,9,2026,_summary,any_rank_reversal,1.0
4,0.6,19.0,150,5,moderate,1.0,1100031326,9,2026,_summary,efficiency_gap_op,0.0
4,0.6,19.0,150,5,moderate,1.0,3422528410,10,2026,firm_0,phi_operational,26.53638880252866
4,0.6,19.0,150,5,moderate,1.0,3422528410,10,2026,firm_0,phi_accuracy,0.03330656291921578
4,0.6,19.0,150,5,moderate,1.0,3422528410,10,2026,firm_0,ir_operational,1.0
4,0.6,19.0,150,5,moderate,1.0,3422528410,10,2026,firm_0,ir_accuracy,1.0
4,0.6,19.0,150,5,moderate,1.0,3422528410,10,2026,firm_1,phi_operational,30.90070277044153
4,0.6,19.0,150,5,moderate,1.0,3422528410,10,2026,firm_1,phi_accuracy,0.022243601423516703
4,0.6,19.0,150,5,moderate,1.0,3422528410,10,2026,firm_1,ir_operational,1.0
4,0.6,19.0,150,5,moderate,1.0,3422528410,10,2026,firm_1,ir_accuracy,1.0
4,0.6,19.0,150,5,moderate,1.0,3422528410,10,2026,firm_2,phi_operational,19.734164256093038
4,0.6,19.0,150,5,moderate,1.0,3422528410,10,2026,firm_2,phi_accuracy,0.02876603715278956
4,0.6,19.0,150,5,moderate,1.0,3422528410,10,2026,firm_2,ir_operational,1.0
4,0.6,19.0,150,5,moderate,1.0,3422528410,10,2026,firm_2,ir_accuracy,1.0
4,0.6,19.0,150,5,moderate,1.0,3422528410,10,2026,firm_3,phi_operational,71.79968559373816
4,0.6,19.0,150,5,moderate,1.0,3422528410,10,2026,firm_3,phi_accuracy,0.09633393903358972
4,0.6,19.0,150,5,moderate,1.0,3422528410,10,2026,firm_3,ir_operational,1.0
4,0.6,19.0,150,5,moderate,1.0,3422528410,10,2026,firm_3,ir_accuracy,1.0
4,0.6,19.0,150,5,moderate,1.0,3422528410,10,2026,_summary,v_op_N,148.9709414228014
4,0.6,19.0,150,5,moderate,1.0,3422528410,10,2026,_summary,v_acc_N,0.18065014052911177
4,0.6,19.0,150,5,moderate,1.0,3422528410,10,2026,_summary,spearman_rho,0.4
4,0.6,19.0,150,5,moderate,1.0,3422528410,10,2026,_summary,payment_displacement,0.04214844603367779
4,0.6,19.0,150,5,moderate,1.0,3422528410,10,2026,_summary,any_rank_reversal,1.0
4,0.6,19.0,150,5,moderate,1.0,3422528410,10,2026,_summary,efficiency_gap_op,0.0
4,0.6,19.0,150,5,moderate,1.0,772103841,11,2026,firm_0,phi_operational,20.821287926967102
4,0.6,19.0,150,5,moderate,1.0,772103841,11,2026,firm_0,phi_accuracy,0.0019823616889402267
4,0.6,19.0,150,5,moderate,1.0,772103841,11,2026,firm_0,ir_operational,1.0
4,0.6,19.0,150,5,moderate,1.0,772103841,11,2026,firm_0,ir_accuracy,1.0
4,0.6,19.0,150,5,moderate,1.0,772103841,11,2026,firm_1,phi_operational,32.87778257239718
4,0.6,19.0,150,5,moderate,1.0,772103841,11,2026,firm_1,phi_accuracy,0.030241005847988223
4,0.6,19.0,150,5,moderate,1.0,772103841,11,2026,firm_1,ir_operational,1.0
4,0.6,19.0,150,5,moderate,1.0,772103841,11,2026,firm_1,ir_accuracy,1.0
4,0.6,19.0,150,5,moderate,1.0,772103841,11,2026,firm_2,phi_operational,23.00686561841432
4,0.6,19.0,150,5,moderate,1.0,772103841,11,2026,firm_2,phi_accuracy,0.03476092014019903
4,0.6,19.0,150,5,moderate,1.0,772103841,11,2026,firm_2,ir_operational,1.0
4,0.6,19.0,150,5,moderate,1.0,772103841,11,2026,firm_2,ir_accuracy,1.0
4,0.6,19.0,150,5,moderate,1.0,772103841,11,2026,firm_3,phi_operational,14.936427942572777
4,0.6,19.0,150,5,moderate,1.0,772103841,11,2026,firm_3,phi_accuracy,-0.0012873671595064846
4,0.6,19.0,150,5,moderate,1.0,772103841,11,2026,firm_3,ir_operational,1.0
4,0.6,19.0,150,5,moderate,1.0,772103841,11,2026,firm_3,ir_accuracy,0.0
4,0.6,19.0,150,5,moderate,1.0,772103841,11,2026,_summary,v_op_N,91.64236406035138
4,0.6,19.0,150,5,moderate,1.0,772103841,11,2026,_summary,v_acc_N,0.065696920517621
4,0.6,19.0,150,5,moderate,1.0,772103841,11,2026,_summary,spearman_rho,0.8
4,0.6,19.0,150,5,moderate,1.0,772103841,11,2026,_summary,payment_displacement,0.1805756198767457
4,0.6,19.0,150,5,moderate,1.0,772103841,11,2026,_summary,any_rank_reversal,1.0
4,0.6,19.0,150,5,moderate,1.0,772103841,11,2026,_summary,efficiency_gap_op,0.0
4,0.6,19.0,150,5,moderate,1.0,1487450909,12,2026,firm_0,phi_operational,41.35234464693134
4,0.6,19.0,150,5,moderate,1.0,1487450909,12,2026,firm_0,phi_accuracy,0.00424630044972964
4,0.6,19.0,150,5,moderate,1.0,1487450909,12,2026,firm_0,ir_operational,1.0
4,0.6,19.0,150,5,moderate,1.0,1487450909,12,2026,firm_0,ir_accuracy,1.0
4,0.6,19.0,150,5,moderate,1.0,1487450909,12,2026,firm_1,phi_operational,25.27037709658227
4,0.6,19.0,150,5,moderate,1.0,1487450909,12,2026,firm_1,phi_accuracy,0.020942923248868907
4,0.6,19.0,150,5,moderate,1.0,1487450909,12,2026,firm_1,ir_operational,1.0
4,0.6,19.0,150,5,moderate,1.0,1487450909,12,2026,firm_1,ir_accuracy,1.0
4,0.6,19.0,150,5,moderate,1.0,1487450909,12,2026,firm_2,phi_operational,22.919951461299412
4,0.6,19.0,150,5,moderate,1.0,1487450909,12,2026,firm_2,phi_accuracy,0.07367355503355785
4,0.6,19.0,150,5,moderate,1.0,1487450909,12,2026,firm_2,ir_operational,1.0
4,0.6,19.0,150,5,moderate,1.0,1487450909,12,2026,firm_2,ir_accuracy,1.0
4,0.6,19.0,150,5,moderate,1.0,1487450909,12,2026,firm_3,phi_operational,26.96237201818017
4,0.6,19.0,150,5,moderate,1.0,1487450909,12,2026,firm_3,phi_accuracy,0.0021272626404466206
4,0.6,19.0,150,5,moderate,1.0,1487450909,12,2026,firm_3,ir_operational,1.0
4,0.6,19.0,150,5,moderate,1.0,1487450909,12,2026,firm_3,ir_accuracy,1.0
4,0.6,19.0,150,5,moderate,1.0,1487450909,12,2026,_summary,v_op_N,116.5050452229932
4,0.6,19.0,150,5,moderate,1.0,1487450909,12,2026,_summary,v_acc_N,0.10099004137260303
4,0.6,19.0,150,5,moderate,1.0,1487450909,12,2026,_summary,spearman_rho,-0.8
4,0.6,19.0,150,5,moderate,1.0,1487450909,12,2026,_summary,payment_displacement,0.2663919040144946
4,0.6,19.0,150,5,moderate,1.0,1487450909,12,2026,_summary,any_rank_reversal,1.0
4,0.6,19.0,150,5,moderate,1.0,1487450909,12,2026,_summary,efficiency_gap_op,1.4210854715202004e-14
4,0.6,19.0,150,5,moderate,1.0,910768313,13,2026,firm_0,phi_operational,48.51286533629085
4,0.6,19.0,150,5,moderate,1.0,910768313,13,2026,firm_0,phi_accuracy,0.03709664867108588
4,0.6,19.0,150,5,moderate,1.0,910768313,13,2026,firm_0,ir_operational,1.0
4,0.6,19.0,150,5,moderate,1.0,910768313,13,2026,firm_0,ir_accuracy,1.0
4,0.6,19.0,150,5,moderate,1.0,910768313,13,2026,firm_1,phi_operational,79.15939653530853
4,0.6,19.0,150,5,moderate,1.0,910768313,13,2026,firm_1,phi_accuracy,0.04313706738924522
4,0.6,19.0,150,5,moderate,1.0,910768313,13,2026,firm_1,ir_operational,1.0
4,0.6,19.0,150,5,moderate,1.0,910768313,13,2026,firm_1,ir_accuracy,1.0
4,0.6,19.0,150,5,moderate,1.0,910768313,13,2026,firm_2,phi_operational,45.30162413951333
4,0.6,19.0,150,5,moderate,1.0,910768313,13,2026,firm_2,phi_accuracy,0.10435147352241193
4,0.6,19.0,150,5,moderate,1.0,910768313,13,2026,firm_2,ir_operational,1.0
4,0.6,19.0,150,5,moderate,1.0,910768313,13,2026,firm_2,ir_accuracy,1.0
4,0.6,19.0,150,5,moderate,1.0,910768313,13,2026,firm_3,phi_operational,55.65121150201745
4,0.6,19.0,150,5,moderate,1.0,910768313,13,2026,firm_3,phi_accuracy,0.09808678214792634
4,0.6,19.0,150,5,moderate,1.0,910768313,13,2026,firm_3,ir_operational,1.0
4,0.6,19.0,150,5,moderate,1.0,910768313,13,2026,firm_3,ir_accuracy,1.0
4,0.6,19.0,150,5,moderate,1.0,910768313,13,2026,_summary,v_op_N,228.62509751313019
4,0.6,19.0,150,5,moderate,1.0,910768313,13,2026,_summary,v_acc_N,0.2826719717306694
4,0.6,19.0,150,5,moderate,1.0,910768313,13,2026,_summary,spearman_rho,-0.3999999999999999
4,0.6,19.0,150,5,moderate,1.0,910768313,13,2026,_summary,payment_displacement,0.1372973288606985
4,0.6,19.0,150,5,moderate,1.0,910768313,13,2026,_summary,any_rank_reversal,1.0
4,0.6,19.0,150,5,moderate,1.0,910768313,13,2026,_summary,efficiency_gap_op,2.842170943040401e-14
4,0.6,19.0,150,5,moderate,1.0,2583161300,14,2026,firm_0,phi_operational,70.59837320832929
4,0.6,19.0,150,5,moderate,1.0,2583161300,14,2026,firm_0,phi_accuracy,0.04432695946460477
4,0.6,19.0,150,5,moderate,1.0,2583161300,14,2026,firm_0,ir_operational,1.0
4,0.6,19.0,150,5,moderate,1.0,2583161300,14,2026,firm_0,ir_accuracy,1.0
4,0.6,19.0,150,5,moderate,1.0,2583161300,14,2026,firm_1,phi_operational,19.711415825844576
4,0.6,19.0,150,5,moderate,1.0,2583161300,14,2026,firm_1,phi_accuracy,0.01132777925572745
4,0.6,19.0,150,5,moderate,1.0,2583161300,14,2026,firm_1,ir_operational,1.0
4,0.6,19.0,150,5,moderate,1.0,2583161300,14,2026,firm_1,ir_accuracy,1.0
4,0.6,19.0,150,5,moderate,1.0,2583161300,14,2026,firm_2,phi_operational,29.062794959215903
4,0.6,19.0,150,5,moderate,1.0,2583161300,14,2026,firm_2,phi_accuracy,0.03860522236375627
4,0.6,19.0,150,5,moderate,1.0,2583161300,14,2026,firm_2,ir_operational,1.0
4,0.6,19.0,150,5,moderate,1.0,2583161300,14,2026,firm_2,ir_accuracy,1.0
4,0.6,19.0,150,5,moderate,1.0,2583161300,14,2026,firm_3,phi_operational,49.60703350637298
4,0.6,19.0,150,5,moderate,1.0,2583161300,14,2026,firm_3,phi_accuracy,0.13881241452585505
4,0.6,19.0,150,5,moderate,1.0,2583161300,14,2026,firm_3,ir_operational,1.0
4,0.6,19.0,150,5,moderate,1.0,2583161300,14,2026,firm_3,ir_accuracy,1.0
4,0.6,19.0,150,5,moderate,1.0,2583161300,14,2026,_summary,v_op_N,168.97961749976275
4,0.6,19.0,150,5,moderate,1.0,2583161300,14,2026,_summary,v_acc_N,0.23307237560994354
4,0.6,19.0,150,5,moderate,1.0,2583161300,14,2026,_summary,spearman_rho,0.8
4,0.6,19.0,150,5,moderate,1.0,2583161300,14,2026,_summary,payment_displacement,0.1510041429850304
4,0.6,19.0,150,5,moderate,1.0,2583161300,14,2026,_summary,any_rank_reversal,1.0
4,0.6,19.0,150,5,moderate,1.0,2583161300,14,2026,_summary,efficiency_gap_op,0.0
4,0.6,19.0,150,5,moderate,1.0,2525879921,15,2026,firm_0,phi_operational,34.81144198499466
4,0.6,19.0,150,5,moderate,1.0,2525879921,15,2026,firm_0,phi_accuracy,0.016852167378854883
4,0.6,19.0,150,5,moderate,1.0,2525879921,15,2026,firm_0,ir_operational,1.0
4,0.6,19.0,150,5,moderate,1.0,2525879921,15,2026,firm_0,ir_accuracy,1.0
4,0.6,19.0,150,5,moderate,1.0,2525879921,15,2026,firm_1,phi_operational,22.738500597256895
4,0.6,19.0,150,5,moderate,1.0,2525879921,15,2026,firm_1,phi_accuracy,0.027779853865071848
4,0.6,19.0,150,5,moderate,1.0,2525879921,15,2026,firm_1,ir_operational,1.0
4,0.6,19.0,150,5,moderate,1.0,2525879921,15,2026,firm_1,ir_accuracy,1.0
4,0.6,19.0,150,5,moderate,1.0,2525879921,15,2026,firm_2,phi_operational,44.55446263636935
4,0.6,19.0,150,5,moderate,1.0,2525879921,15,2026,firm_2,phi_accuracy,0.03306283981795938
4,0.6,19.0,150,5,moderate,1.0,2525879921,15,2026,firm_2,ir_operational,1.0
4,0.6,19.0,150,5,moderate,1.0,2525879921,15,2026,firm_2,ir_accuracy,1.0
4,0.6,19.0,150,5,moderate,1.0,2525879921,15,2026,firm_3,phi_operational,56.799293600175645
4,0.6,19.0,150,5,moderate,1.0,2525879921,15,2026,firm_3,phi_accuracy,0.018169283176764084
4,0.6,19.0,150,5,moderate,1.0,2525879921,15,2026,firm_3,ir_operational,1.0
4,0.6,19.0,150,5,moderate,1.0,2525879921,15,2026,firm_3,ir_accuracy,1.0
4,0.6,19.0,150,5,moderate,1.0,2525879921,15,2026,_summary,v_op_N,158.90369881879656
4,0.6,19.0,150,5,moderate,1.0,2525879921,15,2026,_summary,v_acc_N,0.0958641442386502
4,0.6,19.0,150,5,moderate,1.0,2525879921,15,2026,_summary,spearman_rho,0.0
4,0.6,19.0,150,5,moderate,1.0,2525879921,15,2026,_summary,payment_displacement,0.10559677829150184
4,0.6,19.0,150,5,moderate,1.0,2525879921,15,2026,_summary,any_rank_reversal,1.0
4,0.6,19.0,150,5,moderate,1.0,2525879921,15,2026,_summary,efficiency_gap_op,0.0
4,0.6,19.0,150,5,moderate,1.0,2052859778,16,2026,firm_0,phi_operational,28.046844829241838
4,0.6,19.0,150,5,moderate,1.0,2052859778,16,2026,firm_0,phi_accuracy,-0.015140771308610208
4,0.6,19.0,150,5,moderate,1.0,2052859778,16,2026,firm_0,ir_operational,1.0
4,0.6,19.0,150,5,moderate,1.0,2052859778,16,2026,firm_0,ir_accuracy,0.0
4,0.6,19.0,150,5,moderate,1.0,2052859778,16,2026,firm_1,phi_operational,28.521853630534146
4,0.6,19.0,150,5,moderate,1.0,2052859778,16,2026,firm_1,phi_accuracy,-0.02101549039602705
4,0.6,19.0,150,5,moderate,1.0,2052859778,16,2026,firm_1,ir_operational,1.0
4,0.6,19.0,150,5,moderate,1.0,2052859778,16,2026,firm_1,ir_accuracy,0.0
4,0.6,19.0,150,5,moderate,1.0,2052859778,16,2026,firm_2,phi_operational,21.95036009789343
4,0.6,19.0,150,5,moderate,1.0,2052859778,16,2026,firm_2,phi_accuracy,0.017500895631425407
4,0.6,19.0,150,5,moderate,1.0,2052859778,16,2026,firm_2,ir_operational,1.0
4,0.6,19.0,150,5,moderate,1.0,2052859778,16,2026,firm_2,ir_accuracy,1.0
4,0.6,19.0,150,5,moderate,1.0,2052859778,16,2026,firm_3,phi_operational,44.2494332568461
4,0.6,19.0,150,5,moderate,1.0,2052859778,16,2026,firm_3,phi_accuracy,0.027513459770716522
4,0.6,19.0,150,5,moderate,1.0,2052859778,16,2026,firm_3,ir_operational,1.0
4,0.6,19.0,150,5,moderate,1.0,2052859778,16,2026,firm_3,ir_accuracy,1.0
4,0.6,19.0,150,5,moderate,1.0,2052859778,16,2026,_summary,v_op_N,122.76849181451553
4,0.6,19.0,150,5,moderate,1.0,2052859778,16,2026,_summary,v_acc_N,0.008858093697504676
4,0.6,19.0,150,5,moderate,1.0,2052859778,16,2026,_summary,spearman_rho,0.19999999999999996
4,0.6,19.0,150,5,moderate,1.0,2052859778,16,2026,_summary,payment_displacement,0.24112344876015418
4,0.6,19.0,150,5,moderate,1.0,2052859778,16,2026,_summary,any_rank_reversal,1.0
4,0.6,19.0,150,5,moderate,1.0,2052859778,16,2026,_summary,efficiency_gap_op,1.4210854715202004e-14
4,0.6,19.0,150,5,moderate,1.0,1703196728,17,2026,firm_0,phi_operational,60.79854134482879
4,0.6,19.0,150,5,moderate,1.0,1703196728,17,2026,firm_0,phi_accuracy,0.04279503281316743
4,0.6,19.0,150,5,moderate,1.0,1703196728,17,2026,firm_0,ir_operational,1.0
4,0.6,19.0,150,5,moderate,1.0,1703196728,17,2026,firm_0,ir_accuracy,1.0
4,0.6,19.0,150,5,moderate,1.0,1703196728,17,2026,firm_1,phi_operational,38.31710609538195
4,0.6,19.0,150,5,moderate,1.0,1703196728,17,2026,firm_1,phi_accuracy,0.08381760081438723
4,0.6,19.0,150,5,moderate,1.0,1703196728,17,2026,firm_1,ir_operational,1.0
4,0.6,19.0,150,5,moderate,1.0,1703196728,17,2026,firm_1,ir_accuracy,1.0
4,0.6,19.0,150,5,moderate,1.0,1703196728,17,2026,firm_2,phi_operational,12.066062163812717
4,0.6,19.0,150,5,moderate,1.0,1703196728,17,2026,firm_2,phi_accuracy,-0.01254688796973032
4,0.6,19.0,150,5,moderate,1.0,1703196728,17,2026,firm_2,ir_operational,1.0
4,0.6,19.0,150,5,moderate,1.0,1703196728,17,2026,firm_2,ir_accuracy,0.0
4,0.6,19.0,150,5,moderate,1.0,1703196728,17,2026,firm_3,phi_operational,15.809959836392522
4,0.6,19.0,150,5,moderate,1.0,1703196728,17,2026,firm_3,phi_accuracy,0.05980747122071162
4,0.6,19.0,150,5,moderate,1.0,1703196728,17,2026,firm_3,ir_operational,1.0
4,0.6,19.0,150,5,moderate,1.0,1703196728,17,2026,firm_3,ir_accuracy,1.0
4,0.6,19.0,150,5,moderate,1.0,1703196728,17,2026,_summary,v_op_N,126.99166944041599
4,0.6,19.0,150,5,moderate,1.0,1703196728,17,2026,_summary,v_acc_N,0.17387321687853596
4,0.6,19.0,150,5,moderate,1.0,1703196728,17,2026,_summary,spearman_rho,0.4
4,0.6,19.0,150,5,moderate,1.0,1703196728,17,2026,_summary,payment_displacement,0.1793442903864529
4,0.6,19.0,150,5,moderate,1.0,1703196728,17,2026,_summary,any_rank_reversal,1.0
4,0.6,19.0,150,5,moderate,1.0,1703196728,17,2026,_summary,efficiency_gap_op,0.0
4,0.6,19.0,150,5,moderate,1.0,2455269790,18,2026,firm_0,phi_operational,91.74511554081215
4,0.6,19.0,150,5,moderate,1.0,2455269790,18,2026,firm_0,phi_accuracy,0.04835623002325963
4,0.6,19.0,150,5,moderate,1.0,2455269790,18,2026,firm_0,ir_operational,1.0
4,0.6,19.0,150,5,moderate,1.0,2455269790,18,2026,firm_0,ir_accuracy,1.0
4,0.6,19.0,150,5,moderate,1.0,2455269790,18,2026,firm_1,phi_operational,34.604309528475
4,0.6,19.0,150,5,moderate,1.0,2455269790,18,2026,firm_1,phi_accuracy,-0.0022363498491017593
4,0.6,19.0,150,5,moderate,1.0,2455269790,18,2026,firm_1,ir_operational,1.0
4,0.6,19.0,150,5,moderate,1.0,2455269790,18,2026,firm_1,ir_accuracy,0.0
4,0.6,19.0,150,5,moderate,1.0,2455269790,18,2026,firm_2,phi_operational,67.58682169564565
4,0.6,19.0,150,5,moderate,1.0,2455269790,18,2026,firm_2,phi_accuracy,0.07345294160371775
4,0.6,19.0,150,5,moderate,1.0,2455269790,18,2026,firm_2,ir_operational,1.0
4,0.6,19.0,150,5,moderate,1.0,2455269790,18,2026,firm_2,ir_accuracy,1.0
4,0.6,19.0,150,5,moderate,1.0,2455269790,18,2026,firm_3,phi_operational,59.827178811984446
4,0.6,19.0,150,5,moderate,1.0,2455269790,18,2026,firm_3,phi_accuracy,0.0366611245259353
4,0.6,19.0,150,5,moderate,1.0,2455269790,18,2026,firm_3,ir_operational,1.0
4,0.6,19.0,150,5,moderate,1.0,2455269790,18,2026,firm_3,ir_accuracy,1.0
4,0.6,19.0,150,5,moderate,1.0,2455269790,18,2026,_summary,v_op_N,253.76342557691726
4,0.6,19.0,150,5,moderate,1.0,2455269790,18,2026,_summary,v_acc_N,0.15623394630381093
4,0.6,19.0,150,5,moderate,1.0,2455269790,18,2026,_summary,spearman_rho,0.8
4,0.6,19.0,150,5,moderate,1.0,2455269790,18,2026,_summary,payment_displacement,0.10232003228500793
4,0.6,19.0,150,5,moderate,1.0,2455269790,18,2026,_summary,any_rank_reversal,1.0
4,0.6,19.0,150,5,moderate,1.0,2455269790,18,2026,_summary,efficiency_gap_op,0.0
4,0.6,19.0,150,5,moderate,1.0,3596648404,19,2026,firm_0,phi_operational,8.523848117961657
4,0.6,19.0,150,5,moderate,1.0,3596648404,19,2026,firm_0,phi_accuracy,-0.0060416228795514
4,0.6,19.0,150,5,moderate,1.0,3596648404,19,2026,firm_0,ir_operational,1.0
4,0.6,19.0,150,5,moderate,1.0,3596648404,19,2026,firm_0,ir_accuracy,0.0
4,0.6,19.0,150,5,moderate,1.0,3596648404,19,2026,firm_1,phi_operational,25.335521472677026
4,0.6,19.0,150,5,moderate,1.0,3596648404,19,2026,firm_1,phi_accuracy,0.03609915706504313
4,0.6,19.0,150,5,moderate,1.0,3596648404,19,2026,firm_1,ir_operational,1.0
4,0.6,19.0,150,5,moderate,1.0,3596648404,19,2026,firm_1,ir_accuracy,1.0
4,0.6,19.0,150,5,moderate,1.0,3596648404,19,2026,firm_2,phi_operational,10.531227891011099
4,0.6,19.0,150,5,moderate,1.0,3596648404,19,2026,firm_2,phi_accuracy,0.03475724806200009
4,0.6,19.0,150,5,moderate,1.0,3596648404,19,2026,firm_2,ir_operational,1.0
4,0.6,19.0,150,5,moderate,1.0,3596648404,19,2026,firm_2,ir_accuracy,1.0
4,0.6,19.0,150,5,moderate,1.0,3596648404,19,2026,firm_3,phi_operational,28.540295754695798
4,0.6,19.0,150,5,moderate,1.0,3596648404,19,2026,firm_3,phi_accuracy,-0.022462922229559257
4,0.6,19.0,150,5,moderate,1.0,3596648404,19,2026,firm_3,ir_operational,1.0
4,0.6,19.0,150,5,moderate,1.0,3596648404,19,2026,firm_3,ir_accuracy,0.0
4,0.6,19.0,150,5,moderate,1.0,3596648404,19,2026,_summary,v_op_N,72.93089323634558
4,0.6,19.0,150,5,moderate,1.0,3596648404,19,2026,_summary,v_acc_N,0.04235186001793256
4,0.6,19.0,150,5,moderate,1.0,3596648404,19,2026,_summary,spearman_rho,-0.19999999999999996
4,0.6,19.0,150,5,moderate,1.0,3596648404,19,2026,_summary,payment_displacement,0.2541045517718909
4,0.6,19.0,150,5,moderate,1.0,3596648404,19,2026,_summary,any_rank_reversal,1.0
4,0.6,19.0,150,5,moderate,1.0,3596648404,19,2026,_summary,efficiency_gap_op,0.0
4,0.6,19.0,150,5,moderate,1.0,2364132283,20,2026,firm_0,phi_operational,95.30773648860963
4,0.6,19.0,150,5,moderate,1.0,2364132283,20,2026,firm_0,phi_accuracy,0.10039054086046097
4,0.6,19.0,150,5,moderate,1.0,2364132283,20,2026,firm_0,ir_operational,1.0
4,0.6,19.0,150,5,moderate,1.0,2364132283,20,2026,firm_0,ir_accuracy,1.0
4,0.6,19.0,150,5,moderate,1.0,2364132283,20,2026,firm_1,phi_operational,107.53156789716607
4,0.6,19.0,150,5,moderate,1.0,2364132283,20,2026,firm_1,phi_accuracy,-0.016125485219067075
4,0.6,19.0,150,5,moderate,1.0,2364132283,20,2026,firm_1,ir_operational,1.0
4,0.6,19.0,150,5,moderate,1.0,2364132283,20,2026,firm_1,ir_accuracy,0.0
4,0.6,19.0,150,5,moderate,1.0,2364132283,20,2026,firm_2,phi_operational,34.03111575867176
4,0.6,19.0,150,5,moderate,1.0,2364132283,20,2026,firm_2,phi_accuracy,0.039135069706805484
4,0.6,19.0,150,5,moderate,1.0,2364132283,20,2026,firm_2,ir_operational,1.0
4,0.6,19.0,150,5,moderate,1.0,2364132283,20,2026,firm_2,ir_accuracy,1.0
4,0.6,19.0,150,5,moderate,1.0,2364132283,20,2026,firm_3,phi_operational,130.99809427425572
4,0.6,19.0,150,5,moderate,1.0,2364132283,20,2026,firm_3,phi_accuracy,0.05802786225363982
4,0.6,19.0,150,5,moderate,1.0,2364132283,20,2026,firm_3,ir_operational,1.0
4,0.6,19.0,150,5,moderate,1.0,2364132283,20,2026,firm_3,ir_accuracy,1.0
4,0.6,19.0,150,5,moderate,1.0,2364132283,20,2026,_summary,v_op_N,367.86851441870317
4,0.6,19.0,150,5,moderate,1.0,2364132283,20,2026,_summary,v_acc_N,0.1814279876018392
4,0.6,19.0,150,5,moderate,1.0,2364132283,20,2026,_summary,spearman_rho,0.0
4,0.6,19.0,150,5,moderate,1.0,2364132283,20,2026,_summary,payment_displacement,0.18842223438428293
4,0.6,19.0,150,5,moderate,1.0,2364132283,20,2026,_summary,any_rank_reversal,1.0
4,0.6,19.0,150,5,moderate,1.0,2364132283,20,2026,_summary,efficiency_gap_op,0.0
4,0.6,19.0,150,5,moderate,1.0,3344577012,21,2026,firm_0,phi_operational,27.349254781843758
4,0.6,19.0,150,5,moderate,1.0,3344577012,21,2026,firm_0,phi_accuracy,-0.0022784520717544776
4,0.6,19.0,150,5,moderate,1.0,3344577012,21,2026,firm_0,ir_operational,1.0
4,0.6,19.0,150,5,moderate,1.0,3344577012,21,2026,firm_0,ir_accuracy,0.0
4,0.6,19.0,150,5,moderate,1.0,3344577012,21,2026,firm_1,phi_operational,33.77224411795517
4,0.6,19.0,150,5,moderate,1.0,3344577012,21,2026,firm_1,phi_accuracy,0.02553037779658514
4,0.6,19.0,150,5,moderate,1.0,3344577012,21,2026,firm_1,ir_operational,1.0
4,0.6,19.0,150,5,moderate,1.0,3344577012,21,2026,firm_1,ir_accuracy,1.0
4,0.6,19.0,150,5,moderate,1.0,3344577012,21,2026,firm_2,phi_operational,25.387568494152067
4,0.6,19.0,150,5,moderate,1.0,3344577012,21,2026,firm_2,phi_accuracy,0.02310320618942513
4,0.6,19.0,150,5,moderate,1.0,3344577012,21,2026,firm_2,ir_operational,1.0
4,0.6,19.0,150,5,moderate,1.0,3344577012,21,2026,firm_2,ir_accuracy,1.0
4,0.6,19.0,150,5,moderate,1.0,3344577012,21,2026,firm_3,phi_operational,37.16108305647117
4,0.6,19.0,150,5,moderate,1.0,3344577012,21,2026,firm_3,phi_accuracy,0.024042402140611242
4,0.6,19.0,150,5,moderate,1.0,3344577012,21,2026,firm_3,ir_operational,1.0
4,0.6,19.0,150,5,moderate,1.0,3344577012,21,2026,firm_3,ir_accuracy,1.0
4,0.6,19.0,150,5,moderate,1.0,3344577012,21,2026,_summary,v_op_N,123.67015045042217
4,0.6,19.0,150,5,moderate,1.0,3344577012,21,2026,_summary,v_acc_N,0.07039753405486704
4,0.6,19.0,150,5,moderate,1.0,3344577012,21,2026,_summary,spearman_rho,0.6
4,0.6,19.0,150,5,moderate,1.0,3344577012,21,2026,_summary,payment_displacement,0.11057338687391279
4,0.6,19.0,150,5,moderate,1.0,3344577012,21,2026,_summary,any_rank_reversal,1.0
4,0.6,19.0,150,5,moderate,1.0,3344577012,21,2026,_summary,efficiency_gap_op,0.0
4,0.6,19.0,150,5,moderate,1.0,115428606,22,2026,firm_0,phi_operational,25.72586446321126
4,0.6,19.0,150,5,moderate,1.0,115428606,22,2026,firm_0,phi_accuracy,0.02011623311450711
4,0.6,19.0,150,5,moderate,1.0,115428606,22,2026,firm_0,ir_operational,1.0
4,0.6,19.0,150,5,moderate,1.0,115428606,22,2026,firm_0,ir_accuracy,1.0
4,0.6,19.0,150,5,moderate,1.0,115428606,22,2026,firm_1,phi_operational,15.461631538056356
4,0.6,19.0,150,5,moderate,1.0,115428606,22,2026,firm_1,phi_accuracy,-0.005399687933388908
4,0.6,19.0,150,5,moderate,1.0,115428606,22,2026,firm_1,ir_operational,1.0
4,0.6,19.0,150,5,moderate,1.0,115428606,22,2026,firm_1,ir_accuracy,0.0
4,0.6,19.0,150,5,moderate,1.0,115428606,22,2026,firm_2,phi_operational,17.95298217528068
4,0.6,19.0,150,5,moderate,1.0,115428606,22,2026,firm_2,phi_accuracy,0.012006225485026223
4,0.6,19.0,150,5,moderate,1.0,115428606,22,2026,firm_2,ir_operational,1.0
4,0.6,19.0,150,5,moderate,1.0,115428606,22,2026,firm_2,ir_accuracy,1.0
4,0.6,19.0,150,5,moderate,1.0,115428606,22,2026,firm_3,phi_operational,50.18566528390954
4,0.6,19.0,150,5,moderate,1.0,115428606,22,2026,firm_3,phi_accuracy,0.047342121305412765
4,0.6,19.0,150,5,moderate,1.0,115428606,22,2026,firm_3,ir_operational,1.0
4,0.6,19.0,150,5,moderate,1.0,115428606,22,2026,firm_3,ir_accuracy,1.0
4,0.6,19.0,150,5,moderate,1.0,115428606,22,2026,_summary,v_op_N,109.32614346045784
4,0.6,19.0,150,5,moderate,1.0,115428606,22,2026,_summary,v_acc_N,0.07406489197155719
4,0.6,19.0,150,5,moderate,1.0,115428606,22,2026,_summary,spearman_rho,1.0
4,0.6,19.0,150,5,moderate,1.0,115428606,22,2026,_summary,payment_displacement,0.08208296969741237
4,0.6,19.0,150,5,moderate,1.0,115428606,22,2026,_summary,any_rank_reversal,0.0
4,0.6,19.0,150,5,moderate,1.0,115428606,22,2026,_summary,efficiency_gap_op,0.0
4,0.6,19.0,150,5,moderate,1.0,1968635682,23,2026,firm_0,phi_operational,17.774445218907694
4,0.6,19.0,150,5,moderate,1.0,1968635682,23,2026,firm_0,phi_accuracy,0.011359796409322285
4,0.6,19.0,150,5,moderate,1.0,1968635682,23,2026,firm_0,ir_operational,1.0
4,0.6,19.0,150,5,moderate,1.0,1968635682,23,2026,firm_0,ir_accuracy,1.0
4,0.6,19.0,150,5,moderate,1.0,1968635682,23,2026,firm_1,phi_operational,16.771225874378196
4,0.6,19.0,150,5,moderate,1.0,1968635682,23,2026,firm_1,phi_accuracy,0.047528657755504175
4,0.6,19.0,150,5,moderate,1.0,1968635682,23,2026,firm_1,ir_operational,1.0
4,0.6,19.0,150,5,moderate,1.0,1968635682,23,2026,firm_1,ir_accuracy,1.0
4,0.6,19.0,150,5,moderate,1.0,1968635682,23,2026,firm_2,phi_operational,20.146052263132443
4,0.6,19.0,150,5,moderate,1.0,1968635682,23,2026,firm_2,phi_accuracy,0.013998010222861965
4,0.6,19.0,150,5,moderate,1.0,1968635682,23,2026,firm_2,ir_operational,1.0
4,0.6,19.0,150,5,moderate,1.0,1968635682,23,2026,firm_2,ir_accuracy,1.0
4,0.6,19.0,150,5,moderate,1.0,1968635682,23,2026,firm_3,phi_operational,24.59540875084421
4,0.6,19.0,150,5,moderate,1.0,1968635682,23,2026,firm_3,phi_accuracy,0.0467170230043482
4,0.6,19.0,150,5,moderate,1.0,1968635682,23,2026,firm_3,ir_operational,1.0
4,0.6,19.0,150,5,moderate,1.0,1968635682,23,2026,firm_3,ir_accuracy,1.0
4,0.6,19.0,150,5,moderate,1.0,1968635682,23,2026,_summary,v_op_N,79.28713210726255
4,0.6,19.0,150,5,moderate,1.0,1968635682,23,2026,_summary,v_acc_N,0.11960348739203663
4,0.6,19.0,150,5,moderate,1.0,1968635682,23,2026,_summary,spearman_rho,-0.19999999999999996
4,0.6,19.0,150,5,moderate,1.0,1968635682,23,2026,_summary,payment_displacement,0.13312618987845676
4,0.6,19.0,150,5,moderate,1.0,1968635682,23,2026,_summary,any_rank_reversal,1.0
4,0.6,19.0,150,5,moderate,1.0,1968635682,23,2026,_summary,efficiency_gap_op,0.0
4,0.6,19.0,150,5,moderate,1.0,906547692,24,2026,firm_0,phi_operational,23.55804935816591
4,0.6,19.0,150,5,moderate,1.0,906547692,24,2026,firm_0,phi_accuracy,0.015440947134647663
4,0.6,19.0,150,5,moderate,1.0,906547692,24,2026,firm_0,ir_operational,1.0
4,0.6,19.0,150,5,moderate,1.0,906547692,24,2026,firm_0,ir_accuracy,1.0
4,0.6,19.0,150,5,moderate,1.0,906547692,24,2026,firm_1,phi_operational,46.149144880367786
4,0.6,19.0,150,5,moderate,1.0,906547692,24,2026,firm_1,phi_accuracy,0.03765900906195794
4,0.6,19.0,150,5,moderate,1.0,906547692,24,2026,firm_1,ir_operational,1.0
4,0.6,19.0,150,5,moderate,1.0,906547692,24,2026,firm_1,ir_accuracy,1.0
4,0.6,19.0,150,5,moderate,1.0,906547692,24,2026,firm_2,phi_operational,20.843773381449314
4,0.6,19.0,150,5,moderate,1.0,906547692,24,2026,firm_2,phi_accuracy,0.0008604099841949906
4,0.6,19.0,150,5,moderate,1.0,906547692,24,2026,firm_2,ir_operational,1.0
4,0.6,19.0,150,5,moderate,1.0,906547692,24,2026,firm_2,ir_accuracy,1.0
4,0.6,19.0,150,5,moderate,1.0,906547692,24,2026,firm_3,phi_operational,41.74335116796838
4,0.6,19.0,150,5,moderate,1.0,906547692,24,2026,firm_3,phi_accuracy,0.08431888588897271
4,0.6,19.0,150,5,moderate,1.0,906547692,24,2026,firm_3,ir_operational,1.0
4,0.6,19.0,150,5,moderate,1.0,906547692,24,2026,firm_3,ir_accuracy,1.0
4,0.6,19.0,150,5,moderate,1.0,906547692,24,2026,_summary,v_op_N,132.2943187879514
4,0.6,19.0,150,5,moderate,1.0,906547692,24,2026,_summary,v_acc_N,0.13827925206977332
4,0.6,19.0,150,5,moderate,1.0,906547692,24,2026,_summary,spearman_rho,0.8
4,0.6,19.0,150,5,moderate,1.0,906547692,24,2026,_summary,payment_displacement,0.14711926906437478
4,0.6,19.0,150,5,moderate,1.0,906547692,24,2026,_summary,any_rank_reversal,1.0
4,0.6,19.0,150,5,moderate,1.0,906547692,24,2026,_summary,efficiency_gap_op,0.0
4,0.6,19.0,150,5,moderate,1.0,2692139707,25,2026,firm_0,phi_operational,11.57442136169745
4,0.6,19.0,150,5,moderate,1.0,2692139707,25,2026,firm_0,phi_accuracy,0.009588939704336061
4,0.6,19.0,150,5,moderate,1.0,2692139707,25,2026,firm_0,ir_operational,1.0
4,0.6,19.0,150,5,moderate,1.0,2692139707,25,2026,firm_0,ir_accuracy,1.0
4,0.6,19.0,150,5,moderate,1.0,2692139707,25,2026,firm_1,phi_operational,9.103816323947871
4,0.6,19.0,150,5,moderate,1.0,2692139707,25,2026,firm_1,phi_accuracy,0.003631438766280868
4,0.6,19.0,150,5,moderate,1.0,2692139707,25,2026,firm_1,ir_operational,1.0
4,0.6,19.0,150,5,moderate,1.0,2692139707,25,2026,firm_1,ir_accuracy,1.0
4,0.6,19.0,150,5,moderate,1.0,2692139707,25,2026,firm_2,phi_operational,9.774026341133492
4,0.6,19.0,150,5,moderate,1.0,2692139707,25,2026,firm_2,phi_accuracy,0.011108097236005763
4,0.6,19.0,150,5,moderate,1.0,2692139707,25,2026,firm_2,ir_operational,1.0
4,0.6,19.0,150,5,moderate,1.0,2692139707,25,2026,firm_2,ir_accuracy,1.0
4,0.6,19.0,150,5,moderate,1.0,2692139707,25,2026,firm_3,phi_operational,15.78631690453189
4,0.6,19.0,150,5,moderate,1.0,2692139707,25,2026,firm_3,phi_accuracy,-0.00893044234656995
4,0.6,19.0,150,5,moderate,1.0,2692139707,25,2026,firm_3,ir_operational,1.0
4,0.6,19.0,150,5,moderate,1.0,2692139707,25,2026,firm_3,ir_accuracy,0.0
4,0.6,19.0,150,5,moderate,1.0,2692139707,25,2026,_summary,v_op_N,46.23858093131071
4,0.6,19.0,150,5,moderate,1.0,2692139707,25,2026,_summary,v_acc_N,0.015398033360052743
4,0.6,19.0,150,5,moderate,1.0,2692139707,25,2026,_summary,spearman_rho,-0.3999999999999999
4,0.6,19.0,150,5,moderate,1.0,2692139707,25,2026,_summary,payment_displacement,0.21455551481622176
4,0.6,19.0,150,5,moderate,1.0,2692139707,25,2026,_summary,any_rank_reversal,1.0
4,0.6,19.0,150,5,moderate,1.0,2692139707,25,2026,_summary,efficiency_gap_op,0.0
4,0.6,19.0,150,5,moderate,1.0,788773747,26,2026,firm_0,phi_operational,27.95740191632267
4,0.6,19.0,150,5,moderate,1.0,788773747,26,2026,firm_0,phi_accuracy,0.013746120575518843
4,0.6,19.0,150,5,moderate,1.0,788773747,26,2026,firm_0,ir_operational,1.0
4,0.6,19.0,150,5,moderate,1.0,788773747,26,2026,firm_0,ir_accuracy,1.0
4,0.6,19.0,150,5,moderate,1.0,788773747,26,2026,firm_1,phi_operational,14.319277855085613
4,0.6,19.0,150,5,moderate,1.0,788773747,26,2026,firm_1,phi_accuracy,0.05433892439475063
4,0.6,19.0,150,5,moderate,1.0,788773747,26,2026,firm_1,ir_operational,1.0
4,0.6,19.0,150,5,moderate,1.0,788773747,26,2026,firm_1,ir_accuracy,1.0
4,0.6,19.0,150,5,moderate,1.0,788773747,26,2026,firm_2,phi_operational,42.86113113840373
4,0.6,19.0,150,5,moderate,1.0,788773747,26,2026,firm_2,phi_accuracy,0.0965740277850397
4,0.6,19.0,150,5,moderate,1.0,788773747,26,2026,firm_2,ir_operational,1.0
4,0.6,19.0,150,5,moderate,1.0,788773747,26,2026,firm_2,ir_accuracy,1.0
4,0.6,19.0,150,5,moderate,1.0,788773747,26,2026,firm_3,phi_operational,18.52357391410401
4,0.6,19.0,150,5,moderate,1.0,788773747,26,2026,firm_3,phi_accuracy,0.037219316324066866
4,0.6,19.0,150,5,moderate,1.0,788773747,26,2026,firm_3,ir_operational,1.0
4,0.6,19.0,150,5,moderate,1.0,788773747,26,2026,firm_3,ir_accuracy,1.0
4,0.6,19.0,150,5,moderate,1.0,788773747,26,2026,_summary,v_op_N,103.66138482391602
4,0.6,19.0,150,5,moderate,1.0,788773747,26,2026,_summary,v_acc_N,0.20187838907937605
4,0.6,19.0,150,5,moderate,1.0,788773747,26,2026,_summary,spearman_rho,0.19999999999999996
4,0.6,19.0,150,5,moderate,1.0,788773747,26,2026,_summary,payment_displacement,0.10080409762278261
4,0.6,19.0,150,5,moderate,1.0,788773747,26,2026,_summary,any_rank_reversal,1.0
4,0.6,19.0,150,5,moderate,1.0,788773747,26,2026,_summary,efficiency_gap_op,0.0
4,0.6,19.0,150,5,moderate,1.0,1828912447,27,2026,firm_0,phi_operational,37.522045929785875
4,0.6,19.0,150,5,moderate,1.0,1828912447,27,2026,firm_0,phi_accuracy,0.029009055304882854
4,0.6,19.0,150,5,moderate,1.0,1828912447,27,2026,firm_0,ir_operational,1.0
4,0.6,19.0,150,5,moderate,1.0,1828912447,27,2026,firm_0,ir_accuracy,1.0
4,0.6,19.0,150,5,moderate,1.0,1828912447,27,2026,firm_1,phi_operational,34.62327366588878
4,0.6,19.0,150,5,moderate,1.0,1828912447,27,2026,firm_1,phi_accuracy,0.03538999670817058
4,0.6,19.0,150,5,moderate,1.0,1828912447,27,2026,firm_1,ir_operational,1.0
4,0.6,19.0,150,5,moderate,1.0,1828912447,27,2026,firm_1,ir_accuracy,1.0
4,0.6,19.0,150,5,moderate,1.0,1828912447,27,2026,firm_2,phi_operational,38.513455758551004
4,0.6,19.0,150,5,moderate,1.0,1828912447,27,2026,firm_2,phi_accuracy,0.041503012946528424
4,0.6,19.0,150,5,moderate,1.0,1828912447,27,2026,firm_2,ir_operational,1.0
4,0.6,19.0,150,5,moderate,1.0,1828912447,27,2026,firm_2,ir_accuracy,1.0
4,0.6,19.0,150,5,moderate,1.0,1828912447,27,2026,firm_3,phi_operational,42.75589401868194
4,0.6,19.0,150,5,moderate,1.0,1828912447,27,2026,firm_3,phi_accuracy,0.09174958033365543
4,0.6,19.0,150,5,moderate,1.0,1828912447,27,2026,firm_3,ir_operational,1.0
4,0.6,19.0,150,5,moderate,1.0,1828912447,27,2026,firm_3,ir_accuracy,1.0
4,0.6,19.0,150,5,moderate,1.0,1828912447,27,2026,_summary,v_op_N,153.4146693729076
4,0.6,19.0,150,5,moderate,1.0,1828912447,27,2026,_summary,v_acc_N,0.1976516452932373
4,0.6,19.0,150,5,moderate,1.0,1828912447,27,2026,_summary,spearman_rho,0.8
4,0.6,19.0,150,5,moderate,1.0,1828912447,27,2026,_summary,payment_displacement,0.09275173083063615
4,0.6,19.0,150,5,moderate,1.0,1828912447,27,2026,_summary,any_rank_reversal,1.0
4,0.6,19.0,150,5,moderate,1.0,1828912447,27,2026,_summary,efficiency_gap_op,0.0
4,0.6,19.0,150,5,moderate,1.0,2173211371,28,2026,firm_0,phi_operational,41.30190507582942
4,0.6,19.0,150,5,moderate,1.0,2173211371,28,2026,firm_0,phi_accuracy,0.04946254118893155
4,0.6,19.0,150,5,moderate,1.0,2173211371,28,2026,firm_0,ir_operational,1.0
4,0.6,19.0,150,5,moderate,1.0,2173211371,28,2026,firm_0,ir_accuracy,1.0
4,0.6,19.0,150,5,moderate,1.0,2173211371,28,2026,firm_1,phi_operational,24.836365355664572
4,0.6,19.0,150,5,moderate,1.0,2173211371,28,2026,firm_1,phi_accuracy,0.033811467641864774
4,0.6,19.0,150,5,moderate,1.0,2173211371,28,2026,firm_1,ir_operational,1.0
4,0.6,19.0,150,5,moderate,1.0,2173211371,28,2026,firm_1,ir_accuracy,1.0
4,0.6,19.0,150,5,moderate,1.0,2173211371,28,2026,firm_2,phi_operational,41.84585035095593
4,0.6,19.0,150,5,moderate,1.0,2173211371,28,2026,firm_2,phi_accuracy,0.06694943356035427
4,0.6,19.0,150,5,moderate,1.0,2173211371,28,2026,firm_2,ir_operational,1.0
4,0.6,19.0,150,5,moderate,1.0,2173211371,28,2026,firm_2,ir_accuracy,1.0
4,0.6,19.0,150,5,moderate,1.0,2173211371,28,2026,firm_3,phi_operational,17.19394770485159
4,0.6,19.0,150,5,moderate,1.0,2173211371,28,2026,firm_3,phi_accuracy,0.00482518112037832
4,0.6,19.0,150,5,moderate,1.0,2173211371,28,2026,firm_3,ir_operational,1.0
4,0.6,19.0,150,5,moderate,1.0,2173211371,28,2026,firm_3,ir_accuracy,1.0
4,0.6,19.0,150,5,moderate,1.0,2173211371,28,2026,_summary,v_op_N,125.17806848730152
4,0.6,19.0,150,5,moderate,1.0,2173211371,28,2026,_summary,v_acc_N,0.15504862351152893
4,0.6,19.0,150,5,moderate,1.0,2173211371,28,2026,_summary,spearman_rho,1.0
4,0.6,19.0,150,5,moderate,1.0,2173211371,28,2026,_summary,payment_displacement,0.05858379829023523
4,0.6,19.0,150,5,moderate,1.0,2173211371,28,2026,_summary,any_rank_reversal,0.0
4,0.6,19.0,150,5,moderate,1.0,2173211371,28,2026,_summary,efficiency_gap_op,1.4210854715202004e-14
4,0.6,19.0,150,5,moderate,1.0,2830357707,29,2026,firm_0,phi_operational,10.148144657324961
4,0.6,19.0,150,5,moderate,1.0,2830357707,29,2026,firm_0,phi_accuracy,0.016355223884324328
4,0.6,19.0,150,5,moderate,1.0,2830357707,29,2026,firm_0,ir_operational,1.0
4,0.6,19.0,150,5,moderate,1.0,2830357707,29,2026,firm_0,ir_accuracy,1.0
4,0.6,19.0,150,5,moderate,1.0,2830357707,29,2026,firm_1,phi_operational,33.933308710111966
4,0.6,19.0,150,5,moderate,1.0,2830357707,29,2026,firm_1,phi_accuracy,0.027356235317540556
4,0.6,19.0,150,5,moderate,1.0,2830357707,29,2026,firm_1,ir_operational,1.0
4,0.6,19.0,150,5,moderate,1.0,2830357707,29,2026,firm_1,ir_accuracy,1.0
4,0.6,19.0,150,5,moderate,1.0,2830357707,29,2026,firm_2,phi_operational,28.075752939358324
4,0.6,19.0,150,5,moderate,1.0,2830357707,29,2026,firm_2,phi_accuracy,0.045876034477704844
4,0.6,19.0,150,5,moderate,1.0,2830357707,29,2026,firm_2,ir_operational,1.0
4,0.6,19.0,150,5,moderate,1.0,2830357707,29,2026,firm_2,ir_accuracy,1.0
4,0.6,19.0,150,5,moderate,1.0,2830357707,29,2026,firm_3,phi_operational,32.67606679411587
4,0.6,19.0,150,5,moderate,1.0,2830357707,29,2026,firm_3,phi_accuracy,0.004923705413293808
4,0.6,19.0,150,5,moderate,1.0,2830357707,29,2026,firm_3,ir_operational,1.0
4,0.6,19.0,150,5,moderate,1.0,2830357707,29,2026,firm_3,ir_accuracy,1.0
4,0.6,19.0,150,5,moderate,1.0,2830357707,29,2026,_summary,v_op_N,104.83327310091113
4,0.6,19.0,150,5,moderate,1.0,2830357707,29,2026,_summary,v_acc_N,0.09451119909286354
4,0.6,19.0,150,5,moderate,1.0,2830357707,29,2026,_summary,spearman_rho,0.0
4,0.6,19.0,150,5,moderate,1.0,2830357707,29,2026,_summary,payment_displacement,0.14691885852550546
4,0.6,19.0,150,5,moderate,1.0,2830357707,29,2026,_summary,any_rank_reversal,1.0
4,0.6,19.0,150,5,moderate,1.0,2830357707,29,2026,_summary,efficiency_gap_op,1.4210854715202004e-14
4,0.6,49.0,150,5,moderate,1.0,1761674806,0,2026,firm_0,phi_operational,88.20267283865564
4,0.6,49.0,150,5,moderate,1.0,1761674806,0,2026,firm_0,phi_accuracy,0.11769290998176525
4,0.6,49.0,150,5,moderate,1.0,1761674806,0,2026,firm_0,ir_operational,1.0
4,0.6,49.0,150,5,moderate,1.0,1761674806,0,2026,firm_0,ir_accuracy,1.0
4,0.6,49.0,150,5,moderate,1.0,1761674806,0,2026,firm_1,phi_operational,199.416794306103
4,0.6,49.0,150,5,moderate,1.0,1761674806,0,2026,firm_1,phi_accuracy,0.07141708870124472
4,0.6,49.0,150,5,moderate,1.0,1761674806,0,2026,firm_1,ir_operational,1.0
4,0.6,49.0,150,5,moderate,1.0,1761674806,0,2026,firm_1,ir_accuracy,1.0
4,0.6,49.0,150,5,moderate,1.0,1761674806,0,2026,firm_2,phi_operational,116.14522260894765
4,0.6,49.0,150,5,moderate,1.0,1761674806,0,2026,firm_2,phi_accuracy,0.06640031631671478
4,0.6,49.0,150,5,moderate,1.0,1761674806,0,2026,firm_2,ir_operational,1.0
4,0.6,49.0,150,5,moderate,1.0,1761674806,0,2026,firm_2,ir_accuracy,1.0
4,0.6,49.0,150,5,moderate,1.0,1761674806,0,2026,firm_3,phi_operational,77.48356242058867
4,0.6,49.0,150,5,moderate,1.0,1761674806,0,2026,firm_3,phi_accuracy,0.05364441590467527
4,0.6,49.0,150,5,moderate,1.0,1761674806,0,2026,firm_3,ir_operational,1.0
4,0.6,49.0,150,5,moderate,1.0,1761674806,0,2026,firm_3,ir_accuracy,1.0
4,0.6,49.0,150,5,moderate,1.0,1761674806,0,2026,_summary,v_op_N,481.248252174295
4,0.6,49.0,150,5,moderate,1.0,1761674806,0,2026,_summary,v_acc_N,0.30915473090440004
4,0.6,49.0,150,5,moderate,1.0,1761674806,0,2026,_summary,spearman_rho,0.4
4,0.6,49.0,150,5,moderate,1.0,1761674806,0,2026,_summary,payment_displacement,0.10496393545041796
4,0.6,49.0,150,5,moderate,1.0,1761674806,0,2026,_summary,any_rank_reversal,1.0
4,0.6,49.0,150,5,moderate,1.0,1761674806,0,2026,_summary,efficiency_gap_op,0.0
4,0.6,49.0,150,5,moderate,1.0,96362327,1,2026,firm_0,phi_operational,47.01042587571608
4,0.6,49.0,150,5,moderate,1.0,96362327,1,2026,firm_0,phi_accuracy,0.011573162466137987
4,0.6,49.0,150,5,moderate,1.0,96362327,1,2026,firm_0,ir_operational,1.0
4,0.6,49.0,150,5,moderate,1.0,96362327,1,2026,firm_0,ir_accuracy,1.0
4,0.6,49.0,150,5,moderate,1.0,96362327,1,2026,firm_1,phi_operational,102.16599486018609
4,0.6,49.0,150,5,moderate,1.0,96362327,1,2026,firm_1,phi_accuracy,0.042014140836003536
4,0.6,49.0,150,5,moderate,1.0,96362327,1,2026,firm_1,ir_operational,1.0
4,0.6,49.0,150,5,moderate,1.0,96362327,1,2026,firm_1,ir_accuracy,1.0
4,0.6,49.0,150,5,moderate,1.0,96362327,1,2026,firm_2,phi_operational,42.06342221917233
4,0.6,49.0,150,5,moderate,1.0,96362327,1,2026,firm_2,phi_accuracy,0.01836631161383745
4,0.6,49.0,150,5,moderate,1.0,96362327,1,2026,firm_2,ir_operational,1.0
4,0.6,49.0,150,5,moderate,1.0,96362327,1,2026,firm_2,ir_accuracy,1.0
4,0.6,49.0,150,5,moderate,1.0,96362327,1,2026,firm_3,phi_operational,69.24168519002833
4,0.6,49.0,150,5,moderate,1.0,96362327,1,2026,firm_3,phi_accuracy,0.0035451510366290937
4,0.6,49.0,150,5,moderate,1.0,96362327,1,2026,firm_3,ir_operational,1.0
4,0.6,49.0,150,5,moderate,1.0,96362327,1,2026,firm_3,ir_accuracy,1.0
4,0.6,49.0,150,5,moderate,1.0,96362327,1,2026,_summary,v_op_N,260.48152814510286
4,0.6,49.0,150,5,moderate,1.0,96362327,1,2026,_summary,v_acc_N,0.07549876595260807
4,0.6,49.0,150,5,moderate,1.0,96362327,1,2026,_summary,spearman_rho,0.19999999999999996
4,0.6,49.0,150,5,moderate,1.0,96362327,1,2026,_summary,payment_displacement,0.1230255560986451
4,0.6,49.0,150,5,moderate,1.0,96362327,1,2026,_summary,any_rank_reversal,1.0
4,0.6,49.0,150,5,moderate,1.0,96362327,1,2026,_summary,efficiency_gap_op,0.0
4,0.6,49.0,150,5,moderate,1.0,3120457399,2,2026,firm_0,phi_operational,30.026035802328277
4,0.6,49.0,150,5,moderate,1.0,3120457399,2,2026,firm_0,phi_accuracy,0.007344723007718601
4,0.6,49.0,150,5,moderate,1.0,3120457399,2,2026,firm_0,ir_operational,1.0
4,0.6,49.0,150,5,moderate,1.0,3120457399,2,2026,firm_0,ir_accuracy,1.0
4,0.6,49.0,150,5,moderate,1.0,3120457399,2,2026,firm_1,phi_operational,100.3002730994092
4,0.6,49.0,150,5,moderate,1.0,3120457399,2,2026,firm_1,phi_accuracy,0.04160592747789105
4,0.6,49.0,150,5,moderate,1.0,3120457399,2,2026,firm_1,ir_operational,1.0
4,0.6,49.0,150,5,moderate,1.0,3120457399,2,2026,firm_1,ir_accuracy,1.0
4,0.6,49.0,150,5,moderate,1.0,3120457399,2,2026,firm_2,phi_operational,42.518571449308105
4,0.6,49.0,150,5,moderate,1.0,3120457399,2,2026,firm_2,phi_accuracy,0.026029950815793436
4,0.6,49.0,150,5,moderate,1.0,3120457399,2,2026,firm_2,ir_operational,1.0
4,0.6,49.0,150,5,moderate,1.0,3120457399,2,2026,firm_2,ir_accuracy,1.0
4,0.6,49.0,150,5,moderate,1.0,3120457399,2,2026,firm_3,phi_operational,68.55566187458308
4,0.6,49.0,150,5,moderate,1.0,3120457399,2,2026,firm_3,phi_accuracy,0.024932048200038432
4,0.6,49.0,150,5,moderate,1.0,3120457399,2,2026,firm_3,ir_operational,1.0
4,0.6,49.0,150,5,moderate,1.0,3120457399,2,2026,firm_3,ir_accuracy,1.0
4,0.6,49.0,150,5,moderate,1.0,3120457399,2,2026,_summary,v_op_N,241.40054222562867
4,0.6,49.0,150,5,moderate,1.0,3120457399,2,2026,_summary,v_acc_N,0.09991264950144152
4,0.6,49.0,150,5,moderate,1.0,3120457399,2,2026,_summary,spearman_rho,0.8
4,0.6,49.0,150,5,moderate,1.0,3120457399,2,2026,_summary,payment_displacement,0.04266203588036394
4,0.6,49.0,150,5,moderate,1.0,3120457399,2,2026,_summary,any_rank_reversal,1.0
4,0.6,49.0,150,5,moderate,1.0,3120457399,2,2026,_summary,efficiency_gap_op,0.0
4,0.6,49.0,150,5,moderate,1.0,1637059951,3,2026,firm_0,phi_operational,83.25516862894497
4,0.6,49.0,150,5,moderate,1.0,1637059951,3,2026,firm_0,phi_accuracy,-0.004179136584578377
4,0.6,49.0,150,5,moderate,1.0,1637059951,3,2026,firm_0,ir_operational,1.0
4,0.6,49.0,150,5,moderate,1.0,1637059951,3,2026,firm_0,ir_accuracy,0.0
4,0.6,49.0,150,5,moderate,1.0,1637059951,3,2026,firm_1,phi_operational,99.29290608107915
4,0.6,49.0,150,5,moderate,1.0,1637059951,3,2026,firm_1,phi_accuracy,0.01644905053695935
4,0.6,49.0,150,5,moderate,1.0,1637059951,3,2026,firm_1,ir_operational,1.0
4,0.6,49.0,150,5,moderate,1.0,1637059951,3,2026,firm_1,ir_accuracy,1.0
4,0.6,49.0,150,5,moderate,1.0,1637059951,3,2026,firm_2,phi_operational,110.6624413048233
4,0.6,49.0,150,5,moderate,1.0,1637059951,3,2026,firm_2,phi_accuracy,0.05475889365853009
4,0.6,49.0,150,5,moderate,1.0,1637059951,3,2026,firm_2,ir_operational,1.0
4,0.6,49.0,150,5,moderate,1.0,1637059951,3,2026,firm_2,ir_accuracy,1.0
4,0.6,49.0,150,5,moderate,1.0,1637059951,3,2026,firm_3,phi_operational,103.89072888584784
4,0.6,49.0,150,5,moderate,1.0,1637059951,3,2026,firm_3,phi_accuracy,0.04555531408927621
4,0.6,49.0,150,5,moderate,1.0,1637059951,3,2026,firm_3,ir_operational,1.0
4,0.6,49.0,150,5,moderate,1.0,1637059951,3,2026,firm_3,ir_accuracy,1.0
4,0.6,49.0,150,5,moderate,1.0,1637059951,3,2026,_summary,v_op_N,397.1012449006953
4,0.6,49.0,150,5,moderate,1.0,1637059951,3,2026,_summary,v_acc_N,0.11258412170018728
4,0.6,49.0,150,5,moderate,1.0,1637059951,3,2026,_summary,spearman_rho,1.0
4,0.6,49.0,150,5,moderate,1.0,1637059951,3,2026,_summary,payment_displacement,0.1618471382223351
4,0.6,49.0,150,5,moderate,1.0,1637059951,3,2026,_summary,any_rank_reversal,0.0
4,0.6,49.0,150,5,moderate,1.0,1637059951,3,2026,_summary,efficiency_gap_op,0.0
4,0.6,49.0,150,5,moderate,1.0,1542989241,4,2026,firm_0,phi_operational,83.10552398668759
4,0.6,49.0,150,5,moderate,1.0,1542989241,4,2026,firm_0,phi_accuracy,-0.019425023187680614
4,0.6,49.0,150,5,moderate,1.0,1542989241,4,2026,firm_0,ir_operational,1.0
4,0.6,49.0,150,5,moderate,1.0,1542989241,4,2026,firm_0,ir_accuracy,0.0
4,0.6,49.0,150,5,moderate,1.0,1542989241,4,2026,firm_1,phi_operational,75.10150377184166
4,0.6,49.0,150,5,moderate,1.0,1542989241,4,2026,firm_1,phi_accuracy,0.005457771772667116
4,0.6,49.0,150,5,moderate,1.0,1542989241,4,2026,firm_1,ir_operational,1.0
4,0.6,49.0,150,5,moderate,1.0,1542989241,4,2026,firm_1,ir_accuracy,1.0
4,0.6,49.0,150,5,moderate,1.0,1542989241,4,2026,firm_2,phi_operational,61.861308110608775
4,0.6,49.0,150,5,moderate,1.0,1542989241,4,2026,firm_2,phi_accuracy,-0.007920612685691811
4,0.6,49.0,150,5,moderate,1.0,1542989241,4,2026,firm_2,ir_operational,1.0
4,0.6,49.0,150,5,moderate,1.0,1542989241,4,2026,firm_2,ir_accuracy,0.0
4,0.6,49.0,150,5,moderate,1.0,1542989241,4,2026,firm_3,phi_operational,128.15435068480795
4,0.6,49.0,150,5,moderate,1.0,1542989241,4,2026,firm_3,phi_accuracy,0.03432035434376235
4,0.6,49.0,150,5,moderate,1.0,1542989241,4,2026,firm_3,ir_operational,1.0
4,0.6,49.0,150,5,moderate,1.0,1542989241,4,2026,firm_3,ir_accuracy,1.0
4,0.6,49.0,150,5,moderate,1.0,1542989241,4,2026,_summary,v_op_N,348.222686553946
4,0.6,49.0,150,5,moderate,1.0,1542989241,4,2026,_summary,v_acc_N,0.012432490243057037
4,0.6,49.0,150,5,moderate,1.0,1542989241,4,2026,_summary,spearman_rho,0.4
4,0.6,49.0,150,5,moderate,1.0,1542989241,4,2026,_summary,payment_displacement,0.27533339255925526
4,0.6,49.0,150,5,moderate,1.0,1542989241,4,2026,_summary,any_rank_reversal,1.0
4,0.6,49.0,150,5,moderate,1.0,1542989241,4,2026,_summary,efficiency_gap_op,0.0
4,0.6,49.0,150,5,moderate,1.0,3415072352,5,2026,firm_0,phi_operational,172.09223649493322
4,0.6,49.0,150,5,moderate,1.0,3415072352,5,2026,firm_0,phi_accuracy,0.08431256337988671
4,0.6,49.0,150,5,moderate,1.0,3415072352,5,2026,firm_0,ir_operational,1.0
4,0.6,49.0,150,5,moderate,1.0,3415072352,5,2026,firm_0,ir_accuracy,1.0
4,0.6,49.0,150,5,moderate,1.0,3415072352,5,2026,firm_1,phi_operational,160.32209162722717
4,0.6,49.0,150,5,moderate,1.0,3415072352,5,2026,firm_1,phi_accuracy,0.016534208749387675
4,0.6,49.0,150,5,moderate,1.0,3415072352,5,2026,firm_1,ir_operational,1.0
4,0.6,49.0,150,5,moderate,1.0,3415072352,5,2026,firm_1,ir_accuracy,1.0
4,0.6,49.0,150,5,moderate,1.0,3415072352,5,2026,firm_2,phi_operational,409.7517342047459
4,0.6,49.0,150,5,moderate,1.0,3415072352,5,2026,firm_2,phi_accuracy,0.1897751152323983
4,0.6,49.0,150,5,moderate,1.0,3415072352,5,2026,firm_2,ir_operational,1.0
4,0.6,49.0,150,5,moderate,1.0,3415072352,5,2026,firm_2,ir_accuracy,1.0
4,0.6,49.0,150,5,moderate,1.0,3415072352,5,2026,firm_3,phi_operational,120.11841583874131
4,0.6,49.0,150,5,moderate,1.0,3415072352,5,2026,firm_3,phi_accuracy,0.04342952740706198
4,0.6,49.0,150,5,moderate,1.0,3415072352,5,2026,firm_3,ir_operational,1.0
4,0.6,49.0,150,5,moderate,1.0,3415072352,5,2026,firm_3,ir_accuracy,1.0
4,0.6,49.0,150,5,moderate,1.0,3415072352,5,2026,_summary,v_op_N,862.2844781656477
4,0.6,49.0,150,5,moderate,1.0,3415072352,5,2026,_summary,v_acc_N,0.3340514147687347
4,0.6,49.0,150,5,moderate,1.0,3415072352,5,2026,_summary,spearman_rho,0.8
4,0.6,49.0,150,5,moderate,1.0,3415072352,5,2026,_summary,payment_displacement,0.07286258553746905
4,0.6,49.0,150,5,moderate,1.0,3415072352,5,2026,_summary,any_rank_reversal,1.0
4,0.6,49.0,150,5,moderate,1.0,3415072352,5,2026,_summary,efficiency_gap_op,1.1368683772161603e-13
4,0.6,49.0,150,5,moderate,1.0,3402305452,6,2026,firm_0,phi_operational,98.4344250350923
4,0.6,49.0,150,5,moderate,1.0,3402305452,6,2026,firm_0,phi_accuracy,-0.005015081874227159
4,0.6,49.0,150,5,moderate,1.0,3402305452,6,2026,firm_0,ir_operational,1.0
4,0.6,49.0,150,5,moderate,1.0,3402305452,6,2026,firm_0,ir_accuracy,0.0
4,0.6,49.0,150,5,moderate,1.0,3402305452,6,2026,firm_1,phi_operational,89.50292297796113
4,0.6,49.0,150,5,moderate,1.0,3402305452,6,2026,firm_1,phi_accuracy,0.018218840314152544
4,0.6,49.0,150,5,moderate,1.0,3402305452,6,2026,firm_1,ir_operational,1.0
4,0.6,49.0,150,5,moderate,1.0,3402305452,6,2026,firm_1,ir_accuracy,1.0
4,0.6,49.0,150,5,moderate,1.0,3402305452,6,2026,firm_2,phi_operational,125.69020104291567
4,0.6,49.0,150,5,moderate,1.0,3402305452,6,2026,firm_2,phi_accuracy,0.006122485787906353
4,0.6,49.0,150,5,moderate,1.0,3402305452,6,2026,firm_2,ir_operational,1.0
4,0.6,49.0,150,5,moderate,1.0,3402305452,6,2026,firm_2,ir_accuracy,1.0
4,0.6,49.0,150,5,moderate,1.0,3402305452,6,2026,firm_3,phi_operational,106.50782998883558
4,0.6,49.0,150,5,moderate,1.0,3402305452,6,2026,firm_3,phi_accuracy,0.023804885573039898
4,0.6,49.0,150,5,moderate,1.0,3402305452,6,2026,firm_3,ir_operational,1.0
4,0.6,49.0,150,5,moderate,1.0,3402305452,6,2026,firm_3,ir_accuracy,1.0
4,0.6,49.0,150,5,moderate,1.0,3402305452,6,2026,_summary,v_op_N,420.1353790448047
4,0.6,49.0,150,5,moderate,1.0,3402305452,6,2026,_summary,v_acc_N,0.04313112980087164
4,0.6,49.0,150,5,moderate,1.0,3402305452,6,2026,_summary,spearman_rho,0.0
4,0.6,49.0,150,5,moderate,1.0,3402305452,6,2026,_summary,payment_displacement,0.20914500018613041
4,0.6,49.0,150,5,moderate,1.0,3402305452,6,2026,_summary,any_rank_reversal,1.0
4,0.6,49.0,150,5,moderate,1.0,3402305452,6,2026,_summary,efficiency_gap_op,0.0
4,0.6,49.0,150,5,moderate,1.0,3228374600,7,2026,firm_0,phi_operational,195.6382578650563
4,0.6,49.0,150,5,moderate,1.0,3228374600,7,2026,firm_0,phi_accuracy,0.06751586199958672
4,0.6,49.0,150,5,moderate,1.0,3228374600,7,2026,firm_0,ir_operational,1.0
4,0.6,49.0,150,5,moderate,1.0,3228374600,7,2026,firm_0,ir_accuracy,1.0
4,0.6,49.0,150,5,moderate,1.0,3228374600,7,2026,firm_1,phi_operational,97.60168055929572
4,0.6,49.0,150,5,moderate,1.0,3228374600,7,2026,firm_1,phi_accuracy,0.029396461018806587
4,0.6,49.0,150,5,moderate,1.0,3228374600,7,2026,firm_1,ir_operational,1.0
4,0.6,49.0,150,5,moderate,1.0,3228374600,7,2026,firm_1,ir_accuracy,1.0
4,0.6,49.0,150,5,moderate,1.0,3228374600,7,2026,firm_2,phi_operational,183.7105188738085
4,0.6,49.0,150,5,moderate,1.0,3228374600,7,2026,firm_2,phi_accuracy,0.03983978250476544
4,0.6,49.0,150,5,moderate,1.0,3228374600,7,2026,firm_2,ir_operational,1.0
4,0.6,49.0,150,5,moderate,1.0,3228374600,7,2026,firm_2,ir_accuracy,1.0
4,0.6,49.0,150,5,moderate,1.0,3228374600,7,2026,firm_3,phi_operational,136.39508826915144
4,0.6,49.0,150,5,moderate,1.0,3228374600,7,2026,firm_3,phi_accuracy,0.020211694559498672
4,0.6,49.0,150,5,moderate,1.0,3228374600,7,2026,firm_3,ir_operational,1.0
4,0.6,49.0,150,5,moderate,1.0,3228374600,7,2026,firm_3,ir_accuracy,1.0
4,0.6,49.0,150,5,moderate,1.0,3228374600,7,2026,_summary,v_op_N,613.345545567312
4,0.6,49.0,150,5,moderate,1.0,3228374600,7,2026,_summary,v_acc_N,0.15696380008265742
4,0.6,49.0,150,5,moderate,1.0,3228374600,7,2026,_summary,spearman_rho,0.8
4,0.6,49.0,150,5,moderate,1.0,3228374600,7,2026,_summary,payment_displacement,0.06965961345189756
4,0.6,49.0,150,5,moderate,1.0,3228374600,7,2026,_summary,any_rank_reversal,1.0
4,0.6,49.0,150,5,moderate,1.0,3228374600,7,2026,_summary,efficiency_gap_op,0.0
4,0.6,49.0,150,5,moderate,1.0,1373649937,8,2026,firm_0,phi_operational,74.12967458646479
4,0.6,49.0,150,5,moderate,1.0,1373649937,8,2026,firm_0,phi_accuracy,0.038680016410763164
4,0.6,49.0,150,5,moderate,1.0,1373649937,8,2026,firm_0,ir_operational,1.0
4,0.6,49.0,150,5,moderate,1.0,1373649937,8,2026,firm_0,ir_accuracy,1.0
4,0.6,49.0,150,5,moderate,1.0,1373649937,8,2026,firm_1,phi_operational,22.07003170612529
4,0.6,49.0,150,5,moderate,1.0,1373649937,8,2026,firm_1,phi_accuracy,0.06766826232749817
4,0.6,49.0,150,5,moderate,1.0,1373649937,8,2026,firm_1,ir_operational,1.0
4,0.6,49.0,150,5,moderate,1.0,1373649937,8,2026,firm_1,ir_accuracy,1.0
4,0.6,49.0,150,5,moderate,1.0,1373649937,8,2026,firm_2,phi_operational,40.00911471388773
4,0.6,49.0,150,5,moderate,1.0,1373649937,8,2026,firm_2,phi_accuracy,-0.013836775262695406
4,0.6,49.0,150,5,moderate,1.0,1373649937,8,2026,firm_2,ir_operational,1.0
4,0.6,49.0,150,5,moderate,1.0,1373649937,8,2026,firm_2,ir_accuracy,0.0
4,0.6,49.0,150,5,moderate,1.0,1373649937,8,2026,firm_3,phi_operational,52.074211947917995
4,0.6,49.0,150,5,moderate,1.0,1373649937,8,2026,firm_3,phi_accuracy,0.020025582391505165
4,0.6,49.0,150,5,moderate,1.0,1373649937,8,2026,firm_3,ir_operational,1.0
4,0.6,49.0,150,5,moderate,1.0,1373649937,8,2026,firm_3,ir_accuracy,1.0
4,0.6,49.0,150,5,moderate,1.0,1373649937,8,2026,_summary,v_op_N,188.28303295439582
4,0.6,49.0,150,5,moderate,1.0,1373649937,8,2026,_summary,v_acc_N,0.11253708586707112
4,0.6,49.0,150,5,moderate,1.0,1373649937,8,2026,_summary,spearman_rho,-0.19999999999999996
4,0.6,49.0,150,5,moderate,1.0,1373649937,8,2026,_summary,payment_displacement,0.23204346275092555
4,0.6,49.0,150,5,moderate,1.0,1373649937,8,2026,_summary,any_rank_reversal,1.0
4,0.6,49.0,150,5,moderate,1.0,1373649937,8,2026,_summary,efficiency_gap_op,0.0
4,0.6,49.0,150,5,moderate,1.0,3922340424,9,2026,firm_0,phi_operational,33.03577004249132
4,0.6,49.0,150,5,moderate,1.0,3922340424,9,2026,firm_0,phi_accuracy,0.005317425476249619
4,0.6,49.0,150,5,moderate,1.0,3922340424,9,2026,firm_0,ir_operational,1.0
4,0.6,49.0,150,5,moderate,1.0,3922340424,9,2026,firm_0,ir_accuracy,1.0
4,0.6,49.0,150,5,moderate,1.0,3922340424,9,2026,firm_1,phi_operational,36.283654281431076
4,0.6,49.0,150,5,moderate,1.0,3922340424,9,2026,firm_1,phi_accuracy,0.013441544307588316
4,0.6,49.0,150,5,moderate,1.0,3922340424,9,2026,firm_1,ir_operational,1.0
4,0.6,49.0,150,5,moderate,1.0,3922340424,9,2026,firm_1,ir_accuracy,1.0
4,0.6,49.0,150,5,moderate,1.0,3922340424,9,2026,firm_2,phi_operational,50.39182787962219
4,0.6,49.0,150,5,moderate,1.0,3922340424,9,2026,firm_2,phi_accuracy,0.002868851506382719
4,0.6,49.0,150,5,moderate,1.0,3922340424,9,2026,firm_2,ir_operational,1.0
4,0.6,49.0,150,5,moderate,1.0,3922340424,9,2026,firm_2,ir_accuracy,1.0
4,0.6,49.0,150,5,moderate,1.0,3922340424,9,2026,firm_3,phi_operational,47.10679927712173
4,0.6,49.0,150,5,moderate,1.0,3922340424,9,2026,firm_3,phi_accuracy,0.0074429163387655
4,0.6,49.0,150,5,moderate,1.0,3922340424,9,2026,firm_3,ir_operational,1.0
4,0.6,49.0,150,5,moderate,1.0,3922340424,9,2026,firm_3,ir_accuracy,1.0
4,0.6,49.0,150,5,moderate,1.0,3922340424,9,2026,_summary,v_op_N,166.81805148066633
4,0.6,49.0,150,5,moderate,1.0,3922340424,9,2026,_summary,v_acc_N,0.029070737628986154
4,0.6,49.0,150,5,moderate,1.0,3922340424,9,2026,_summary,spearman_rho,-0.3999999999999999
4,0.6,49.0,150,5,moderate,1.0,3922340424,9,2026,_summary,payment_displacement,0.12243466408931536
4,0.6,49.0,150,5,moderate,1.0,3922340424,9,2026,_summary,any_rank_reversal,1.0
4,0.6,49.0,150,5,moderate,1.0,3922340424,9,2026,_summary,efficiency_gap_op,0.0
4,0.6,49.0,150,5,moderate,1.0,2385910035,10,2026,firm_0,phi_operational,118.60666541299508
4,0.6,49.0,150,5,moderate,1.0,2385910035,10,2026,firm_0,phi_accuracy,0.022953134788422813
4,0.6,49.0,150,5,moderate,1.0,2385910035,10,2026,firm_0,ir_operational,1.0
4,0.6,49.0,150,5,moderate,1.0,2385910035,10,2026,firm_0,ir_accuracy,1.0
4,0.6,49.0,150,5,moderate,1.0,2385910035,10,2026,firm_1,phi_operational,111.35739390038312
4,0.6,49.0,150,5,moderate,1.0,2385910035,10,2026,firm_1,phi_accuracy,-0.00713595800924303
4,0.6,49.0,150,5,moderate,1.0,2385910035,10,2026,firm_1,ir_operational,1.0
4,0.6,49.0,150,5,moderate,1.0,2385910035,10,2026,firm_1,ir_accuracy,0.0
4,0.6,49.0,150,5,moderate,1.0,2385910035,10,2026,firm_2,phi_operational,182.7246530970384
4,0.6,49.0,150,5,moderate,1.0,2385910035,10,2026,firm_2,phi_accuracy,0.002081447953950211
4,0.6,49.0,150,5,moderate,1.0,2385910035,10,2026,firm_2,ir_operational,1.0
4,0.6,49.0,150,5,moderate,1.0,2385910035,10,2026,firm_2,ir_accuracy,1.0
4,0.6,49.0,150,5,moderate,1.0,2385910035,10,2026,firm_3,phi_operational,105.39251102941788
4,0.6,49.0,150,5,moderate,1.0,2385910035,10,2026,firm_3,phi_accuracy,0.004608638027310799
4,0.6,49.0,150,5,moderate,1.0,2385910035,10,2026,firm_3,ir_operational,1.0
4,0.6,49.0,150,5,moderate,1.0,2385910035,10,2026,firm_3,ir_accuracy,1.0
4,0.6,49.0,150,5,moderate,1.0,2385910035,10,2026,_summary,v_op_N,518.0812234398345
4,0.6,49.0,150,5,moderate,1.0,2385910035,10,2026,_summary,v_acc_N,0.022507262760440794
4,0.6,49.0,150,5,moderate,1.0,2385910035,10,2026,_summary,spearman_rho,0.0
4,0.6,49.0,150,5,moderate,1.0,2385910035,10,2026,_summary,payment_displacement,0.29458338445081395
4,0.6,49.0,150,5,moderate,1.0,2385910035,10,2026,_summary,any_rank_reversal,1.0
4,0.6,49.0,150,5,moderate,1.0,2385910035,10,2026,_summary,efficiency_gap_op,0.0
4,0.6,49.0,150,5,moderate,1.0,584116231,11,2026,firm_0,phi_operational,82.11583614381698
4,0.6,49.0,150,5,moderate,1.0,584116231,11,2026,firm_0,phi_accuracy,0.01556815695847712
4,0.6,49.0,150,5,moderate,1.0,584116231,11,2026,firm_0,ir_operational,1.0
4,0.6,49.0,150,5,moderate,1.0,584116231,11,2026,firm_0,ir_accuracy,1.0
4,0.6,49.0,150,5,moderate,1.0,584116231,11,2026,firm_1,phi_operational,63.0936908477247
4,0.6,49.0,150,5,moderate,1.0,584116231,11,2026,firm_1,phi_accuracy,0.05190122662008864
4,0.6,49.0,150,5,moderate,1.0,584116231,11,2026,firm_1,ir_operational,1.0
4,0.6,49.0,150,5,moderate,1.0,584116231,11,2026,firm_1,ir_accuracy,1.0
4,0.6,49.0,150,5,moderate,1.0,584116231,11,2026,firm_2,phi_operational,54.22037676590162
4,0.6,49.0,150,5,moderate,1.0,584116231,11,2026,firm_2,phi_accuracy,0.029621985415155844
4,0.6,49.0,150,5,moderate,1.0,584116231,11,2026,firm_2,ir_operational,1.0
4,0.6,49.0,150,5,moderate,1.0,584116231,11,2026,firm_2,ir_accuracy,1.0
4,0.6,49.0,150,5,moderate,1.0,584116231,11,2026,firm_3,phi_operational,26.411203403959462
4,0.6,49.0,150,5,moderate,1.0,584116231,11,2026,firm_3,phi_accuracy,-0.02142687492217376
4,0.6,49.0,150,5,moderate,1.0,584116231,11,2026,firm_3,ir_operational,1.0
4,0.6,49.0,150,5,moderate,1.0,584116231,11,2026,firm_3,ir_accuracy,0.0
4,0.6,49.0,150,5,moderate,1.0,584116231,11,2026,_summary,v_op_N,225.84110716140276
4,0.6,49.0,150,5,moderate,1.0,584116231,11,2026,_summary,v_acc_N,0.07566449407154785
4,0.6,49.0,150,5,moderate,1.0,584116231,11,2026,_summary,spearman_rho,0.4
4,0.6,49.0,150,5,moderate,1.0,584116231,11,2026,_summary,payment_displacement,0.17459468314479343
4,0.6,49.0,150,5,moderate,1.0,584116231,11,2026,_summary,any_rank_reversal,1.0
4,0.6,49.0,150,5,moderate,1.0,584116231,11,2026,_summary,efficiency_gap_op,0.0
4,0.6,49.0,150,5,moderate,1.0,70454762,12,2026,firm_0,phi_operational,23.779382089598585
4,0.6,49.0,150,5,moderate,1.0,70454762,12,2026,firm_0,phi_accuracy,-0.0010748862702416038
4,0.6,49.0,150,5,moderate,1.0,70454762,12,2026,firm_0,ir_operational,1.0
4,0.6,49.0,150,5,moderate,1.0,70454762,12,2026,firm_0,ir_accuracy,0.0
4,0.6,49.0,150,5,moderate,1.0,70454762,12,2026,firm_1,phi_operational,96.82033980933252
4,0.6,49.0,150,5,moderate,1.0,70454762,12,2026,firm_1,phi_accuracy,0.019511842431066462
4,0.6,49.0,150,5,moderate,1.0,70454762,12,2026,firm_1,ir_operational,1.0
4,0.6,49.0,150,5,moderate,1.0,70454762,12,2026,firm_1,ir_accuracy,1.0
4,0.6,49.0,150,5,moderate,1.0,70454762,12,2026,firm_2,phi_operational,99.05474299989547
4,0.6,49.0,150,5,moderate,1.0,70454762,12,2026,firm_2,phi_accuracy,0.012539608896353804
4,0.6,49.0,150,5,moderate,1.0,70454762,12,2026,firm_2,ir_operational,1.0
4,0.6,49.0,150,5,moderate,1.0,70454762,12,2026,firm_2,ir_accuracy,1.0
4,0.6,49.0,150,5,moderate,1.0,70454762,12,2026,firm_3,phi_operational,-24.678309548094223
4,0.6,49.0,150,5,moderate,1.0,70454762,12,2026,firm_3,phi_accuracy,0.013731835842297146
4,0.6,49.0,150,5,moderate,1.0,70454762,12,2026,firm_3,ir_operational,0.0
4,0.6,49.0,150,5,moderate,1.0,70454762,12,2026,firm_3,ir_accuracy,1.0
4,0.6,49.0,150,5,moderate,1.0,70454762,12,2026,_summary,v_op_N,194.97615535073237
4,0.6,49.0,150,5,moderate,1.0,70454762,12,2026,_summary,v_acc_N,0.04470840089947581
4,0.6,49.0,150,5,moderate,1.0,70454762,12,2026,_summary,spearman_rho,0.0
4,0.6,49.0,150,5,moderate,1.0,70454762,12,2026,_summary,payment_displacement,0.16806402344259833
4,0.6,49.0,150,5,moderate,1.0,70454762,12,2026,_summary,any_rank_reversal,1.0
4,0.6,49.0,150,5,moderate,1.0,70454762,12,2026,_summary,efficiency_gap_op,2.842170943040401e-14
4,0.6,49.0,150,5,moderate,1.0,2001083649,13,2026,firm_0,phi_operational,64.17926831093219
4,0.6,49.0,150,5,moderate,1.0,2001083649,13,2026,firm_0,phi_accuracy,-0.027126555969882078
4,0.6,49.0,150,5,moderate,1.0,2001083649,13,2026,firm_0,ir_operational,1.0
4,0.6,49.0,150,5,moderate,1.0,2001083649,13,2026,firm_0,ir_accuracy,0.0
4,0.6,49.0,150,5,moderate,1.0,2001083649,13,2026,firm_1,phi_operational,44.8378813081285
4,0.6,49.0,150,5,moderate,1.0,2001083649,13,2026,firm_1,phi_accuracy,0.04590276702990818
4,0.6,49.0,150,5,moderate,1.0,2001083649,13,2026,firm_1,ir_operational,1.0
4,0.6,49.0,150,5,moderate,1.0,2001083649,13,2026,firm_1,ir_accuracy,1.0
4,0.6,49.0,150,5,moderate,1.0,2001083649,13,2026,firm_2,phi_operational,68.55797333515014
4,0.6,49.0,150,5,moderate,1.0,2001083649,13,2026,firm_2,phi_accuracy,-0.013007232719926948
4,0.6,49.0,150,5,moderate,1.0,2001083649,13,2026,firm_2,ir_operational,1.0
4,0.6,49.0,150,5,moderate,1.0,2001083649,13,2026,firm_2,ir_accuracy,0.0
4,0.6,49.0,150,5,moderate,1.0,2001083649,13,2026,firm_3,phi_operational,47.1383916041489
4,0.6,49.0,150,5,moderate,1.0,2001083649,13,2026,firm_3,phi_accuracy,0.007270781231885293
4,0.6,49.0,150,5,moderate,1.0,2001083649,13,2026,firm_3,ir_operational,1.0
4,0.6,49.0,150,5,moderate,1.0,2001083649,13,2026,firm_3,ir_accuracy,1.0
4,0.6,49.0,150,5,moderate,1.0,2001083649,13,2026,_summary,v_op_N,224.71351455835975
4,0.6,49.0,150,5,moderate,1.0,2001083649,13,2026,_summary,v_acc_N,0.013039759571984444
4,0.6,49.0,150,5,moderate,1.0,2001083649,13,2026,_summary,spearman_rho,-0.8
4,0.6,49.0,150,5,moderate,1.0,2001083649,13,2026,_summary,payment_displacement,0.3612717680808666
4,0.6,49.0,150,5,moderate,1.0,2001083649,13,2026,_summary,any_rank_reversal,1.0
4,0.6,49.0,150,5,moderate,1.0,2001083649,13,2026,_summary,efficiency_gap_op,2.842170943040401e-14
4,0.6,49.0,150,5,moderate,1.0,3828052922,14,2026,firm_0,phi_operational,92.70697567773807
4,0.6,49.0,150,5,moderate,1.0,3828052922,14,2026,firm_0,phi_accuracy,0.000914786036484927
4,0.6,49.0,150,5,moderate,1.0,3828052922,14,2026,firm_0,ir_operational,1.0
4,0.6,49.0,150,5,moderate,1.0,3828052922,14,2026,firm_0,ir_accuracy,1.0
4,0.6,49.0,150,5,moderate,1.0,3828052922,14,2026,firm_1,phi_operational,70.15044836872524
4,0.6,49.0,150,5,moderate,1.0,3828052922,14,2026,firm_1,phi_accuracy,0.06772115348348288
4,0.6,49.0,150,5,moderate,1.0,3828052922,14,2026,firm_1,ir_operational,1.0
4,0.6,49.0,150,5,moderate,1.0,3828052922,14,2026,firm_1,ir_accuracy,1.0
4,0.6,49.0,150,5,moderate,1.0,3828052922,14,2026,firm_2,phi_operational,51.0789438016988
4,0.6,49.0,150,5,moderate,1.0,3828052922,14,2026,firm_2,phi_accuracy,-0.0016551222965575287
4,0.6,49.0,150,5,moderate,1.0,3828052922,14,2026,firm_2,ir_operational,1.0
4,0.6,49.0,150,5,moderate,1.0,3828052922,14,2026,firm_2,ir_accuracy,0.0
4,0.6,49.0,150,5,moderate,1.0,3828052922,14,2026,firm_3,phi_operational,104.23161414074653
4,0.6,49.0,150,5,moderate,1.0,3828052922,14,2026,firm_3,phi_accuracy,0.043159014436108055
4,0.6,49.0,150,5,moderate,1.0,3828052922,14,2026,firm_3,ir_operational,1.0
4,0.6,49.0,150,5,moderate,1.0,3828052922,14,2026,firm_3,ir_accuracy,1.0
4,0.6,49.0,150,5,moderate,1.0,3828052922,14,2026,_summary,v_op_N,318.16798198890865
4,0.6,49.0,150,5,moderate,1.0,3828052922,14,2026,_summary,v_acc_N,0.11013983165951835
4,0.6,49.0,150,5,moderate,1.0,3828052922,14,2026,_summary,spearman_rho,0.4
4,0.6,49.0,150,5,moderate,1.0,3828052922,14,2026,_summary,payment_displacement,0.22192746011941344
4,0.6,49.0,150,5,moderate,1.0,3828052922,14,2026,_summary,any_rank_reversal,1.0
4,0.6,49.0,150,5,moderate,1.0,3828052922,14,2026,_summary,efficiency_gap_op,0.0
4,0.6,49.0,150,5,moderate,1.0,2331827765,15,2026,firm_0,phi_operational,32.0934825454063
4,0.6,49.0,150,5,moderate,1.0,2331827765,15,2026,firm_0,phi_accuracy,-0.019083578700092085
4,0.6,49.0,150,5,moderate,1.0,2331827765,15,2026,firm_0,ir_operational,1.0
4,0.6,49.0,150,5,moderate,1.0,2331827765,15,2026,firm_0,ir_accuracy,0.0
4,0.6,49.0,150,5,moderate,1.0,2331827765,15,2026,firm_1,phi_operational,65.44395943587217
4,0.6,49.0,150,5,moderate,1.0,2331827765,15,2026,firm_1,phi_accuracy,-0.001821931734424593
4,0.6,49.0,150,5,moderate,1.0,2331827765,15,2026,firm_1,ir_operational,1.0
4,0.6,49.0,150,5,moderate,1.0,2331827765,15,2026,firm_1,ir_accuracy,0.0
4,0.6,49.0,150,5,moderate,1.0,2331827765,15,2026,firm_2,phi_operational,67.22829944157448
4,0.6,49.0,150,5,moderate,1.0,2331827765,15,2026,firm_2,phi_accuracy,-0.09787307998025696
4,0.6,49.0,150,5,moderate,1.0,2331827765,15,2026,firm_2,ir_operational,1.0
4,0.6,49.0,150,5,moderate,1.0,2331827765,15,2026,firm_2,ir_accuracy,0.0
4,0.6,49.0,150,5,moderate,1.0,2331827765,15,2026,firm_3,phi_operational,129.856236836676
4,0.6,49.0,150,5,moderate,1.0,2331827765,15,2026,firm_3,phi_accuracy,-0.04310656664256042
4,0.6,49.0,150,5,moderate,1.0,2331827765,15,2026,firm_3,ir_operational,1.0
4,0.6,49.0,150,5,moderate,1.0,2331827765,15,2026,firm_3,ir_accuracy,0.0
4,0.6,49.0,150,5,moderate,1.0,2331827765,15,2026,_summary,v_op_N,294.621978259529
4,0.6,49.0,150,5,moderate,1.0,2331827765,15,2026,_summary,v_acc_N,-0.16188515705733408
4,0.6,49.0,150,5,moderate,1.0,2331827765,15,2026,_summary,spearman_rho,-0.6000000000000001
4,0.6,49.0,150,5,moderate,1.0,2331827765,15,2026,_summary,payment_displacement,0.49999999999845485
4,0.6,49.0,150,5,moderate,1.0,2331827765,15,2026,_summary,any_rank_reversal,1.0
4,0.6,49.0,150,5,moderate,1.0,2331827765,15,2026,_summary,efficiency_gap_op,0.0
4,0.6,49.0,150,5,moderate,1.0,2326423099,16,2026,firm_0,phi_operational,50.97482857651865
4,0.6,49.0,150,5,moderate,1.0,2326423099,16,2026,firm_0,phi_accuracy,0.013715860933507386
4,0.6,49.0,150,5,moderate,1.0,2326423099,16,2026,firm_0,ir_operational,1.0
4,0.6,49.0,150,5,moderate,1.0,2326423099,16,2026,firm_0,ir_accuracy,1.0
4,0.6,49.0,150,5,moderate,1.0,2326423099,16,2026,firm_1,phi_operational,46.77498595237337
4,0.6,49.0,150,5,moderate,1.0,2326423099,16,2026,firm_1,phi_accuracy,-0.019640379779345796
4,0.6,49.0,150,5,moderate,1.0,2326423099,16,2026,firm_1,ir_operational,1.0
4,0.6,49.0,150,5,moderate,1.0,2326423099,16,2026,firm_1,ir_accuracy,0.0
4,0.6,49.0,150,5,moderate,1.0,2326423099,16,2026,firm_2,phi_operational,10.963507748419412
4,0.6,49.0,150,5,moderate,1.0,2326423099,16,2026,firm_2,phi_accuracy,-0.00901474441685666
4,0.6,49.0,150,5,moderate,1.0,2326423099,16,2026,firm_2,ir_operational,1.0
4,0.6,49.0,150,5,moderate,1.0,2326423099,16,2026,firm_2,ir_accuracy,0.0
4,0.6,49.0,150,5,moderate,1.0,2326423099,16,2026,firm_3,phi_operational,72.65225162697098
4,0.6,49.0,150,5,moderate,1.0,2326423099,16,2026,firm_3,phi_accuracy,0.014205256242709794
4,0.6,49.0,150,5,moderate,1.0,2326423099,16,2026,firm_3,ir_operational,1.0
4,0.6,49.0,150,5,moderate,1.0,2326423099,16,2026,firm_3,ir_accuracy,1.0
4,0.6,49.0,150,5,moderate,1.0,2326423099,16,2026,_summary,v_op_N,181.36557390428243
4,0.6,49.0,150,5,moderate,1.0,2326423099,16,2026,_summary,v_acc_N,-0.0007340070199852722
4,0.6,49.0,150,5,moderate,1.0,2326423099,16,2026,_summary,spearman_rho,0.8
4,0.6,49.0,150,5,moderate,1.0,2326423099,16,2026,_summary,payment_displacement,0.2532434419562281
4,0.6,49.0,150,5,moderate,1.0,2326423099,16,2026,_summary,any_rank_reversal,1.0
4,0.6,49.0,150,5,moderate,1.0,2326423099,16,2026,_summary,efficiency_gap_op,2.842170943040401e-14
4,0.6,49.0,150,5,moderate,1.0,3899303880,17,2026,firm_0,phi_operational,4.377907654808913
4,0.6,49.0,150,5,moderate,1.0,3899303880,17,2026,firm_0,phi_accuracy,0.058412908754829074
4,0.6,49.0,150,5,moderate,1.0,3899303880,17,2026,firm_0,ir_operational,1.0
4,0.6,49.0,150,5,moderate,1.0,3899303880,17,2026,firm_0,ir_accuracy,1.0
4,0.6,49.0,150,5,moderate,1.0,3899303880,17,2026,firm_1,phi_operational,25.00088182159421
4,0.6,49.0,150,5,moderate,1.0,3899303880,17,2026,firm_1,phi_accuracy,0.01910827243087171
4,0.6,49.0,150,5,moderate,1.0,3899303880,17,2026,firm_1,ir_operational,1.0
4,0.6,49.0,150,5,moderate,1.0,3899303880,17,2026,firm_1,ir_accuracy,1.0
4,0.6,49.0,150,5,moderate,1.0,3899303880,17,2026,firm_2,phi_operational,41.31741648391899
4,0.6,49.0,150,5,moderate,1.0,3899303880,17,2026,firm_2,phi_accuracy,0.07260043747825819
4,0.6,49.0,150,5,moderate,1.0,3899303880,17,2026,firm_2,ir_operational,1.0
4,0.6,49.0,150,5,moderate,1.0,3899303880,17,2026,firm_2,ir_accuracy,1.0
4,0.6,49.0,150,5,moderate,1.0,3899303880,17,2026,firm_3,phi_operational,51.70596590003959
4,0.6,49.0,150,5,moderate,1.0,3899303880,17,2026,firm_3,phi_accuracy,-0.001853007814200799
4,0.6,49.0,150,5,moderate,1.0,3899303880,17,2026,firm_3,ir_operational,1.0
4,0.6,49.0,150,5,moderate,1.0,3899303880,17,2026,firm_3,ir_accuracy,0.0
4,0.6,49.0,150,5,moderate,1.0,3899303880,17,2026,_summary,v_op_N,122.4021718603617
4,0.6,49.0,150,5,moderate,1.0,3899303880,17,2026,_summary,v_acc_N,0.14826861084975818
4,0.6,49.0,150,5,moderate,1.0,3899303880,17,2026,_summary,spearman_rho,-0.3999999999999999
4,0.6,49.0,150,5,moderate,1.0,3899303880,17,2026,_summary,payment_displacement,0.2504727525913789
4,0.6,49.0,150,5,moderate,1.0,3899303880,17,2026,_summary,any_rank_reversal,1.0
4,0.6,49.0,150,5,moderate,1.0,3899303880,17,2026,_summary,efficiency_gap_op,0.0
4,0.6,49.0,150,5,moderate,1.0,3453158834,18,2026,firm_0,phi_operational,89.37162412020146
4,0.6,49.0,150,5,moderate,1.0,3453158834,18,2026,firm_0,phi_accuracy,0.035123791279987215
4,0.6,49.0,150,5,moderate,1.0,3453158834,18,2026,firm_0,ir_operational,1.0
4,0.6,49.0,150,5,moderate,1.0,3453158834,18,2026,firm_0,ir_accuracy,1.0
4,0.6,49.0,150,5,moderate,1.0,3453158834,18,2026,firm_1,phi_operational,86.87051674552356
4,0.6,49.0,150,5,moderate,1.0,3453158834,18,2026,firm_1,phi_accuracy,0.036571311569463805
4,0.6,49.0,150,5,moderate,1.0,3453158834,18,2026,firm_1,ir_operational,1.0
4,0.6,49.0,150,5,moderate,1.0,3453158834,18,2026,firm_1,ir_accuracy,1.0
4,0.6,49.0,150,5,moderate,1.0,3453158834,18,2026,firm_2,phi_operational,51.85676597836804
4,0.6,49.0,150,5,moderate,1.0,3453158834,18,2026,firm_2,phi_accuracy,0.03585859122425657
4,0.6,49.0,150,5,moderate,1.0,3453158834,18,2026,firm_2,ir_operational,1.0
4,0.6,49.0,150,5,moderate,1.0,3453158834,18,2026,firm_2,ir_accuracy,1.0
4,0.6,49.0,150,5,moderate,1.0,3453158834,18,2026,firm_3,phi_operational,60.501573763954674
4,0.6,49.0,150,5,moderate,1.0,3453158834,18,2026,firm_3,phi_accuracy,0.005692460036449669
4,0.6,49.0,150,5,moderate,1.0,3453158834,18,2026,firm_3,ir_operational,1.0
4,0.6,49.0,150,5,moderate,1.0,3453158834,18,2026,firm_3,ir_accuracy,1.0
4,0.6,49.0,150,5,moderate,1.0,3453158834,18,2026,_summary,v_op_N,288.60048060804775
4,0.6,49.0,150,5,moderate,1.0,3453158834,18,2026,_summary,v_acc_N,0.11324615411015726
4,0.6,49.0,150,5,moderate,1.0,3453158834,18,2026,_summary,spearman_rho,0.0
4,0.6,49.0,150,5,moderate,1.0,3453158834,18,2026,_summary,payment_displacement,0.07968577941249855
4,0.6,49.0,150,5,moderate,1.0,3453158834,18,2026,_summary,any_rank_reversal,1.0
4,0.6,49.0,150,5,moderate,1.0,3453158834,18,2026,_summary,efficiency_gap_op,0.0
4,0.6,49.0,150,5,moderate,1.0,3126096987,19,2026,firm_0,phi_operational,145.39795230864826
4,0.6,49.0,150,5,moderate,1.0,3126096987,19,2026,firm_0,phi_accuracy,-0.028539134305697572
4,0.6,49.0,150,5,moderate,1.0,3126096987,19,2026,firm_0,ir_operational,1.0
4,0.6,49.0,150,5,moderate,1.0,3126096987,19,2026,firm_0,ir_accuracy,0.0
4,0.6,49.0,150,5,moderate,1.0,3126096987,19,2026,firm_1,phi_operational,75.16133078836074
4,0.6,49.0,150,5,moderate,1.0,3126096987,19,2026,firm_1,phi_accuracy,-0.03158560716027163
4,0.6,49.0,150,5,moderate,1.0,3126096987,19,2026,firm_1,ir_operational,1.0
4,0.6,49.0,150,5,moderate,1.0,3126096987,19,2026,firm_1,ir_accuracy,0.0
4,0.6,49.0,150,5,moderate,1.0,3126096987,19,2026,firm_2,phi_operational,220.44224766258085
4,0.6,49.0,150,5,moderate,1.0,3126096987,19,2026,firm_2,phi_accuracy,-0.03830211708048911
4,0.6,49.0,150,5,moderate,1.0,3126096987,19,2026,firm_2,ir_operational,1.0
4,0.6,49.0,150,5,moderate,1.0,3126096987,19,2026,firm_2,ir_accuracy,0.0
4,0.6,49.0,150,5,moderate,1.0,3126096987,19,2026,firm_3,phi_operational,161.13429947979608
4,0.6,49.0,150,5,moderate,1.0,3126096987,19,2026,firm_3,phi_accuracy,-0.006732064740707931
4,0.6,49.0,150,5,moderate,1.0,3126096987,19,2026,firm_3,ir_operational,1.0
4,0.6,49.0,150,5,moderate,1.0,3126096987,19,2026,firm_3,ir_accuracy,0.0
4,0.6,49.0,150,5,moderate,1.0,3126096987,19,2026,_summary,v_op_N,602.135830239386
4,0.6,49.0,150,5,moderate,1.0,3126096987,19,2026,_summary,v_acc_N,-0.10515892328716625
4,0.6,49.0,150,5,moderate,1.0,3126096987,19,2026,_summary,spearman_rho,-0.19999999999999996
4,0.6,49.0,150,5,moderate,1.0,3126096987,19,2026,_summary,payment_displacement,0.4999999999976221
4,0.6,49.0,150,5,moderate,1.0,3126096987,19,2026,_summary,any_rank_reversal,1.0
4,0.6,49.0,150,5,moderate,1.0,3126096987,19,2026,_summary,efficiency_gap_op,0.0
4,0.6,49.0,150,5,moderate,1.0,2249535095,20,2026,firm_0,phi_operational,33.29932692331484
4,0.6,49.0,150,5,moderate,1.0,2249535095,20,2026,firm_0,phi_accuracy,-0.02431092040102554
4,0.6,49.0,150,5,moderate,1.0,2249535095,20,2026,firm_0,ir_operational,1.0
4,0.6,49.0,150,5,moderate,1.0,2249535095,20,2026,firm_0,ir_accuracy,0.0
4,0.6,49.0,150,5,moderate,1.0,2249535095,20,2026,firm_1,phi_operational,22.43852571574204
4,0.6,49.0,150,5,moderate,1.0,2249535095,20,2026,firm_1,phi_accuracy,-0.04173027533207209
4,0.6,49.0,150,5,moderate,1.0,2249535095,20,2026,firm_1,ir_operational,1.0
4,0.6,49.0,150,5,moderate,1.0,2249535095,20,2026,firm_1,ir_accuracy,0.0
4,0.6,49.0,150,5,moderate,1.0,2249535095,20,2026,firm_2,phi_operational,62.87507659627037
4,0.6,49.0,150,5,moderate,1.0,2249535095,20,2026,firm_2,phi_accuracy,0.04941750133962425
4,0.6,49.0,150,5,moderate,1.0,2249535095,20,2026,firm_2,ir_operational,1.0
4,0.6,49.0,150,5,moderate,1.0,2249535095,20,2026,firm_2,ir_accuracy,1.0
4,0.6,49.0,150,5,moderate,1.0,2249535095,20,2026,firm_3,phi_operational,65.16693886202741
4,0.6,49.0,150,5,moderate,1.0,2249535095,20,2026,firm_3,phi_accuracy,0.009060485684217301
4,0.6,49.0,150,5,moderate,1.0,2249535095,20,2026,firm_3,ir_operational,1.0
4,0.6,49.0,150,5,moderate,1.0,2249535095,20,2026,firm_3,ir_accuracy,1.0
4,0.6,49.0,150,5,moderate,1.0,2249535095,20,2026,_summary,v_op_N,183.77986809735467
4,0.6,49.0,150,5,moderate,1.0,2249535095,20,2026,_summary,v_acc_N,-0.007563208709256086
4,0.6,49.0,150,5,moderate,1.0,2249535095,20,2026,_summary,spearman_rho,0.8
4,0.6,49.0,150,5,moderate,1.0,2249535095,20,2026,_summary,payment_displacement,0.29255727465926623
4,0.6,49.0,150,5,moderate,1.0,2249535095,20,2026,_summary,any_rank_reversal,1.0
4,0.6,49.0,150,5,moderate,1.0,2249535095,20,2026,_summary,efficiency_gap_op,0.0
4,0.6,49.0,150,5,moderate,1.0,3238511320,21,2026,firm_0,phi_operational,96.69821706106669
4,0.6,49.0,150,5,moderate,1.0,3238511320,21,2026,firm_0,phi_accuracy,-0.0180263987488495
4,0.6,49.0,150,5,moderate,1.0,3238511320,21,2026,firm_0,ir_operational,1.0
4,0.6,49.0,150,5,moderate,1.0,3238511320,21,2026,firm_0,ir_accuracy,0.0
4,0.6,49.0,150,5,moderate,1.0,3238511320,21,2026,firm_1,phi_operational,90.72612632767087
4,0.6,49.0,150,5,moderate,1.0,3238511320,21,2026,firm_1,phi_accuracy,-0.012297963060695433
4,0.6,49.0,150,5,moderate,1.0,3238511320,21,2026,firm_1,ir_operational,1.0
4,0.6,49.0,150,5,moderate,1.0,3238511320,21,2026,firm_1,ir_accuracy,0.0
4,0.6,49.0,150,5,moderate,1.0,3238511320,21,2026,firm_2,phi_operational,104.58442307268743
4,0.6,49.0,150,5,moderate,1.0,3238511320,21,2026,firm_2,phi_accuracy,0.024056297247136628
4,0.6,49.0,150,5,moderate,1.0,3238511320,21,2026,firm_2,ir_operational,1.0
4,0.6,49.0,150,5,moderate,1.0,3238511320,21,2026,firm_2,ir_accuracy,1.0
4,0.6,49.0,150,5,moderate,1.0,3238511320,21,2026,firm_3,phi_operational,119.3039226728531
4,0.6,49.0,150,5,moderate,1.0,3238511320,21,2026,firm_3,phi_accuracy,0.0017820753088267356
4,0.6,49.0,150,5,moderate,1.0,3238511320,21,2026,firm_3,ir_operational,1.0
4,0.6,49.0,150,5,moderate,1.0,3238511320,21,2026,firm_3,ir_accuracy,1.0
4,0.6,49.0,150,5,moderate,1.0,3238511320,21,2026,_summary,v_op_N,411.3126891342781
4,0.6,49.0,150,5,moderate,1.0,3238511320,21,2026,_summary,v_acc_N,-0.004485989253581568
4,0.6,49.0,150,5,moderate,1.0,3238511320,21,2026,_summary,spearman_rho,0.6
4,0.6,49.0,150,5,moderate,1.0,3238511320,21,2026,_summary,payment_displacement,0.35699978347997524
4,0.6,49.0,150,5,moderate,1.0,3238511320,21,2026,_summary,any_rank_reversal,1.0
4,0.6,49.0,150,5,moderate,1.0,3238511320,21,2026,_summary,efficiency_gap_op,0.0
4,0.6,49.0,150,5,moderate,1.0,3145263093,22,2026,firm_0,phi_operational,-7.126705679450121
4,0.6,49.0,150,5,moderate,1.0,3145263093,22,2026,firm_0,phi_accuracy,0.018867279460957405
4,0.6,49.0,150,5,moderate,1.0,3145263093,22,2026,firm_0,ir_operational,0.0
4,0.6,49.0,150,5,moderate,1.0,3145263093,22,2026,firm_0,ir_accuracy,1.0
4,0.6,49.0,150,5,moderate,1.0,3145263093,22,2026,firm_1,phi_operational,16.089161440051
4,0.6,49.0,150,5,moderate,1.0,3145263093,22,2026,firm_1,phi_accuracy,-0.03251209975890535
4,0.6,49.0,150,5,moderate,1.0,3145263093,22,2026,firm_1,ir_operational,1.0
4,0.6,49.0,150,5,moderate,1.0,3145263093,22,2026,firm_1,ir_accuracy,0.0
4,0.6,49.0,150,5,moderate,1.0,3145263093,22,2026,firm_2,phi_operational,106.35217370036722
4,0.6,49.0,150,5,moderate,1.0,3145263093,22,2026,firm_2,phi_accuracy,0.06681115239232649
4,0.6,49.0,150,5,moderate,1.0,3145263093,22,2026,firm_2,ir_operational,1.0
4,0.6,49.0,150,5,moderate,1.0,3145263093,22,2026,firm_2,ir_accuracy,1.0
4,0.6,49.0,150,5,moderate,1.0,3145263093,22,2026,firm_3,phi_operational,120.51438483473763
4,0.6,49.0,150,5,moderate,1.0,3145263093,22,2026,firm_3,phi_accuracy,-0.00045522970836171274
4,0.6,49.0,150,5,moderate,1.0,3145263093,22,2026,firm_3,ir_operational,1.0
4,0.6,49.0,150,5,moderate,1.0,3145263093,22,2026,firm_3,ir_accuracy,0.0
4,0.6,49.0,150,5,moderate,1.0,3145263093,22,2026,_summary,v_op_N,235.82901429570575
4,0.6,49.0,150,5,moderate,1.0,3145263093,22,2026,_summary,v_acc_N,0.05271110238601684
4,0.6,49.0,150,5,moderate,1.0,3145263093,22,2026,_summary,spearman_rho,0.0
4,0.6,49.0,150,5,moderate,1.0,3145263093,22,2026,_summary,payment_displacement,0.2873657586632929
4,0.6,49.0,150,5,moderate,1.0,3145263093,22,2026,_summary,any_rank_reversal,1.0
4,0.6,49.0,150,5,moderate,1.0,3145263093,22,2026,_summary,efficiency_gap_op,2.842170943040401e-14
4,0.6,49.0,150,5,moderate,1.0,1637101014,23,2026,firm_0,phi_operational,70.30208419522167
4,0.6,49.0,150,5,moderate,1.0,1637101014,23,2026,firm_0,phi_accuracy,0.055777931185508556
4,0.6,49.0,150,5,moderate,1.0,1637101014,23,2026,firm_0,ir_operational,1.0
4,0.6,49.0,150,5,moderate,1.0,1637101014,23,2026,firm_0,ir_accuracy,1.0
4,0.6,49.0,150,5,moderate,1.0,1637101014,23,2026,firm_1,phi_operational,91.44555513277744
4,0.6,49.0,150,5,moderate,1.0,1637101014,23,2026,firm_1,phi_accuracy,0.05022546592810602
4,0.6,49.0,150,5,moderate,1.0,1637101014,23,2026,firm_1,ir_operational,1.0
4,0.6,49.0,150,5,moderate,1.0,1637101014,23,2026,firm_1,ir_accuracy,1.0
4,0.6,49.0,150,5,moderate,1.0,1637101014,23,2026,firm_2,phi_operational,72.60252446711448
4,0.6,49.0,150,5,moderate,1.0,1637101014,23,2026,firm_2,phi_accuracy,0.06460704918772531
4,0.6,49.0,150,5,moderate,1.0,1637101014,23,2026,firm_2,ir_operational,1.0
4,0.6,49.0,150,5,moderate,1.0,1637101014,23,2026,firm_2,ir_accuracy,1.0
4,0.6,49.0,150,5,moderate,1.0,1637101014,23,2026,firm_3,phi_operational,66.28009207206142
4,0.6,49.0,150,5,moderate,1.0,1637101014,23,2026,firm_3,phi_accuracy,0.019583298033049847
4,0.6,49.0,150,5,moderate,1.0,1637101014,23,2026,firm_3,ir_operational,1.0
4,0.6,49.0,150,5,moderate,1.0,1637101014,23,2026,firm_3,ir_accuracy,1.0
4,0.6,49.0,150,5,moderate,1.0,1637101014,23,2026,_summary,v_op_N,300.63025586717504
4,0.6,49.0,150,5,moderate,1.0,1637101014,23,2026,_summary,v_acc_N,0.19019374433438974
4,0.6,49.0,150,5,moderate,1.0,1637101014,23,2026,_summary,spearman_rho,0.4
4,0.6,49.0,150,5,moderate,1.0,1637101014,23,2026,_summary,payment_displacement,0.07880483568803387
4,0.6,49.0,150,5,moderate,1.0,1637101014,23,2026,_summary,any_rank_reversal,1.0
4,0.6,49.0,150,5,moderate,1.0,1637101014,23,2026,_summary,efficiency_gap_op,0.0
4,0.6,49.0,150,5,moderate,1.0,1686428142,24,2026,firm_0,phi_operational,37.794476794469496
4,0.6,49.0,150,5,moderate,1.0,1686428142,24,2026,firm_0,phi_accuracy,0.1394304152231498
4,0.6,49.0,150,5,moderate,1.0,1686428142,24,2026,firm_0,ir_operational,1.0
4,0.6,49.0,150,5,moderate,1.0,1686428142,24,2026,firm_0,ir_accuracy,1.0
4,0.6,49.0,150,5,moderate,1.0,1686428142,24,2026,firm_1,phi_operational,10.699214514036687
4,0.6,49.0,150,5,moderate,1.0,1686428142,24,2026,firm_1,phi_accuracy,0.04816105963010199
4,0.6,49.0,150,5,moderate,1.0,1686428142,24,2026,firm_1,ir_operational,1.0
4,0.6,49.0,150,5,moderate,1.0,1686428142,24,2026,firm_1,ir_accuracy,1.0
4,0.6,49.0,150,5,moderate,1.0,1686428142,24,2026,firm_2,phi_operational,70.75927887588841
4,0.6,49.0,150,5,moderate,1.0,1686428142,24,2026,firm_2,phi_accuracy,0.014164812988051815
4,0.6,49.0,150,5,moderate,1.0,1686428142,24,2026,firm_2,ir_operational,1.0
4,0.6,49.0,150,5,moderate,1.0,1686428142,24,2026,firm_2,ir_accuracy,1.0
4,0.6,49.0,150,5,moderate,1.0,1686428142,24,2026,firm_3,phi_operational,50.94129507333537
4,0.6,49.0,150,5,moderate,1.0,1686428142,24,2026,firm_3,phi_accuracy,-0.002683410715668706
4,0.6,49.0,150,5,moderate,1.0,1686428142,24,2026,firm_3,ir_operational,1.0
4,0.6,49.0,150,5,moderate,1.0,1686428142,24,2026,firm_3,ir_accuracy,0.0
4,0.6,49.0,150,5,moderate,1.0,1686428142,24,2026,_summary,v_op_N,170.19426525772997
4,0.6,49.0,150,5,moderate,1.0,1686428142,24,2026,_summary,v_acc_N,0.19907287712563493
4,0.6,49.0,150,5,moderate,1.0,1686428142,24,2026,_summary,spearman_rho,-0.6000000000000001
4,0.6,49.0,150,5,moderate,1.0,1686428142,24,2026,_summary,payment_displacement,0.3228912870878736
4,0.6,49.0,150,5,moderate,1.0,1686428142,24,2026,_summary,any_rank_reversal,1.0
4,0.6,49.0,150,5,moderate,1.0,1686428142,24,2026,_summary,efficiency_gap_op,0.0
4,0.6,49.0,150,5,moderate,1.0,3405491296,25,2026,firm_0,phi_operational,138.90193824183604
4,0.6,49.0,150,5,moderate,1.0,3405491296,25,2026,firm_0,phi_accuracy,-0.038734755301625026
4,0.6,49.0,150,5,moderate,1.0,3405491296,25,2026,firm_0,ir_operational,1.0
4,0.6,49.0,150,5,moderate,1.0,3405491296,25,2026,firm_0,ir_accuracy,0.0
4,0.6,49.0,150,5,moderate,1.0,3405491296,25,2026,firm_1,phi_operational,80.03919749555241
4,0.6,49.0,150,5,moderate,1.0,3405491296,25,2026,firm_1,phi_accuracy,0.02919325577354137
4,0.6,49.0,150,5,moderate,1.0,3405491296,25,2026,firm_1,ir_operational,1.0
4,0.6,49.0,150,5,moderate,1.0,3405491296,25,2026,firm_1,ir_accuracy,1.0
4,0.6,49.0,150,5,moderate,1.0,3405491296,25,2026,firm_2,phi_operational,54.143903771089754
4,0.6,49.0,150,5,moderate,1.0,3405491296,25,2026,firm_2,phi_accuracy,-0.0010800567590613088
4,0.6,49.0,150,5,moderate,1.0,3405491296,25,2026,firm_2,ir_operational,1.0
4,0.6,49.0,150,5,moderate,1.0,3405491296,25,2026,firm_2,ir_accuracy,0.0
4,0.6,49.0,150,5,moderate,1.0,3405491296,25,2026,firm_3,phi_operational,58.69210876912332
4,0.6,49.0,150,5,moderate,1.0,3405491296,25,2026,firm_3,phi_accuracy,0.029096330077662286
4,0.6,49.0,150,5,moderate,1.0,3405491296,25,2026,firm_3,ir_operational,1.0
4,0.6,49.0,150,5,moderate,1.0,3405491296,25,2026,firm_3,ir_accuracy,1.0
4,0.6,49.0,150,5,moderate,1.0,3405491296,25,2026,_summary,v_op_N,331.77714827760155
4,0.6,49.0,150,5,moderate,1.0,3405491296,25,2026,_summary,v_acc_N,0.018474773790517318
4,0.6,49.0,150,5,moderate,1.0,3405491296,25,2026,_summary,spearman_rho,-0.19999999999999996
4,0.6,49.0,150,5,moderate,1.0,3405491296,25,2026,_summary,payment_displacement,0.29092697163354847
4,0.6,49.0,150,5,moderate,1.0,3405491296,25,2026,_summary,any_rank_reversal,1.0
4,0.6,49.0,150,5,moderate,1.0,3405491296,25,2026,_summary,efficiency_gap_op,0.0
4,0.6,49.0,150,5,moderate,1.0,3503059196,26,2026,firm_0,phi_operational,221.5357828545575
4,0.6,49.0,150,5,moderate,1.0,3503059196,26,2026,firm_0,phi_accuracy,0.07054728826736034
4,0.6,49.0,150,5,moderate,1.0,3503059196,26,2026,firm_0,ir_operational,1.0
4,0.6,49.0,150,5,moderate,1.0,3503059196,26,2026,firm_0,ir_accuracy,1.0
4,0.6,49.0,150,5,moderate,1.0,3503059196,26,2026,firm_1,phi_operational,167.53881773163948
4,0.6,49.0,150,5,moderate,1.0,3503059196,26,2026,firm_1,phi_accuracy,0.1492715071299327
4,0.6,49.0,150,5,moderate,1.0,3503059196,26,2026,firm_1,ir_operational,1.0
4,0.6,49.0,150,5,moderate,1.0,3503059196,26,2026,firm_1,ir_accuracy,1.0
4,0.6,49.0,150,5,moderate,1.0,3503059196,26,2026,firm_2,phi_operational,117.20170710360746
4,0.6,49.0,150,5,moderate,1.0,3503059196,26,2026,firm_2,phi_accuracy,0.034110357798204774
4,0.6,49.0,150,5,moderate,1.0,3503059196,26,2026,firm_2,ir_operational,1.0
4,0.6,49.0,150,5,moderate,1.0,3503059196,26,2026,firm_2,ir_accuracy,1.0
4,0.6,49.0,150,5,moderate,1.0,3503059196,26,2026,firm_3,phi_operational,194.07102943270598
4,0.6,49.0,150,5,moderate,1.0,3503059196,26,2026,firm_3,phi_accuracy,0.07550658355938142
4,0.6,49.0,150,5,moderate,1.0,3503059196,26,2026,firm_3,ir_operational,1.0
4,0.6,49.0,150,5,moderate,1.0,3503059196,26,2026,firm_3,ir_accuracy,1.0
4,0.6,49.0,150,5,moderate,1.0,3503059196,26,2026,_summary,v_op_N,700.3473371225105
4,0.6,49.0,150,5,moderate,1.0,3503059196,26,2026,_summary,v_acc_N,0.32943573675487925
4,0.6,49.0,150,5,moderate,1.0,3503059196,26,2026,_summary,spearman_rho,0.19999999999999996
4,0.6,49.0,150,5,moderate,1.0,3503059196,26,2026,_summary,payment_displacement,0.10694510280686637
4,0.6,49.0,150,5,moderate,1.0,3503059196,26,2026,_summary,any_rank_reversal,1.0
4,0.6,49.0,150,5,moderate,1.0,3503059196,26,2026,_summary,efficiency_gap_op,0.0
4,0.6,49.0,150,5,moderate,1.0,3539636213,27,2026,firm_0,phi_operational,60.38427347602533
4,0.6,49.0,150,5,moderate,1.0,3539636213,27,2026,firm_0,phi_accuracy,-0.010410535848736385
4,0.6,49.0,150,5,moderate,1.0,3539636213,27,2026,firm_0,ir_operational,1.0
4,0.6,49.0,150,5,moderate,1.0,3539636213,27,2026,firm_0,ir_accuracy,0.0
4,0.6,49.0,150,5,moderate,1.0,3539636213,27,2026,firm_1,phi_operational,45.15743227152514
4,0.6,49.0,150,5,moderate,1.0,3539636213,27,2026,firm_1,phi_accuracy,-0.014250732353667426
4,0.6,49.0,150,5,moderate,1.0,3539636213,27,2026,firm_1,ir_operational,1.0
4,0.6,49.0,150,5,moderate,1.0,3539636213,27,2026,firm_1,ir_accuracy,0.0
4,0.6,49.0,150,5,moderate,1.0,3539636213,27,2026,firm_2,phi_operational,53.7343268964518
4,0.6,49.0,150,5,moderate,1.0,3539636213,27,2026,firm_2,phi_accuracy,-0.01400313595214095
4,0.6,49.0,150,5,moderate,1.0,3539636213,27,2026,firm_2,ir_operational,1.0
4,0.6,49.0,150,5,moderate,1.0,3539636213,27,2026,firm_2,ir_accuracy,0.0
4,0.6,49.0,150,5,moderate,1.0,3539636213,27,2026,firm_3,phi_operational,68.63264814995159
4,0.6,49.0,150,5,moderate,1.0,3539636213,27,2026,firm_3,phi_accuracy,-0.005344536087667264
4,0.6,49.0,150,5,moderate,1.0,3539636213,27,2026,firm_3,ir_operational,1.0
4,0.6,49.0,150,5,moderate,1.0,3539636213,27,2026,firm_3,ir_accuracy,0.0
4,0.6,49.0,150,5,moderate,1.0,3539636213,27,2026,_summary,v_op_N,227.90868079395386
4,0.6,49.0,150,5,moderate,1.0,3539636213,27,2026,_summary,v_acc_N,-0.044008940242212025
4,0.6,49.0,150,5,moderate,1.0,3539636213,27,2026,_summary,spearman_rho,1.0
4,0.6,49.0,150,5,moderate,1.0,3539636213,27,2026,_summary,payment_displacement,0.49999999999431827
4,0.6,49.0,150,5,moderate,1.0,3539636213,27,2026,_summary,any_rank_reversal,0.0
4,0.6,49.0,150,5,moderate,1.0,3539636213,27,2026,_summary,efficiency_gap_op,0.0
4,0.6,49.0,150,5,moderate,1.0,4287800840,28,2026,firm_0,phi_operational,237.31499228902217
4,0.6,49.0,150,5,moderate,1.0,4287800840,28,2026,firm_0,phi_accuracy,0.0688384403871379
4,0.6,49.0,150,5,moderate,1.0,4287800840,28,2026,firm_0,ir_operational,1.0
4,0.6,49.0,150,5,moderate,1.0,4287800840,28,2026,firm_0,ir_accuracy,1.0
4,0.6,49.0,150,5,moderate,1.0,4287800840,28,2026,firm_1,phi_operational,126.53187161023963
4,0.6,49.0,150,5,moderate,1.0,4287800840,28,2026,firm_1,phi_accuracy,0.056484482828764525
4,0.6,49.0,150,5,moderate,1.0,4287800840,28,2026,firm_1,ir_operational,1.0
4,0.6,49.0,150,5,moderate,1.0,4287800840,28,2026,firm_1,ir_accuracy,1.0
4,0.6,49.0,150,5,moderate,1.0,4287800840,28,2026,firm_2,phi_operational,97.28377229778098
4,0.6,49.0,150,5,moderate,1.0,4287800840,28,2026,firm_2,phi_accuracy,0.010763376734025868
4,0.6,49.0,150,5,moderate,1.0,4287800840,28,2026,firm_2,ir_operational,1.0
4,0.6,49.0,150,5,moderate,1.0,4287800840,28,2026,firm_2,ir_accuracy,1.0
4,0.6,49.0,150,5,moderate,1.0,4287800840,28,2026,firm_3,phi_operational,183.10546851998606
4,0.6,49.0,150,5,moderate,1.0,4287800840,28,2026,firm_3,phi_accuracy,0.03384789894925063
4,0.6,49.0,150,5,moderate,1.0,4287800840,28,2026,firm_3,ir_operational,1.0
4,0.6,49.0,150,5,moderate,1.0,4287800840,28,2026,firm_3,ir_accuracy,1.0
4,0.6,49.0,150,5,moderate,1.0,4287800840,28,2026,_summary,v_op_N,644.2361047170289
4,0.6,49.0,150,5,moderate,1.0,4287800840,28,2026,_summary,v_acc_N,0.16993419889917893
4,0.6,49.0,150,5,moderate,1.0,4287800840,28,2026,_summary,spearman_rho,0.8
4,0.6,49.0,150,5,moderate,1.0,4287800840,28,2026,_summary,payment_displacement,0.08635328719616073
4,0.6,49.0,150,5,moderate,1.0,4287800840,28,2026,_summary,any_rank_reversal,1.0
4,0.6,49.0,150,5,moderate,1.0,4287800840,28,2026,_summary,efficiency_gap_op,0.0
4,0.6,49.0,150,5,moderate,1.0,3059110328,29,2026,firm_0,phi_operational,60.78052622564731
4,0.6,49.0,150,5,moderate,1.0,3059110328,29,2026,firm_0,phi_accuracy,0.0092231461262303
4,0.6,49.0,150,5,moderate,1.0,3059110328,29,2026,firm_0,ir_operational,1.0
4,0.6,49.0,150,5,moderate,1.0,3059110328,29,2026,firm_0,ir_accuracy,1.0
4,0.6,49.0,150,5,moderate,1.0,3059110328,29,2026,firm_1,phi_operational,115.88137391204805
4,0.6,49.0,150,5,moderate,1.0,3059110328,29,2026,firm_1,phi_accuracy,-0.010760837941311274
4,0.6,49.0,150,5,moderate,1.0,3059110328,29,2026,firm_1,ir_operational,1.0
4,0.6,49.0,150,5,moderate,1.0,3059110328,29,2026,firm_1,ir_accuracy,0.0
4,0.6,49.0,150,5,moderate,1.0,3059110328,29,2026,firm_2,phi_operational,87.94236097123287
4,0.6,49.0,150,5,moderate,1.0,3059110328,29,2026,firm_2,phi_accuracy,-0.013439009498740476
4,0.6,49.0,150,5,moderate,1.0,3059110328,29,2026,firm_2,ir_operational,1.0
4,0.6,49.0,150,5,moderate,1.0,3059110328,29,2026,firm_2,ir_accuracy,0.0
4,0.6,49.0,150,5,moderate,1.0,3059110328,29,2026,firm_3,phi_operational,68.97201825530063
4,0.6,49.0,150,5,moderate,1.0,3059110328,29,2026,firm_3,phi_accuracy,0.03375610045866906
4,0.6,49.0,150,5,moderate,1.0,3059110328,29,2026,firm_3,ir_operational,1.0
4,0.6,49.0,150,5,moderate,1.0,3059110328,29,2026,firm_3,ir_accuracy,1.0
4,0.6,49.0,150,5,moderate,1.0,3059110328,29,2026,_summary,v_op_N,333.57627936422887
4,0.6,49.0,150,5,moderate,1.0,3059110328,29,2026,_summary,v_acc_N,0.01877939914484761
4,0.6,49.0,150,5,moderate,1.0,3059110328,29,2026,_summary,spearman_rho,-0.6000000000000001
4,0.6,49.0,150,5,moderate,1.0,3059110328,29,2026,_summary,payment_displacement,0.32797136688198536
4,0.6,49.0,150,5,moderate,1.0,3059110328,29,2026,_summary,any_rank_reversal,1.0
4,0.6,49.0,150,5,moderate,1.0,3059110328,29,2026,_summary,efficiency_gap_op,0.0
4,0.9,1.0,150,5,moderate,1.0,1382030088,0,2026,firm_0,phi_operational,0.4497300517974689
4,0.9,1.0,150,5,moderate,1.0,1382030088,0,2026,firm_0,phi_accuracy,0.06248272326526089
4,0.9,1.0,150,5,moderate,1.0,1382030088,0,2026,firm_0,ir_operational,1.0
4,0.9,1.0,150,5,moderate,1.0,1382030088,0,2026,firm_0,ir_accuracy,1.0
4,0.9,1.0,150,5,moderate,1.0,1382030088,0,2026,firm_1,phi_operational,2.8944418119428024
4,0.9,1.0,150,5,moderate,1.0,1382030088,0,2026,firm_1,phi_accuracy,-0.056989559806793114
4,0.9,1.0,150,5,moderate,1.0,1382030088,0,2026,firm_1,ir_operational,1.0
4,0.9,1.0,150,5,moderate,1.0,1382030088,0,2026,firm_1,ir_accuracy,0.0
4,0.9,1.0,150,5,moderate,1.0,1382030088,0,2026,firm_2,phi_operational,0.15100624195496454
4,0.9,1.0,150,5,moderate,1.0,1382030088,0,2026,firm_2,phi_accuracy,-0.009561568745563076
4,0.9,1.0,150,5,moderate,1.0,1382030088,0,2026,firm_2,ir_operational,1.0
4,0.9,1.0,150,5,moderate,1.0,1382030088,0,2026,firm_2,ir_accuracy,0.0
4,0.9,1.0,150,5,moderate,1.0,1382030088,0,2026,firm_3,phi_operational,0.07263658288078523
4,0.9,1.0,150,5,moderate,1.0,1382030088,0,2026,firm_3,phi_accuracy,0.009943447974165926
4,0.9,1.0,150,5,moderate,1.0,1382030088,0,2026,firm_3,ir_operational,1.0
4,0.9,1.0,150,5,moderate,1.0,1382030088,0,2026,firm_3,ir_accuracy,1.0
4,0.9,1.0,150,5,moderate,1.0,1382030088,0,2026,_summary,v_op_N,3.5678146885760214
4,0.9,1.0,150,5,moderate,1.0,1382030088,0,2026,_summary,v_acc_N,0.00587504268707062
4,0.9,1.0,150,5,moderate,1.0,1382030088,0,2026,_summary,spearman_rho,-0.3999999999999999
4,0.9,1.0,150,5,moderate,1.0,1382030088,0,2026,_summary,payment_displacement,0.4267945955315396
4,0.9,1.0,150,5,moderate,1.0,1382030088,0,2026,_summary,any_rank_reversal,1.0
4,0.9,1.0,150,5,moderate,1.0,1382030088,0,2026,_summary,efficiency_gap_op,4.440892098500626e-16
4,0.9,1.0,150,5,moderate,1.0,928837665,1,2026,firm_0,phi_operational,1.2650427560349737
4,0.9,1.0,150,5,moderate,1.0,928837665,1,2026,firm_0,phi_accuracy,-0.027520528257871768
4,0.9,1.0,150,5,moderate,1.0,928837665,1,2026,firm_0,ir_operational,1.0
4,0.9,1.0,150,5,moderate,1.0,928837665,1,2026,firm_0,ir_accuracy,0.0
4,0.9,1.0,150,5,moderate,1.0,928837665,1,2026,firm_1,phi_operational,1.8124547542598308
4,0.9,1.0,150,5,moderate,1.0,928837665,1,2026,firm_1,phi_accuracy,0.019220426827443772
4,0.9,1.0,150,5,moderate,1.0,928837665,1,2026,firm_1,ir_operational,1.0
4,0.9,1.0,150,5,moderate,1.0,928837665,1,2026,firm_1,ir_accuracy,1.0
4,0.9,1.0,150,5,moderate,1.0,928837665,1,2026,firm_2,phi_operational,1.1617241042821775
4,0.9,1.0,150,5,moderate,1.0,928837665,1,2026,firm_2,phi_accuracy,-0.009279479996954035
4,0.9,1.0,150,5,moderate,1.0,928837665,1,2026,firm_2,ir_operational,1.0
4,0.9,1.0,150,5,moderate,1.0,928837665,1,2026,firm_2,ir_accuracy,0.0
4,0.9,1.0,150,5,moderate,1.0,928837665,1,2026,firm_3,phi_operational,1.511126003736089
4,0.9,1.0,150,5,moderate,1.0,928837665,1,2026,firm_3,phi_accuracy,-0.004536613774161369
4,0.9,1.0,150,5,moderate,1.0,928837665,1,2026,firm_3,ir_operational,1.0
4,0.9,1.0,150,5,moderate,1.0,928837665,1,2026,firm_3,ir_accuracy,0.0
4,0.9,1.0,150,5,moderate,1.0,928837665,1,2026,_summary,v_op_N,5.7503476183130715
4,0.9,1.0,150,5,moderate,1.0,928837665,1,2026,_summary,v_acc_N,-0.022116195201543398
4,0.9,1.0,150,5,moderate,1.0,928837665,1,2026,_summary,spearman_rho,0.8
4,0.9,1.0,150,5,moderate,1.0,928837665,1,2026,_summary,payment_displacement,0.3424047662322719
4,0.9,1.0,150,5,moderate,1.0,928837665,1,2026,_summary,any_rank_reversal,1.0
4,0.9,1.0,150,5,moderate,1.0,928837665,1,2026,_summary,efficiency_gap_op,0.0
4,0.9,1.0,150,5,moderate,1.0,2099634280,2,2026,firm_0,phi_operational,-2.923360360806079
4,0.9,1.0,150,5,moderate,1.0,2099634280,2,2026,firm_0,phi_accuracy,-0.018249811026090357
4,0.9,1.0,150,5,moderate,1.0,2099634280,2,2026,firm_0,ir_operational,0.0
4,0.9,1.0,150,5,moderate,1.0,2099634280,2,2026,firm_0,ir_accuracy,0.0
4,0.9,1.0,150,5,moderate,1.0,2099634280,2,2026,firm_1,phi_operational,-0.13820660171337096
4,0.9,1.0,150,5,moderate,1.0,2099634280,2,2026,firm_1,phi_accuracy,-0.035114516923219874
4,0.9,1.0,150,5,moderate,1.0,2099634280,2,2026,firm_1,ir_operational,0.0
4,0.9,1.0,150,5,moderate,1.0,2099634280,2,2026,firm_1,ir_accuracy,0.0
4,0.9,1.0,150,5,moderate,1.0,2099634280,2,2026,firm_2,phi_operational,1.2630275670313367
4,0.9,1.0,150,5,moderate,1.0,2099634280,2,2026,firm_2,phi_accuracy,-0.001695077279730228
4,0.9,1.0,150,5,moderate,1.0,2099634280,2,2026,firm_2,ir_operational,1.0
4,0.9,1.0,150,5,moderate,1.0,2099634280,2,2026,firm_2,ir_accuracy,0.0
4,0.9,1.0,150,5,moderate,1.0,2099634280,2,2026,firm_3,phi_operational,1.5114904797607593
4,0.9,1.0,150,5,moderate,1.0,2099634280,2,2026,firm_3,phi_accuracy,-0.015497311922337885
4,0.9,1.0,150,5,moderate,1.0,2099634280,2,2026,firm_3,ir_operational,1.0
4,0.9,1.0,150,5,moderate,1.0,2099634280,2,2026,firm_3,ir_accuracy,0.0
4,0.9,1.0,150,5,moderate,1.0,2099634280,2,2026,_summary,v_op_N,-0.2870489157273539
4,0.9,1.0,150,5,moderate,1.0,2099634280,2,2026,_summary,v_acc_N,-0.07055671715137835
4,0.9,1.0,150,5,moderate,1.0,2099634280,2,2026,_summary,spearman_rho,0.6
4,0.9,1.0,150,5,moderate,1.0,2099634280,2,2026,_summary,payment_displacement,0.3588320650060505
4,0.9,1.0,150,5,moderate,1.0,2099634280,2,2026,_summary,any_rank_reversal,1.0
4,0.9,1.0,150,5,moderate,1.0,2099634280,2,2026,_summary,efficiency_gap_op,0.0
4,0.9,1.0,150,5,moderate,1.0,1355021889,3,2026,firm_0,phi_operational,-0.0021741577820364594
4,0.9,1.0,150,5,moderate,1.0,1355021889,3,2026,firm_0,phi_accuracy,0.061279707750622796
4,0.9,1.0,150,5,moderate,1.0,1355021889,3,2026,firm_0,ir_operational,0.0
4,0.9,1.0,150,5,moderate,1.0,1355021889,3,2026,firm_0,ir_accuracy,1.0
4,0.9,1.0,150,5,moderate,1.0,1355021889,3,2026,firm_1,phi_operational,-0.8655083243335373
4,0.9,1.0,150,5,moderate,1.0,1355021889,3,2026,firm_1,phi_accuracy,0.07040276483518694
4,0.9,1.0,150,5,moderate,1.0,1355021889,3,2026,firm_1,ir_operational,0.0
4,0.9,1.0,150,5,moderate,1.0,1355021889,3,2026,firm_1,ir_accuracy,1.0
4,0.9,1.0,150,5,moderate,1.0,1355021889,3,2026,firm_2,phi_operational,0.876668205403135
4,0.9,1.0,150,5,moderate,1.0,1355021889,3,2026,firm_2,phi_accuracy,0.025965198385673106
4,0.9,1.0,150,5,moderate,1.0,1355021889,3,2026,firm_2,ir_operational,1.0
4,0.9,1.0,150,5,moderate,1.0,1355021889,3,2026,firm_2,ir_accuracy,1.0
4,0.9,1.0,150,5,moderate,1.0,1355021889,3,2026,firm_3,phi_operational,0.8654290227154083
4,0.9,1.0,150,5,moderate,1.0,1355021889,3,2026,firm_3,phi_accuracy,0.031797483366535595
4,0.9,1.0,150,5,moderate,1.0,1355021889,3,2026,firm_3,ir_operational,1.0
4,0.9,1.0,150,5,moderate,1.0,1355021889,3,2026,firm_3,ir_accuracy,1.0
4,0.9,1.0,150,5,moderate,1.0,1355021889,3,2026,_summary,v_op_N,0.8744147460029694
4,0.9,1.0,150,5,moderate,1.0,1355021889,3,2026,_summary,v_acc_N,0.18944515433801845
4,0.9,1.0,150,5,moderate,1.0,1355021889,3,2026,_summary,spearman_rho,-1.0
4,0.9,1.0,150,5,moderate,1.0,1355021889,3,2026,_summary,payment_displacement,0.34754774553542617
4,0.9,1.0,150,5,moderate,1.0,1355021889,3,2026,_summary,any_rank_reversal,1.0
4,0.9,1.0,150,5,moderate,1.0,1355021889,3,2026,_summary,efficiency_gap_op,1.1102230246251565e-16
4,0.9,1.0,150,5,moderate,1.0,165722874,4,2026,firm_0,phi_operational,1.9656509187338382
4,0.9,1.0,150,5,moderate,1.0,165722874,4,2026,firm_0,phi_accuracy,0.01549917391607769
4,0.9,1.0,150,5,moderate,1.0,165722874,4,2026,firm_0,ir_operational,1.0
4,0.9,1.0,150,5,moderate,1.0,165722874,4,2026,firm_0,ir_accuracy,1.0
4,0.9,1.0,150,5,moderate,1.0,165722874,4,2026,firm_1,phi_operational,3.6498147927172653
4,0.9,1.0,150,5,moderate,1.0,165722874,4,2026,firm_1,phi_accuracy,0.06128080435758661
4,0.9,1.0,150,5,moderate,1.0,165722874,4,2026,firm_1,ir_operational,1.0
4,0.9,1.0,150,5,moderate,1.0,165722874,4,2026,firm_1,ir_accuracy,1.0
4,0.9,1.0,150,5,moderate,1.0,165722874,4,2026,firm_2,phi_operational,0.565569434971337
4,0.9,1.0,150,5,moderate,1.0,165722874,4,2026,firm_2,phi_accuracy,0.08490469470464106
4,0.9,1.0,150,5,moderate,1.0,165722874,4,2026,firm_2,ir_operational,1.0
4,0.9,1.0,150,5,moderate,1.0,165722874,4,2026,firm_2,ir_accuracy,1.0
4,0.9,1.0,150,5,moderate,1.0,165722874,4,2026,firm_3,phi_operational,3.5503591074577696
4,0.9,1.0,150,5,moderate,1.0,165722874,4,2026,firm_3,phi_accuracy,0.06678757907987365
4,0.9,1.0,150,5,moderate,1.0,165722874,4,2026,firm_3,ir_operational,1.0
4,0.9,1.0,150,5,moderate,1.0,165722874,4,2026,firm_3,ir_accuracy,1.0
4,0.9,1.0,150,5,moderate,1.0,165722874,4,2026,_summary,v_op_N,9.731394253880211
4,0.9,1.0,150,5,moderate,1.0,165722874,4,2026,_summary,v_acc_N,0.228472252058179
4,0.9,1.0,150,5,moderate,1.0,165722874,4,2026,_summary,spearman_rho,-0.3999999999999999
4,0.9,1.0,150,5,moderate,1.0,165722874,4,2026,_summary,payment_displacement,0.1567506284083054
4,0.9,1.0,150,5,moderate,1.0,165722874,4,2026,_summary,any_rank_reversal,1.0
4,0.9,1.0,150,5,moderate,1.0,165722874,4,2026,_summary,efficiency_gap_op,0.0
4,0.9,1.0,150,5,moderate,1.0,2860476534,5,2026,firm_0,phi_operational,0.6209739394410316
4,0.9,1.0,150,5,moderate,1.0,2860476534,5,2026,firm_0,phi_accuracy,0.015133916092150089
4,0.9,1.0,150,5,moderate,1.0,2860476534,5,2026,firm_0,ir_operational,1.0
4,0.9,1.0,150,5,moderate,1.0,2860476534,5,2026,firm_0,ir_accuracy,1.0
4,0.9,1.0,150,5,moderate,1.0,2860476534,5,2026,firm_1,phi_operational,0.3479391153900977
4,0.9,1.0,150,5,moderate,1.0,2860476534,5,2026,firm_1,phi_accuracy,0.03349176500632606
4,0.9,1.0,150,5,moderate,1.0,2860476534,5,2026,firm_1,ir_operational,1.0
4,0.9,1.0,150,5,moderate,1.0,2860476534,5,2026,firm_1,ir_accuracy,1.0
4,0.9,1.0,150,5,moderate,1.0,2860476534,5,2026,firm_2,phi_operational,1.8847448864807959
4,0.9,1.0,150,5,moderate,1.0,2860476534,5,2026,firm_2,phi_accuracy,0.06326200515664705
4,0.9,1.0,150,5,moderate,1.0,2860476534,5,2026,firm_2,ir_operational,1.0
4,0.9,1.0,150,5,moderate,1.0,2860476534,5,2026,firm_2,ir_accuracy,1.0
4,0.9,1.0,150,5,moderate,1.0,2860476534,5,2026,firm_3,phi_operational,0.3137689743802218
4,0.9,1.0,150,5,moderate,1.0,2860476534,5,2026,firm_3,phi_accuracy,0.05499426543440381
4,0.9,1.0,150,5,moderate,1.0,2860476534,5,2026,firm_3,ir_operational,1.0
4,0.9,1.0,150,5,moderate,1.0,2860476534,5,2026,firm_3,ir_accuracy,1.0
4,0.9,1.0,150,5,moderate,1.0,2860476534,5,2026,_summary,v_op_N,3.167426915692147
4,0.9,1.0,150,5,moderate,1.0,2860476534,5,2026,_summary,v_acc_N,0.16688195168952702
4,0.9,1.0,150,5,moderate,1.0,2860476534,5,2026,_summary,spearman_rho,0.19999999999999996
4,0.9,1.0,150,5,moderate,1.0,2860476534,5,2026,_summary,payment_displacement,0.1606604915130184
4,0.9,1.0,150,5,moderate,1.0,2860476534,5,2026,_summary,any_rank_reversal,1.0
4,0.9,1.0,150,5,moderate,1.0,2860476534,5,2026,_summary,efficiency_gap_op,0.0
4,0.9,1.0,150,5,moderate,1.0,3969479423,6,2026,firm_0,phi_operational,-2.261263546040818
4,0.9,1.0,150,5,moderate,1.0,3969479423,6,2026,firm_0,phi_accuracy,0.009308931196561962
4,0.9,1.0,150,5,moderate,1.0,3969479423,6,2026,firm_0,ir_operational,0.0
4,0.9,1.0,150,5,moderate,1.0,3969479423,6,2026,firm_0,ir_accuracy,1.0
4,0.9,1.0,150,5,moderate,1.0,3969479423,6,2026,firm_1,phi_operational,0.8633669120875945
4,0.9,1.0,150,5,moderate,1.0,3969479423,6,2026,firm_1,phi_accuracy,0.06506138621950522
4,0.9,1.0,150,5,moderate,1.0,3969479423,6,2026,firm_1,ir_operational,1.0
4,0.9,1.0,150,5,moderate,1.0,3969479423,6,2026,firm_1,ir_accuracy,1.0
4,0.9,1.0,150,5,moderate,1.0,3969479423,6,2026,firm_2,phi_operational,-0.5083451878270087
4,0.9,1.0,150,5,moderate,1.0,3969479423,6,2026,firm_2,phi_accuracy,0.018130520824847812
4,0.9,1.0,150,5,moderate,1.0,3969479423,6,2026,firm_2,ir_operational,0.0
4,0.9,1.0,150,5,moderate,1.0,3969479423,6,2026,firm_2,ir_accuracy,1.0
4,0.9,1.0,150,5,moderate,1.0,3969479423,6,2026,firm_3,phi_operational,-0.04447790975823787
4,0.9,1.0,150,5,moderate,1.0,3969479423,6,2026,firm_3,phi_accuracy,0.0316394125888743
4,0.9,1.0,150,5,moderate,1.0,3969479423,6,2026,firm_3,ir_operational,0.0
4,0.9,1.0,150,5,moderate,1.0,3969479423,6,2026,firm_3,ir_accuracy,1.0
4,0.9,1.0,150,5,moderate,1.0,3969479423,6,2026,_summary,v_op_N,-1.9507197315384701
4,0.9,1.0,150,5,moderate,1.0,3969479423,6,2026,_summary,v_acc_N,0.1241402508297893
4,0.9,1.0,150,5,moderate,1.0,3969479423,6,2026,_summary,spearman_rho,1.0
4,0.9,1.0,150,5,moderate,1.0,3969479423,6,2026,_summary,payment_displacement,0.38261348525241623
4,0.9,1.0,150,5,moderate,1.0,3969479423,6,2026,_summary,any_rank_reversal,0.0
4,0.9,1.0,150,5,moderate,1.0,3969479423,6,2026,_summary,efficiency_gap_op,2.220446049250313e-16
4,0.9,1.0,150,5,moderate,1.0,638416941,7,2026,firm_0,phi_operational,-1.8419046673430088
4,0.9,1.0,150,5,moderate,1.0,638416941,7,2026,firm_0,phi_accuracy,0.027499369999424372
4,0.9,1.0,150,5,moderate,1.0,638416941,7,2026,firm_0,ir_operational,0.0
4,0.9,1.0,150,5,moderate,1.0,638416941,7,2026,firm_0,ir_accuracy,1.0
4,0.9,1.0,150,5,moderate,1.0,638416941,7,2026,firm_1,phi_operational,-5.994099263634384
4,0.9,1.0,150,5,moderate,1.0,638416941,7,2026,firm_1,phi_accuracy,0.06845779531205796
4,0.9,1.0,150,5,moderate,1.0,638416941,7,2026,firm_1,ir_operational,0.0
4,0.9,1.0,150,5,moderate,1.0,638416941,7,2026,firm_1,ir_accuracy,1.0
4,0.9,1.0,150,5,moderate,1.0,638416941,7,2026,firm_2,phi_operational,0.5301348447345214
4,0.9,1.0,150,5,moderate,1.0,638416941,7,2026,firm_2,phi_accuracy,0.0024789886189854893
4,0.9,1.0,150,5,moderate,1.0,638416941,7,2026,firm_2,ir_operational,1.0
4,0.9,1.0,150,5,moderate,1.0,638416941,7,2026,firm_2,ir_accuracy,1.0
4,0.9,1.0,150,5,moderate,1.0,638416941,7,2026,firm_3,phi_operational,-0.15158940314747582
4,0.9,1.0,150,5,moderate,1.0,638416941,7,2026,firm_3,phi_accuracy,-0.012099160002663348
4,0.9,1.0,150,5,moderate,1.0,638416941,7,2026,firm_3,ir_operational,0.0
4,0.9,1.0,150,5,moderate,1.0,638416941,7,2026,firm_3,ir_accuracy,0.0
4,0.9,1.0,150,5,moderate,1.0,638416941,7,2026,_summary,v_op_N,-7.457458489390348
4,0.9,1.0,150,5,moderate,1.0,638416941,7,2026,_summary,v_acc_N,0.08633699392780447
4,0.9,1.0,150,5,moderate,1.0,638416941,7,2026,_summary,spearman_rho,-0.8
4,0.9,1.0,150,5,moderate,1.0,638416941,7,2026,_summary,payment_displacement,0.4798879761185542
4,0.9,1.0,150,5,moderate,1.0,638416941,7,2026,_summary,any_rank_reversal,1.0
4,0.9,1.0,150,5,moderate,1.0,638416941,7,2026,_summary,efficiency_gap_op,8.881784197001252e-16
4,0.9,1.0,150,5,moderate,1.0,4097622312,8,2026,firm_0,phi_operational,-1.433626984295178
4,0.9,1.0,150,5,moderate,1.0,4097622312,8,2026,firm_0,phi_accuracy,-0.037796818631212106
4,0.9,1.0,150,5,moderate,1.0,4097622312,8,2026,firm_0,ir_operational,0.0
4,0.9,1.0,150,5,moderate,1.0,4097622312,8,2026,firm_0,ir_accuracy,0.0
4,0.9,1.0,150,5,moderate,1.0,4097622312,8,2026,firm_1,phi_operational,0.946607871938184
4,0.9,1.0,150,5,moderate,1.0,4097622312,8,2026,firm_1,phi_accuracy,0.017557649330646997
4,0.9,1.0,150,5,moderate,1.0,4097622312,8,2026,firm_1,ir_operational,1.0
4,0.9,1.0,150,5,moderate,1.0,4097622312,8,2026,firm_1,ir_accuracy,1.0
4,0.9,1.0,150,5,moderate,1.0,4097622312,8,2026,firm_2,phi_operational,1.8194893083246388
4,0.9,1.0,150,5,moderate,1.0,4097622312,8,2026,firm_2,phi_accuracy,0.010310331428347955
4,0.9,1.0,150,5,moderate,1.0,4097622312,8,2026,firm_2,ir_operational,1.0
4,0.9,1.0,150,5,moderate,1.0,4097622312,8,2026,firm_2,ir_accuracy,1.0
4,0.9,1.0,150,5,moderate,1.0,4097622312,8,2026,firm_3,phi_operational,-3.452903761944682
4,0.9,1.0,150,5,moderate,1.0,4097622312,8,2026,firm_3,phi_accuracy,-0.013887754178558753
4,0.9,1.0,150,5,moderate,1.0,4097622312,8,2026,firm_3,ir_operational,0.0
4,0.9,1.0,150,5,moderate,1.0,4097622312,8,2026,firm_3,ir_accuracy,0.0
4,0.9,1.0,150,5,moderate,1.0,4097622312,8,2026,_summary,v_op_N,-2.120433565977038
4,0.9,1.0,150,5,moderate,1.0,4097622312,8,2026,_summary,v_acc_N,-0.02381659205077591
4,0.9,1.0,150,5,moderate,1.0,4097622312,8,2026,_summary,spearman_rho,0.6
4,0.9,1.0,150,5,moderate,1.0,4097622312,8,2026,_summary,payment_displacement,0.1923938384449692
4,0.9,1.0,150,5,moderate,1.0,4097622312,8,2026,_summary,any_rank_reversal,1.0
4,0.9,1.0,150,5,moderate,1.0,4097622312,8,2026,_summary,efficiency_gap_op,4.440892098500626e-16
4,0.9,1.0,150,5,moderate,1.0,3304796203,9,2026,firm_0,phi_operational,0.5102328140225888
4,0.9,1.0,150,5,moderate,1.0,3304796203,9,2026,firm_0,phi_accuracy,0.05213842171989748
4,0.9,1.0,150,5,moderate,1.0,3304796203,9,2026,firm_0,ir_operational,1.0
4,0.9,1.0,150,5,moderate,1.0,3304796203,9,2026,firm_0,ir_accuracy,1.0
4,0.9,1.0,150,5,moderate,1.0,3304796203,9,2026,firm_1,phi_operational,-0.38914719977221773
4,0.9,1.0,150,5,moderate,1.0,3304796203,9,2026,firm_1,phi_accuracy,0.021122165683132837
4,0.9,1.0,150,5,moderate,1.0,3304796203,9,2026,firm_1,ir_operational,0.0
4,0.9,1.0,150,5,moderate,1.0,3304796203,9,2026,firm_1,ir_accuracy,1.0
4,0.9,1.0,150,5,moderate,1.0,3304796203,9,2026,firm_2,phi_operational,-2.2727179766028365
4,0.9,1.0,150,5,moderate,1.0,3304796203,9,2026,firm_2,phi_accuracy,-0.010272184836248938
4,0.9,1.0,150,5,moderate,1.0,3304796203,9,2026,firm_2,ir_operational,0.0
4,0.9,1.0,150,5,moderate,1.0,3304796203,9,2026,firm_2,ir_accuracy,0.0
4,0.9,1.0,150,5,moderate,1.0,3304796203,9,2026,firm_3,phi_operational,-1.89930204858684
4,0.9,1.0,150,5,moderate,1.0,3304796203,9,2026,firm_3,phi_accuracy,0.05128534636955741
4,0.9,1.0,150,5,moderate,1.0,3304796203,9,2026,firm_3,ir_operational,0.0
4,0.9,1.0,150,5,moderate,1.0,3304796203,9,2026,firm_3,ir_accuracy,1.0
4,0.9,1.0,150,5,moderate,1.0,3304796203,9,2026,_summary,v_op_N,-4.0509344109393055
4,0.9,1.0,150,5,moderate,1.0,3304796203,9,2026,_summary,v_acc_N,0.11427374893633879
4,0.9,1.0,150,5,moderate,1.0,3304796203,9,2026,_summary,spearman_rho,0.8
4,0.9,1.0,150,5,moderate,1.0,3304796203,9,2026,_summary,payment_displacement,0.41159861812325754
4,0.9,1.0,150,5,moderate,1.0,3304796203,9,2026,_summary,any_rank_reversal,1.0
4,0.9,1.0,150,5,moderate,1.0,3304796203,9,2026,_summary,efficiency_gap_op,0.0
4,0.9,1.0,150,5,moderate,1.0,345367896,10,2026,firm_0,phi_operational,2.4145929099529866
4,0.9,1.0,150,5,moderate,1.0,345367896,10,2026,firm_0,phi_accuracy,0.040968879953510784
4,0.9,1.0,150,5,moderate,1.0,345367896,10,2026,firm_0,ir_operational,1.0
4,0.9,1.0,150,5,moderate,1.0,345367896,10,2026,firm_0,ir_accuracy,1.0
4,0.9,1.0,150,5,moderate,1.0,345367896,10,2026,firm_1,phi_operational,1.2128689838869442
4,0.9,1.0,150,5,moderate,1.0,345367896,10,2026,firm_1,phi_accuracy,0.057510733491916835
4,0.9,1.0,150,5,moderate,1.0,345367896,10,2026,firm_1,ir_operational,1.0
4,0.9,1.0,150,5,moderate,1.0,345367896,10,2026,firm_1,ir_accuracy,1.0
4,0.9,1.0,150,5,moderate,1.0,345367896,10,2026,firm_2,phi_operational,0.5519804030387027
4,0.9,1.0,150,5,moderate,1.0,345367896,10,2026,firm_2,phi_accuracy,0.016025466431484114
4,0.9,1.0,150,5,moderate,1.0,345367896,10,2026,firm_2,ir_operational,1.0
4,0.9,1.0,150,5,moderate,1.0,345367896,10,2026,firm_2,ir_accuracy,1.0
4,0.9,1.0,150,5,moderate,1.0,345367896,10,2026,firm_3,phi_operational,-0.8717032798698341
4,0.9,1.0,150,5,moderate,1.0,345367896,10,2026,firm_3,phi_accuracy,0.023117724967789282
4,0.9,1.0,150,5,moderate,1.0,345367896,10,2026,firm_3,ir_operational,0.0
4,0.9,1.0,150,5,moderate,1.0,345367896,10,2026,firm_3,ir_accuracy,1.0
4,0.9,1.0,150,5,moderate,1.0,345367896,10,2026,_summary,v_op_N,3.3077390170087995
4,0.9,1.0,150,5,moderate,1.0,345367896,10,2026,_summary,v_acc_N,0.13762280484470102
4,0.9,1.0,150,5,moderate,1.0,345367896,10,2026,_summary,spearman_rho,0.6
4,0.9,1.0,150,5,moderate,1.0,345367896,10,2026,_summary,payment_displacement,0.1764572585224976
4,0.9,1.0,150,5,moderate,1.0,345367896,10,2026,_summary,any_rank_reversal,1.0
4,0.9,1.0,150,5,moderate,1.0,345367896,10,2026,_summary,efficiency_gap_op,0.0
4,0.9,1.0,150,5,moderate,1.0,3003155230,11,2026,firm_0,phi_operational,-3.4142260883194355
4,0.9,1.0,150,5,moderate,1.0,3003155230,11,2026,firm_0,phi_accuracy,0.00860501201607929
4,0.9,1.0,150,5,moderate,1.0,3003155230,11,2026,firm_0,ir_operational,0.0
4,0.9,1.0,150,5,moderate,1.0,3003155230,11,2026,firm_0,ir_accuracy,1.0
4,0.9,1.0,150,5,moderate,1.0,3003155230,11,2026,firm_1,phi_operational,-3.517920184570559
4,0.9,1.0,150,5,moderate,1.0,3003155230,11,2026,firm_1,phi_accuracy,0.037048341565493706
4,0.9,1.0,150,5,moderate,1.0,3003155230,11,2026,firm_1,ir_operational,0.0
4,0.9,1.0,150,5,moderate,1.0,3003155230,11,2026,firm_1,ir_accuracy,1.0
4,0.9,1.0,150,5,moderate,1.0,3003155230,11,2026,firm_2,phi_operational,-1.714929254046351
4,0.9,1.0,150,5,moderate,1.0,3003155230,11,2026,firm_2,phi_accuracy,0.005156934296789946
4,0.9,1.0,150,5,moderate,1.0,3003155230,11,2026,firm_2,ir_operational,0.0
4,0.9,1.0,150,5,moderate,1.0,3003155230,11,2026,firm_2,ir_accuracy,1.0
4,0.9,1.0,150,5,moderate,1.0,3003155230,11,2026,firm_3,phi_operational,-1.307508192521754
4,0.9,1.0,150,5,moderate,1.0,3003155230,11,2026,firm_3,phi_accuracy,0.01958988561293329
4,0.9,1.0,150,5,moderate,1.0,3003155230,11,2026,firm_3,ir_operational,0.0
4,0.9,1.0,150,5,moderate,1.0,3003155230,11,2026,firm_3,ir_accuracy,1.0
4,0.9,1.0,150,5,moderate,1.0,3003155230,11,2026,_summary,v_op_N,-9.9545837194581
4,0.9,1.0,150,5,moderate,1.0,3003155230,11,2026,_summary,v_acc_N,0.07040017349129624
4,0.9,1.0,150,5,moderate,1.0,3003155230,11,2026,_summary,spearman_rho,-0.3999999999999999
4,0.9,1.0,150,5,moderate,1.0,3003155230,11,2026,_summary,payment_displacement,0.49999999999642375
4,0.9,1.0,150,5,moderate,1.0,3003155230,11,2026,_summary,any_rank_reversal,1.0
4,0.9,1.0,150,5,moderate,1.0,3003155230,11,2026,_summary,efficiency_gap_op,0.0
4,0.9,1.0,150,5,moderate,1.0,1913126612,12,2026,firm_0,phi_operational,-0.08583425046576093
4,0.9,1.0,150,5,moderate,1.0,1913126612,12,2026,firm_0,phi_accuracy,0.055943571100930324
4,0.9,1.0,150,5,moderate,1.0,1913126612,12,2026,firm_0,ir_operational,0.0
4,0.9,1.0,150,5,moderate,1.0,1913126612,12,2026,firm_0,ir_accuracy,1.0
4,0.9,1.0,150,5,moderate,1.0,1913126612,12,2026,firm_1,phi_operational,3.113337935366947
4,0.9,1.0,150,5,moderate,1.0,1913126612,12,2026,firm_1,phi_accuracy,0.008983961679223513
4,0.9,1.0,150,5,moderate,1.0,1913126612,12,2026,firm_1,ir_operational,1.0
4,0.9,1.0,150,5,moderate,1.0,1913126612,12,2026,firm_1,ir_accuracy,1.0
4,0.9,1.0,150,5,moderate,1.0,1913126612,12,2026,firm_2,phi_operational,2.0844445002017453
4,0.9,1.0,150,5,moderate,1.0,1913126612,12,2026,firm_2,phi_accuracy,0.030477783499851047
4,0.9,1.0,150,5,moderate,1.0,1913126612,12,2026,firm_2,ir_operational,1.0
4,0.9,1.0,150,5,moderate,1.0,1913126612,12,2026,firm_2,ir_accuracy,1.0
4,0.9,1.0,150,5,moderate,1.0,1913126612,12,2026,firm_3,phi_operational,2.5172390661414568
4,0.9,1.0,150,5,moderate,1.0,1913126612,12,2026,firm_3,phi_accuracy,0.051785945255750455
4,0.9,1.0,150,5,moderate,1.0,1913126612,12,2026,firm_3,ir_operational,1.0
4,0.9,1.0,150,5,moderate,1.0,1913126612,12,2026,firm_3,ir_accuracy,1.0
4,0.9,1.0,150,5,moderate,1.0,1913126612,12,2026,_summary,v_op_N,7.629187251244389
4,0.9,1.0,150,5,moderate,1.0,1913126612,12,2026,_summary,v_acc_N,0.14719126153575535
4,0.9,1.0,150,5,moderate,1.0,1913126612,12,2026,_summary,spearman_rho,-0.8
4,0.9,1.0,150,5,moderate,1.0,1913126612,12,2026,_summary,payment_displacement,0.20460701094101855
4,0.9,1.0,150,5,moderate,1.0,1913126612,12,2026,_summary,any_rank_reversal,1.0
4,0.9,1.0,150,5,moderate,1.0,1913126612,12,2026,_summary,efficiency_gap_op,8.881784197001252e-16
4,0.9,1.0,150,5,moderate,1.0,3586858108,13,2026,firm_0,phi_operational,1.866572632604047
4,0.9,1.0,150,5,moderate,1.0,3586858108,13,2026,firm_0,phi_accuracy,-0.038069590835664635
4,0.9,1.0,150,5,moderate,1.0,3586858108,13,2026,firm_0,ir_operational,1.0
4,0.9,1.0,150,5,moderate,1.0,3586858108,13,2026,firm_0,ir_accuracy,0.0
4,0.9,1.0,150,5,moderate,1.0,3586858108,13,2026,firm_1,phi_operational,0.28689533630777453
4,0.9,1.0,150,5,moderate,1.0,3586858108,13,2026,firm_1,phi_accuracy,-0.06110000273003337
4,0.9,1.0,150,5,moderate,1.0,3586858108,13,2026,firm_1,ir_operational,1.0
4,0.9,1.0,150,5,moderate,1.0,3586858108,13,2026,firm_1,ir_accuracy,0.0
4,0.9,1.0,150,5,moderate,1.0,3586858108,13,2026,firm_2,phi_operational,2.844453274815895
4,0.9,1.0,150,5,moderate,1.0,3586858108,13,2026,firm_2,phi_accuracy,0.004747174796586558
4,0.9,1.0,150,5,moderate,1.0,3586858108,13,2026,firm_2,ir_operational,1.0
4,0.9,1.0,150,5,moderate,1.0,3586858108,13,2026,firm_2,ir_accuracy,1.0
4,0.9,1.0,150,5,moderate,1.0,3586858108,13,2026,firm_3,phi_operational,-0.6817914897264075
4,0.9,1.0,150,5,moderate,1.0,3586858108,13,2026,firm_3,phi_accuracy,-0.010398071641406324
4,0.9,1.0,150,5,moderate,1.0,3586858108,13,2026,firm_3,ir_operational,0.0
4,0.9,1.0,150,5,moderate,1.0,3586858108,13,2026,firm_3,ir_accuracy,0.0
4,0.9,1.0,150,5,moderate,1.0,3586858108,13,2026,_summary,v_op_N,4.3161297540013095
4,0.9,1.0,150,5,moderate,1.0,3586858108,13,2026,_summary,v_acc_N,-0.10482049041051777
4,0.9,1.0,150,5,moderate,1.0,3586858108,13,2026,_summary,spearman_rho,0.4
4,0.9,1.0,150,5,moderate,1.0,3586858108,13,2026,_summary,payment_displacement,0.4337564290083359
4,0.9,1.0,150,5,moderate,1.0,3586858108,13,2026,_summary,any_rank_reversal,1.0
4,0.9,1.0,150,5,moderate,1.0,3586858108,13,2026,_summary,efficiency_gap_op,0.0
4,0.9,1.0,150,5,moderate,1.0,2365803524,14,2026,firm_0,phi_operational,-1.2920516135666442
4,0.9,1.0,150,5,moderate,1.0,2365803524,14,2026,firm_0,phi_accuracy,0.028691346011733322
4,0.9,1.0,150,5,moderate,1.0,2365803524,14,2026,firm_0,ir_operational,0.0
4,0.9,1.0,150,5,moderate,1.0,2365803524,14,2026,firm_0,ir_accuracy,1.0
4,0.9,1.0,150,5,moderate,1.0,2365803524,14,2026,firm_1,phi_operational,-8.393014388188124
4,0.9,1.0,150,5,moderate,1.0,2365803524,14,2026,firm_1,phi_accuracy,0.18041762008322726
4,0.9,1.0,150,5,moderate,1.0,2365803524,14,2026,firm_1,ir_operational,0.0
4,0.9,1.0,150,5,moderate,1.0,2365803524,14,2026,firm_1,ir_accuracy,1.0
4,0.9,1.0,150,5,moderate,1.0,2365803524,14,2026,firm_2,phi_operational,-2.3234534352563707
4,0.9,1.0,150,5,moderate,1.0,2365803524,14,2026,firm_2,phi_accuracy,0.18839639964531427
4,0.9,1.0,150,5,moderate,1.0,2365803524,14,2026,firm_2,ir_operational,0.0
4,0.9,1.0,150,5,moderate,1.0,2365803524,14,2026,firm_2,ir_accuracy,1.0
4,0.9,1.0,150,5,moderate,1.0,2365803524,14,2026,firm_3,phi_operational,0.9323267017254366
4,0.9,1.0,150,5,moderate,1.0,2365803524,14,2026,firm_3,phi_accuracy,0.028029247401431277
4,0.9,1.0,150,5,moderate,1.0,2365803524,14,2026,firm_3,ir_operational,1.0
4,0.9,1.0,150,5,moderate,1.0,2365803524,14,2026,firm_3,ir_accuracy,1.0
4,0.9,1.0,150,5,moderate,1.0,2365803524,14,2026,_summary,v_op_N,-11.076192735285701
4,0.9,1.0,150,5,moderate,1.0,2365803524,14,2026,_summary,v_acc_N,0.42553461314170615
4,0.9,1.0,150,5,moderate,1.0,2365803524,14,2026,_summary,spearman_rho,-0.8
4,0.9,1.0,150,5,moderate,1.0,2365803524,14,2026,_summary,payment_displacement,0.46706584313442456
4,0.9,1.0,150,5,moderate,1.0,2365803524,14,2026,_summary,any_rank_reversal,1.0
4,0.9,1.0,150,5,moderate,1.0,2365803524,14,2026,_summary,efficiency_gap_op,1.7763568394002505e-15
4,0.9,1.0,150,5,moderate,1.0,2694336667,15,2026,firm_0,phi_operational,-0.08957721893165174
4,0.9,1.0,150,5,moderate,1.0,2694336667,15,2026,firm_0,phi_accuracy,-0.0005661213440861046
4,0.9,1.0,150,5,moderate,1.0,2694336667,15,2026,firm_0,ir_operational,0.0
4,0.9,1.0,150,5,moderate,1.0,2694336667,15,2026,firm_0,ir_accuracy,0.0
4,0.9,1.0,150,5,moderate,1.0,2694336667,15,2026,firm_1,phi_operational,7.747972705146968
4,0.9,1.0,150,5,moderate,1.0,2694336667,15,2026,firm_1,phi_accuracy,0.1027990744104262
4,0.9,1.0,150,5,moderate,1.0,2694336667,15,2026,firm_1,ir_operational,1.0
4,0.9,1.0,150,5,moderate,1.0,2694336667,15,2026,firm_1,ir_accuracy,1.0
4,0.9,1.0,150,5,moderate,1.0,2694336667,15,2026,firm_2,phi_operational,1.3528168529126625
4,0.9,1.0,150,5,moderate,1.0,2694336667,15,2026,firm_2,phi_accuracy,0.0347227670227801
4,0.9,1.0,150,5,moderate,1.0,2694336667,15,2026,firm_2,ir_operational,1.0
4,0.9,1.0,150,5,moderate,1.0,2694336667,15,2026,firm_2,ir_accuracy,1.0
4,0.9,1.0,150,5,moderate,1.0,2694336667,15,2026,firm_3,phi_operational,3.518951495457088
4,0.9,1.0,150,5,moderate,1.0,2694336667,15,2026,firm_3,phi_accuracy,0.04131641475278676
4,0.9,1.0,150,5,moderate,1.0,2694336667,15,2026,firm_3,ir_operational,1.0
4,0.9,1.0,150,5,moderate,1.0,2694336667,15,2026,firm_3,ir_accuracy,1.0
4,0.9,1.0,150,5,moderate,1.0,2694336667,15,2026,_summary,v_op_N,12.530163834585068
4,0.9,1.0,150,5,moderate,1.0,2694336667,15,2026,_summary,v_acc_N,0.17827213484190696
4,0.9,1.0,150,5,moderate,1.0,2694336667,15,2026,_summary,spearman_rho,1.0
4,0.9,1.0,150,5,moderate,1.0,2694336667,15,2026,_summary,payment_displacement,0.043550895405115676
4,0.9,1.0,150,5,moderate,1.0,2694336667,15,2026,_summary,any_rank_reversal,0.0
4,0.9,1.0,150,5,moderate,1.0,2694336667,15,2026,_summary,efficiency_gap_op,0.0
4,0.9,1.0,150,5,moderate,1.0,2552707240,16,2026,firm_0,phi_operational,0.5254964227458245
4,0.9,1.0,150,5,moderate,1.0,2552707240,16,2026,firm_0,phi_accuracy,0.01207470020734038
4,0.9,1.0,150,5,moderate,1.0,2552707240,16,2026,firm_0,ir_operational,1.0
4,0.9,1.0,150,5,moderate,1.0,2552707240,16,2026,firm_0,ir_accuracy,1.0
4,0.9,1.0,150,5,moderate,1.0,2552707240,16,2026,firm_1,phi_operational,-2.8145705084715353
4,0.9,1.0,150,5,moderate,1.0,2552707240,16,2026,firm_1,phi_accuracy,0.001272039049217892
4,0.9,1.0,150,5,moderate,1.0,2552707240,16,2026,firm_1,ir_operational,0.0
4,0.9,1.0,150,5,moderate,1.0,2552707240,16,2026,firm_1,ir_accuracy,1.0
4,0.9,1.0,150,5,moderate,1.0,2552707240,16,2026,firm_2,phi_operational,0.4198787564063313
4,0.9,1.0,150,5,moderate,1.0,2552707240,16,2026,firm_2,phi_accuracy,0.030416191467701748
4,0.9,1.0,150,5,moderate,1.0,2552707240,16,2026,firm_2,ir_operational,1.0
4,0.9,1.0,150,5,moderate,1.0,2552707240,16,2026,firm_2,ir_accuracy,1.0
4,0.9,1.0,150,5,moderate,1.0,2552707240,16,2026,firm_3,phi_operational,-0.7236154665334619
4,0.9,1.0,150,5,moderate,1.0,2552707240,16,2026,firm_3,phi_accuracy,0.05364389597130875
4,0.9,1.0,150,5,moderate,1.0,2552707240,16,2026,firm_3,ir_operational,0.0
4,0.9,1.0,150,5,moderate,1.0,2552707240,16,2026,firm_3,ir_accuracy,1.0
4,0.9,1.0,150,5,moderate,1.0,2552707240,16,2026,_summary,v_op_N,-2.5928107958528415
4,0.9,1.0,150,5,moderate,1.0,2552707240,16,2026,_summary,v_acc_N,0.09740682669556877
4,0.9,1.0,150,5,moderate,1.0,2552707240,16,2026,_summary,spearman_rho,0.19999999999999996
4,0.9,1.0,150,5,moderate,1.0,2552707240,16,2026,_summary,payment_displacement,0.3945731811532325
4,0.9,1.0,150,5,moderate,1.0,2552707240,16,2026,_summary,any_rank_reversal,1.0
4,0.9,1.0,150,5,moderate,1.0,2552707240,16,2026,_summary,efficiency_gap_op,0.0
4,0.9,1.0,150,5,moderate,1.0,1103992897,17,2026,firm_0,phi_operational,1.372219584673388
4,0.9,1.0,150,5,moderate,1.0,1103992897,17,2026,firm_0,phi_accuracy,0.03293081869829169
4,0.9,1.0,150,5,moderate,1.0,1103992897,17,2026,firm_0,ir_operational,1.0
4,0.9,1.0,150,5,moderate,1.0,1103992897,17,2026,firm_0,ir_accuracy,1.0
4,0.9,1.0,150,5,moderate,1.0,1103992897,17,2026,firm_1,phi_operational,0.9361090193139792
4,0.9,1.0,150,5,moderate,1.0,1103992897,17,2026,firm_1,phi_accuracy,0.021008287952340256
4,0.9,1.0,150,5,moderate,1.0,1103992897,17,2026,firm_1,ir_operational,1.0
4,0.9,1.0,150,5,moderate,1.0,1103992897,17,2026,firm_1,ir_accuracy,1.0
4,0.9,1.0,150,5,moderate,1.0,1103992897,17,2026,firm_2,phi_operational,0.2733148645432711
4,0.9,1.0,150,5,moderate,1.0,1103992897,17,2026,firm_2,phi_accuracy,0.03792263570728767
4,0.9,1.0,150,5,moderate,1.0,1103992897,17,2026,firm_2,ir_operational,1.0
4,0.9,1.0,150,5,moderate,1.0,1103992897,17,2026,firm_2,ir_accuracy,1.0
4,0.9,1.0,150,5,moderate,1.0,1103992897,17,2026,firm_3,phi_operational,1.5341313684295461
4,0.9,1.0,150,5,moderate,1.0,1103992897,17,2026,firm_3,phi_accuracy,0.05156562328995832
4,0.9,1.0,150,5,moderate,1.0,1103992897,17,2026,firm_3,ir_operational,1.0
4,0.9,1.0,150,5,moderate,1.0,1103992897,17,2026,firm_3,ir_accuracy,1.0
4,0.9,1.0,150,5,moderate,1.0,1103992897,17,2026,_summary,v_op_N,4.115774836960185
4,0.9,1.0,150,5,moderate,1.0,1103992897,17,2026,_summary,v_acc_N,0.14342736564787795
4,0.9,1.0,150,5,moderate,1.0,1103992897,17,2026,_summary,spearman_rho,0.4
4,0.9,1.0,150,5,moderate,1.0,1103992897,17,2026,_summary,payment_displacement,0.09899820415652845
4,0.9,1.0,150,5,moderate,1.0,1103992897,17,2026,_summary,any_rank_reversal,1.0
4,0.9,1.0,150,5,moderate,1.0,1103992897,17,2026,_summary,efficiency_gap_op,0.0
4,0.9,1.0,150,5,moderate,1.0,1283408573,18,2026,firm_0,phi_operational,-0.32748066782654445
4,0.9,1.0,150,5,moderate,1.0,1283408573,18,2026,firm_0,phi_accuracy,-0.012361704251420098
4,0.9,1.0,150,5,moderate,1.0,1283408573,18,2026,firm_0,ir_operational,0.0
4,0.9,1.0,150,5,moderate,1.0,1283408573,18,2026,firm_0,ir_accuracy,0.0
4,0.9,1.0,150,5,moderate,1.0,1283408573,18,2026,firm_1,phi_operational,-0.8954401720772012
4,0.9,1.0,150,5,moderate,1.0,1283408573,18,2026,firm_1,phi_accuracy,0.0233015124805509
4,0.9,1.0,150,5,moderate,1.0,1283408573,18,2026,firm_1,ir_operational,0.0
4,0.9,1.0,150,5,moderate,1.0,1283408573,18,2026,firm_1,ir_accuracy,1.0
4,0.9,1.0,150,5,moderate,1.0,1283408573,18,2026,firm_2,phi_operational,3.2620588573121028
4,0.9,1.0,150,5,moderate,1.0,1283408573,18,2026,firm_2,phi_accuracy,-0.027918100759618498
4,0.9,1.0,150,5,moderate,1.0,1283408573,18,2026,firm_2,ir_operational,1.0
4,0.9,1.0,150,5,moderate,1.0,1283408573,18,2026,firm_2,ir_accuracy,0.0
4,0.9,1.0,150,5,moderate,1.0,1283408573,18,2026,firm_3,phi_operational,0.631326868718195
4,0.9,1.0,150,5,moderate,1.0,1283408573,18,2026,firm_3,phi_accuracy,0.003172819297032984
4,0.9,1.0,150,5,moderate,1.0,1283408573,18,2026,firm_3,ir_operational,1.0
4,0.9,1.0,150,5,moderate,1.0,1283408573,18,2026,firm_3,ir_accuracy,1.0
4,0.9,1.0,150,5,moderate,1.0,1283408573,18,2026,_summary,v_op_N,2.6704648861265525
4,0.9,1.0,150,5,moderate,1.0,1283408573,18,2026,_summary,v_acc_N,-0.013805473233454713
4,0.9,1.0,150,5,moderate,1.0,1283408573,18,2026,_summary,spearman_rho,-0.8
4,0.9,1.0,150,5,moderate,1.0,1283408573,18,2026,_summary,payment_displacement,0.44423141559101953
4,0.9,1.0,150,5,moderate,1.0,1283408573,18,2026,_summary,any_rank_reversal,1.0
4,0.9,1.0,150,5,moderate,1.0,1283408573,18,2026,_summary,efficiency_gap_op,4.440892098500626e-16
4,0.9,1.0,150,5,moderate,1.0,3298079309,19,2026,firm_0,phi_operational,-1.0882106600201855
4,0.9,1.0,150,5,moderate,1.0,3298079309,19,2026,firm_0,phi_accuracy,0.05502330317413695
4,0.9,1.0,150,5,moderate,1.0,3298079309,19,2026,firm_0,ir_operational,0.0
4,0.9,1.0,150,5,moderate,1.0,3298079309,19,2026,firm_0,ir_accuracy,1.0
4,0.9,1.0,150,5,moderate,1.0,3298079309,19,2026,firm_1,phi_operational,1.7745494951744356
4,0.9,1.0,150,5,moderate,1.0,3298079309,19,2026,firm_1,phi_accuracy,0.099134744760477
4,0.9,1.0,150,5,moderate,1.0,3298079309,19,2026,firm_1,ir_operational,1.0
4,0.9,1.0,150,5,moderate,1.0,3298079309,19,2026,firm_1,ir_accuracy,1.0
4,0.9,1.0,150,5,moderate,1.0,3298079309,19,2026,firm_2,phi_operational,0.9295066114407764
4,0.9,1.0,150,5,moderate,1.0,3298079309,19,2026,firm_2,phi_accuracy,0.054448862416194135
4,0.9,1.0,150,5,moderate,1.0,3298079309,19,2026,firm_2,ir_operational,1.0
4,0.9,1.0,150,5,moderate,1.0,3298079309,19,2026,firm_2,ir_accuracy,1.0
4,0.9,1.0,150,5,moderate,1.0,3298079309,19,2026,firm_3,phi_operational,-1.4658805160878878
4,0.9,1.0,150,5,moderate,1.0,3298079309,19,2026,firm_3,phi_accuracy,0.0535240683011096
4,0.9,1.0,150,5,moderate,1.0,3298079309,19,2026,firm_3,ir_operational,0.0
4,0.9,1.0,150,5,moderate,1.0,3298079309,19,2026,firm_3,ir_accuracy,1.0
4,0.9,1.0,150,5,moderate,1.0,3298079309,19,2026,_summary,v_op_N,0.14996493050713866
4,0.9,1.0,150,5,moderate,1.0,3298079309,19,2026,_summary,v_acc_N,0.2621309786519177
4,0.9,1.0,150,5,moderate,1.0,3298079309,19,2026,_summary,spearman_rho,0.8
4,0.9,1.0,150,5,moderate,1.0,3298079309,19,2026,_summary,payment_displacement,0.2428698778075355
4,0.9,1.0,150,5,moderate,1.0,3298079309,19,2026,_summary,any_rank_reversal,1.0
4,0.9,1.0,150,5,moderate,1.0,3298079309,19,2026,_summary,efficiency_gap_op,0.0
4,0.9,1.0,150,5,moderate,1.0,2491894969,20,2026,firm_0,phi_operational,-1.1832714797295552
4,0.9,1.0,150,5,moderate,1.0,2491894969,20,2026,firm_0,phi_accuracy,-0.0068308621189247885
4,0.9,1.0,150,5,moderate,1.0,2491894969,20,2026,firm_0,ir_operational,0.0
4,0.9,1.0,150,5,moderate,1.0,2491894969,20,2026,firm_0,ir_accuracy,0.0
4,0.9,1.0,150,5,moderate,1.0,2491894969,20,2026,firm_1,phi_operational,0.7936540672437786
4,0.9,1.0,150,5,moderate,1.0,2491894969,20,2026,firm_1,phi_accuracy,0.006909364113039033
4,0.9,1.0,150,5,moderate,1.0,2491894969,20,2026,firm_1,ir_operational,1.0
4,0.9,1.0,150,5,moderate,1.0,2491894969,20,2026,firm_1,ir_accuracy,1.0
4,0.9,1.0,150,5,moderate,1.0,2491894969,20,2026,firm_2,phi_operational,1.1757823625510375
4,0.9,1.0,150,5,moderate,1.0,2491894969,20,2026,firm_2,phi_accuracy,-0.010121682036606183
4,0.9,1.0,150,5,moderate,1.0,2491894969,20,2026,firm_2,ir_operational,1.0
4,0.9,1.0,150,5,moderate,1.0,2491894969,20,2026,firm_2,ir_accuracy,0.0
4,0.9,1.0,150,5,moderate,1.0,2491894969,20,2026,firm_3,phi_operational,1.7798081499109581
4,0.9,1.0,150,5,moderate,1.0,2491894969,20,2026,firm_3,phi_accuracy,-0.0011359619673119155
4,0.9,1.0,150,5,moderate,1.0,2491894969,20,2026,firm_3,ir_operational,1.0
4,0.9,1.0,150,5,moderate,1.0,2491894969,20,2026,firm_3,ir_accuracy,0.0
4,0.9,1.0,150,5,moderate,1.0,2491894969,20,2026,_summary,v_op_N,2.565973099976219
4,0.9,1.0,150,5,moderate,1.0,2491894969,20,2026,_summary,v_acc_N,-0.011179142009803855
4,0.9,1.0,150,5,moderate,1.0,2491894969,20,2026,_summary,spearman_rho,0.0
4,0.9,1.0,150,5,moderate,1.0,2491894969,20,2026,_summary,payment_displacement,0.29960272574374464
4,0.9,1.0,150,5,moderate,1.0,2491894969,20,2026,_summary,any_rank_reversal,1.0
4,0.9,1.0,150,5,moderate,1.0,2491894969,20,2026,_summary,efficiency_gap_op,0.0
4,0.9,1.0,150,5,moderate,1.0,470095998,21,2026,firm_0,phi_operational,-1.3550907552031408
4,0.9,1.0,150,5,moderate,1.0,470095998,21,2026,firm_0,phi_accuracy,0.022450787945672686
4,0.9,1.0,150,5,moderate,1.0,470095998,21,2026,firm_0,ir_operational,0.0
4,0.9,1.0,150,5,moderate,1.0,470095998,21,2026,firm_0,ir_accuracy,1.0
4,0.9,1.0,150,5,moderate,1.0,470095998,21,2026,firm_1,phi_operational,-1.9775334676455807
4,0.9,1.0,150,5,moderate,1.0,470095998,21,2026,firm_1,phi_accuracy,0.03188244613771932
4,0.9,1.0,150,5,moderate,1.0,470095998,21,2026,firm_1,ir_operational,0.0
4,0.9,1.0,150,5,moderate,1.0,470095998,21,2026,firm_1,ir_accuracy,1.0
4,0.9,1.0,150,5,moderate,1.0,470095998,21,2026,firm_2,phi_operational,-1.0083484927022397
4,0.9,1.0,150,5,moderate,1.0,470095998,21,2026,firm_2,phi_accuracy,0.004155797905055038
4,0.9,1.0,150,5,moderate,1.0,470095998,21,2026,firm_2,ir_operational,0.0
4,0.9,1.0,150,5,moderate,1.0,470095998,21,2026,firm_2,ir_accuracy,1.0
4,0.9,1.0,150,5,moderate,1.0,470095998,21,2026,firm_3,phi_operational,-0.3966302017201002
4,0.9,1.0,150,5,moderate,1.0,470095998,21,2026,firm_3,phi_accuracy,0.0242669329962982
4,0.9,1.0,150,5,moderate,1.0,470095998,21,2026,firm_3,ir_operational,0.0
4,0.9,1.0,150,5,moderate,1.0,470095998,21,2026,firm_3,ir_accuracy,1.0
4,0.9,1.0,150,5,moderate,1.0,470095998,21,2026,_summary,v_op_N,-4.737602917271062
4,0.9,1.0,150,5,moderate,1.0,470095998,21,2026,_summary,v_acc_N,0.08275596498474524
4,0.9,1.0,150,5,moderate,1.0,470095998,21,2026,_summary,spearman_rho,-0.3999999999999999
4,0.9,1.0,150,5,moderate,1.0,470095998,21,2026,_summary,payment_displacement,0.4999999999969263
4,0.9,1.0,150,5,moderate,1.0,470095998,21,2026,_summary,any_rank_reversal,1.0
4,0.9,1.0,150,5,moderate,1.0,470095998,21,2026,_summary,efficiency_gap_op,0.0
4,0.9,1.0,150,5,moderate,1.0,1759544138,22,2026,firm_0,phi_operational,-2.555855506907399
4,0.9,1.0,150,5,moderate,1.0,1759544138,22,2026,firm_0,phi_accuracy,-0.0015713843614753589
4,0.9,1.0,150,5,moderate,1.0,1759544138,22,2026,firm_0,ir_operational,0.0
4,0.9,1.0,150,5,moderate,1.0,1759544138,22,2026,firm_0,ir_accuracy,0.0
4,0.9,1.0,150,5,moderate,1.0,1759544138,22,2026,firm_1,phi_operational,-1.443916276646237
4,0.9,1.0,150,5,moderate,1.0,1759544138,22,2026,firm_1,phi_accuracy,0.009329130483938075
4,0.9,1.0,150,5,moderate,1.0,1759544138,22,2026,firm_1,ir_operational,0.0
4,0.9,1.0,150,5,moderate,1.0,1759544138,22,2026,firm_1,ir_accuracy,1.0
4,0.9,1.0,150,5,moderate,1.0,1759544138,22,2026,firm_2,phi_operational,-2.736895463311472
4,0.9,1.0,150,5,moderate,1.0,1759544138,22,2026,firm_2,phi_accuracy,-0.0062176968667504995
4,0.9,1.0,150,5,moderate,1.0,1759544138,22,2026,firm_2,ir_operational,0.0
4,0.9,1.0,150,5,moderate,1.0,1759544138,22,2026,firm_2,ir_accuracy,0.0
4,0.9,1.0,150,5,moderate,1.0,1759544138,22,2026,firm_3,phi_operational,-2.0430719627754166
4,0.9,1.0,150,5,moderate,1.0,1759544138,22,2026,firm_3,phi_accuracy,-0.0025270475702101063
4,0.9,1.0,150,5,moderate,1.0,1759544138,22,2026,firm_3,ir_operational,0.0
4,0.9,1.0,150,5,moderate,1.0,1759544138,22,2026,firm_3,ir_accuracy,0.0
4,0.9,1.0,150,5,moderate,1.0,1759544138,22,2026,_summary,v_op_N,-8.779739209640525
4,0.9,1.0,150,5,moderate,1.0,1759544138,22,2026,_summary,v_acc_N,-0.0009869983144978889
4,0.9,1.0,150,5,moderate,1.0,1759544138,22,2026,_summary,spearman_rho,0.8
4,0.9,1.0,150,5,moderate,1.0,1759544138,22,2026,_summary,payment_displacement,0.23982475422838231
4,0.9,1.0,150,5,moderate,1.0,1759544138,22,2026,_summary,any_rank_reversal,1.0
4,0.9,1.0,150,5,moderate,1.0,1759544138,22,2026,_summary,efficiency_gap_op,0.0
4,0.9,1.0,150,5,moderate,1.0,3121180406,23,2026,firm_0,phi_operational,-1.0485240078984266
4,0.9,1.0,150,5,moderate,1.0,3121180406,23,2026,firm_0,phi_accuracy,-0.013052438482169774
4,0.9,1.0,150,5,moderate,1.0,3121180406,23,2026,firm_0,ir_operational,0.0
4,0.9,1.0,150,5,moderate,1.0,3121180406,23,2026,firm_0,ir_accuracy,0.0
4,0.9,1.0,150,5,moderate,1.0,3121180406,23,2026,firm_1,phi_operational,-2.3045927598505593
4,0.9,1.0,150,5,moderate,1.0,3121180406,23,2026,firm_1,phi_accuracy,-0.05981020481885399
4,0.9,1.0,150,5,moderate,1.0,3121180406,23,2026,firm_1,ir_operational,0.0
4,0.9,1.0,150,5,moderate,1.0,3121180406,23,2026,firm_1,ir_accuracy,0.0
4,0.9,1.0,150,5,moderate,1.0,3121180406,23,2026,firm_2,phi_operational,-10.227106517566288
4,0.9,1.0,150,5,moderate,1.0,3121180406,23,2026,firm_2,phi_accuracy,-0.06715483589693244
4,0.9,1.0,150,5,moderate,1.0,3121180406,23,2026,firm_2,ir_operational,0.0
4,0.9,1.0,150,5,moderate,1.0,3121180406,23,2026,firm_2,ir_accuracy,0.0
4,0.9,1.0,150,5,moderate,1.0,3121180406,23,2026,firm_3,phi_operational,-1.317359298986927
4,0.9,1.0,150,5,moderate,1.0,3121180406,23,2026,firm_3,phi_accuracy,-0.036052103075027195
4,0.9,1.0,150,5,moderate,1.0,3121180406,23,2026,firm_3,ir_operational,0.0
4,0.9,1.0,150,5,moderate,1.0,3121180406,23,2026,firm_3,ir_accuracy,0.0
4,0.9,1.0,150,5,moderate,1.0,3121180406,23,2026,_summary,v_op_N,-14.8975825843022
4,0.9,1.0,150,5,moderate,1.0,3121180406,23,2026,_summary,v_acc_N,-0.17606958227298342
4,0.9,1.0,150,5,moderate,1.0,3121180406,23,2026,_summary,spearman_rho,1.0
4,0.9,1.0,150,5,moderate,1.0,3121180406,23,2026,_summary,payment_displacement,0.1525417955213671
4,0.9,1.0,150,5,moderate,1.0,3121180406,23,2026,_summary,any_rank_reversal,0.0
4,0.9,1.0,150,5,moderate,1.0,3121180406,23,2026,_summary,efficiency_gap_op,1.7763568394002505e-15
4,0.9,1.0,150,5,moderate,1.0,3045079556,24,2026,firm_0,phi_operational,-7.649610146818754
4,0.9,1.0,150,5,moderate,1.0,3045079556,24,2026,firm_0,phi_accuracy,0.041429194925815885
4,0.9,1.0,150,5,moderate,1.0,3045079556,24,2026,firm_0,ir_operational,0.0
4,0.9,1.0,150,5,moderate,1.0,3045079556,24,2026,firm_0,ir_accuracy,1.0
4,0.9,1.0,150,5,moderate,1.0,3045079556,24,2026,firm_1,phi_operational,-3.4757248106740093
4,0.9,1.0,150,5,moderate,1.0,3045079556,24,2026,firm_1,phi_accuracy,0.04330090089559263
4,0.9,1.0,150,5,moderate,1.0,3045079556,24,2026,firm_1,ir_operational,0.0
4,0.9,1.0,150,5,moderate,1.0,3045079556,24,2026,firm_1,ir_accuracy,1.0
4,0.9,1.0,150,5,moderate,1.0,3045079556,24,2026,firm_2,phi_operational,-1.8346809566524722
4,0.9,1.0,150,5,moderate,1.0,3045079556,24,2026,firm_2,phi_accuracy,0.003377916838685213
4,0.9,1.0,150,5,moderate,1.0,3045079556,24,2026,firm_2,ir_operational,0.0
4,0.9,1.0,150,5,moderate,1.0,3045079556,24,2026,firm_2,ir_accuracy,1.0
4,0.9,1.0,150,5,moderate,1.0,3045079556,24,2026,firm_3,phi_operational,-7.0503874866574225
4,0.9,1.0,150,5,moderate,1.0,3045079556,24,2026,firm_3,phi_accuracy,0.04062164108975551
4,0.9,1.0,150,5,moderate,1.0,3045079556,24,2026,firm_3,ir_operational,0.0
4,0.9,1.0,150,5,moderate,1.0,3045079556,24,2026,firm_3,ir_accuracy,1.0
4,0.9,1.0,150,5,moderate,1.0,3045079556,24,2026,_summary,v_op_N,-20.01040340080266
4,0.9,1.0,150,5,moderate,1.0,3045079556,24,2026,_summary,v_acc_N,0.12872965374984924
4,0.9,1.0,150,5,moderate,1.0,3045079556,24,2026,_summary,spearman_rho,-0.3999999999999999
4,0.9,1.0,150,5,moderate,1.0,3045079556,24,2026,_summary,payment_displacement,0.49999999999804545
4,0.9,1.0,150,5,moderate,1.0,3045079556,24,2026,_summary,any_rank_reversal,1.0
4,0.9,1.0,150,5,moderate,1.0,3045079556,24,2026,_summary,efficiency_gap_op,0.0
4,0.9,1.0,150,5,moderate,1.0,1236301680,25,2026,firm_0,phi_operational,0.31094055648471414
4,0.9,1.0,150,5,moderate,1.0,1236301680,25,2026,firm_0,phi_accuracy,0.017185217452874456
4,0.9,1.0,150,5,moderate,1.0,1236301680,25,2026,firm_0,ir_operational,1.0
4,0.9,1.0,150,5,moderate,1.0,1236301680,25,2026,firm_0,ir_accuracy,1.0
4,0.9,1.0,150,5,moderate,1.0,1236301680,25,2026,firm_1,phi_operational,0.17027816962360964
4,0.9,1.0,150,5,moderate,1.0,1236301680,25,2026,firm_1,phi_accuracy,0.012712757434973835
4,0.9,1.0,150,5,moderate,1.0,1236301680,25,2026,firm_1,ir_operational,1.0
4,0.9,1.0,150,5,moderate,1.0,1236301680,25,2026,firm_1,ir_accuracy,1.0
4,0.9,1.0,150,5,moderate,1.0,1236301680,25,2026,firm_2,phi_operational,4.88063801056686
4,0.9,1.0,150,5,moderate,1.0,1236301680,25,2026,firm_2,phi_accuracy,0.033305656916694584
4,0.9,1.0,150,5,moderate,1.0,1236301680,25,2026,firm_2,ir_operational,1.0
4,0.9,1.0,150,5,moderate,1.0,1236301680,25,2026,firm_2,ir_accuracy,1.0
4,0.9,1.0,150,5,moderate,1.0,1236301680,25,2026,firm_3,phi_operational,-1.7966830438460069
4,0.9,1.0,150,5,moderate,1.0,1236301680,25,2026,firm_3,phi_accuracy,-0.030543489393554852
4,0.9,1.0,150,5,moderate,1.0,1236301680,25,2026,firm_3,ir_operational,0.0
4,0.9,1.0,150,5,moderate,1.0,1236301680,25,2026,firm_3,ir_accuracy,0.0
4,0.9,1.0,150,5,moderate,1.0,1236301680,25,2026,_summary,v_op_N,3.565173692829177
4,0.9,1.0,150,5,moderate,1.0,1236301680,25,2026,_summary,v_acc_N,0.032660142410988025
4,0.9,1.0,150,5,moderate,1.0,1236301680,25,2026,_summary,spearman_rho,1.0
4,0.9,1.0,150,5,moderate,1.0,1236301680,25,2026,_summary,payment_displacement,0.16326057459932408
4,0.9,1.0,150,5,moderate,1.0,1236301680,25,2026,_summary,any_rank_reversal,0.0
4,0.9,1.0,150,5,moderate,1.0,1236301680,25,2026,_summary,efficiency_gap_op,4.440892098500626e-16
4,0.9,1.0,150,5,moderate,1.0,2442584340,26,2026,firm_0,phi_operational,2.932818810803612
4,0.9,1.0,150,5,moderate,1.0,2442584340,26,2026,firm_0,phi_accuracy,0.0659246917767091
4,0.9,1.0,150,5,moderate,1.0,2442584340,26,2026,firm_0,ir_operational,1.0
4,0.9,1.0,150,5,moderate,1.0,2442584340,26,2026,firm_0,ir_accuracy,1.0
4,0.9,1.0,150,5,moderate,1.0,2442584340,26,2026,firm_1,phi_operational,0.4237448933950603
4,0.9,1.0,150,5,moderate,1.0,2442584340,26,2026,firm_1,phi_accuracy,0.06104646480388792
4,0.9,1.0,150,5,moderate,1.0,2442584340,26,2026,firm_1,ir_operational,1.0
4,0.9,1.0,150,5,moderate,1.0,2442584340,26,2026,firm_1,ir_accuracy,1.0
4,0.9,1.0,150,5,moderate,1.0,2442584340,26,2026,firm_2,phi_operational,0.7040518251403326
4,0.9,1.0,150,5,moderate,1.0,2442584340,26,2026,firm_2,phi_accuracy,0.012579194966690004
4,0.9,1.0,150,5,moderate,1.0,2442584340,26,2026,firm_2,ir_operational,1.0
4,0.9,1.0,150,5,moderate,1.0,2442584340,26,2026,firm_2,ir_accuracy,1.0
4,0.9,1.0,150,5,moderate,1.0,2442584340,26,2026,firm_3,phi_operational,2.605343566097898
4,0.9,1.0,150,5,moderate,1.0,2442584340,26,2026,firm_3,phi_accuracy,0.19600974919424927
4,0.9,1.0,150,5,moderate,1.0,2442584340,26,2026,firm_3,ir_operational,1.0
4,0.9,1.0,150,5,moderate,1.0,2442584340,26,2026,firm_3,ir_accuracy,1.0
4,0.9,1.0,150,5,moderate,1.0,2442584340,26,2026,_summary,v_op_N,6.665959095436904
4,0.9,1.0,150,5,moderate,1.0,2442584340,26,2026,_summary,v_acc_N,0.3355601007415363
4,0.9,1.0,150,5,moderate,1.0,2442584340,26,2026,_summary,spearman_rho,0.6
4,0.9,1.0,150,5,moderate,1.0,2442584340,26,2026,_summary,payment_displacement,0.1558198451676702
4,0.9,1.0,150,5,moderate,1.0,2442584340,26,2026,_summary,any_rank_reversal,1.0
4,0.9,1.0,150,5,moderate,1.0,2442584340,26,2026,_summary,efficiency_gap_op,8.881784197001252e-16
4,0.9,1.0,150,5,moderate,1.0,1853592210,27,2026,firm_0,phi_operational,1.179038369364136
4,0.9,1.0,150,5,moderate,1.0,1853592210,27,2026,firm_0,phi_accuracy,0.03864070194909438
4,0.9,1.0,150,5,moderate,1.0,1853592210,27,2026,firm_0,ir_operational,1.0
4,0.9,1.0,150,5,moderate,1.0,1853592210,27,2026,firm_0,ir_accuracy,1.0
4,0.9,1.0,150,5,moderate,1.0,1853592210,27,2026,firm_1,phi_operational,0.08961576548622929
4,0.9,1.0,150,5,moderate,1.0,1853592210,27,2026,firm_1,phi_accuracy,0.028822347557258803
4,0.9,1.0,150,5,moderate,1.0,1853592210,27,2026,firm_1,ir_operational,1.0
4,0.9,1.0,150,5,moderate,1.0,1853592210,27,2026,firm_1,ir_accuracy,1.0
4,0.9,1.0,150,5,moderate,1.0,1853592210,27,2026,firm_2,phi_operational,2.9254166643041843
4,0.9,1.0,150,5,moderate,1.0,1853592210,27,2026,firm_2,phi_accuracy,0.062466312151279915
4,0.9,1.0,150,5,moderate,1.0,1853592210,27,2026,firm_2,ir_operational,1.0
4,0.9,1.0,150,5,moderate,1.0,1853592210,27,2026,firm_2,ir_accuracy,1.0
4,0.9,1.0,150,5,moderate,1.0,1853592210,27,2026,firm_3,phi_operational,-0.7648625965483025
4,0.9,1.0,150,5,moderate,1.0,1853592210,27,2026,firm_3,phi_accuracy,0.03016848512269691
4,0.9,1.0,150,5,moderate,1.0,1853592210,27,2026,firm_3,ir_operational,0.0
4,0.9,1.0,150,5,moderate,1.0,1853592210,27,2026,firm_3,ir_accuracy,1.0
4,0.9,1.0,150,5,moderate,1.0,1853592210,27,2026,_summary,v_op_N,3.4292082026062474
4,0.9,1.0,150,5,moderate,1.0,1853592210,27,2026,_summary,v_acc_N,0.16009784678033
4,0.9,1.0,150,5,moderate,1.0,1853592210,27,2026,_summary,spearman_rho,0.8
4,0.9,1.0,150,5,moderate,1.0,1853592210,27,2026,_summary,payment_displacement,0.17699605018455514
4,0.9,1.0,150,5,moderate,1.0,1853592210,27,2026,_summary,any_rank_reversal,1.0
4,0.9,1.0,150,5,moderate,1.0,1853592210,27,2026,_summary,efficiency_gap_op,0.0
4,0.9,1.0,150,5,moderate,1.0,2242025932,28,2026,firm_0,phi_operational,2.8901796663457917
4,0.9,1.0,150,5,moderate,1.0,2242025932,28,2026,firm_0,phi_accuracy,0.05249338873536396
4,0.9,1.0,150,5,moderate,1.0,2242025932,28,2026,firm_0,ir_operational,1.0
4,0.9,1.0,150,5,moderate,1.0,2242025932,28,2026,firm_0,ir_accuracy,1.0
4,0.9,1.0,150,5,moderate,1.0,2242025932,28,2026,firm_1,phi_operational,1.887825694496518
4,0.9,1.0,150,5,moderate,1.0,2242025932,28,2026,firm_1,phi_accuracy,0.051673319675005304
4,0.9,1.0,150,5,moderate,1.0,2242025932,28,2026,firm_1,ir_operational,1.0
4,0.9,1.0,150,5,moderate,1.0,2242025932,28,2026,firm_1,ir_accuracy,1.0
4,0.9,1.0,150,5,moderate,1.0,2242025932,28,2026,firm_2,phi_operational,0.49381764207480217
4,0.9,1.0,150,5,moderate,1.0,2242025932,28,2026,firm_2,phi_accuracy,0.02147759262606136
4,0.9,1.0,150,5,moderate,1.0,2242025932,28,2026,firm_2,ir_operational,1.0
4,0.9,1.0,150,5,moderate,1.0,2242025932,28,2026,firm_2,ir_accuracy,1.0
4,0.9,1.0,150,5,moderate,1.0,2242025932,28,2026,firm_3,phi_operational,-0.6715751572456364
4,0.9,1.0,150,5,moderate,1.0,2242025932,28,2026,firm_3,phi_accuracy,-0.005421930992338212
4,0.9,1.0,150,5,moderate,1.0,2242025932,28,2026,firm_3,ir_operational,0.0
4,0.9,1.0,150,5,moderate,1.0,2242025932,28,2026,firm_3,ir_accuracy,0.0
4,0.9,1.0,150,5,moderate,1.0,2242025932,28,2026,_summary,v_op_N,4.6002478456714755
4,0.9,1.0,150,5,moderate,1.0,2242025932,28,2026,_summary,v_acc_N,0.12022237004409242
4,0.9,1.0,150,5,moderate,1.0,2242025932,28,2026,_summary,spearman_rho,1.0
4,0.9,1.0,150,5,moderate,1.0,2242025932,28,2026,_summary,payment_displacement,0.07870045953837002
4,0.9,1.0,150,5,moderate,1.0,2242025932,28,2026,_summary,any_rank_reversal,0.0
4,0.9,1.0,150,5,moderate,1.0,2242025932,28,2026,_summary,efficiency_gap_op,0.0
4,0.9,1.0,150,5,moderate,1.0,2301967382,29,2026,firm_0,phi_operational,-0.07308747013645464
4,0.9,1.0,150,5,moderate,1.0,2301967382,29,2026,firm_0,phi_accuracy,0.018697085435714234
4,0.9,1.0,150,5,moderate,1.0,2301967382,29,2026,firm_0,ir_operational,0.0
4,0.9,1.0,150,5,moderate,1.0,2301967382,29,2026,firm_0,ir_accuracy,1.0
4,0.9,1.0,150,5,moderate,1.0,2301967382,29,2026,firm_1,phi_operational,2.070368814379215
4,0.9,1.0,150,5,moderate,1.0,2301967382,29,2026,firm_1,phi_accuracy,0.012534825416742112
4,0.9,1.0,150,5,moderate,1.0,2301967382,29,2026,firm_1,ir_operational,1.0
4,0.9,1.0,150,5,moderate,1.0,2301967382,29,2026,firm_1,ir_accuracy,1.0
4,0.9,1.0,150,5,moderate,1.0,2301967382,29,2026,firm_2,phi_operational,-1.3310582622256508
4,0.9,1.0,150,5,moderate,1.0,2301967382,29,2026,firm_2,phi_accuracy,-0.01950892199478697
4,0.9,1.0,150,5,moderate,1.0,2301967382,29,2026,firm_2,ir_operational,0.0
4,0.9,1.0,150,5,moderate,1.0,2301967382,29,2026,firm_2,ir_accuracy,0.0
4,0.9,1.0,150,5,moderate,1.0,2301967382,29,2026,firm_3,phi_operational,1.4638006692684251
4,0.9,1.0,150,5,moderate,1.0,2301967382,29,2026,firm_3,phi_accuracy,0.014540008232457425
4,0.9,1.0,150,5,moderate,1.0,2301967382,29,2026,firm_3,ir_operational,1.0
4,0.9,1.0,150,5,moderate,1.0,2301967382,29,2026,firm_3,ir_accuracy,1.0
4,0.9,1.0,150,5,moderate,1.0,2301967382,29,2026,_summary,v_op_N,2.1300237512855347
4,0.9,1.0,150,5,moderate,1.0,2301967382,29,2026,_summary,v_acc_N,0.026262997090126805
4,0.9,1.0,150,5,moderate,1.0,2301967382,29,2026,_summary,spearman_rho,0.19999999999999996
4,0.9,1.0,150,5,moderate,1.0,2301967382,29,2026,_summary,payment_displacement,0.1578595679563657
4,0.9,1.0,150,5,moderate,1.0,2301967382,29,2026,_summary,any_rank_reversal,1.0
4,0.9,1.0,150,5,moderate,1.0,2301967382,29,2026,_summary,efficiency_gap_op,0.0
4,0.9,4.0,150,5,moderate,1.0,3967226370,0,2026,firm_0,phi_operational,4.740040085023168
4,0.9,4.0,150,5,moderate,1.0,3967226370,0,2026,firm_0,phi_accuracy,-0.027276586787894703
4,0.9,4.0,150,5,moderate,1.0,3967226370,0,2026,firm_0,ir_operational,1.0
4,0.9,4.0,150,5,moderate,1.0,3967226370,0,2026,firm_0,ir_accuracy,0.0
4,0.9,4.0,150,5,moderate,1.0,3967226370,0,2026,firm_1,phi_operational,12.502848276700679
4,0.9,4.0,150,5,moderate,1.0,3967226370,0,2026,firm_1,phi_accuracy,-0.03685684939626974
4,0.9,4.0,150,5,moderate,1.0,3967226370,0,2026,firm_1,ir_operational,1.0
4,0.9,4.0,150,5,moderate,1.0,3967226370,0,2026,firm_1,ir_accuracy,0.0
4,0.9,4.0,150,5,moderate,1.0,3967226370,0,2026,firm_2,phi_operational,9.653244348532127
4,0.9,4.0,150,5,moderate,1.0,3967226370,0,2026,firm_2,phi_accuracy,-0.05217398801820059
4,0.9,4.0,150,5,moderate,1.0,3967226370,0,2026,firm_2,ir_operational,1.0
4,0.9,4.0,150,5,moderate,1.0,3967226370,0,2026,firm_2,ir_accuracy,0.0
4,0.9,4.0,150,5,moderate,1.0,3967226370,0,2026,firm_3,phi_operational,5.969131370960762
4,0.9,4.0,150,5,moderate,1.0,3967226370,0,2026,firm_3,phi_accuracy,-0.021603738256763667
4,0.9,4.0,150,5,moderate,1.0,3967226370,0,2026,firm_3,ir_operational,1.0
4,0.9,4.0,150,5,moderate,1.0,3967226370,0,2026,firm_3,ir_accuracy,0.0
4,0.9,4.0,150,5,moderate,1.0,3967226370,0,2026,_summary,v_op_N,32.865264081216736
4,0.9,4.0,150,5,moderate,1.0,3967226370,0,2026,_summary,v_acc_N,-0.1379111624591287
4,0.9,4.0,150,5,moderate,1.0,3967226370,0,2026,_summary,spearman_rho,-0.6000000000000001
4,0.9,4.0,150,5,moderate,1.0,3967226370,0,2026,_summary,payment_displacement,0.49999999999817957
4,0.9,4.0,150,5,moderate,1.0,3967226370,0,2026,_summary,any_rank_reversal,1.0
4,0.9,4.0,150,5,moderate,1.0,3967226370,0,2026,_summary,efficiency_gap_op,0.0
4,0.9,4.0,150,5,moderate,1.0,3391484007,1,2026,firm_0,phi_operational,3.166229788148944
4,0.9,4.0,150,5,moderate,1.0,3391484007,1,2026,firm_0,phi_accuracy,0.012303019803416897
4,0.9,4.0,150,5,moderate,1.0,3391484007,1,2026,firm_0,ir_operational,1.0
4,0.9,4.0,150,5,moderate,1.0,3391484007,1,2026,firm_0,ir_accuracy,1.0
4,0.9,4.0,150,5,moderate,1.0,3391484007,1,2026,firm_1,phi_operational,1.5174294231901844
4,0.9,4.0,150,5,moderate,1.0,3391484007,1,2026,firm_1,phi_accuracy,0.007860787905214123
4,0.9,4.0,150,5,moderate,1.0,3391484007,1,2026,firm_1,ir_operational,1.0
4,0.9,4.0,150,5,moderate,1.0,3391484007,1,2026,firm_1,ir_accuracy,1.0
4,0.9,4.0,150,5,moderate,1.0,3391484007,1,2026,firm_2,phi_operational,3.5916019649840174
4,0.9,4.0,150,5,moderate,1.0,3391484007,1,2026,firm_2,phi_accuracy,0.037996008278532035
4,0.9,4.0,150,5,moderate,1.0,3391484007,1,2026,firm_2,ir_operational,1.0
4,0.9,4.0,150,5,moderate,1.0,3391484007,1,2026,firm_2,ir_accuracy,1.0
4,0.9,4.0,150,5,moderate,1.0,3391484007,1,2026,firm_3,phi_operational,0.49538805211366344
4,0.9,4.0,150,5,moderate,1.0,3391484007,1,2026,firm_3,phi_accuracy,0.024308939167804817
4,0.9,4.0,150,5,moderate,1.0,3391484007,1,2026,firm_3,ir_operational,1.0
4,0.9,4.0,150,5,moderate,1.0,3391484007,1,2026,firm_3,ir_accuracy,1.0
4,0.9,4.0,150,5,moderate,1.0,3391484007,1,2026,_summary,v_op_N,8.77064922843681
4,0.9,4.0,150,5,moderate,1.0,3391484007,1,2026,_summary,v_acc_N,0.08246875515496788
4,0.9,4.0,150,5,moderate,1.0,3391484007,1,2026,_summary,spearman_rho,0.4
4,0.9,4.0,150,5,moderate,1.0,3391484007,1,2026,_summary,payment_displacement,0.14475636009675338
4,0.9,4.0,150,5,moderate,1.0,3391484007,1,2026,_summary,any_rank_reversal,1.0
4,0.9,4.0,150,5,moderate,1.0,3391484007,1,2026,_summary,efficiency_gap_op,0.0
4,0.9,4.0,150,5,moderate,1.0,204928375,2,2026,firm_0,phi_operational,1.2901385929298308
4,0.9,4.0,150,5,moderate,1.0,204928375,2,2026,firm_0,phi_accuracy,0.023631115863458098
4,0.9,4.0,150,5,moderate,1.0,204928375,2,2026,firm_0,ir_operational,1.0
4,0.9,4.0,150,5,moderate,1.0,204928375,2,2026,firm_0,ir_accuracy,1.0
4,0.9,4.0,150,5,moderate,1.0,204928375,2,2026,firm_1,phi_operational,3.0186579622266265
4,0.9,4.0,150,5,moderate,1.0,204928375,2,2026,firm_1,phi_accuracy,0.020483077542473655
4,0.9,4.0,150,5,moderate,1.0,204928375,2,2026,firm_1,ir_operational,1.0
4,0.9,4.0,150,5,moderate,1.0,204928375,2,2026,firm_1,ir_accuracy,1.0
4,0.9,4.0,150,5,moderate,1.0,204928375,2,2026,firm_2,phi_operational,7.807352626090193
4,0.9,4.0,150,5,moderate,1.0,204928375,2,2026,firm_2,phi_accuracy,-0.01605352226909912
4,0.9,4.0,150,5,moderate,1.0,204928375,2,2026,firm_2,ir_operational,1.0
4,0.9,4.0,150,5,moderate,1.0,204928375,2,2026,firm_2,ir_accuracy,0.0
4,0.9,4.0,150,5,moderate,1.0,204928375,2,2026,firm_3,phi_operational,6.213285000090498
4,0.9,4.0,150,5,moderate,1.0,204928375,2,2026,firm_3,phi_accuracy,-0.006022109657526031
4,0.9,4.0,150,5,moderate,1.0,204928375,2,2026,firm_3,ir_operational,1.0
4,0.9,4.0,150,5,moderate,1.0,204928375,2,2026,firm_3,ir_accuracy,0.0
4,0.9,4.0,150,5,moderate,1.0,204928375,2,2026,_summary,v_op_N,18.32943418133715
4,0.9,4.0,150,5,moderate,1.0,204928375,2,2026,_summary,v_acc_N,0.022038561479306606
4,0.9,4.0,150,5,moderate,1.0,204928375,2,2026,_summary,spearman_rho,-1.0
4,0.9,4.0,150,5,moderate,1.0,204928375,2,2026,_summary,payment_displacement,0.38246236865068217
4,0.9,4.0,150,5,moderate,1.0,204928375,2,2026,_summary,any_rank_reversal,1.0
4,0.9,4.0,150,5,moderate,1.0,204928375,2,2026,_summary,efficiency_gap_op,0.0
4,0.9,4.0,150,5,moderate,1.0,1991648905,3,2026,firm_0,phi_operational,2.874445047652448
4,0.9,4.0,150,5,moderate,1.0,1991648905,3,2026,firm_0,phi_accuracy,-0.0025206294009622594
4,0.9,4.0,150,5,moderate,1.0,1991648905,3,2026,firm_0,ir_operational,1.0
4,0.9,4.0,150,5,moderate,1.0,1991648905,3,2026,firm_0,ir_accuracy,0.0
4,0.9,4.0,150,5,moderate,1.0,1991648905,3,2026,firm_1,phi_operational,3.155573809512925
4,0.9,4.0,150,5,moderate,1.0,1991648905,3,2026,firm_1,phi_accuracy,-0.00032456352661264253
4,0.9,4.0,150,5,moderate,1.0,1991648905,3,2026,firm_1,ir_operational,1.0
4,0.9,4.0,150,5,moderate,1.0,1991648905,3,2026,firm_1,ir_accuracy,0.0
4,0.9,4.0,150,5,moderate,1.0,1991648905,3,2026,firm_2,phi_operational,-1.4977676967591311
4,0.9,4.0,150,5,moderate,1.0,1991648905,3,2026,firm_2,phi_accuracy,-0.0317028996590344
4,0.9,4.0,150,5,moderate,1.0,1991648905,3,2026,firm_2,ir_operational,0.0
4,0.9,4.0,150,5,moderate,1.0,1991648905,3,2026,firm_2,ir_accuracy,0.0
4,0.9,4.0,150,5,moderate,1.0,1991648905,3,2026,firm_3,phi_operational,3.4568507099030557
4,0.9,4.0,150,5,moderate,1.0,1991648905,3,2026,firm_3,phi_accuracy,-0.03985308809502162
4,0.9,4.0,150,5,moderate,1.0,1991648905,3,2026,firm_3,ir_operational,1.0
4,0.9,4.0,150,5,moderate,1.0,1991648905,3,2026,firm_3,ir_accuracy,0.0
4,0.9,4.0,150,5,moderate,1.0,1991648905,3,2026,_summary,v_op_N,7.989101870309298
4,0.9,4.0,150,5,moderate,1.0,1991648905,3,2026,_summary,v_acc_N,-0.07440118068163093
4,0.9,4.0,150,5,moderate,1.0,1991648905,3,2026,_summary,spearman_rho,-0.19999999999999996
4,0.9,4.0,150,5,moderate,1.0,1991648905,3,2026,_summary,payment_displacement,0.43182443530632236
4,0.9,4.0,150,5,moderate,1.0,1991648905,3,2026,_summary,any_rank_reversal,1.0
4,0.9,4.0,150,5,moderate,1.0,1991648905,3,2026,_summary,efficiency_gap_op,8.881784197001252e-16
4,0.9,4.0,150,5,moderate,1.0,3417289792,4,2026,firm_0,phi_operational,13.38450854548338
4,0.9,4.0,150,5,moderate,1.0,3417289792,4,2026,firm_0,phi_accuracy,0.04672477199180253
4,0.9,4.0,150,5,moderate,1.0,3417289792,4,2026,firm_0,ir_operational,1.0
4,0.9,4.0,150,5,moderate,1.0,3417289792,4,2026,firm_0,ir_accuracy,1.0
4,0.9,4.0,150,5,moderate,1.0,3417289792,4,2026,firm_1,phi_operational,8.684785481811442
4,0.9,4.0,150,5,moderate,1.0,3417289792,4,2026,firm_1,phi_accuracy,0.03920574729608123
4,0.9,4.0,150,5,moderate,1.0,3417289792,4,2026,firm_1,ir_operational,1.0
4,0.9,4.0,150,5,moderate,1.0,3417289792,4,2026,firm_1,ir_accuracy,1.0
4,0.9,4.0,150,5,moderate,1.0,3417289792,4,2026,firm_2,phi_operational,4.918080830001955
4,0.9,4.0,150,5,moderate,1.0,3417289792,4,2026,firm_2,phi_accuracy,0.0859813370230419
4,0.9,4.0,150,5,moderate,1.0,3417289792,4,2026,firm_2,ir_operational,1.0
4,0.9,4.0,150,5,moderate,1.0,3417289792,4,2026,firm_2,ir_accuracy,1.0
4,0.9,4.0,150,5,moderate,1.0,3417289792,4,2026,firm_3,phi_operational,12.31690417986041
4,0.9,4.0,150,5,moderate,1.0,3417289792,4,2026,firm_3,phi_accuracy,0.12530025015451837
4,0.9,4.0,150,5,moderate,1.0,3417289792,4,2026,firm_3,ir_operational,1.0
4,0.9,4.0,150,5,moderate,1.0,3417289792,4,2026,firm_3,ir_accuracy,1.0
4,0.9,4.0,150,5,moderate,1.0,3417289792,4,2026,_summary,v_op_N,39.30427903715719
4,0.9,4.0,150,5,moderate,1.0,3417289792,4,2026,_summary,v_acc_N,0.29721210646544405
4,0.9,4.0,150,5,moderate,1.0,3417289792,4,2026,_summary,spearman_rho,0.0
4,0.9,4.0,150,5,moderate,1.0,3417289792,4,2026,_summary,payment_displacement,0.1361883200826865
4,0.9,4.0,150,5,moderate,1.0,3417289792,4,2026,_summary,any_rank_reversal,1.0
4,0.9,4.0,150,5,moderate,1.0,3417289792,4,2026,_summary,efficiency_gap_op,0.0
4,0.9,4.0,150,5,moderate,1.0,4096753426,5,2026,firm_0,phi_operational,3.6375557432475554
4,0.9,4.0,150,5,moderate,1.0,4096753426,5,2026,firm_0,phi_accuracy,-0.008696168110947256
4,0.9,4.0,150,5,moderate,1.0,4096753426,5,2026,firm_0,ir_operational,1.0
4,0.9,4.0,150,5,moderate,1.0,4096753426,5,2026,firm_0,ir_accuracy,0.0
4,0.9,4.0,150,5,moderate,1.0,4096753426,5,2026,firm_1,phi_operational,14.526068002618098
4,0.9,4.0,150,5,moderate,1.0,4096753426,5,2026,firm_1,phi_accuracy,0.07921632367415873
4,0.9,4.0,150,5,moderate,1.0,4096753426,5,2026,firm_1,ir_operational,1.0
4,0.9,4.0,150,5,moderate,1.0,4096753426,5,2026,firm_1,ir_accuracy,1.0
4,0.9,4.0,150,5,moderate,1.0,4096753426,5,2026,firm_2,phi_operational,8.374288218837263
4,0.9,4.0,150,5,moderate,1.0,4096753426,5,2026,firm_2,phi_accuracy,0.0008307731249741672
4,0.9,4.0,150,5,moderate,1.0,4096753426,5,2026,firm_2,ir_operational,1.0
4,0.9,4.0,150,5,moderate,1.0,4096753426,5,2026,firm_2,ir_accuracy,1.0
4,0.9,4.0,150,5,moderate,1.0,4096753426,5,2026,firm_3,phi_operational,11.873360862244278
4,0.9,4.0,150,5,moderate,1.0,4096753426,5,2026,firm_3,phi_accuracy,0.01993424962912932
4,0.9,4.0,150,5,moderate,1.0,4096753426,5,2026,firm_3,ir_operational,1.0
4,0.9,4.0,150,5,moderate,1.0,4096753426,5,2026,firm_3,ir_accuracy,1.0
4,0.9,4.0,150,5,moderate,1.0,4096753426,5,2026,_summary,v_op_N,38.4112728269472
4,0.9,4.0,150,5,moderate,1.0,4096753426,5,2026,_summary,v_acc_N,0.09128517831731497
4,0.9,4.0,150,5,moderate,1.0,4096753426,5,2026,_summary,spearman_rho,1.0
4,0.9,4.0,150,5,moderate,1.0,4096753426,5,2026,_summary,payment_displacement,0.21537895199714163
4,0.9,4.0,150,5,moderate,1.0,4096753426,5,2026,_summary,any_rank_reversal,0.0
4,0.9,4.0,150,5,moderate,1.0,4096753426,5,2026,_summary,efficiency_gap_op,0.0
4,0.9,4.0,150,5,moderate,1.0,2982940363,6,2026,firm_0,phi_operational,2.4573304313397317
4,0.9,4.0,150,5,moderate,1.0,2982940363,6,2026,firm_0,phi_accuracy,0.007365383097399758
4,0.9,4.0,150,5,moderate,1.0,2982940363,6,2026,firm_0,ir_operational,1.0
4,0.9,4.0,150,5,moderate,1.0,2982940363,6,2026,firm_0,ir_accuracy,1.0
4,0.9,4.0,150,5,moderate,1.0,2982940363,6,2026,firm_1,phi_operational,4.791485197579897
4,0.9,4.0,150,5,moderate,1.0,2982940363,6,2026,firm_1,phi_accuracy,0.03234021600102569
4,0.9,4.0,150,5,moderate,1.0,2982940363,6,2026,firm_1,ir_operational,1.0
4,0.9,4.0,150,5,moderate,1.0,2982940363,6,2026,firm_1,ir_accuracy,1.0
4,0.9,4.0,150,5,moderate,1.0,2982940363,6,2026,firm_2,phi_operational,2.7997064346662013
4,0.9,4.0,150,5,moderate,1.0,2982940363,6,2026,firm_2,phi_accuracy,0.023171524969438122
4,0.9,4.0,150,5,moderate,1.0,2982940363,6,2026,firm_2,ir_operational,1.0
4,0.9,4.0,150,5,moderate,1.0,2982940363,6,2026,firm_2,ir_accuracy,1.0
4,0.9,4.0,150,5,moderate,1.0,2982940363,6,2026,firm_3,phi_operational,4.464112058000471
4,0.9,4.0,150,5,moderate,1.0,2982940363,6,2026,firm_3,phi_accuracy,0.04031052244515746
4,0.9,4.0,150,5,moderate,1.0,2982940363,6,2026,firm_3,ir_operational,1.0
4,0.9,4.0,150,5,moderate,1.0,2982940363,6,2026,firm_3,ir_accuracy,1.0
4,0.9,4.0,150,5,moderate,1.0,2982940363,6,2026,_summary,v_op_N,14.512634121586302
4,0.9,4.0,150,5,moderate,1.0,2982940363,6,2026,_summary,v_acc_N,0.10318764651302104
4,0.9,4.0,150,5,moderate,1.0,2982940363,6,2026,_summary,spearman_rho,0.8
4,0.9,4.0,150,5,moderate,1.0,2982940363,6,2026,_summary,payment_displacement,0.05734643593847083
4,0.9,4.0,150,5,moderate,1.0,2982940363,6,2026,_summary,any_rank_reversal,1.0
4,0.9,4.0,150,5,moderate,1.0,2982940363,6,2026,_summary,efficiency_gap_op,0.0
4,0.9,4.0,150,5,moderate,1.0,1474873349,7,2026,firm_0,phi_operational,9.220040667330228
4,0.9,4.0,150,5,moderate,1.0,1474873349,7,2026,firm_0,phi_accuracy,0.04200201371114354
4,0.9,4.0,150,5,moderate,1.0,1474873349,7,2026,firm_0,ir_operational,1.0
4,0.9,4.0,150,5,moderate,1.0,1474873349,7,2026,firm_0,ir_accuracy,1.0
4,0.9,4.0,150,5,moderate,1.0,1474873349,7,2026,firm_1,phi_operational,4.394253190402509
4,0.9,4.0,150,5,moderate,1.0,1474873349,7,2026,firm_1,phi_accuracy,0.054966266751043616
4,0.9,4.0,150,5,moderate,1.0,1474873349,7,2026,firm_1,ir_operational,1.0
4,0.9,4.0,150,5,moderate,1.0,1474873349,7,2026,firm_1,ir_accuracy,1.0
4,0.9,4.0,150,5,moderate,1.0,1474873349,7,2026,firm_2,phi_operational,4.677589464625432
4,0.9,4.0,150,5,moderate,1.0,1474873349,7,2026,firm_2,phi_accuracy,0.03332684689470178
4,0.9,4.0,150,5,moderate,1.0,1474873349,7,2026,firm_2,ir_operational,1.0
4,0.9,4.0,150,5,moderate,1.0,1474873349,7,2026,firm_2,ir_accuracy,1.0
4,0.9,4.0,150,5,moderate,1.0,1474873349,7,2026,firm_3,phi_operational,5.966565810975955
4,0.9,4.0,150,5,moderate,1.0,1474873349,7,2026,firm_3,phi_accuracy,0.043251210531884
4,0.9,4.0,150,5,moderate,1.0,1474873349,7,2026,firm_3,ir_operational,1.0
4,0.9,4.0,150,5,moderate,1.0,1474873349,7,2026,firm_3,ir_accuracy,1.0
4,0.9,4.0,150,5,moderate,1.0,1474873349,7,2026,_summary,v_op_N,24.258449133334125
4,0.9,4.0,150,5,moderate,1.0,1474873349,7,2026,_summary,v_acc_N,0.17354633788877294
4,0.9,4.0,150,5,moderate,1.0,1474873349,7,2026,_summary,spearman_rho,-0.3999999999999999
4,0.9,4.0,150,5,moderate,1.0,1474873349,7,2026,_summary,payment_displacement,0.06942118046959905
4,0.9,4.0,150,5,moderate,1.0,1474873349,7,2026,_summary,any_rank_reversal,1.0
4,0.9,4.0,150,5,moderate,1.0,1474873349,7,2026,_summary,efficiency_gap_op,0.0
4,0.9,4.0,150,5,moderate,1.0,1779598912,8,2026,firm_0,phi_operational,3.2343364157216663
4,0.9,4.0,150,5,moderate,1.0,1779598912,8,2026,firm_0,phi_accuracy,-0.01778362556314942
4,0.9,4.0,150,5,moderate,1.0,1779598912,8,2026,firm_0,ir_operational,1.0
4,0.9,4.0,150,5,moderate,1.0,1779598912,8,2026,firm_0,ir_accuracy,0.0
4,0.9,4.0,150,5,moderate,1.0,1779598912,8,2026,firm_1,phi_operational,5.900442335548783
4,0.9,4.0,150,5,moderate,1.0,1779598912,8,2026,firm_1,phi_accuracy,-0.02289901762950084
4,0.9,4.0,150,5,moderate,1.0,1779598912,8,2026,firm_1,ir_operational,1.0
4,0.9,4.0,150,5,moderate,1.0,1779598912,8,2026,firm_1,ir_accuracy,0.0
4,0.9,4.0,150,5,moderate,1.0,1779598912,8,2026,firm_2,phi_operational,4.335559376945184
4,0.9,4.0,150,5,moderate,1.0,1779598912,8,2026,firm_2,phi_accuracy,-0.05024043308965607
4,0.9,4.0,150,5,moderate,1.0,1779598912,8,2026,firm_2,ir_operational,1.0
4,0.9,4.0,150,5,moderate,1.0,1779598912,8,2026,firm_2,ir_accuracy,0.0
4,0.9,4.0,150,5,moderate,1.0,1779598912,8,2026,firm_3,phi_operational,4.4752417448321555
4,0.9,4.0,150,5,moderate,1.0,1779598912,8,2026,firm_3,phi_accuracy,-0.00807875284988846
4,0.9,4.0,150,5,moderate,1.0,1779598912,8,2026,firm_3,ir_operational,1.0
4,0.9,4.0,150,5,moderate,1.0,1779598912,8,2026,firm_3,ir_accuracy,0.0
4,0.9,4.0,150,5,moderate,1.0,1779598912,8,2026,_summary,v_op_N,17.94557987304779
4,0.9,4.0,150,5,moderate,1.0,1779598912,8,2026,_summary,v_acc_N,-0.0990018291321948
4,0.9,4.0,150,5,moderate,1.0,1779598912,8,2026,_summary,spearman_rho,0.0
4,0.9,4.0,150,5,moderate,1.0,1779598912,8,2026,_summary,payment_displacement,0.4999999999974608
4,0.9,4.0,150,5,moderate,1.0,1779598912,8,2026,_summary,any_rank_reversal,1.0
4,0.9,4.0,150,5,moderate,1.0,1779598912,8,2026,_summary,efficiency_gap_op,0.0
4,0.9,4.0,150,5,moderate,1.0,2401722956,9,2026,firm_0,phi_operational,4.242879209648544
4,0.9,4.0,150,5,moderate,1.0,2401722956,9,2026,firm_0,phi_accuracy,0.011001797201782737
4,0.9,4.0,150,5,moderate,1.0,2401722956,9,2026,firm_0,ir_operational,1.0
4,0.9,4.0,150,5,moderate,1.0,2401722956,9,2026,firm_0,ir_accuracy,1.0
4,0.9,4.0,150,5,moderate,1.0,2401722956,9,2026,firm_1,phi_operational,5.3098483116108115
4,0.9,4.0,150,5,moderate,1.0,2401722956,9,2026,firm_1,phi_accuracy,0.04067858628896949
4,0.9,4.0,150,5,moderate,1.0,2401722956,9,2026,firm_1,ir_operational,1.0
4,0.9,4.0,150,5,moderate,1.0,2401722956,9,2026,firm_1,ir_accuracy,1.0
4,0.9,4.0,150,5,moderate,1.0,2401722956,9,2026,firm_2,phi_operational,7.778356541323456
4,0.9,4.0,150,5,moderate,1.0,2401722956,9,2026,firm_2,phi_accuracy,0.023103120404763422
4,0.9,4.0,150,5,moderate,1.0,2401722956,9,2026,firm_2,ir_operational,1.0
4,0.9,4.0,150,5,moderate,1.0,2401722956,9,2026,firm_2,ir_accuracy,1.0
4,0.9,4.0,150,5,moderate,1.0,2401722956,9,2026,firm_3,phi_operational,5.692494851852307
4,0.9,4.0,150,5,moderate,1.0,2401722956,9,2026,firm_3,phi_accuracy,0.031853944533291635
4,0.9,4.0,150,5,moderate,1.0,2401722956,9,2026,firm_3,ir_operational,1.0
4,0.9,4.0,150,5,moderate,1.0,2401722956,9,2026,firm_3,ir_accuracy,1.0
4,0.9,4.0,150,5,moderate,1.0,2401722956,9,2026,_summary,v_op_N,23.02357891443512
4,0.9,4.0,150,5,moderate,1.0,2401722956,9,2026,_summary,v_acc_N,0.10663744842880729
4,0.9,4.0,150,5,moderate,1.0,2401722956,9,2026,_summary,spearman_rho,0.19999999999999996
4,0.9,4.0,150,5,moderate,1.0,2401722956,9,2026,_summary,payment_displacement,0.10115297322876793
4,0.9,4.0,150,5,moderate,1.0,2401722956,9,2026,_summary,any_rank_reversal,1.0
4,0.9,4.0,150,5,moderate,1.0,2401722956,9,2026,_summary,efficiency_gap_op,0.0
4,0.9,4.0,150,5,moderate,1.0,3038743441,10,2026,firm_0,phi_operational,11.952570132458558
4,0.9,4.0,150,5,moderate,1.0,3038743441,10,2026,firm_0,phi_accuracy,0.047524799703241555
4,0.9,4.0,150,5,moderate,1.0,3038743441,10,2026,firm_0,ir_operational,1.0
4,0.9,4.0,150,5,moderate,1.0,3038743441,10,2026,firm_0,ir_accuracy,1.0
4,0.9,4.0,150,5,moderate,1.0,3038743441,10,2026,firm_1,phi_operational,-0.8183843705434458
4,0.9,4.0,150,5,moderate,1.0,3038743441,10,2026,firm_1,phi_accuracy,-0.03803439124002475
4,0.9,4.0,150,5,moderate,1.0,3038743441,10,2026,firm_1,ir_operational,0.0
4,0.9,4.0,150,5,moderate,1.0,3038743441,10,2026,firm_1,ir_accuracy,0.0
4,0.9,4.0,150,5,moderate,1.0,3038743441,10,2026,firm_2,phi_operational,16.29913702198501
4,0.9,4.0,150,5,moderate,1.0,3038743441,10,2026,firm_2,phi_accuracy,0.04937820108251257
4,0.9,4.0,150,5,moderate,1.0,3038743441,10,2026,firm_2,ir_operational,1.0
4,0.9,4.0,150,5,moderate,1.0,3038743441,10,2026,firm_2,ir_accuracy,1.0
4,0.9,4.0,150,5,moderate,1.0,3038743441,10,2026,firm_3,phi_operational,5.462895229636828
4,0.9,4.0,150,5,moderate,1.0,3038743441,10,2026,firm_3,phi_accuracy,0.03205486988357063
4,0.9,4.0,150,5,moderate,1.0,3038743441,10,2026,firm_3,ir_operational,1.0
4,0.9,4.0,150,5,moderate,1.0,3038743441,10,2026,firm_3,ir_accuracy,1.0
4,0.9,4.0,150,5,moderate,1.0,3038743441,10,2026,_summary,v_op_N,32.89621801353695
4,0.9,4.0,150,5,moderate,1.0,3038743441,10,2026,_summary,v_acc_N,0.09092347942930001
4,0.9,4.0,150,5,moderate,1.0,3038743441,10,2026,_summary,spearman_rho,1.0
4,0.9,4.0,150,5,moderate,1.0,3038743441,10,2026,_summary,payment_displacement,0.11891173044446263
4,0.9,4.0,150,5,moderate,1.0,3038743441,10,2026,_summary,any_rank_reversal,0.0
4,0.9,4.0,150,5,moderate,1.0,3038743441,10,2026,_summary,efficiency_gap_op,0.0
4,0.9,4.0,150,5,moderate,1.0,3144705506,11,2026,firm_0,phi_operational,7.733199938556126
4,0.9,4.0,150,5,moderate,1.0,3144705506,11,2026,firm_0,phi_accuracy,-0.009242525310635536
4,0.9,4.0,150,5,moderate,1.0,3144705506,11,2026,firm_0,ir_operational,1.0
4,0.9,4.0,150,5,moderate,1.0,3144705506,11,2026,firm_0,ir_accuracy,0.0
4,0.9,4.0,150,5,moderate,1.0,3144705506,11,2026,firm_1,phi_operational,12.698682083745727
4,0.9,4.0,150,5,moderate,1.0,3144705506,11,2026,firm_1,phi_accuracy,0.008232834454666438
4,0.9,4.0,150,5,moderate,1.0,3144705506,11,2026,firm_1,ir_operational,1.0
4,0.9,4.0,150,5,moderate,1.0,3144705506,11,2026,firm_1,ir_accuracy,1.0
4,0.9,4.0,150,5,moderate,1.0,3144705506,11,2026,firm_2,phi_operational,6.2731989826466705
4,0.9,4.0,150,5,moderate,1.0,3144705506,11,2026,firm_2,phi_accuracy,0.006314665219471087
4,0.9,4.0,150,5,moderate,1.0,3144705506,11,2026,firm_2,ir_operational,1.0
4,0.9,4.0,150,5,moderate,1.0,3144705506,11,2026,firm_2,ir_accuracy,1.0
4,0.9,4.0,150,5,moderate,1.0,3144705506,11,2026,firm_3,phi_operational,5.549888849383123
4,0.9,4.0,150,5,moderate,1.0,3144705506,11,2026,firm_3,phi_accuracy,0.01595460005794789
4,0.9,4.0,150,5,moderate,1.0,3144705506,11,2026,firm_3,ir_operational,1.0
4,0.9,4.0,150,5,moderate,1.0,3144705506,11,2026,firm_3,ir_accuracy,1.0
4,0.9,4.0,150,5,moderate,1.0,3144705506,11,2026,_summary,v_op_N,32.25496985433165
4,0.9,4.0,150,5,moderate,1.0,3144705506,11,2026,_summary,v_acc_N,0.02125957442144988
4,0.9,4.0,150,5,moderate,1.0,3144705506,11,2026,_summary,spearman_rho,-0.3999999999999999
4,0.9,4.0,150,5,moderate,1.0,3144705506,11,2026,_summary,payment_displacement,0.23095630542375362
4,0.9,4.0,150,5,moderate,1.0,3144705506,11,2026,_summary,any_rank_reversal,1.0
4,0.9,4.0,150,5,moderate,1.0,3144705506,11,2026,_summary,efficiency_gap_op,0.0
4,0.9,4.0,150,5,moderate,1.0,3311101896,12,2026,firm_0,phi_operational,12.792706603428593
4,0.9,4.0,150,5,moderate,1.0,3311101896,12,2026,firm_0,phi_accuracy,0.06495239431897995
4,0.9,4.0,150,5,moderate,1.0,3311101896,12,2026,firm_0,ir_operational,1.0
4,0.9,4.0,150,5,moderate,1.0,3311101896,12,2026,firm_0,ir_accuracy,1.0
4,0.9,4.0,150,5,moderate,1.0,3311101896,12,2026,firm_1,phi_operational,4.7166393274043
4,0.9,4.0,150,5,moderate,1.0,3311101896,12,2026,firm_1,phi_accuracy,-0.004448991289840193
4,0.9,4.0,150,5,moderate,1.0,3311101896,12,2026,firm_1,ir_operational,1.0
4,0.9,4.0,150,5,moderate,1.0,3311101896,12,2026,firm_1,ir_accuracy,0.0
4,0.9,4.0,150,5,moderate,1.0,3311101896,12,2026,firm_2,phi_operational,8.028883432435336
4,0.9,4.0,150,5,moderate,1.0,3311101896,12,2026,firm_2,phi_accuracy,0.0023877374706510277
4,0.9,4.0,150,5,moderate,1.0,3311101896,12,2026,firm_2,ir_operational,1.0
4,0.9,4.0,150,5,moderate,1.0,3311101896,12,2026,firm_2,ir_accuracy,1.0
4,0.9,4.0,150,5,moderate,1.0,3311101896,12,2026,firm_3,phi_operational,15.129610216451892
4,0.9,4.0,150,5,moderate,1.0,3311101896,12,2026,firm_3,phi_accuracy,0.12365955520767495
4,0.9,4.0,150,5,moderate,1.0,3311101896,12,2026,firm_3,ir_operational,1.0
4,0.9,4.0,150,5,moderate,1.0,3311101896,12,2026,firm_3,ir_accuracy,1.0
4,0.9,4.0,150,5,moderate,1.0,3311101896,12,2026,_summary,v_op_N,40.66783957972012
4,0.9,4.0,150,5,moderate,1.0,3311101896,12,2026,_summary,v_acc_N,0.18655069570746574
4,0.9,4.0,150,5,moderate,1.0,3311101896,12,2026,_summary,spearman_rho,1.0
4,0.9,4.0,150,5,moderate,1.0,3311101896,12,2026,_summary,payment_displacement,0.15059437842300932
4,0.9,4.0,150,5,moderate,1.0,3311101896,12,2026,_summary,any_rank_reversal,0.0
4,0.9,4.0,150,5,moderate,1.0,3311101896,12,2026,_summary,efficiency_gap_op,0.0
4,0.9,4.0,150,5,moderate,1.0,3119565356,13,2026,firm_0,phi_operational,2.0381287596474866
4,0.9,4.0,150,5,moderate,1.0,3119565356,13,2026,firm_0,phi_accuracy,0.09462631701909925
4,0.9,4.0,150,5,moderate,1.0,3119565356,13,2026,firm_0,ir_operational,1.0
4,0.9,4.0,150,5,moderate,1.0,3119565356,13,2026,firm_0,ir_accuracy,1.0
4,0.9,4.0,150,5,moderate,1.0,3119565356,13,2026,firm_1,phi_operational,17.803923058413822
4,0.9,4.0,150,5,moderate,1.0,3119565356,13,2026,firm_1,phi_accuracy,0.1598734945533597
4,0.9,4.0,150,5,moderate,1.0,3119565356,13,2026,firm_1,ir_operational,1.0
4,0.9,4.0,150,5,moderate,1.0,3119565356,13,2026,firm_1,ir_accuracy,1.0
4,0.9,4.0,150,5,moderate,1.0,3119565356,13,2026,firm_2,phi_operational,1.3116874962023766
4,0.9,4.0,150,5,moderate,1.0,3119565356,13,2026,firm_2,phi_accuracy,0.07633036806568207
4,0.9,4.0,150,5,moderate,1.0,3119565356,13,2026,firm_2,ir_operational,1.0
4,0.9,4.0,150,5,moderate,1.0,3119565356,13,2026,firm_2,ir_accuracy,1.0
4,0.9,4.0,150,5,moderate,1.0,3119565356,13,2026,firm_3,phi_operational,2.654664177219686
4,0.9,4.0,150,5,moderate,1.0,3119565356,13,2026,firm_3,phi_accuracy,0.05316757300792169
4,0.9,4.0,150,5,moderate,1.0,3119565356,13,2026,firm_3,ir_operational,1.0
4,0.9,4.0,150,5,moderate,1.0,3119565356,13,2026,firm_3,ir_accuracy,1.0
4,0.9,4.0,150,5,moderate,1.0,3119565356,13,2026,_summary,v_op_N,23.808403491483375
4,0.9,4.0,150,5,moderate,1.0,3119565356,13,2026,_summary,v_acc_N,0.38399775264606273
4,0.9,4.0,150,5,moderate,1.0,3119565356,13,2026,_summary,spearman_rho,0.4
4,0.9,4.0,150,5,moderate,1.0,3119565356,13,2026,_summary,payment_displacement,0.1657301464656233
4,0.9,4.0,150,5,moderate,1.0,3119565356,13,2026,_summary,any_rank_reversal,1.0
4,0.9,4.0,150,5,moderate,1.0,3119565356,13,2026,_summary,efficiency_gap_op,3.552713678800501e-15
4,0.9,4.0,150,5,moderate,1.0,3850857419,14,2026,firm_0,phi_operational,6.720132112131674
4,0.9,4.0,150,5,moderate,1.0,3850857419,14,2026,firm_0,phi_accuracy,0.02618469970842474
4,0.9,4.0,150,5,moderate,1.0,3850857419,14,2026,firm_0,ir_operational,1.0
4,0.9,4.0,150,5,moderate,1.0,3850857419,14,2026,firm_0,ir_accuracy,1.0
4,0.9,4.0,150,5,moderate,1.0,3850857419,14,2026,firm_1,phi_operational,2.0859134260520973
4,0.9,4.0,150,5,moderate,1.0,3850857419,14,2026,firm_1,phi_accuracy,0.0007135035490247374
4,0.9,4.0,150,5,moderate,1.0,3850857419,14,2026,firm_1,ir_operational,1.0
4,0.9,4.0,150,5,moderate,1.0,3850857419,14,2026,firm_1,ir_accuracy,1.0
4,0.9,4.0,150,5,moderate,1.0,3850857419,14,2026,firm_2,phi_operational,2.757477032710047
4,0.9,4.0,150,5,moderate,1.0,3850857419,14,2026,firm_2,phi_accuracy,0.004879048895401694
4,0.9,4.0,150,5,moderate,1.0,3850857419,14,2026,firm_2,ir_operational,1.0
4,0.9,4.0,150,5,moderate,1.0,3850857419,14,2026,firm_2,ir_accuracy,1.0
4,0.9,4.0,150,5,moderate,1.0,3850857419,14,2026,firm_3,phi_operational,1.566542517412889
4,0.9,4.0,150,5,moderate,1.0,3850857419,14,2026,firm_3,phi_accuracy,0.010499428860194542
4,0.9,4.0,150,5,moderate,1.0,3850857419,14,2026,firm_3,ir_operational,1.0
4,0.9,4.0,150,5,moderate,1.0,3850857419,14,2026,firm_3,ir_accuracy,1.0
4,0.9,4.0,150,5,moderate,1.0,3850857419,14,2026,_summary,v_op_N,13.130065088306708
4,0.9,4.0,150,5,moderate,1.0,3850857419,14,2026,_summary,v_acc_N,0.042276681013045714
4,0.9,4.0,150,5,moderate,1.0,3850857419,14,2026,_summary,spearman_rho,0.4
4,0.9,4.0,150,5,moderate,1.0,3850857419,14,2026,_summary,payment_displacement,0.1182966520773387
4,0.9,4.0,150,5,moderate,1.0,3850857419,14,2026,_summary,any_rank_reversal,1.0
4,0.9,4.0,150,5,moderate,1.0,3850857419,14,2026,_summary,efficiency_gap_op,0.0
4,0.9,4.0,150,5,moderate,1.0,3193951992,15,2026,firm_0,phi_operational,4.298199362150901
4,0.9,4.0,150,5,moderate,1.0,3193951992,15,2026,firm_0,phi_accuracy,0.015442461232679896
4,0.9,4.0,150,5,moderate,1.0,3193951992,15,2026,firm_0,ir_operational,1.0
4,0.9,4.0,150,5,moderate,1.0,3193951992,15,2026,firm_0,ir_accuracy,1.0
4,0.9,4.0,150,5,moderate,1.0,3193951992,15,2026,firm_1,phi_operational,-0.2737157344295156
4,0.9,4.0,150,5,moderate,1.0,3193951992,15,2026,firm_1,phi_accuracy,0.01911232950929701
4,0.9,4.0,150,5,moderate,1.0,3193951992,15,2026,firm_1,ir_operational,0.0
4,0.9,4.0,150,5,moderate,1.0,3193951992,15,2026,firm_1,ir_accuracy,1.0
4,0.9,4.0,150,5,moderate,1.0,3193951992,15,2026,firm_2,phi_operational,5.544284817577609
4,0.9,4.0,150,5,moderate,1.0,3193951992,15,2026,firm_2,phi_accuracy,-0.00025480058976020347
4,0.9,4.0,150,5,moderate,1.0,3193951992,15,2026,firm_2,ir_operational,1.0
4,0.9,4.0,150,5,moderate,1.0,3193951992,15,2026,firm_2,ir_accuracy,0.0
4,0.9,4.0,150,5,moderate,1.0,3193951992,15,2026,firm_3,phi_operational,4.46525856731562
4,0.9,4.0,150,5,moderate,1.0,3193951992,15,2026,firm_3,phi_accuracy,0.02137542435694576
4,0.9,4.0,150,5,moderate,1.0,3193951992,15,2026,firm_3,ir_operational,1.0
4,0.9,4.0,150,5,moderate,1.0,3193951992,15,2026,firm_3,ir_accuracy,1.0
4,0.9,4.0,150,5,moderate,1.0,3193951992,15,2026,_summary,v_op_N,14.034027012614615
4,0.9,4.0,150,5,moderate,1.0,3193951992,15,2026,_summary,v_acc_N,0.05567541450916247
4,0.9,4.0,150,5,moderate,1.0,3193951992,15,2026,_summary,spearman_rho,-0.3999999999999999
4,0.9,4.0,150,5,moderate,1.0,3193951992,15,2026,_summary,payment_displacement,0.20946064992215713
4,0.9,4.0,150,5,moderate,1.0,3193951992,15,2026,_summary,any_rank_reversal,1.0
4,0.9,4.0,150,5,moderate,1.0,3193951992,15,2026,_summary,efficiency_gap_op,0.0
4,0.9,4.0,150,5,moderate,1.0,1422691570,16,2026,firm_0,phi_operational,6.036622338121086
4,0.9,4.0,150,5,moderate,1.0,1422691570,16,2026,firm_0,phi_accuracy,0.04788658895084808
4,0.9,4.0,150,5,moderate,1.0,1422691570,16,2026,firm_0,ir_operational,1.0
4,0.9,4.0,150,5,moderate,1.0,1422691570,16,2026,firm_0,ir_accuracy,1.0
4,0.9,4.0,150,5,moderate,1.0,1422691570,16,2026,firm_1,phi_operational,14.770565831881981
4,0.9,4.0,150,5,moderate,1.0,1422691570,16,2026,firm_1,phi_accuracy,-0.010703298714204546
4,0.9,4.0,150,5,moderate,1.0,1422691570,16,2026,firm_1,ir_operational,1.0
4,0.9,4.0,150,5,moderate,1.0,1422691570,16,2026,firm_1,ir_accuracy,0.0
4,0.9,4.0,150,5,moderate,1.0,1422691570,16,2026,firm_2,phi_operational,6.868008534534339
4,0.9,4.0,150,5,moderate,1.0,1422691570,16,2026,firm_2,phi_accuracy,0.022335198996133517
4,0.9,4.0,150,5,moderate,1.0,1422691570,16,2026,firm_2,ir_operational,1.0
4,0.9,4.0,150,5,moderate,1.0,1422691570,16,2026,firm_2,ir_accuracy,1.0
4,0.9,4.0,150,5,moderate,1.0,1422691570,16,2026,firm_3,phi_operational,16.452031882790227
4,0.9,4.0,150,5,moderate,1.0,1422691570,16,2026,firm_3,phi_accuracy,0.005098028931039694
4,0.9,4.0,150,5,moderate,1.0,1422691570,16,2026,firm_3,ir_operational,1.0
4,0.9,4.0,150,5,moderate,1.0,1422691570,16,2026,firm_3,ir_accuracy,1.0
4,0.9,4.0,150,5,moderate,1.0,1422691570,16,2026,_summary,v_op_N,44.127228587327636
4,0.9,4.0,150,5,moderate,1.0,1422691570,16,2026,_summary,v_acc_N,0.06461651816381675
4,0.9,4.0,150,5,moderate,1.0,1422691570,16,2026,_summary,spearman_rho,-0.8
4,0.9,4.0,150,5,moderate,1.0,1422691570,16,2026,_summary,payment_displacement,0.3241475346911318
4,0.9,4.0,150,5,moderate,1.0,1422691570,16,2026,_summary,any_rank_reversal,1.0
4,0.9,4.0,150,5,moderate,1.0,1422691570,16,2026,_summary,efficiency_gap_op,0.0
4,0.9,4.0,150,5,moderate,1.0,4138165691,17,2026,firm_0,phi_operational,10.464506828309974
4,0.9,4.0,150,5,moderate,1.0,4138165691,17,2026,firm_0,phi_accuracy,0.06858792518222326
4,0.9,4.0,150,5,moderate,1.0,4138165691,17,2026,firm_0,ir_operational,1.0
4,0.9,4.0,150,5,moderate,1.0,4138165691,17,2026,firm_0,ir_accuracy,1.0
4,0.9,4.0,150,5,moderate,1.0,4138165691,17,2026,firm_1,phi_operational,7.442304384651607
4,0.9,4.0,150,5,moderate,1.0,4138165691,17,2026,firm_1,phi_accuracy,0.027538659927159682
4,0.9,4.0,150,5,moderate,1.0,4138165691,17,2026,firm_1,ir_operational,1.0
4,0.9,4.0,150,5,moderate,1.0,4138165691,17,2026,firm_1,ir_accuracy,1.0
4,0.9,4.0,150,5,moderate,1.0,4138165691,17,2026,firm_2,phi_operational,10.271951889520693
4,0.9,4.0,150,5,moderate,1.0,4138165691,17,2026,firm_2,phi_accuracy,0.06884466284370305
4,0.9,4.0,150,5,moderate,1.0,4138165691,17,2026,firm_2,ir_operational,1.0
4,0.9,4.0,150,5,moderate,1.0,4138165691,17,2026,firm_2,ir_accuracy,1.0
4,0.9,4.0,150,5,moderate,1.0,4138165691,17,2026,firm_3,phi_operational,15.547217051810367
4,0.9,4.0,150,5,moderate,1.0,4138165691,17,2026,firm_3,phi_accuracy,0.04994925193091996
4,0.9,4.0,150,5,moderate,1.0,4138165691,17,2026,firm_3,ir_operational,1.0
4,0.9,4.0,150,5,moderate,1.0,4138165691,17,2026,firm_3,ir_accuracy,1.0
4,0.9,4.0,150,5,moderate,1.0,4138165691,17,2026,_summary,v_op_N,43.72598015429264
4,0.9,4.0,150,5,moderate,1.0,4138165691,17,2026,_summary,v_acc_N,0.21492049988400597
4,0.9,4.0,150,5,moderate,1.0,4138165691,17,2026,_summary,spearman_rho,0.19999999999999996
4,0.9,4.0,150,5,moderate,1.0,4138165691,17,2026,_summary,payment_displacement,0.08261061182706181
4,0.9,4.0,150,5,moderate,1.0,4138165691,17,2026,_summary,any_rank_reversal,1.0
4,0.9,4.0,150,5,moderate,1.0,4138165691,17,2026,_summary,efficiency_gap_op,0.0
4,0.9,4.0,150,5,moderate,1.0,892602331,18,2026,firm_0,phi_operational,1.9828807924282141
4,0.9,4.0,150,5,moderate,1.0,892602331,18,2026,firm_0,phi_accuracy,-0.020953244006213012
4,0.9,4.0,150,5,moderate,1.0,892602331,18,2026,firm_0,ir_operational,1.0
4,0.9,4.0,150,5,moderate,1.0,892602331,18,2026,firm_0,ir_accuracy,0.0
4,0.9,4.0,150,5,moderate,1.0,892602331,18,2026,firm_1,phi_operational,3.3548317719325667
4,0.9,4.0,150,5,moderate,1.0,892602331,18,2026,firm_1,phi_accuracy,-0.015190573062438963
4,0.9,4.0,150,5,moderate,1.0,892602331,18,2026,firm_1,ir_operational,1.0
4,0.9,4.0,150,5,moderate,1.0,892602331,18,2026,firm_1,ir_accuracy,0.0
4,0.9,4.0,150,5,moderate,1.0,892602331,18,2026,firm_2,phi_operational,7.285593482992927
4,0.9,4.0,150,5,moderate,1.0,892602331,18,2026,firm_2,phi_accuracy,-0.050220043635790135
4,0.9,4.0,150,5,moderate,1.0,892602331,18,2026,firm_2,ir_operational,1.0
4,0.9,4.0,150,5,moderate,1.0,892602331,18,2026,firm_2,ir_accuracy,0.0
4,0.9,4.0,150,5,moderate,1.0,892602331,18,2026,firm_3,phi_operational,10.56687326335242
4,0.9,4.0,150,5,moderate,1.0,892602331,18,2026,firm_3,phi_accuracy,-0.1067414600925445
4,0.9,4.0,150,5,moderate,1.0,892602331,18,2026,firm_3,ir_operational,1.0
4,0.9,4.0,150,5,moderate,1.0,892602331,18,2026,firm_3,ir_accuracy,0.0
4,0.9,4.0,150,5,moderate,1.0,892602331,18,2026,_summary,v_op_N,23.190179310706128
4,0.9,4.0,150,5,moderate,1.0,892602331,18,2026,_summary,v_acc_N,-0.1931053207969866
4,0.9,4.0,150,5,moderate,1.0,892602331,18,2026,_summary,spearman_rho,-0.8
4,0.9,4.0,150,5,moderate,1.0,892602331,18,2026,_summary,payment_displacement,0.4999999999986946
4,0.9,4.0,150,5,moderate,1.0,892602331,18,2026,_summary,any_rank_reversal,1.0
4,0.9,4.0,150,5,moderate,1.0,892602331,18,2026,_summary,efficiency_gap_op,0.0
4,0.9,4.0,150,5,moderate,1.0,954334893,19,2026,firm_0,phi_operational,7.067819217814673
4,0.9,4.0,150,5,moderate,1.0,954334893,19,2026,firm_0,phi_accuracy,-0.005599644555261777
4,0.9,4.0,150,5,moderate,1.0,954334893,19,2026,firm_0,ir_operational,1.0
4,0.9,4.0,150,5,moderate,1.0,954334893,19,2026,firm_0,ir_accuracy,0.0
4,0.9,4.0,150,5,moderate,1.0,954334893,19,2026,firm_1,phi_operational,1.118761129466236
4,0.9,4.0,150,5,moderate,1.0,954334893,19,2026,firm_1,phi_accuracy,0.03304646431935854
4,0.9,4.0,150,5,moderate,1.0,954334893,19,2026,firm_1,ir_operational,1.0
4,0.9,4.0,150,5,moderate,1.0,954334893,19,2026,firm_1,ir_accuracy,1.0
4,0.9,4.0,150,5,moderate,1.0,954334893,19,2026,firm_2,phi_operational,4.9722427032539445
4,0.9,4.0,150,5,moderate,1.0,954334893,19,2026,firm_2,phi_accuracy,0.022015690807620114
4,0.9,4.0,150,5,moderate,1.0,954334893,19,2026,firm_2,ir_operational,1.0
4,0.9,4.0,150,5,moderate,1.0,954334893,19,2026,firm_2,ir_accuracy,1.0
4,0.9,4.0,150,5,moderate,1.0,954334893,19,2026,firm_3,phi_operational,0.26808808343038015
4,0.9,4.0,150,5,moderate,1.0,954334893,19,2026,firm_3,phi_accuracy,0.02658340800202611
4,0.9,4.0,150,5,moderate,1.0,954334893,19,2026,firm_3,ir_operational,1.0
4,0.9,4.0,150,5,moderate,1.0,954334893,19,2026,firm_3,ir_accuracy,1.0
4,0.9,4.0,150,5,moderate,1.0,954334893,19,2026,_summary,v_op_N,13.426911133965234
4,0.9,4.0,150,5,moderate,1.0,954334893,19,2026,_summary,v_acc_N,0.07604591857374299
4,0.9,4.0,150,5,moderate,1.0,954334893,19,2026,_summary,spearman_rho,-0.8
4,0.9,4.0,150,5,moderate,1.0,954334893,19,2026,_summary,payment_displacement,0.32218426477708395
4,0.9,4.0,150,5,moderate,1.0,954334893,19,2026,_summary,any_rank_reversal,1.0
4,0.9,4.0,150,5,moderate,1.0,954334893,19,2026,_summary,efficiency_gap_op,0.0
4,0.9,4.0,150,5,moderate,1.0,939099866,20,2026,firm_0,phi_operational,-3.004630476293187
4,0.9,4.0,150,5,moderate,1.0,939099866,20,2026,firm_0,phi_accuracy,0.041003989635758034
4,0.9,4.0,150,5,moderate,1.0,939099866,20,2026,firm_0,ir_operational,0.0
4,0.9,4.0,150,5,moderate,1.0,939099866,20,2026,firm_0,ir_accuracy,1.0
4,0.9,4.0,150,5,moderate,1.0,939099866,20,2026,firm_1,phi_operational,-3.5273412872565473
4,0.9,4.0,150,5,moderate,1.0,939099866,20,2026,firm_1,phi_accuracy,-0.026909989593439557
4,0.9,4.0,150,5,moderate,1.0,939099866,20,2026,firm_1,ir_operational,0.0
4,0.9,4.0,150,5,moderate,1.0,939099866,20,2026,firm_1,ir_accuracy,0.0
4,0.9,4.0,150,5,moderate,1.0,939099866,20,2026,firm_2,phi_operational,-6.511781550974707
4,0.9,4.0,150,5,moderate,1.0,939099866,20,2026,firm_2,phi_accuracy,-0.042317397991868455
4,0.9,4.0,150,5,moderate,1.0,939099866,20,2026,firm_2,ir_operational,0.0
4,0.9,4.0,150,5,moderate,1.0,939099866,20,2026,firm_2,ir_accuracy,0.0
4,0.9,4.0,150,5,moderate,1.0,939099866,20,2026,firm_3,phi_operational,0.7056888111061899
4,0.9,4.0,150,5,moderate,1.0,939099866,20,2026,firm_3,phi_accuracy,-0.012616680398104485
4,0.9,4.0,150,5,moderate,1.0,939099866,20,2026,firm_3,ir_operational,1.0
4,0.9,4.0,150,5,moderate,1.0,939099866,20,2026,firm_3,ir_accuracy,0.0
4,0.9,4.0,150,5,moderate,1.0,939099866,20,2026,_summary,v_op_N,-12.338064503418252
4,0.9,4.0,150,5,moderate,1.0,939099866,20,2026,_summary,v_acc_N,-0.04084007834765446
4,0.9,4.0,150,5,moderate,1.0,939099866,20,2026,_summary,spearman_rho,0.8
4,0.9,4.0,150,5,moderate,1.0,939099866,20,2026,_summary,payment_displacement,0.21823979586289374
4,0.9,4.0,150,5,moderate,1.0,939099866,20,2026,_summary,any_rank_reversal,1.0
4,0.9,4.0,150,5,moderate,1.0,939099866,20,2026,_summary,efficiency_gap_op,1.7763568394002505e-15
4,0.9,4.0,150,5,moderate,1.0,3058150530,21,2026,firm_0,phi_operational,8.09974792334054
4,0.9,4.0,150,5,moderate,1.0,3058150530,21,2026,firm_0,phi_accuracy,0.10734392692708623
4,0.9,4.0,150,5,moderate,1.0,3058150530,21,2026,firm_0,ir_operational,1.0
4,0.9,4.0,150,5,moderate,1.0,3058150530,21,2026,firm_0,ir_accuracy,1.0
4,0.9,4.0,150,5,moderate,1.0,3058150530,21,2026,firm_1,phi_operational,16.255549968284534
4,0.9,4.0,150,5,moderate,1.0,3058150530,21,2026,firm_1,phi_accuracy,0.06606816115067793
4,0.9,4.0,150,5,moderate,1.0,3058150530,21,2026,firm_1,ir_operational,1.0
4,0.9,4.0,150,5,moderate,1.0,3058150530,21,2026,firm_1,ir_accuracy,1.0
4,0.9,4.0,150,5,moderate,1.0,3058150530,21,2026,firm_2,phi_operational,3.3304016269880155
4,0.9,4.0,150,5,moderate,1.0,3058150530,21,2026,firm_2,phi_accuracy,0.03869761226788208
4,0.9,4.0,150,5,moderate,1.0,3058150530,21,2026,firm_2,ir_operational,1.0
4,0.9,4.0,150,5,moderate,1.0,3058150530,21,2026,firm_2,ir_accuracy,1.0
4,0.9,4.0,150,5,moderate,1.0,3058150530,21,2026,firm_3,phi_operational,-0.6519894088227101
4,0.9,4.0,150,5,moderate,1.0,3058150530,21,2026,firm_3,phi_accuracy,0.011796691541297031
4,0.9,4.0,150,5,moderate,1.0,3058150530,21,2026,firm_3,ir_operational,0.0
4,0.9,4.0,150,5,moderate,1.0,3058150530,21,2026,firm_3,ir_accuracy,1.0
4,0.9,4.0,150,5,moderate,1.0,3058150530,21,2026,_summary,v_op_N,27.033710109790377
4,0.9,4.0,150,5,moderate,1.0,3058150530,21,2026,_summary,v_acc_N,0.22390639188694328
4,0.9,4.0,150,5,moderate,1.0,3058150530,21,2026,_summary,spearman_rho,0.8
4,0.9,4.0,150,5,moderate,1.0,3058150530,21,2026,_summary,payment_displacement,0.1507872537834171
4,0.9,4.0,150,5,moderate,1.0,3058150530,21,2026,_summary,any_rank_reversal,1.0
4,0.9,4.0,150,5,moderate,1.0,3058150530,21,2026,_summary,efficiency_gap_op,3.552713678800501e-15
4,0.9,4.0,150,5,moderate,1.0,3524308838,22,2026,firm_0,phi_operational,-2.0410950646303356
4,0.9,4.0,150,5,moderate,1.0,3524308838,22,2026,firm_0,phi_accuracy,0.022372731180972993
4,0.9,4.0,150,5,moderate,1.0,3524308838,22,2026,firm_0,ir_operational,0.0
4,0.9,4.0,150,5,moderate,1.0,3524308838,22,2026,firm_0,ir_accuracy,1.0
4,0.9,4.0,150,5,moderate,1.0,3524308838,22,2026,firm_1,phi_operational,-0.7805798906783631
4,0.9,4.0,150,5,moderate,1.0,3524308838,22,2026,firm_1,phi_accuracy,-0.00849828825302601
4,0.9,4.0,150,5,moderate,1.0,3524308838,22,2026,firm_1,ir_operational,0.0
4,0.9,4.0,150,5,moderate,1.0,3524308838,22,2026,firm_1,ir_accuracy,0.0
4,0.9,4.0,150,5,moderate,1.0,3524308838,22,2026,firm_2,phi_operational,5.5499718787169545
4,0.9,4.0,150,5,moderate,1.0,3524308838,22,2026,firm_2,phi_accuracy,0.05491635960132464
4,0.9,4.0,150,5,moderate,1.0,3524308838,22,2026,firm_2,ir_operational,1.0
4,0.9,4.0,150,5,moderate,1.0,3524308838,22,2026,firm_2,ir_accuracy,1.0
4,0.9,4.0,150,5,moderate,1.0,3524308838,22,2026,firm_3,phi_operational,5.455185775132131
4,0.9,4.0,150,5,moderate,1.0,3524308838,22,2026,firm_3,phi_accuracy,0.03929424043531047
4,0.9,4.0,150,5,moderate,1.0,3524308838,22,2026,firm_3,ir_operational,1.0
4,0.9,4.0,150,5,moderate,1.0,3524308838,22,2026,firm_3,ir_accuracy,1.0
4,0.9,4.0,150,5,moderate,1.0,3524308838,22,2026,_summary,v_op_N,8.183482698540388
4,0.9,4.0,150,5,moderate,1.0,3524308838,22,2026,_summary,v_acc_N,0.1080850429645821
4,0.9,4.0,150,5,moderate,1.0,3524308838,22,2026,_summary,spearman_rho,0.8
4,0.9,4.0,150,5,moderate,1.0,3524308838,22,2026,_summary,payment_displacement,0.11400289862431423
4,0.9,4.0,150,5,moderate,1.0,3524308838,22,2026,_summary,any_rank_reversal,1.0
4,0.9,4.0,150,5,moderate,1.0,3524308838,22,2026,_summary,efficiency_gap_op,1.7763568394002505e-15
4,0.9,4.0,150,5,moderate,1.0,2009189957,23,2026,firm_0,phi_operational,3.4086432217814413
4,0.9,4.0,150,5,moderate,1.0,2009189957,23,2026,firm_0,phi_accuracy,0.007981607681580015
4,0.9,4.0,150,5,moderate,1.0,2009189957,23,2026,firm_0,ir_operational,1.0
4,0.9,4.0,150,5,moderate,1.0,2009189957,23,2026,firm_0,ir_accuracy,1.0
4,0.9,4.0,150,5,moderate,1.0,2009189957,23,2026,firm_1,phi_operational,3.138793604430153
4,0.9,4.0,150,5,moderate,1.0,2009189957,23,2026,firm_1,phi_accuracy,-0.014698560360294138
4,0.9,4.0,150,5,moderate,1.0,2009189957,23,2026,firm_1,ir_operational,1.0
4,0.9,4.0,150,5,moderate,1.0,2009189957,23,2026,firm_1,ir_accuracy,0.0
4,0.9,4.0,150,5,moderate,1.0,2009189957,23,2026,firm_2,phi_operational,5.043985815983452
4,0.9,4.0,150,5,moderate,1.0,2009189957,23,2026,firm_2,phi_accuracy,0.048380980062938575
4,0.9,4.0,150,5,moderate,1.0,2009189957,23,2026,firm_2,ir_operational,1.0
4,0.9,4.0,150,5,moderate,1.0,2009189957,23,2026,firm_2,ir_accuracy,1.0
4,0.9,4.0,150,5,moderate,1.0,2009189957,23,2026,firm_3,phi_operational,-0.9737296699468819
4,0.9,4.0,150,5,moderate,1.0,2009189957,23,2026,firm_3,phi_accuracy,-0.04522576376374763
4,0.9,4.0,150,5,moderate,1.0,2009189957,23,2026,firm_3,ir_operational,0.0
4,0.9,4.0,150,5,moderate,1.0,2009189957,23,2026,firm_3,ir_accuracy,0.0
4,0.9,4.0,150,5,moderate,1.0,2009189957,23,2026,_summary,v_op_N,10.617692972248165
4,0.9,4.0,150,5,moderate,1.0,2009189957,23,2026,_summary,v_acc_N,-0.0035617363795231727
4,0.9,4.0,150,5,moderate,1.0,2009189957,23,2026,_summary,spearman_rho,1.0
4,0.9,4.0,150,5,moderate,1.0,2009189957,23,2026,_summary,payment_displacement,0.22622089450316896
4,0.9,4.0,150,5,moderate,1.0,2009189957,23,2026,_summary,any_rank_reversal,0.0
4,0.9,4.0,150,5,moderate,1.0,2009189957,23,2026,_summary,efficiency_gap_op,0.0
4,0.9,4.0,150,5,moderate,1.0,3419087747,24,2026,firm_0,phi_operational,6.531562539645212
4,0.9,4.0,150,5,moderate,1.0,3419087747,24,2026,firm_0,phi_accuracy,-0.008166885942531102
4,0.9,4.0,150,5,moderate,1.0,3419087747,24,2026,firm_0,ir_operational,1.0
4,0.9,4.0,150,5,moderate,1.0,3419087747,24,2026,firm_0,ir_accuracy,0.0
4,0.9,4.0,150,5,moderate,1.0,3419087747,24,2026,firm_1,phi_operational,3.64029505576219
4,0.9,4.0,150,5,moderate,1.0,3419087747,24,2026,firm_1,phi_accuracy,-0.02036706288805958
4,0.9,4.0,150,5,moderate,1.0,3419087747,24,2026,firm_1,ir_operational,1.0
4,0.9,4.0,150,5,moderate,1.0,3419087747,24,2026,firm_1,ir_accuracy,0.0
4,0.9,4.0,150,5,moderate,1.0,3419087747,24,2026,firm_2,phi_operational,3.4672545211957315
4,0.9,4.0,150,5,moderate,1.0,3419087747,24,2026,firm_2,phi_accuracy,-0.011311490951963321
4,0.9,4.0,150,5,moderate,1.0,3419087747,24,2026,firm_2,ir_operational,1.0
4,0.9,4.0,150,5,moderate,1.0,3419087747,24,2026,firm_2,ir_accuracy,0.0
4,0.9,4.0,150,5,moderate,1.0,3419087747,24,2026,firm_3,phi_operational,5.55777341682086
4,0.9,4.0,150,5,moderate,1.0,3419087747,24,2026,firm_3,phi_accuracy,0.00705530351722089
4,0.9,4.0,150,5,moderate,1.0,3419087747,24,2026,firm_3,ir_operational,1.0
4,0.9,4.0,150,5,moderate,1.0,3419087747,24,2026,firm_3,ir_accuracy,1.0
4,0.9,4.0,150,5,moderate,1.0,3419087747,24,2026,_summary,v_op_N,19.196885533423995
4,0.9,4.0,150,5,moderate,1.0,3419087747,24,2026,_summary,v_acc_N,-0.032790136265333114
4,0.9,4.0,150,5,moderate,1.0,3419087747,24,2026,_summary,spearman_rho,0.6
4,0.9,4.0,150,5,moderate,1.0,3419087747,24,2026,_summary,payment_displacement,0.4247847366461083
4,0.9,4.0,150,5,moderate,1.0,3419087747,24,2026,_summary,any_rank_reversal,1.0
4,0.9,4.0,150,5,moderate,1.0,3419087747,24,2026,_summary,efficiency_gap_op,0.0
4,0.9,4.0,150,5,moderate,1.0,581667709,25,2026,firm_0,phi_operational,5.503395892112417
4,0.9,4.0,150,5,moderate,1.0,581667709,25,2026,firm_0,phi_accuracy,0.009381515203284136
4,0.9,4.0,150,5,moderate,1.0,581667709,25,2026,firm_0,ir_operational,1.0
4,0.9,4.0,150,5,moderate,1.0,581667709,25,2026,firm_0,ir_accuracy,1.0
4,0.9,4.0,150,5,moderate,1.0,581667709,25,2026,firm_1,phi_operational,10.053888075250743
4,0.9,4.0,150,5,moderate,1.0,581667709,25,2026,firm_1,phi_accuracy,0.055354077618098387
4,0.9,4.0,150,5,moderate,1.0,581667709,25,2026,firm_1,ir_operational,1.0
4,0.9,4.0,150,5,moderate,1.0,581667709,25,2026,firm_1,ir_accuracy,1.0
4,0.9,4.0,150,5,moderate,1.0,581667709,25,2026,firm_2,phi_operational,-0.6176662859272568
4,0.9,4.0,150,5,moderate,1.0,581667709,25,2026,firm_2,phi_accuracy,0.05393465097212689
4,0.9,4.0,150,5,moderate,1.0,581667709,25,2026,firm_2,ir_operational,0.0
4,0.9,4.0,150,5,moderate,1.0,581667709,25,2026,firm_2,ir_accuracy,1.0
4,0.9,4.0,150,5,moderate,1.0,581667709,25,2026,firm_3,phi_operational,1.2424516722296488
4,0.9,4.0,150,5,moderate,1.0,581667709,25,2026,firm_3,phi_accuracy,0.012734110501921655
4,0.9,4.0,150,5,moderate,1.0,581667709,25,2026,firm_3,ir_operational,1.0
4,0.9,4.0,150,5,moderate,1.0,581667709,25,2026,firm_3,ir_accuracy,1.0
4,0.9,4.0,150,5,moderate,1.0,581667709,25,2026,_summary,v_op_N,16.182069353665554
4,0.9,4.0,150,5,moderate,1.0,581667709,25,2026,_summary,v_acc_N,0.13140435429543107
4,0.9,4.0,150,5,moderate,1.0,581667709,25,2026,_summary,spearman_rho,0.19999999999999996
4,0.9,4.0,150,5,moderate,1.0,581667709,25,2026,_summary,payment_displacement,0.21801093732433535
4,0.9,4.0,150,5,moderate,1.0,581667709,25,2026,_summary,any_rank_reversal,1.0
4,0.9,4.0,150,5,moderate,1.0,581667709,25,2026,_summary,efficiency_gap_op,0.0
4,0.9,4.0,150,5,moderate,1.0,889972229,26,2026,firm_0,phi_operational,3.529492734092665
4,0.9,4.0,150,5,moderate,1.0,889972229,26,2026,firm_0,phi_accuracy,-0.001019717105571009
4,0.9,4.0,150,5,moderate,1.0,889972229,26,2026,firm_0,ir_operational,1.0
4,0.9,4.0,150,5,moderate,1.0,889972229,26,2026,firm_0,ir_accuracy,0.0
4,0.9,4.0,150,5,moderate,1.0,889972229,26,2026,firm_1,phi_operational,2.7577227330971916
4,0.9,4.0,150,5,moderate,1.0,889972229,26,2026,firm_1,phi_accuracy,-0.01213443863625472
4,0.9,4.0,150,5,moderate,1.0,889972229,26,2026,firm_1,ir_operational,1.0
4,0.9,4.0,150,5,moderate,1.0,889972229,26,2026,firm_1,ir_accuracy,0.0
4,0.9,4.0,150,5,moderate,1.0,889972229,26,2026,firm_2,phi_operational,4.100785943989658
4,0.9,4.0,150,5,moderate,1.0,889972229,26,2026,firm_2,phi_accuracy,-0.009694097520188145
4,0.9,4.0,150,5,moderate,1.0,889972229,26,2026,firm_2,ir_operational,1.0
4,0.9,4.0,150,5,moderate,1.0,889972229,26,2026,firm_2,ir_accuracy,0.0
4,0.9,4.0,150,5,moderate,1.0,889972229,26,2026,firm_3,phi_operational,4.0915640890784175
4,0.9,4.0,150,5,moderate,1.0,889972229,26,2026,firm_3,phi_accuracy,0.01448152052718297
4,0.9,4.0,150,5,moderate,1.0,889972229,26,2026,firm_3,ir_operational,1.0
4,0.9,4.0,150,5,moderate,1.0,889972229,26,2026,firm_3,ir_accuracy,1.0
4,0.9,4.0,150,5,moderate,1.0,889972229,26,2026,_summary,v_op_N,14.479565500257934
4,0.9,4.0,150,5,moderate,1.0,889972229,26,2026,_summary,v_acc_N,-0.008366732734830906
4,0.9,4.0,150,5,moderate,1.0,889972229,26,2026,_summary,spearman_rho,0.4
4,0.9,4.0,150,5,moderate,1.0,889972229,26,2026,_summary,payment_displacement,0.35871247002544066
4,0.9,4.0,150,5,moderate,1.0,889972229,26,2026,_summary,any_rank_reversal,1.0
4,0.9,4.0,150,5,moderate,1.0,889972229,26,2026,_summary,efficiency_gap_op,1.7763568394002505e-15
4,0.9,4.0,150,5,moderate,1.0,2895889005,27,2026,firm_0,phi_operational,8.731553912195015
4,0.9,4.0,150,5,moderate,1.0,2895889005,27,2026,firm_0,phi_accuracy,-0.0517855276298948
4,0.9,4.0,150,5,moderate,1.0,2895889005,27,2026,firm_0,ir_operational,1.0
4,0.9,4.0,150,5,moderate,1.0,2895889005,27,2026,firm_0,ir_accuracy,0.0
4,0.9,4.0,150,5,moderate,1.0,2895889005,27,2026,firm_1,phi_operational,10.713194555155775
4,0.9,4.0,150,5,moderate,1.0,2895889005,27,2026,firm_1,phi_accuracy,-0.02884888325542099
4,0.9,4.0,150,5,moderate,1.0,2895889005,27,2026,firm_1,ir_operational,1.0
4,0.9,4.0,150,5,moderate,1.0,2895889005,27,2026,firm_1,ir_accuracy,0.0
4,0.9,4.0,150,5,moderate,1.0,2895889005,27,2026,firm_2,phi_operational,12.117073378784097
4,0.9,4.0,150,5,moderate,1.0,2895889005,27,2026,firm_2,phi_accuracy,0.0679948845654973
4,0.9,4.0,150,5,moderate,1.0,2895889005,27,2026,firm_2,ir_operational,1.0
4,0.9,4.0,150,5,moderate,1.0,2895889005,27,2026,firm_2,ir_accuracy,1.0
4,0.9,4.0,150,5,moderate,1.0,2895889005,27,2026,firm_3,phi_operational,7.678101139450561
4,0.9,4.0,150,5,moderate,1.0,2895889005,27,2026,firm_3,phi_accuracy,0.0004898259319996616
4,0.9,4.0,150,5,moderate,1.0,2895889005,27,2026,firm_3,ir_operational,1.0
4,0.9,4.0,150,5,moderate,1.0,2895889005,27,2026,firm_3,ir_accuracy,1.0
4,0.9,4.0,150,5,moderate,1.0,2895889005,27,2026,_summary,v_op_N,39.23992298558545
4,0.9,4.0,150,5,moderate,1.0,2895889005,27,2026,_summary,v_acc_N,-0.012149700387818818
4,0.9,4.0,150,5,moderate,1.0,2895889005,27,2026,_summary,spearman_rho,0.4
4,0.9,4.0,150,5,moderate,1.0,2895889005,27,2026,_summary,payment_displacement,0.34396033937651777
4,0.9,4.0,150,5,moderate,1.0,2895889005,27,2026,_summary,any_rank_reversal,1.0
4,0.9,4.0,150,5,moderate,1.0,2895889005,27,2026,_summary,efficiency_gap_op,0.0
4,0.9,4.0,150,5,moderate,1.0,3914362497,28,2026,firm_0,phi_operational,6.012321088335151
4,0.9,4.0,150,5,moderate,1.0,3914362497,28,2026,firm_0,phi_accuracy,0.04692981325748445
4,0.9,4.0,150,5,moderate,1.0,3914362497,28,2026,firm_0,ir_operational,1.0
4,0.9,4.0,150,5,moderate,1.0,3914362497,28,2026,firm_0,ir_accuracy,1.0
4,0.9,4.0,150,5,moderate,1.0,3914362497,28,2026,firm_1,phi_operational,7.7711100556251145
4,0.9,4.0,150,5,moderate,1.0,3914362497,28,2026,firm_1,phi_accuracy,0.03806416672230107
4,0.9,4.0,150,5,moderate,1.0,3914362497,28,2026,firm_1,ir_operational,1.0
4,0.9,4.0,150,5,moderate,1.0,3914362497,28,2026,firm_1,ir_accuracy,1.0
4,0.9,4.0,150,5,moderate,1.0,3914362497,28,2026,firm_2,phi_operational,8.74037378680299
4,0.9,4.0,150,5,moderate,1.0,3914362497,28,2026,firm_2,phi_accuracy,0.029482402274788516
4,0.9,4.0,150,5,moderate,1.0,3914362497,28,2026,firm_2,ir_operational,1.0
4,0.9,4.0,150,5,moderate,1.0,3914362497,28,2026,firm_2,ir_accuracy,1.0
4,0.9,4.0,150,5,moderate,1.0,3914362497,28,2026,firm_3,phi_operational,7.08732698974804
4,0.9,4.0,150,5,moderate,1.0,3914362497,28,2026,firm_3,phi_accuracy,0.035641399305705396
4,0.9,4.0,150,5,moderate,1.0,3914362497,28,2026,firm_3,ir_operational,1.0
4,0.9,4.0,150,5,moderate,1.0,3914362497,28,2026,firm_3,ir_accuracy,1.0
4,0.9,4.0,150,5,moderate,1.0,3914362497,28,2026,_summary,v_op_N,29.611131920511298
4,0.9,4.0,150,5,moderate,1.0,3914362497,28,2026,_summary,v_acc_N,0.15011778156027944
4,0.9,4.0,150,5,moderate,1.0,3914362497,28,2026,_summary,spearman_rho,-0.8
4,0.9,4.0,150,5,moderate,1.0,3914362497,28,2026,_summary,payment_displacement,0.05478867676422896
4,0.9,4.0,150,5,moderate,1.0,3914362497,28,2026,_summary,any_rank_reversal,1.0
4,0.9,4.0,150,5,moderate,1.0,3914362497,28,2026,_summary,efficiency_gap_op,0.0
4,0.9,4.0,150,5,moderate,1.0,3388143950,29,2026,firm_0,phi_operational,9.395120397793727
4,0.9,4.0,150,5,moderate,1.0,3388143950,29,2026,firm_0,phi_accuracy,0.0022584340979795634
4,0.9,4.0,150,5,moderate,1.0,3388143950,29,2026,firm_0,ir_operational,1.0
4,0.9,4.0,150,5,moderate,1.0,3388143950,29,2026,firm_0,ir_accuracy,1.0
4,0.9,4.0,150,5,moderate,1.0,3388143950,29,2026,firm_1,phi_operational,3.372937443897413
4,0.9,4.0,150,5,moderate,1.0,3388143950,29,2026,firm_1,phi_accuracy,0.006972030285974909
4,0.9,4.0,150,5,moderate,1.0,3388143950,29,2026,firm_1,ir_operational,1.0
4,0.9,4.0,150,5,moderate,1.0,3388143950,29,2026,firm_1,ir_accuracy,1.0
4,0.9,4.0,150,5,moderate,1.0,3388143950,29,2026,firm_2,phi_operational,11.555699098646635
4,0.9,4.0,150,5,moderate,1.0,3388143950,29,2026,firm_2,phi_accuracy,-0.025358257507803867
4,0.9,4.0,150,5,moderate,1.0,3388143950,29,2026,firm_2,ir_operational,1.0
4,0.9,4.0,150,5,moderate,1.0,3388143950,29,2026,firm_2,ir_accuracy,0.0
4,0.9,4.0,150,5,moderate,1.0,3388143950,29,2026,firm_3,phi_operational,6.109306014419241
4,0.9,4.0,150,5,moderate,1.0,3388143950,29,2026,firm_3,phi_accuracy,0.025287072960031205
4,0.9,4.0,150,5,moderate,1.0,3388143950,29,2026,firm_3,ir_operational,1.0
4,0.9,4.0,150,5,moderate,1.0,3388143950,29,2026,firm_3,ir_accuracy,1.0
4,0.9,4.0,150,5,moderate,1.0,3388143950,29,2026,_summary,v_op_N,30.43306295475702
4,0.9,4.0,150,5,moderate,1.0,3388143950,29,2026,_summary,v_acc_N,0.00915927983618181
4,0.9,4.0,150,5,moderate,1.0,3388143950,29,2026,_summary,spearman_rho,-0.8
4,0.9,4.0,150,5,moderate,1.0,3388143950,29,2026,_summary,payment_displacement,0.3253521589628683
4,0.9,4.0,150,5,moderate,1.0,3388143950,29,2026,_summary,any_rank_reversal,1.0
4,0.9,4.0,150,5,moderate,1.0,3388143950,29,2026,_summary,efficiency_gap_op,3.552713678800501e-15
4,0.9,9.0,150,5,moderate,1.0,3490290744,0,2026,firm_0,phi_operational,7.708121739681113
4,0.9,9.0,150,5,moderate,1.0,3490290744,0,2026,firm_0,phi_accuracy,0.05005355872802324
4,0.9,9.0,150,5,moderate,1.0,3490290744,0,2026,firm_0,ir_operational,1.0
4,0.9,9.0,150,5,moderate,1.0,3490290744,0,2026,firm_0,ir_accuracy,1.0
4,0.9,9.0,150,5,moderate,1.0,3490290744,0,2026,firm_1,phi_operational,3.397096554408715
4,0.9,9.0,150,5,moderate,1.0,3490290744,0,2026,firm_1,phi_accuracy,-0.008320356949618302
4,0.9,9.0,150,5,moderate,1.0,3490290744,0,2026,firm_1,ir_operational,1.0
4,0.9,9.0,150,5,moderate,1.0,3490290744,0,2026,firm_1,ir_accuracy,0.0
4,0.9,9.0,150,5,moderate,1.0,3490290744,0,2026,firm_2,phi_operational,-12.868036669910015
4,0.9,9.0,150,5,moderate,1.0,3490290744,0,2026,firm_2,phi_accuracy,-0.03662377290567468
4,0.9,9.0,150,5,moderate,1.0,3490290744,0,2026,firm_2,ir_operational,0.0
4,0.9,9.0,150,5,moderate,1.0,3490290744,0,2026,firm_2,ir_accuracy,0.0
4,0.9,9.0,150,5,moderate,1.0,3490290744,0,2026,firm_3,phi_operational,-0.7963510950966111
4,0.9,9.0,150,5,moderate,1.0,3490290744,0,2026,firm_3,phi_accuracy,0.09260337465339852
4,0.9,9.0,150,5,moderate,1.0,3490290744,0,2026,firm_3,ir_operational,0.0
4,0.9,9.0,150,5,moderate,1.0,3490290744,0,2026,firm_3,ir_accuracy,1.0
4,0.9,9.0,150,5,moderate,1.0,3490290744,0,2026,_summary,v_op_N,-2.5591694709167996
4,0.9,9.0,150,5,moderate,1.0,3490290744,0,2026,_summary,v_acc_N,0.09771280352612877
4,0.9,9.0,150,5,moderate,1.0,3490290744,0,2026,_summary,spearman_rho,0.4
4,0.9,9.0,150,5,moderate,1.0,3490290744,0,2026,_summary,payment_displacement,0.2689849669871798
4,0.9,9.0,150,5,moderate,1.0,3490290744,0,2026,_summary,any_rank_reversal,1.0
4,0.9,9.0,150,5,moderate,1.0,3490290744,0,2026,_summary,efficiency_gap_op,8.881784197001252e-16
4,0.9,9.0,150,5,moderate,1.0,2645128180,1,2026,firm_0,phi_operational,5.103711842262234
4,0.9,9.0,150,5,moderate,1.0,2645128180,1,2026,firm_0,phi_accuracy,0.06410845694071807
4,0.9,9.0,150,5,moderate,1.0,2645128180,1,2026,firm_0,ir_operational,1.0
4,0.9,9.0,150,5,moderate,1.0,2645128180,1,2026,firm_0,ir_accuracy,1.0
4,0.9,9.0,150,5,moderate,1.0,2645128180,1,2026,firm_1,phi_operational,13.884386940583283
4,0.9,9.0,150,5,moderate,1.0,2645128180,1,2026,firm_1,phi_accuracy,0.05136649685271918
4,0.9,9.0,150,5,moderate,1.0,2645128180,1,2026,firm_1,ir_operational,1.0
4,0.9,9.0,150,5,moderate,1.0,2645128180,1,2026,firm_1,ir_accuracy,1.0
4,0.9,9.0,150,5,moderate,1.0,2645128180,1,2026,firm_2,phi_operational,9.994614253303041
4,0.9,9.0,150,5,moderate,1.0,2645128180,1,2026,firm_2,phi_accuracy,0.02014138811265795
4,0.9,9.0,150,5,moderate,1.0,2645128180,1,2026,firm_2,ir_operational,1.0
4,0.9,9.0,150,5,moderate,1.0,2645128180,1,2026,firm_2,ir_accuracy,1.0
4,0.9,9.0,150,5,moderate,1.0,2645128180,1,2026,firm_3,phi_operational,1.0272264612077415
4,0.9,9.0,150,5,moderate,1.0,2645128180,1,2026,firm_3,phi_accuracy,0.00962715443909176
4,0.9,9.0,150,5,moderate,1.0,2645128180,1,2026,firm_3,ir_operational,1.0
4,0.9,9.0,150,5,moderate,1.0,2645128180,1,2026,firm_3,ir_accuracy,1.0
4,0.9,9.0,150,5,moderate,1.0,2645128180,1,2026,_summary,v_op_N,30.0099394973563
4,0.9,9.0,150,5,moderate,1.0,2645128180,1,2026,_summary,v_acc_N,0.14524349634518696
4,0.9,9.0,150,5,moderate,1.0,2645128180,1,2026,_summary,spearman_rho,0.4
4,0.9,9.0,150,5,moderate,1.0,2645128180,1,2026,_summary,payment_displacement,0.15168600686614359
4,0.9,9.0,150,5,moderate,1.0,2645128180,1,2026,_summary,any_rank_reversal,1.0
4,0.9,9.0,150,5,moderate,1.0,2645128180,1,2026,_summary,efficiency_gap_op,0.0
4,0.9,9.0,150,5,moderate,1.0,216989214,2,2026,firm_0,phi_operational,21.64010986082556
4,0.9,9.0,150,5,moderate,1.0,216989214,2,2026,firm_0,phi_accuracy,0.01104182559904232
4,0.9,9.0,150,5,moderate,1.0,216989214,2,2026,firm_0,ir_operational,1.0
4,0.9,9.0,150,5,moderate,1.0,216989214,2,2026,firm_0,ir_accuracy,1.0
4,0.9,9.0,150,5,moderate,1.0,216989214,2,2026,firm_1,phi_operational,13.300857896970578
4,0.9,9.0,150,5,moderate,1.0,216989214,2,2026,firm_1,phi_accuracy,0.0033363259428338954
4,0.9,9.0,150,5,moderate,1.0,216989214,2,2026,firm_1,ir_operational,1.0
4,0.9,9.0,150,5,moderate,1.0,216989214,2,2026,firm_1,ir_accuracy,1.0
4,0.9,9.0,150,5,moderate,1.0,216989214,2,2026,firm_2,phi_operational,11.72316919214621
4,0.9,9.0,150,5,moderate,1.0,216989214,2,2026,firm_2,phi_accuracy,-0.004832713348076667
4,0.9,9.0,150,5,moderate,1.0,216989214,2,2026,firm_2,ir_operational,1.0
4,0.9,9.0,150,5,moderate,1.0,216989214,2,2026,firm_2,ir_accuracy,0.0
4,0.9,9.0,150,5,moderate,1.0,216989214,2,2026,firm_3,phi_operational,6.232665094761339
4,0.9,9.0,150,5,moderate,1.0,216989214,2,2026,firm_3,phi_accuracy,-0.0077602477724265095
4,0.9,9.0,150,5,moderate,1.0,216989214,2,2026,firm_3,ir_operational,1.0
4,0.9,9.0,150,5,moderate,1.0,216989214,2,2026,firm_3,ir_accuracy,0.0
4,0.9,9.0,150,5,moderate,1.0,216989214,2,2026,_summary,v_op_N,52.89680204470369
4,0.9,9.0,150,5,moderate,1.0,216989214,2,2026,_summary,v_acc_N,0.0017851904213730396
4,0.9,9.0,150,5,moderate,1.0,216989214,2,2026,_summary,spearman_rho,1.0
4,0.9,9.0,150,5,moderate,1.0,216989214,2,2026,_summary,payment_displacement,0.23359974681880355
4,0.9,9.0,150,5,moderate,1.0,216989214,2,2026,_summary,any_rank_reversal,0.0
4,0.9,9.0,150,5,moderate,1.0,216989214,2,2026,_summary,efficiency_gap_op,0.0
4,0.9,9.0,150,5,moderate,1.0,1673451559,3,2026,firm_0,phi_operational,10.652276168330076
4,0.9,9.0,150,5,moderate,1.0,1673451559,3,2026,firm_0,phi_accuracy,0.02042316376325474
4,0.9,9.0,150,5,moderate,1.0,1673451559,3,2026,firm_0,ir_operational,1.0
4,0.9,9.0,150,5,moderate,1.0,1673451559,3,2026,firm_0,ir_accuracy,1.0
4,0.9,9.0,150,5,moderate,1.0,1673451559,3,2026,firm_1,phi_operational,6.077664328962034
4,0.9,9.0,150,5,moderate,1.0,1673451559,3,2026,firm_1,phi_accuracy,0.02021825162400555
4,0.9,9.0,150,5,moderate,1.0,1673451559,3,2026,firm_1,ir_operational,1.0
4,0.9,9.0,150,5,moderate,1.0,1673451559,3,2026,firm_1,ir_accuracy,1.0
4,0.9,9.0,150,5,moderate,1.0,1673451559,3,2026,firm_2,phi_operational,22.039626885600008
4,0.9,9.0,150,5,moderate,1.0,1673451559,3,2026,firm_2,phi_accuracy,0.022978501855354695
4,0.9,9.0,150,5,moderate,1.0,1673451559,3,2026,firm_2,ir_operational,1.0
4,0.9,9.0,150,5,moderate,1.0,1673451559,3,2026,firm_2,ir_accuracy,1.0
4,0.9,9.0,150,5,moderate,1.0,1673451559,3,2026,firm_3,phi_operational,8.483794494757007
4,0.9,9.0,150,5,moderate,1.0,1673451559,3,2026,firm_3,phi_accuracy,-0.0073976321017294264
4,0.9,9.0,150,5,moderate,1.0,1673451559,3,2026,firm_3,ir_operational,1.0
4,0.9,9.0,150,5,moderate,1.0,1673451559,3,2026,firm_3,ir_accuracy,0.0
4,0.9,9.0,150,5,moderate,1.0,1673451559,3,2026,_summary,v_op_N,47.25336187764913
4,0.9,9.0,150,5,moderate,1.0,1673451559,3,2026,_summary,v_acc_N,0.056222285140885564
4,0.9,9.0,150,5,moderate,1.0,1673451559,3,2026,_summary,spearman_rho,0.8
4,0.9,9.0,150,5,moderate,1.0,1673451559,3,2026,_summary,payment_displacement,0.1611957403119364
4,0.9,9.0,150,5,moderate,1.0,1673451559,3,2026,_summary,any_rank_reversal,1.0
4,0.9,9.0,150,5,moderate,1.0,1673451559,3,2026,_summary,efficiency_gap_op,0.0
4,0.9,9.0,150,5,moderate,1.0,161377857,4,2026,firm_0,phi_operational,19.28017665115094
4,0.9,9.0,150,5,moderate,1.0,161377857,4,2026,firm_0,phi_accuracy,0.033135206873644484
4,0.9,9.0,150,5,moderate,1.0,161377857,4,2026,firm_0,ir_operational,1.0
4,0.9,9.0,150,5,moderate,1.0,161377857,4,2026,firm_0,ir_accuracy,1.0
4,0.9,9.0,150,5,moderate,1.0,161377857,4,2026,firm_1,phi_operational,47.97206414717409
4,0.9,9.0,150,5,moderate,1.0,161377857,4,2026,firm_1,phi_accuracy,0.14914985813229528
4,0.9,9.0,150,5,moderate,1.0,161377857,4,2026,firm_1,ir_operational,1.0
4,0.9,9.0,150,5,moderate,1.0,161377857,4,2026,firm_1,ir_accuracy,1.0
4,0.9,9.0,150,5,moderate,1.0,161377857,4,2026,firm_2,phi_operational,15.019979342775597
4,0.9,9.0,150,5,moderate,1.0,161377857,4,2026,firm_2,phi_accuracy,0.043661558903931696
4,0.9,9.0,150,5,moderate,1.0,161377857,4,2026,firm_2,ir_operational,1.0
4,0.9,9.0,150,5,moderate,1.0,161377857,4,2026,firm_2,ir_accuracy,1.0
4,0.9,9.0,150,5,moderate,1.0,161377857,4,2026,firm_3,phi_operational,27.91634727548663
4,0.9,9.0,150,5,moderate,1.0,161377857,4,2026,firm_3,phi_accuracy,0.06303016792373356
4,0.9,9.0,150,5,moderate,1.0,161377857,4,2026,firm_3,ir_operational,1.0
4,0.9,9.0,150,5,moderate,1.0,161377857,4,2026,firm_3,ir_accuracy,1.0
4,0.9,9.0,150,5,moderate,1.0,161377857,4,2026,_summary,v_op_N,110.18856741658726
4,0.9,9.0,150,5,moderate,1.0,161377857,4,2026,_summary,v_acc_N,0.28897679183360503
4,0.9,9.0,150,5,moderate,1.0,161377857,4,2026,_summary,spearman_rho,0.8
4,0.9,9.0,150,5,moderate,1.0,161377857,4,2026,_summary,payment_displacement,0.047773083382600876
4,0.9,9.0,150,5,moderate,1.0,161377857,4,2026,_summary,any_rank_reversal,1.0
4,0.9,9.0,150,5,moderate,1.0,161377857,4,2026,_summary,efficiency_gap_op,1.4210854715202004e-14
4,0.9,9.0,150,5,moderate,1.0,1453609875,5,2026,firm_0,phi_operational,27.356914649106717
4,0.9,9.0,150,5,moderate,1.0,1453609875,5,2026,firm_0,phi_accuracy,0.04003628449468089
4,0.9,9.0,150,5,moderate,1.0,1453609875,5,2026,firm_0,ir_operational,1.0
4,0.9,9.0,150,5,moderate,1.0,1453609875,5,2026,firm_0,ir_accuracy,1.0
4,0.9,9.0,150,5,moderate,1.0,1453609875,5,2026,firm_1,phi_operational,-8.195215535904566
4,0.9,9.0,150,5,moderate,1.0,1453609875,5,2026,firm_1,phi_accuracy,0.06095901478366214
4,0.9,9.0,150,5,moderate,1.0,1453609875,5,2026,firm_1,ir_operational,0.0
4,0.9,9.0,150,5,moderate,1.0,1453609875,5,2026,firm_1,ir_accuracy,1.0
4,0.9,9.0,150,5,moderate,1.0,1453609875,5,2026,firm_2,phi_operational,22.542326965173903
4,0.9,9.0,150,5,moderate,1.0,1453609875,5,2026,firm_2,phi_accuracy,0.05705592528826496
4,0.9,9.0,150,5,moderate,1.0,1453609875,5,2026,firm_2,ir_operational,1.0
4,0.9,9.0,150,5,moderate,1.0,1453609875,5,2026,firm_2,ir_accuracy,1.0
4,0.9,9.0,150,5,moderate,1.0,1453609875,5,2026,firm_3,phi_operational,10.284171482467276
4,0.9,9.0,150,5,moderate,1.0,1453609875,5,2026,firm_3,phi_accuracy,0.03609712682819302
4,0.9,9.0,150,5,moderate,1.0,1453609875,5,2026,firm_3,ir_operational,1.0
4,0.9,9.0,150,5,moderate,1.0,1453609875,5,2026,firm_3,ir_accuracy,1.0
4,0.9,9.0,150,5,moderate,1.0,1453609875,5,2026,_summary,v_op_N,51.98819756084333
4,0.9,9.0,150,5,moderate,1.0,1453609875,5,2026,_summary,v_acc_N,0.19414835139480102
4,0.9,9.0,150,5,moderate,1.0,1453609875,5,2026,_summary,spearman_rho,-0.3999999999999999
4,0.9,9.0,150,5,moderate,1.0,1453609875,5,2026,_summary,payment_displacement,0.17475336772546818
4,0.9,9.0,150,5,moderate,1.0,1453609875,5,2026,_summary,any_rank_reversal,1.0
4,0.9,9.0,150,5,moderate,1.0,1453609875,5,2026,_summary,efficiency_gap_op,0.0
4,0.9,9.0,150,5,moderate,1.0,2928357641,6,2026,firm_0,phi_operational,22.15383627553054
4,0.9,9.0,150,5,moderate,1.0,2928357641,6,2026,firm_0,phi_accuracy,-0.041817375293951554
4,0.9,9.0,150,5,moderate,1.0,2928357641,6,2026,firm_0,ir_operational,1.0
4,0.9,9.0,150,5,moderate,1.0,2928357641,6,2026,firm_0,ir_accuracy,0.0
4,0.9,9.0,150,5,moderate,1.0,2928357641,6,2026,firm_1,phi_operational,24.229068578458886
4,0.9,9.0,150,5,moderate,1.0,2928357641,6,2026,firm_1,phi_accuracy,-0.01917273516167104
4,0.9,9.0,150,5,moderate,1.0,2928357641,6,2026,firm_1,ir_operational,1.0
4,0.9,9.0,150,5,moderate,1.0,2928357641,6,2026,firm_1,ir_accuracy,0.0
4,0.9,9.0,150,5,moderate,1.0,2928357641,6,2026,firm_2,phi_operational,21.415883905143193
4,0.9,9.0,150,5,moderate,1.0,2928357641,6,2026,firm_2,phi_accuracy,-0.025114084143587713
4,0.9,9.0,150,5,moderate,1.0,2928357641,6,2026,firm_2,ir_operational,1.0
4,0.9,9.0,150,5,moderate,1.0,2928357641,6,2026,firm_2,ir_accuracy,0.0
4,0.9,9.0,150,5,moderate,1.0,2928357641,6,2026,firm_3,phi_operational,26.28474076741569
4,0.9,9.0,150,5,moderate,1.0,2928357641,6,2026,firm_3,phi_accuracy,0.012894611183567328
4,0.9,9.0,150,5,moderate,1.0,2928357641,6,2026,firm_3,ir_operational,1.0
4,0.9,9.0,150,5,moderate,1.0,2928357641,6,2026,firm_3,ir_accuracy,1.0
4,0.9,9.0,150,5,moderate,1.0,2928357641,6,2026,_summary,v_op_N,94.08352952654832
4,0.9,9.0,150,5,moderate,1.0,2928357641,6,2026,_summary,v_acc_N,-0.07320958341564299
4,0.9,9.0,150,5,moderate,1.0,2928357641,6,2026,_summary,spearman_rho,0.8
4,0.9,9.0,150,5,moderate,1.0,2928357641,6,2026,_summary,payment_displacement,0.4348749155003402
4,0.9,9.0,150,5,moderate,1.0,2928357641,6,2026,_summary,any_rank_reversal,1.0
4,0.9,9.0,150,5,moderate,1.0,2928357641,6,2026,_summary,efficiency_gap_op,0.0
4,0.9,9.0,150,5,moderate,1.0,3979633139,7,2026,firm_0,phi_operational,14.909330293614818
4,0.9,9.0,150,5,moderate,1.0,3979633139,7,2026,firm_0,phi_accuracy,0.041953431140576716
4,0.9,9.0,150,5,moderate,1.0,3979633139,7,2026,firm_0,ir_operational,1.0
4,0.9,9.0,150,5,moderate,1.0,3979633139,7,2026,firm_0,ir_accuracy,1.0
4,0.9,9.0,150,5,moderate,1.0,3979633139,7,2026,firm_1,phi_operational,16.256016184297472
4,0.9,9.0,150,5,moderate,1.0,3979633139,7,2026,firm_1,phi_accuracy,0.023612243848674903
4,0.9,9.0,150,5,moderate,1.0,3979633139,7,2026,firm_1,ir_operational,1.0
4,0.9,9.0,150,5,moderate,1.0,3979633139,7,2026,firm_1,ir_accuracy,1.0
4,0.9,9.0,150,5,moderate,1.0,3979633139,7,2026,firm_2,phi_operational,9.328216152950972
4,0.9,9.0,150,5,moderate,1.0,3979633139,7,2026,firm_2,phi_accuracy,0.03097593964759321
4,0.9,9.0,150,5,moderate,1.0,3979633139,7,2026,firm_2,ir_operational,1.0
4,0.9,9.0,150,5,moderate,1.0,3979633139,7,2026,firm_2,ir_accuracy,1.0
4,0.9,9.0,150,5,moderate,1.0,3979633139,7,2026,firm_3,phi_operational,42.112870881510275
4,0.9,9.0,150,5,moderate,1.0,3979633139,7,2026,firm_3,phi_accuracy,0.11792026309104132
4,0.9,9.0,150,5,moderate,1.0,3979633139,7,2026,firm_3,ir_operational,1.0
4,0.9,9.0,150,5,moderate,1.0,3979633139,7,2026,firm_3,ir_accuracy,1.0
4,0.9,9.0,150,5,moderate,1.0,3979633139,7,2026,_summary,v_op_N,82.60643351237354
4,0.9,9.0,150,5,moderate,1.0,3979633139,7,2026,_summary,v_acc_N,0.21446187772788616
4,0.9,9.0,150,5,moderate,1.0,3979633139,7,2026,_summary,spearman_rho,0.4
4,0.9,9.0,150,5,moderate,1.0,3979633139,7,2026,_summary,payment_displacement,0.043344392039947124
4,0.9,9.0,150,5,moderate,1.0,3979633139,7,2026,_summary,any_rank_reversal,1.0
4,0.9,9.0,150,5,moderate,1.0,3979633139,7,2026,_summary,efficiency_gap_op,0.0
4,0.9,9.0,150,5,moderate,1.0,1473194134,8,2026,firm_0,phi_operational,7.291520634978231
4,0.9,9.0,150,5,moderate,1.0,1473194134,8,2026,firm_0,phi_accuracy,-0.008978792569075116
4,0.9,9.0,150,5,moderate,1.0,1473194134,8,2026,firm_0,ir_operational,1.0
4,0.9,9.0,150,5,moderate,1.0,1473194134,8,2026,firm_0,ir_accuracy,0.0
4,0.9,9.0,150,5,moderate,1.0,1473194134,8,2026,firm_1,phi_operational,20.309087723002335
4,0.9,9.0,150,5,moderate,1.0,1473194134,8,2026,firm_1,phi_accuracy,0.05188024961141361
4,0.9,9.0,150,5,moderate,1.0,1473194134,8,2026,firm_1,ir_operational,1.0
4,0.9,9.0,150,5,moderate,1.0,1473194134,8,2026,firm_1,ir_accuracy,1.0
4,0.9,9.0,150,5,moderate,1.0,1473194134,8,2026,firm_2,phi_operational,5.370660058587967
4,0.9,9.0,150,5,moderate,1.0,1473194134,8,2026,firm_2,phi_accuracy,-0.005704206230119986
4,0.9,9.0,150,5,moderate,1.0,1473194134,8,2026,firm_2,ir_operational,1.0
4,0.9,9.0,150,5,moderate,1.0,1473194134,8,2026,firm_2,ir_accuracy,0.0
4,0.9,9.0,150,5,moderate,1.0,1473194134,8,2026,firm_3,phi_operational,-9.576237683915394
4,0.9,9.0,150,5,moderate,1.0,1473194134,8,2026,firm_3,phi_accuracy,-0.01482843342848365
4,0.9,9.0,150,5,moderate,1.0,1473194134,8,2026,firm_3,ir_operational,0.0
4,0.9,9.0,150,5,moderate,1.0,1473194134,8,2026,firm_3,ir_accuracy,0.0
4,0.9,9.0,150,5,moderate,1.0,1473194134,8,2026,_summary,v_op_N,23.39503073265314
4,0.9,9.0,150,5,moderate,1.0,1473194134,8,2026,_summary,v_acc_N,0.022368817383734863
4,0.9,9.0,150,5,moderate,1.0,1473194134,8,2026,_summary,spearman_rho,0.8
4,0.9,9.0,150,5,moderate,1.0,1473194134,8,2026,_summary,payment_displacement,0.17024328010276157
4,0.9,9.0,150,5,moderate,1.0,1473194134,8,2026,_summary,any_rank_reversal,1.0
4,0.9,9.0,150,5,moderate,1.0,1473194134,8,2026,_summary,efficiency_gap_op,0.0
4,0.9,9.0,150,5,moderate,1.0,2432847574,9,2026,firm_0,phi_operational,18.950244026449106
4,0.9,9.0,150,5,moderate,1.0,2432847574,9,2026,firm_0,phi_accuracy,0.06101321462425635
4,0.9,9.0,150,5,moderate,1.0,2432847574,9,2026,firm_0,ir_operational,1.0
4,0.9,9.0,150,5,moderate,1.0,2432847574,9,2026,firm_0,ir_accuracy,1.0
4,0.9,9.0,150,5,moderate,1.0,2432847574,9,2026,firm_1,phi_operational,10.279013862728846
4,0.9,9.0,150,5,moderate,1.0,2432847574,9,2026,firm_1,phi_accuracy,-0.006168492879253121
4,0.9,9.0,150,5,moderate,1.0,2432847574,9,2026,firm_1,ir_operational,1.0
4,0.9,9.0,150,5,moderate,1.0,2432847574,9,2026,firm_1,ir_accuracy,0.0
4,0.9,9.0,150,5,moderate,1.0,2432847574,9,2026,firm_2,phi_operational,33.5262813503017
4,0.9,9.0,150,5,moderate,1.0,2432847574,9,2026,firm_2,phi_accuracy,0.13457707716092004
4,0.9,9.0,150,5,moderate,1.0,2432847574,9,2026,firm_2,ir_operational,1.0
4,0.9,9.0,150,5,moderate,1.0,2432847574,9,2026,firm_2,ir_accuracy,1.0
4,0.9,9.0,150,5,moderate,1.0,2432847574,9,2026,firm_3,phi_operational,13.07660495539604
4,0.9,9.0,150,5,moderate,1.0,2432847574,9,2026,firm_3,phi_accuracy,0.06510156943552434
4,0.9,9.0,150,5,moderate,1.0,2432847574,9,2026,firm_3,ir_operational,1.0
4,0.9,9.0,150,5,moderate,1.0,2432847574,9,2026,firm_3,ir_accuracy,1.0
4,0.9,9.0,150,5,moderate,1.0,2432847574,9,2026,_summary,v_op_N,75.8321441948757
4,0.9,9.0,150,5,moderate,1.0,2432847574,9,2026,_summary,v_acc_N,0.2545233683414476
4,0.9,9.0,150,5,moderate,1.0,2432847574,9,2026,_summary,spearman_rho,0.8
4,0.9,9.0,150,5,moderate,1.0,2432847574,9,2026,_summary,payment_displacement,0.07840665779048624
4,0.9,9.0,150,5,moderate,1.0,2432847574,9,2026,_summary,any_rank_reversal,1.0
4,0.9,9.0,150,5,moderate,1.0,2432847574,9,2026,_summary,efficiency_gap_op,0.0
4,0.9,9.0,150,5,moderate,1.0,3609041200,10,2026,firm_0,phi_operational,30.608822566572066
4,0.9,9.0,150,5,moderate,1.0,3609041200,10,2026,firm_0,phi_accuracy,0.07057127023256074
4,0.9,9.0,150,5,moderate,1.0,3609041200,10,2026,firm_0,ir_operational,1.0
4,0.9,9.0,150,5,moderate,1.0,3609041200,10,2026,firm_0,ir_accuracy,1.0
4,0.9,9.0,150,5,moderate,1.0,3609041200,10,2026,firm_1,phi_operational,7.053856637398154
4,0.9,9.0,150,5,moderate,1.0,3609041200,10,2026,firm_1,phi_accuracy,-0.0049633810013453026
4,0.9,9.0,150,5,moderate,1.0,3609041200,10,2026,firm_1,ir_operational,1.0
4,0.9,9.0,150,5,moderate,1.0,3609041200,10,2026,firm_1,ir_accuracy,0.0
4,0.9,9.0,150,5,moderate,1.0,3609041200,10,2026,firm_2,phi_operational,33.530838734857696
4,0.9,9.0,150,5,moderate,1.0,3609041200,10,2026,firm_2,phi_accuracy,0.10239380681725803
4,0.9,9.0,150,5,moderate,1.0,3609041200,10,2026,firm_2,ir_operational,1.0
4,0.9,9.0,150,5,moderate,1.0,3609041200,10,2026,firm_2,ir_accuracy,1.0
4,0.9,9.0,150,5,moderate,1.0,3609041200,10,2026,firm_3,phi_operational,14.642757471974694
4,0.9,9.0,150,5,moderate,1.0,3609041200,10,2026,firm_3,phi_accuracy,-0.03613646050443353
4,0.9,9.0,150,5,moderate,1.0,3609041200,10,2026,firm_3,ir_operational,1.0
4,0.9,9.0,150,5,moderate,1.0,3609041200,10,2026,firm_3,ir_accuracy,0.0
4,0.9,9.0,150,5,moderate,1.0,3609041200,10,2026,_summary,v_op_N,85.83627541080261
4,0.9,9.0,150,5,moderate,1.0,3609041200,10,2026,_summary,v_acc_N,0.13186523554403995
4,0.9,9.0,150,5,moderate,1.0,3609041200,10,2026,_summary,spearman_rho,0.8
4,0.9,9.0,150,5,moderate,1.0,3609041200,10,2026,_summary,payment_displacement,0.13984527959424184
4,0.9,9.0,150,5,moderate,1.0,3609041200,10,2026,_summary,any_rank_reversal,1.0
4,0.9,9.0,150,5,moderate,1.0,3609041200,10,2026,_summary,efficiency_gap_op,0.0
4,0.9,9.0,150,5,moderate,1.0,3069824771,11,2026,firm_0,phi_operational,18.22050658534754
4,0.9,9.0,150,5,moderate,1.0,3069824771,11,2026,firm_0,phi_accuracy,0.011078954261276863
4,0.9,9.0,150,5,moderate,1.0,3069824771,11,2026,firm_0,ir_operational,1.0
4,0.9,9.0,150,5,moderate,1.0,3069824771,11,2026,firm_0,ir_accuracy,1.0
4,0.9,9.0,150,5,moderate,1.0,3069824771,11,2026,firm_1,phi_operational,29.997618789552604
4,0.9,9.0,150,5,moderate,1.0,3069824771,11,2026,firm_1,phi_accuracy,0.033969645954925264
4,0.9,9.0,150,5,moderate,1.0,3069824771,11,2026,firm_1,ir_operational,1.0
4,0.9,9.0,150,5,moderate,1.0,3069824771,11,2026,firm_1,ir_accuracy,1.0
4,0.9,9.0,150,5,moderate,1.0,3069824771,11,2026,firm_2,phi_operational,22.767145220403382
4,0.9,9.0,150,5,moderate,1.0,3069824771,11,2026,firm_2,phi_accuracy,0.07791422612941443
4,0.9,9.0,150,5,moderate,1.0,3069824771,11,2026,firm_2,ir_operational,1.0
4,0.9,9.0,150,5,moderate,1.0,3069824771,11,2026,firm_2,ir_accuracy,1.0
4,0.9,9.0,150,5,moderate,1.0,3069824771,11,2026,firm_3,phi_operational,9.195807632258711
4,0.9,9.0,150,5,moderate,1.0,3069824771,11,2026,firm_3,phi_accuracy,0.025149618820405947
4,0.9,9.0,150,5,moderate,1.0,3069824771,11,2026,firm_3,ir_operational,1.0
4,0.9,9.0,150,5,moderate,1.0,3069824771,11,2026,firm_3,ir_accuracy,1.0
4,0.9,9.0,150,5,moderate,1.0,3069824771,11,2026,_summary,v_op_N,80.18107822756224
4,0.9,9.0,150,5,moderate,1.0,3069824771,11,2026,_summary,v_acc_N,0.1481124451660225
4,0.9,9.0,150,5,moderate,1.0,3069824771,11,2026,_summary,spearman_rho,0.6
4,0.9,9.0,150,5,moderate,1.0,3069824771,11,2026,_summary,payment_displacement,0.14860701974745152
4,0.9,9.0,150,5,moderate,1.0,3069824771,11,2026,_summary,any_rank_reversal,1.0
4,0.9,9.0,150,5,moderate,1.0,3069824771,11,2026,_summary,efficiency_gap_op,0.0
4,0.9,9.0,150,5,moderate,1.0,2768582861,12,2026,firm_0,phi_operational,14.085811541059085
4,0.9,9.0,150,5,moderate,1.0,2768582861,12,2026,firm_0,phi_accuracy,0.008388420838288002
4,0.9,9.0,150,5,moderate,1.0,2768582861,12,2026,firm_0,ir_operational,1.0
4,0.9,9.0,150,5,moderate,1.0,2768582861,12,2026,firm_0,ir_accuracy,1.0
4,0.9,9.0,150,5,moderate,1.0,2768582861,12,2026,firm_1,phi_operational,10.738940528397288
4,0.9,9.0,150,5,moderate,1.0,2768582861,12,2026,firm_1,phi_accuracy,-0.0032809047726016227
4,0.9,9.0,150,5,moderate,1.0,2768582861,12,2026,firm_1,ir_operational,1.0
4,0.9,9.0,150,5,moderate,1.0,2768582861,12,2026,firm_1,ir_accuracy,0.0
4,0.9,9.0,150,5,moderate,1.0,2768582861,12,2026,firm_2,phi_operational,7.013194884120394
4,0.9,9.0,150,5,moderate,1.0,2768582861,12,2026,firm_2,phi_accuracy,-0.00020865259932269708
4,0.9,9.0,150,5,moderate,1.0,2768582861,12,2026,firm_2,ir_operational,1.0
4,0.9,9.0,150,5,moderate,1.0,2768582861,12,2026,firm_2,ir_accuracy,0.0
4,0.9,9.0,150,5,moderate,1.0,2768582861,12,2026,firm_3,phi_operational,10.970871928418081
4,0.9,9.0,150,5,moderate,1.0,2768582861,12,2026,firm_3,phi_accuracy,-0.005399698043455284
4,0.9,9.0,150,5,moderate,1.0,2768582861,12,2026,firm_3,ir_operational,1.0
4,0.9,9.0,150,5,moderate,1.0,2768582861,12,2026,firm_3,ir_accuracy,0.0
4,0.9,9.0,150,5,moderate,1.0,2768582861,12,2026,_summary,v_op_N,42.80881888199485
4,0.9,9.0,150,5,moderate,1.0,2768582861,12,2026,_summary,v_acc_N,-0.0005008345770916023
4,0.9,9.0,150,5,moderate,1.0,2768582861,12,2026,_summary,spearman_rho,0.19999999999999996
4,0.9,9.0,150,5,moderate,1.0,2768582861,12,2026,_summary,payment_displacement,0.3354800259599954
4,0.9,9.0,150,5,moderate,1.0,2768582861,12,2026,_summary,any_rank_reversal,1.0
4,0.9,9.0,150,5,moderate,1.0,2768582861,12,2026,_summary,efficiency_gap_op,7.105427357601002e-15
4,0.9,9.0,150,5,moderate,1.0,80853647,13,2026,firm_0,phi_operational,4.233896109941412
4,0.9,9.0,150,5,moderate,1.0,80853647,13,2026,firm_0,phi_accuracy,0.037896077025511773
4,0.9,9.0,150,5,moderate,1.0,80853647,13,2026,firm_0,ir_operational,1.0
4,0.9,9.0,150,5,moderate,1.0,80853647,13,2026,firm_0,ir_accuracy,1.0
4,0.9,9.0,150,5,moderate,1.0,80853647,13,2026,firm_1,phi_operational,16.213968802991822
4,0.9,9.0,150,5,moderate,1.0,80853647,13,2026,firm_1,phi_accuracy,0.021174428924240048
4,0.9,9.0,150,5,moderate,1.0,80853647,13,2026,firm_1,ir_operational,1.0
4,0.9,9.0,150,5,moderate,1.0,80853647,13,2026,firm_1,ir_accuracy,1.0
4,0.9,9.0,150,5,moderate,1.0,80853647,13,2026,firm_2,phi_operational,5.054727355881511
4,0.9,9.0,150,5,moderate,1.0,80853647,13,2026,firm_2,phi_accuracy,0.015001867452770257
4,0.9,9.0,150,5,moderate,1.0,80853647,13,2026,firm_2,ir_operational,1.0
4,0.9,9.0,150,5,moderate,1.0,80853647,13,2026,firm_2,ir_accuracy,1.0
4,0.9,9.0,150,5,moderate,1.0,80853647,13,2026,firm_3,phi_operational,12.079577574312669
4,0.9,9.0,150,5,moderate,1.0,80853647,13,2026,firm_3,phi_accuracy,0.024071513630289653
4,0.9,9.0,150,5,moderate,1.0,80853647,13,2026,firm_3,ir_operational,1.0
4,0.9,9.0,150,5,moderate,1.0,80853647,13,2026,firm_3,ir_accuracy,1.0
4,0.9,9.0,150,5,moderate,1.0,80853647,13,2026,_summary,v_op_N,37.58216984312742
4,0.9,9.0,150,5,moderate,1.0,80853647,13,2026,_summary,v_acc_N,0.09814388703281174
4,0.9,9.0,150,5,moderate,1.0,80853647,13,2026,_summary,spearman_rho,-0.3999999999999999
4,0.9,9.0,150,5,moderate,1.0,80853647,13,2026,_summary,payment_displacement,0.14591426422490467
4,0.9,9.0,150,5,moderate,1.0,80853647,13,2026,_summary,any_rank_reversal,1.0
4,0.9,9.0,150,5,moderate,1.0,80853647,13,2026,_summary,efficiency_gap_op,0.0
4,0.9,9.0,150,5,moderate,1.0,3199925704,14,2026,firm_0,phi_operational,9.938708955191354
4,0.9,9.0,150,5,moderate,1.0,3199925704,14,2026,firm_0,phi_accuracy,0.0034626908316712406
4,0.9,9.0,150,5,moderate,1.0,3199925704,14,2026,firm_0,ir_operational,1.0
4,0.9,9.0,150,5,moderate,1.0,3199925704,14,2026,firm_0,ir_accuracy,1.0
4,0.9,9.0,150,5,moderate,1.0,3199925704,14,2026,firm_1,phi_operational,7.92865748609671
4,0.9,9.0,150,5,moderate,1.0,3199925704,14,2026,firm_1,phi_accuracy,0.005170058146459563
4,0.9,9.0,150,5,moderate,1.0,3199925704,14,2026,firm_1,ir_operational,1.0
4,0.9,9.0,150,5,moderate,1.0,3199925704,14,2026,firm_1,ir_accuracy,1.0
4,0.9,9.0,150,5,moderate,1.0,3199925704,14,2026,firm_2,phi_operational,7.766954764649218
4,0.9,9.0,150,5,moderate,1.0,3199925704,14,2026,firm_2,phi_accuracy,0.012011993981359215
4,0.9,9.0,150,5,moderate,1.0,3199925704,14,2026,firm_2,ir_operational,1.0
4,0.9,9.0,150,5,moderate,1.0,3199925704,14,2026,firm_2,ir_accuracy,1.0
4,0.9,9.0,150,5,moderate,1.0,3199925704,14,2026,firm_3,phi_operational,9.25754290303297
4,0.9,9.0,150,5,moderate,1.0,3199925704,14,2026,firm_3,phi_accuracy,-0.028958928489028903
4,0.9,9.0,150,5,moderate,1.0,3199925704,14,2026,firm_3,ir_operational,1.0
4,0.9,9.0,150,5,moderate,1.0,3199925704,14,2026,firm_3,ir_accuracy,0.0
4,0.9,9.0,150,5,moderate,1.0,3199925704,14,2026,_summary,v_op_N,34.89186410897025
4,0.9,9.0,150,5,moderate,1.0,3199925704,14,2026,_summary,v_acc_N,-0.008314185529538887
4,0.9,9.0,150,5,moderate,1.0,3199925704,14,2026,_summary,spearman_rho,-0.8
4,0.9,9.0,150,5,moderate,1.0,3199925704,14,2026,_summary,payment_displacement,0.3016823919825955
4,0.9,9.0,150,5,moderate,1.0,3199925704,14,2026,_summary,any_rank_reversal,1.0
4,0.9,9.0,150,5,moderate,1.0,3199925704,14,2026,_summary,efficiency_gap_op,0.0
4,0.9,9.0,150,5,moderate,1.0,210017637,15,2026,firm_0,phi_operational,18.04355092469769
4,0.9,9.0,150,5,moderate,1.0,210017637,15,2026,firm_0,phi_accuracy,-0.00284530498782537
4,0.9,9.0,150,5,moderate,1.0,210017637,15,2026,firm_0,ir_operational,1.0
4,0.9,9.0,150,5,moderate,1.0,210017637,15,2026,firm_0,ir_accuracy,0.0
4,0.9,9.0,150,5,moderate,1.0,210017637,15,2026,firm_1,phi_operational,12.409212295223208
4,0.9,9.0,150,5,moderate,1.0,210017637,15,2026,firm_1,phi_accuracy,-0.009330358741490519
4,0.9,9.0,150,5,moderate,1.0,210017637,15,2026,firm_1,ir_operational,1.0
4,0.9,9.0,150,5,moderate,1.0,210017637,15,2026,firm_1,ir_accuracy,0.0
4,0.9,9.0,150,5,moderate,1.0,210017637,15,2026,firm_2,phi_operational,33.20542716174877
4,0.9,9.0,150,5,moderate,1.0,210017637,15,2026,firm_2,phi_accuracy,0.0044444032302323
4,0.9,9.0,150,5,moderate,1.0,210017637,15,2026,firm_2,ir_operational,1.0
4,0.9,9.0,150,5,moderate,1.0,210017637,15,2026,firm_2,ir_accuracy,1.0
4,0.9,9.0,150,5,moderate,1.0,210017637,15,2026,firm_3,phi_operational,16.35270424169902
4,0.9,9.0,150,5,moderate,1.0,210017637,15,2026,firm_3,phi_accuracy,-0.009132834963354467
4,0.9,9.0,150,5,moderate,1.0,210017637,15,2026,firm_3,ir_operational,1.0
4,0.9,9.0,150,5,moderate,1.0,210017637,15,2026,firm_3,ir_accuracy,0.0
4,0.9,9.0,150,5,moderate,1.0,210017637,15,2026,_summary,v_op_N,80.0108946233687
4,0.9,9.0,150,5,moderate,1.0,210017637,15,2026,_summary,v_acc_N,-0.016864095462438056
4,0.9,9.0,150,5,moderate,1.0,210017637,15,2026,_summary,spearman_rho,1.0
4,0.9,9.0,150,5,moderate,1.0,210017637,15,2026,_summary,payment_displacement,0.4137106326140402
4,0.9,9.0,150,5,moderate,1.0,210017637,15,2026,_summary,any_rank_reversal,0.0
4,0.9,9.0,150,5,moderate,1.0,210017637,15,2026,_summary,efficiency_gap_op,1.4210854715202004e-14
4,0.9,9.0,150,5,moderate,1.0,4062076909,16,2026,firm_0,phi_operational,8.031135962791206
4,0.9,9.0,150,5,moderate,1.0,4062076909,16,2026,firm_0,phi_accuracy,-0.006302119128201417
4,0.9,9.0,150,5,moderate,1.0,4062076909,16,2026,firm_0,ir_operational,1.0
4,0.9,9.0,150,5,moderate,1.0,4062076909,16,2026,firm_0,ir_accuracy,0.0
4,0.9,9.0,150,5,moderate,1.0,4062076909,16,2026,firm_1,phi_operational,11.565868595911025
4,0.9,9.0,150,5,moderate,1.0,4062076909,16,2026,firm_1,phi_accuracy,-0.01153951887200197
4,0.9,9.0,150,5,moderate,1.0,4062076909,16,2026,firm_1,ir_operational,1.0
4,0.9,9.0,150,5,moderate,1.0,4062076909,16,2026,firm_1,ir_accuracy,0.0
4,0.9,9.0,150,5,moderate,1.0,4062076909,16,2026,firm_2,phi_operational,13.306256649577879
4,0.9,9.0,150,5,moderate,1.0,4062076909,16,2026,firm_2,phi_accuracy,-0.003237466207420982
4,0.9,9.0,150,5,moderate,1.0,4062076909,16,2026,firm_2,ir_operational,1.0
4,0.9,9.0,150,5,moderate,1.0,4062076909,16,2026,firm_2,ir_accuracy,0.0
4,0.9,9.0,150,5,moderate,1.0,4062076909,16,2026,firm_3,phi_operational,19.17586251618583
4,0.9,9.0,150,5,moderate,1.0,4062076909,16,2026,firm_3,phi_accuracy,0.020108677456946656
4,0.9,9.0,150,5,moderate,1.0,4062076909,16,2026,firm_3,ir_operational,1.0
4,0.9,9.0,150,5,moderate,1.0,4062076909,16,2026,firm_3,ir_accuracy,1.0
4,0.9,9.0,150,5,moderate,1.0,4062076909,16,2026,_summary,v_op_N,52.079123724465944
4,0.9,9.0,150,5,moderate,1.0,4062076909,16,2026,_summary,v_acc_N,-0.0009704267506777109
4,0.9,9.0,150,5,moderate,1.0,4062076909,16,2026,_summary,spearman_rho,0.8
4,0.9,9.0,150,5,moderate,1.0,4062076909,16,2026,_summary,payment_displacement,0.3158968397944678
4,0.9,9.0,150,5,moderate,1.0,4062076909,16,2026,_summary,any_rank_reversal,1.0
4,0.9,9.0,150,5,moderate,1.0,4062076909,16,2026,_summary,efficiency_gap_op,0.0
4,0.9,9.0,150,5,moderate,1.0,2713962138,17,2026,firm_0,phi_operational,9.401996544995683
4,0.9,9.0,150,5,moderate,1.0,2713962138,17,2026,firm_0,phi_accuracy,-0.04233061715893692
4,0.9,9.0,150,5,moderate,1.0,2713962138,17,2026,firm_0,ir_operational,1.0
4,0.9,9.0,150,5,moderate,1.0,2713962138,17,2026,firm_0,ir_accuracy,0.0
4,0.9,9.0,150,5,moderate,1.0,2713962138,17,2026,firm_1,phi_operational,14.39901665216459
4,0.9,9.0,150,5,moderate,1.0,2713962138,17,2026,firm_1,phi_accuracy,0.007537165534268586
4,0.9,9.0,150,5,moderate,1.0,2713962138,17,2026,firm_1,ir_operational,1.0
4,0.9,9.0,150,5,moderate,1.0,2713962138,17,2026,firm_1,ir_accuracy,1.0
4,0.9,9.0,150,5,moderate,1.0,2713962138,17,2026,firm_2,phi_operational,6.107173455409215
4,0.9,9.0,150,5,moderate,1.0,2713962138,17,2026,firm_2,phi_accuracy,0.0485018247750155
4,0.9,9.0,150,5,moderate,1.0,2713962138,17,2026,firm_2,ir_operational,1.0
4,0.9,9.0,150,5,moderate,1.0,2713962138,17,2026,firm_2,ir_accuracy,1.0
4,0.9,9.0,150,5,moderate,1.0,2713962138,17,2026,firm_3,phi_operational,14.803553525276593
4,0.9,9.0,150,5,moderate,1.0,2713962138,17,2026,firm_3,phi_accuracy,0.032958104799936494
4,0.9,9.0,150,5,moderate,1.0,2713962138,17,2026,firm_3,ir_operational,1.0
4,0.9,9.0,150,5,moderate,1.0,2713962138,17,2026,firm_3,ir_accuracy,1.0
4,0.9,9.0,150,5,moderate,1.0,2713962138,17,2026,_summary,v_op_N,44.71174017784608
4,0.9,9.0,150,5,moderate,1.0,2713962138,17,2026,_summary,v_acc_N,0.04666647795028367
4,0.9,9.0,150,5,moderate,1.0,2713962138,17,2026,_summary,spearman_rho,-0.19999999999999996
4,0.9,9.0,150,5,moderate,1.0,2713962138,17,2026,_summary,payment_displacement,0.2775286253969635
4,0.9,9.0,150,5,moderate,1.0,2713962138,17,2026,_summary,any_rank_reversal,1.0
4,0.9,9.0,150,5,moderate,1.0,2713962138,17,2026,_summary,efficiency_gap_op,0.0
4,0.9,9.0,150,5,moderate,1.0,2358680939,18,2026,firm_0,phi_operational,10.990118253886482
4,0.9,9.0,150,5,moderate,1.0,2358680939,18,2026,firm_0,phi_accuracy,0.0457278060087339
4,0.9,9.0,150,5,moderate,1.0,2358680939,18,2026,firm_0,ir_operational,1.0
4,0.9,9.0,150,5,moderate,1.0,2358680939,18,2026,firm_0,ir_accuracy,1.0
4,0.9,9.0,150,5,moderate,1.0,2358680939,18,2026,firm_1,phi_operational,12.410854394425161
4,0.9,9.0,150,5,moderate,1.0,2358680939,18,2026,firm_1,phi_accuracy,0.07208029735376797
4,0.9,9.0,150,5,moderate,1.0,2358680939,18,2026,firm_1,ir_operational,1.0
4,0.9,9.0,150,5,moderate,1.0,2358680939,18,2026,firm_1,ir_accuracy,1.0
4,0.9,9.0,150,5,moderate,1.0,2358680939,18,2026,firm_2,phi_operational,17.644019941929024
4,0.9,9.0,150,5,moderate,1.0,2358680939,18,2026,firm_2,phi_accuracy,0.07609057117695502
4,0.9,9.0,150,5,moderate,1.0,2358680939,18,2026,firm_2,ir_operational,1.0
4,0.9,9.0,150,5,moderate,1.0,2358680939,18,2026,firm_2,ir_accuracy,1.0
4,0.9,9.0,150,5,moderate,1.0,2358680939,18,2026,firm_3,phi_operational,13.293783286230223
4,0.9,9.0,150,5,moderate,1.0,2358680939,18,2026,firm_3,phi_accuracy,0.0028105535396647134
4,0.9,9.0,150,5,moderate,1.0,2358680939,18,2026,firm_3,ir_operational,1.0
4,0.9,9.0,150,5,moderate,1.0,2358680939,18,2026,firm_3,ir_accuracy,1.0
4,0.9,9.0,150,5,moderate,1.0,2358680939,18,2026,_summary,v_op_N,54.33877587647089
4,0.9,9.0,150,5,moderate,1.0,2358680939,18,2026,_summary,v_acc_N,0.1967092280791216
4,0.9,9.0,150,5,moderate,1.0,2358680939,18,2026,_summary,spearman_rho,0.4
4,0.9,9.0,150,5,moderate,1.0,2358680939,18,2026,_summary,payment_displacement,0.11517924690624273
4,0.9,9.0,150,5,moderate,1.0,2358680939,18,2026,_summary,any_rank_reversal,1.0
4,0.9,9.0,150,5,moderate,1.0,2358680939,18,2026,_summary,efficiency_gap_op,0.0
4,0.9,9.0,150,5,moderate,1.0,173823064,19,2026,firm_0,phi_operational,7.866518942938313
4,0.9,9.0,150,5,moderate,1.0,173823064,19,2026,firm_0,phi_accuracy,0.026907195391013806
4,0.9,9.0,150,5,moderate,1.0,173823064,19,2026,firm_0,ir_operational,1.0
4,0.9,9.0,150,5,moderate,1.0,173823064,19,2026,firm_0,ir_accuracy,1.0
4,0.9,9.0,150,5,moderate,1.0,173823064,19,2026,firm_1,phi_operational,14.185354172059997
4,0.9,9.0,150,5,moderate,1.0,173823064,19,2026,firm_1,phi_accuracy,0.01567836261089835
4,0.9,9.0,150,5,moderate,1.0,173823064,19,2026,firm_1,ir_operational,1.0
4,0.9,9.0,150,5,moderate,1.0,173823064,19,2026,firm_1,ir_accuracy,1.0
4,0.9,9.0,150,5,moderate,1.0,173823064,19,2026,firm_2,phi_operational,20.234478299180058
4,0.9,9.0,150,5,moderate,1.0,173823064,19,2026,firm_2,phi_accuracy,0.04644130282877064
4,0.9,9.0,150,5,moderate,1.0,173823064,19,2026,firm_2,ir_operational,1.0
4,0.9,9.0,150,5,moderate,1.0,173823064,19,2026,firm_2,ir_accuracy,1.0
4,0.9,9.0,150,5,moderate,1.0,173823064,19,2026,firm_3,phi_operational,3.1258026226286404
4,0.9,9.0,150,5,moderate,1.0,173823064,19,2026,firm_3,phi_accuracy,0.023401939981251042
4,0.9,9.0,150,5,moderate,1.0,173823064,19,2026,firm_3,ir_operational,1.0
4,0.9,9.0,150,5,moderate,1.0,173823064,19,2026,firm_3,ir_accuracy,1.0
4,0.9,9.0,150,5,moderate,1.0,173823064,19,2026,_summary,v_op_N,45.41215403680701
4,0.9,9.0,150,5,moderate,1.0,173823064,19,2026,_summary,v_acc_N,0.11242880081193385
4,0.9,9.0,150,5,moderate,1.0,173823064,19,2026,_summary,spearman_rho,0.4
4,0.9,9.0,150,5,moderate,1.0,173823064,19,2026,_summary,payment_displacement,0.10270934706536898
4,0.9,9.0,150,5,moderate,1.0,173823064,19,2026,_summary,any_rank_reversal,1.0
4,0.9,9.0,150,5,moderate,1.0,173823064,19,2026,_summary,efficiency_gap_op,0.0
4,0.9,9.0,150,5,moderate,1.0,2934514214,20,2026,firm_0,phi_operational,15.899069158508496
4,0.9,9.0,150,5,moderate,1.0,2934514214,20,2026,firm_0,phi_accuracy,0.018890200428820097
4,0.9,9.0,150,5,moderate,1.0,2934514214,20,2026,firm_0,ir_operational,1.0
4,0.9,9.0,150,5,moderate,1.0,2934514214,20,2026,firm_0,ir_accuracy,1.0
4,0.9,9.0,150,5,moderate,1.0,2934514214,20,2026,firm_1,phi_operational,9.922612776516512
4,0.9,9.0,150,5,moderate,1.0,2934514214,20,2026,firm_1,phi_accuracy,0.006029127842797077
4,0.9,9.0,150,5,moderate,1.0,2934514214,20,2026,firm_1,ir_operational,1.0
4,0.9,9.0,150,5,moderate,1.0,2934514214,20,2026,firm_1,ir_accuracy,1.0
4,0.9,9.0,150,5,moderate,1.0,2934514214,20,2026,firm_2,phi_operational,4.446643791930095
4,0.9,9.0,150,5,moderate,1.0,2934514214,20,2026,firm_2,phi_accuracy,0.0245363119008861
4,0.9,9.0,150,5,moderate,1.0,2934514214,20,2026,firm_2,ir_operational,1.0
4,0.9,9.0,150,5,moderate,1.0,2934514214,20,2026,firm_2,ir_accuracy,1.0
4,0.9,9.0,150,5,moderate,1.0,2934514214,20,2026,firm_3,phi_operational,25.089567700406555
4,0.9,9.0,150,5,moderate,1.0,2934514214,20,2026,firm_3,phi_accuracy,0.01924546766113453
4,0.9,9.0,150,5,moderate,1.0,2934514214,20,2026,firm_3,ir_operational,1.0
4,0.9,9.0,150,5,moderate,1.0,2934514214,20,2026,firm_3,ir_accuracy,1.0
4,0.9,9.0,150,5,moderate,1.0,2934514214,20,2026,_summary,v_op_N,55.35789342736166
4,0.9,9.0,150,5,moderate,1.0,2934514214,20,2026,_summary,v_acc_N,0.06870110783363781
4,0.9,9.0,150,5,moderate,1.0,2934514214,20,2026,_summary,spearman_rho,-0.19999999999999996
4,0.9,9.0,150,5,moderate,1.0,2934514214,20,2026,_summary,payment_displacement,0.1384102087236303
4,0.9,9.0,150,5,moderate,1.0,2934514214,20,2026,_summary,any_rank_reversal,1.0
4,0.9,9.0,150,5,moderate,1.0,2934514214,20,2026,_summary,efficiency_gap_op,0.0
4,0.9,9.0,150,5,moderate,1.0,4263260246,21,2026,firm_0,phi_operational,24.887361330360314
4,0.9,9.0,150,5,moderate,1.0,4263260246,21,2026,firm_0,phi_accuracy,-0.052361342068422856
4,0.9,9.0,150,5,moderate,1.0,4263260246,21,2026,firm_0,ir_operational,1.0
4,0.9,9.0,150,5,moderate,1.0,4263260246,21,2026,firm_0,ir_accuracy,0.0
4,0.9,9.0,150,5,moderate,1.0,4263260246,21,2026,firm_1,phi_operational,30.995387971428233
4,0.9,9.0,150,5,moderate,1.0,4263260246,21,2026,firm_1,phi_accuracy,-0.0172985106028297
4,0.9,9.0,150,5,moderate,1.0,4263260246,21,2026,firm_1,ir_operational,1.0
4,0.9,9.0,150,5,moderate,1.0,4263260246,21,2026,firm_1,ir_accuracy,0.0
4,0.9,9.0,150,5,moderate,1.0,4263260246,21,2026,firm_2,phi_operational,8.989923590225477
4,0.9,9.0,150,5,moderate,1.0,4263260246,21,2026,firm_2,phi_accuracy,-0.0031899881368999865
4,0.9,9.0,150,5,moderate,1.0,4263260246,21,2026,firm_2,ir_operational,1.0
4,0.9,9.0,150,5,moderate,1.0,4263260246,21,2026,firm_2,ir_accuracy,0.0
4,0.9,9.0,150,5,moderate,1.0,4263260246,21,2026,firm_3,phi_operational,22.821593970246433
4,0.9,9.0,150,5,moderate,1.0,4263260246,21,2026,firm_3,phi_accuracy,0.04971048576396869
4,0.9,9.0,150,5,moderate,1.0,4263260246,21,2026,firm_3,ir_operational,1.0
4,0.9,9.0,150,5,moderate,1.0,4263260246,21,2026,firm_3,ir_accuracy,1.0
4,0.9,9.0,150,5,moderate,1.0,4263260246,21,2026,_summary,v_op_N,87.69426686226046
4,0.9,9.0,150,5,moderate,1.0,4263260246,21,2026,_summary,v_acc_N,-0.02313935504418385
4,0.9,9.0,150,5,moderate,1.0,4263260246,21,2026,_summary,spearman_rho,-0.6000000000000001
4,0.9,9.0,150,5,moderate,1.0,4263260246,21,2026,_summary,payment_displacement,0.3698797835527274
4,0.9,9.0,150,5,moderate,1.0,4263260246,21,2026,_summary,any_rank_reversal,1.0
4,0.9,9.0,150,5,moderate,1.0,4263260246,21,2026,_summary,efficiency_gap_op,0.0
4,0.9,9.0,150,5,moderate,1.0,1952617991,22,2026,firm_0,phi_operational,15.332605754018736
4,0.9,9.0,150,5,moderate,1.0,1952617991,22,2026,firm_0,phi_accuracy,-0.03970589855738049
4,0.9,9.0,150,5,moderate,1.0,1952617991,22,2026,firm_0,ir_operational,1.0
4,0.9,9.0,150,5,moderate,1.0,1952617991,22,2026,firm_0,ir_accuracy,0.0
4,0.9,9.0,150,5,moderate,1.0,1952617991,22,2026,firm_1,phi_operational,21.8745650852144
4,0.9,9.0,150,5,moderate,1.0,1952617991,22,2026,firm_1,phi_accuracy,-0.0389932866228372
4,0.9,9.0,150,5,moderate,1.0,1952617991,22,2026,firm_1,ir_operational,1.0
4,0.9,9.0,150,5,moderate,1.0,1952617991,22,2026,firm_1,ir_accuracy,0.0
4,0.9,9.0,150,5,moderate,1.0,1952617991,22,2026,firm_2,phi_operational,4.396253665228002
4,0.9,9.0,150,5,moderate,1.0,1952617991,22,2026,firm_2,phi_accuracy,-0.04702885326837412
4,0.9,9.0,150,5,moderate,1.0,1952617991,22,2026,firm_2,ir_operational,1.0
4,0.9,9.0,150,5,moderate,1.0,1952617991,22,2026,firm_2,ir_accuracy,0.0
4,0.9,9.0,150,5,moderate,1.0,1952617991,22,2026,firm_3,phi_operational,3.0239400451910727
4,0.9,9.0,150,5,moderate,1.0,1952617991,22,2026,firm_3,phi_accuracy,-0.02539041119480656
4,0.9,9.0,150,5,moderate,1.0,1952617991,22,2026,firm_3,ir_operational,1.0
4,0.9,9.0,150,5,moderate,1.0,1952617991,22,2026,firm_3,ir_accuracy,0.0
4,0.9,9.0,150,5,moderate,1.0,1952617991,22,2026,_summary,v_op_N,44.627364549652214
4,0.9,9.0,150,5,moderate,1.0,1952617991,22,2026,_summary,v_acc_N,-0.15111844964339838
4,0.9,9.0,150,5,moderate,1.0,1952617991,22,2026,_summary,spearman_rho,-0.19999999999999996
4,0.9,9.0,150,5,moderate,1.0,1952617991,22,2026,_summary,payment_displacement,0.49999999999834
4,0.9,9.0,150,5,moderate,1.0,1952617991,22,2026,_summary,any_rank_reversal,1.0
4,0.9,9.0,150,5,moderate,1.0,1952617991,22,2026,_summary,efficiency_gap_op,0.0
4,0.9,9.0,150,5,moderate,1.0,1681778428,23,2026,firm_0,phi_operational,8.102716390907556
4,0.9,9.0,150,5,moderate,1.0,1681778428,23,2026,firm_0,phi_accuracy,0.0023398371566942795
4,0.9,9.0,150,5,moderate,1.0,1681778428,23,2026,firm_0,ir_operational,1.0
4,0.9,9.0,150,5,moderate,1.0,1681778428,23,2026,firm_0,ir_accuracy,1.0
4,0.9,9.0,150,5,moderate,1.0,1681778428,23,2026,firm_1,phi_operational,29.802217894677746
4,0.9,9.0,150,5,moderate,1.0,1681778428,23,2026,firm_1,phi_accuracy,0.014359145813682212
4,0.9,9.0,150,5,moderate,1.0,1681778428,23,2026,firm_1,ir_operational,1.0
4,0.9,9.0,150,5,moderate,1.0,1681778428,23,2026,firm_1,ir_accuracy,1.0
4,0.9,9.0,150,5,moderate,1.0,1681778428,23,2026,firm_2,phi_operational,26.785641421794402
4,0.9,9.0,150,5,moderate,1.0,1681778428,23,2026,firm_2,phi_accuracy,0.03681237771222349
4,0.9,9.0,150,5,moderate,1.0,1681778428,23,2026,firm_2,ir_operational,1.0
4,0.9,9.0,150,5,moderate,1.0,1681778428,23,2026,firm_2,ir_accuracy,1.0
4,0.9,9.0,150,5,moderate,1.0,1681778428,23,2026,firm_3,phi_operational,10.574257398880377
4,0.9,9.0,150,5,moderate,1.0,1681778428,23,2026,firm_3,phi_accuracy,0.019749264064473745
4,0.9,9.0,150,5,moderate,1.0,1681778428,23,2026,firm_3,ir_operational,1.0
4,0.9,9.0,150,5,moderate,1.0,1681778428,23,2026,firm_3,ir_accuracy,1.0
4,0.9,9.0,150,5,moderate,1.0,1681778428,23,2026,_summary,v_op_N,75.26483310626008
4,0.9,9.0,150,5,moderate,1.0,1681778428,23,2026,_summary,v_acc_N,0.07326062474707373
4,0.9,9.0,150,5,moderate,1.0,1681778428,23,2026,_summary,spearman_rho,0.4
4,0.9,9.0,150,5,moderate,1.0,1681778428,23,2026,_summary,payment_displacement,0.13784069135868882
4,0.9,9.0,150,5,moderate,1.0,1681778428,23,2026,_summary,any_rank_reversal,1.0
4,0.9,9.0,150,5,moderate,1.0,1681778428,23,2026,_summary,efficiency_gap_op,0.0
4,0.9,9.0,150,5,moderate,1.0,2535262996,24,2026,firm_0,phi_operational,22.115224232359537
4,0.9,9.0,150,5,moderate,1.0,2535262996,24,2026,firm_0,phi_accuracy,-0.06264347545360623
4,0.9,9.0,150,5,moderate,1.0,2535262996,24,2026,firm_0,ir_operational,1.0
4,0.9,9.0,150,5,moderate,1.0,2535262996,24,2026,firm_0,ir_accuracy,0.0
4,0.9,9.0,150,5,moderate,1.0,2535262996,24,2026,firm_1,phi_operational,9.116655218927708
4,0.9,9.0,150,5,moderate,1.0,2535262996,24,2026,firm_1,phi_accuracy,-0.031013896154542493
4,0.9,9.0,150,5,moderate,1.0,2535262996,24,2026,firm_1,ir_operational,1.0
4,0.9,9.0,150,5,moderate,1.0,2535262996,24,2026,firm_1,ir_accuracy,0.0
4,0.9,9.0,150,5,moderate,1.0,2535262996,24,2026,firm_2,phi_operational,13.650895943756959
4,0.9,9.0,150,5,moderate,1.0,2535262996,24,2026,firm_2,phi_accuracy,-0.03825893564441995
4,0.9,9.0,150,5,moderate,1.0,2535262996,24,2026,firm_2,ir_operational,1.0
4,0.9,9.0,150,5,moderate,1.0,2535262996,24,2026,firm_2,ir_accuracy,0.0
4,0.9,9.0,150,5,moderate,1.0,2535262996,24,2026,firm_3,phi_operational,8.553607528984088
4,0.9,9.0,150,5,moderate,1.0,2535262996,24,2026,firm_3,phi_accuracy,0.04354377902826893
4,0.9,9.0,150,5,moderate,1.0,2535262996,24,2026,firm_3,ir_operational,1.0
4,0.9,9.0,150,5,moderate,1.0,2535262996,24,2026,firm_3,ir_accuracy,1.0
4,0.9,9.0,150,5,moderate,1.0,2535262996,24,2026,_summary,v_op_N,53.436382924028294
4,0.9,9.0,150,5,moderate,1.0,2535262996,24,2026,_summary,v_acc_N,-0.08837252822429975
4,0.9,9.0,150,5,moderate,1.0,2535262996,24,2026,_summary,spearman_rho,-1.0
4,0.9,9.0,150,5,moderate,1.0,2535262996,24,2026,_summary,payment_displacement,0.4199645722531635
4,0.9,9.0,150,5,moderate,1.0,2535262996,24,2026,_summary,any_rank_reversal,1.0
4,0.9,9.0,150,5,moderate,1.0,2535262996,24,2026,_summary,efficiency_gap_op,0.0
4,0.9,9.0,150,5,moderate,1.0,3400904051,25,2026,firm_0,phi_operational,7.542588653239268
4,0.9,9.0,150,5,moderate,1.0,3400904051,25,2026,firm_0,phi_accuracy,0.01940160287290963
4,0.9,9.0,150,5,moderate,1.0,3400904051,25,2026,firm_0,ir_operational,1.0
4,0.9,9.0,150,5,moderate,1.0,3400904051,25,2026,firm_0,ir_accuracy,1.0
4,0.9,9.0,150,5,moderate,1.0,3400904051,25,2026,firm_1,phi_operational,5.16112984481966
4,0.9,9.0,150,5,moderate,1.0,3400904051,25,2026,firm_1,phi_accuracy,0.03338263880192029
4,0.9,9.0,150,5,moderate,1.0,3400904051,25,2026,firm_1,ir_operational,1.0
4,0.9,9.0,150,5,moderate,1.0,3400904051,25,2026,firm_1,ir_accuracy,1.0
4,0.9,9.0,150,5,moderate,1.0,3400904051,25,2026,firm_2,phi_operational,8.43548797970152
4,0.9,9.0,150,5,moderate,1.0,3400904051,25,2026,firm_2,phi_accuracy,0.07279334307947001
4,0.9,9.0,150,5,moderate,1.0,3400904051,25,2026,firm_2,ir_operational,1.0
4,0.9,9.0,150,5,moderate,1.0,3400904051,25,2026,firm_2,ir_accuracy,1.0
4,0.9,9.0,150,5,moderate,1.0,3400904051,25,2026,firm_3,phi_operational,6.941354237520405
4,0.9,9.0,150,5,moderate,1.0,3400904051,25,2026,firm_3,phi_accuracy,0.026685561918869928
4,0.9,9.0,150,5,moderate,1.0,3400904051,25,2026,firm_3,ir_operational,1.0
4,0.9,9.0,150,5,moderate,1.0,3400904051,25,2026,firm_3,ir_accuracy,1.0
4,0.9,9.0,150,5,moderate,1.0,3400904051,25,2026,_summary,v_op_N,28.080560715280853
4,0.9,9.0,150,5,moderate,1.0,3400904051,25,2026,_summary,v_acc_N,0.15226314667316987
4,0.9,9.0,150,5,moderate,1.0,3400904051,25,2026,_summary,spearman_rho,0.19999999999999996
4,0.9,9.0,150,5,moderate,1.0,3400904051,25,2026,_summary,payment_displacement,0.1065593053167785
4,0.9,9.0,150,5,moderate,1.0,3400904051,25,2026,_summary,any_rank_reversal,1.0
4,0.9,9.0,150,5,moderate,1.0,3400904051,25,2026,_summary,efficiency_gap_op,0.0
4,0.9,9.0,150,5,moderate,1.0,2711290458,26,2026,firm_0,phi_operational,10.61804737296713
4,0.9,9.0,150,5,moderate,1.0,2711290458,26,2026,firm_0,phi_accuracy,0.039663782052900824
4,0.9,9.0,150,5,moderate,1.0,2711290458,26,2026,firm_0,ir_operational,1.0
4,0.9,9.0,150,5,moderate,1.0,2711290458,26,2026,firm_0,ir_accuracy,1.0
4,0.9,9.0,150,5,moderate,1.0,2711290458,26,2026,firm_1,phi_operational,6.7854888142134655
4,0.9,9.0,150,5,moderate,1.0,2711290458,26,2026,firm_1,phi_accuracy,0.02172445545045596
4,0.9,9.0,150,5,moderate,1.0,2711290458,26,2026,firm_1,ir_operational,1.0
4,0.9,9.0,150,5,moderate,1.0,2711290458,26,2026,firm_1,ir_accuracy,1.0
4,0.9,9.0,150,5,moderate,1.0,2711290458,26,2026,firm_2,phi_operational,8.664958915699703
4,0.9,9.0,150,5,moderate,1.0,2711290458,26,2026,firm_2,phi_accuracy,0.02580673887053403
4,0.9,9.0,150,5,moderate,1.0,2711290458,26,2026,firm_2,ir_operational,1.0
4,0.9,9.0,150,5,moderate,1.0,2711290458,26,2026,firm_2,ir_accuracy,1.0
4,0.9,9.0,150,5,moderate,1.0,2711290458,26,2026,firm_3,phi_operational,8.402440385915629
4,0.9,9.0,150,5,moderate,1.0,2711290458,26,2026,firm_3,phi_accuracy,0.01381473441395899
4,0.9,9.0,150,5,moderate,1.0,2711290458,26,2026,firm_3,ir_operational,1.0
4,0.9,9.0,150,5,moderate,1.0,2711290458,26,2026,firm_3,ir_accuracy,1.0
4,0.9,9.0,150,5,moderate,1.0,2711290458,26,2026,_summary,v_op_N,34.47093548879593
4,0.9,9.0,150,5,moderate,1.0,2711290458,26,2026,_summary,v_acc_N,0.10100971078784982
4,0.9,9.0,150,5,moderate,1.0,2711290458,26,2026,_summary,spearman_rho,0.8
4,0.9,9.0,150,5,moderate,1.0,2711290458,26,2026,_summary,payment_displacement,0.053493974193982344
4,0.9,9.0,150,5,moderate,1.0,2711290458,26,2026,_summary,any_rank_reversal,1.0
4,0.9,9.0,150,5,moderate,1.0,2711290458,26,2026,_summary,efficiency_gap_op,0.0
4,0.9,9.0,150,5,moderate,1.0,3589050931,27,2026,firm_0,phi_operational,12.279889092313415
4,0.9,9.0,150,5,moderate,1.0,3589050931,27,2026,firm_0,phi_accuracy,0.05993470252394735
4,0.9,9.0,150,5,moderate,1.0,3589050931,27,2026,firm_0,ir_operational,1.0
4,0.9,9.0,150,5,moderate,1.0,3589050931,27,2026,firm_0,ir_accuracy,1.0
4,0.9,9.0,150,5,moderate,1.0,3589050931,27,2026,firm_1,phi_operational,14.21819703152975
4,0.9,9.0,150,5,moderate,1.0,3589050931,27,2026,firm_1,phi_accuracy,0.04918512675795986
4,0.9,9.0,150,5,moderate,1.0,3589050931,27,2026,firm_1,ir_operational,1.0
4,0.9,9.0,150,5,moderate,1.0,3589050931,27,2026,firm_1,ir_accuracy,1.0
4,0.9,9.0,150,5,moderate,1.0,3589050931,27,2026,firm_2,phi_operational,6.826560174525298
4,0.9,9.0,150,5,moderate,1.0,3589050931,27,2026,firm_2,phi_accuracy,6.776950917168146e-05
4,0.9,9.0,150,5,moderate,1.0,3589050931,27,2026,firm_2,ir_operational,1.0
4,0.9,9.0,150,5,moderate,1.0,3589050931,27,2026,firm_2,ir_accuracy,1.0
4,0.9,9.0,150,5,moderate,1.0,3589050931,27,2026,firm_3,phi_operational,-5.0784828141541425
4,0.9,9.0,150,5,moderate,1.0,3589050931,27,2026,firm_3,phi_accuracy,0.0017799048351005622
4,0.9,9.0,150,5,moderate,1.0,3589050931,27,2026,firm_3,ir_operational,0.0
4,0.9,9.0,150,5,moderate,1.0,3589050931,27,2026,firm_3,ir_accuracy,1.0
4,0.9,9.0,150,5,moderate,1.0,3589050931,27,2026,_summary,v_op_N,28.24616348421432
4,0.9,9.0,150,5,moderate,1.0,3589050931,27,2026,_summary,v_acc_N,0.11096750362617946
4,0.9,9.0,150,5,moderate,1.0,3589050931,27,2026,_summary,spearman_rho,0.6
4,0.9,9.0,150,5,moderate,1.0,3589050931,27,2026,_summary,payment_displacement,0.15469559251396872
4,0.9,9.0,150,5,moderate,1.0,3589050931,27,2026,_summary,any_rank_reversal,1.0
4,0.9,9.0,150,5,moderate,1.0,3589050931,27,2026,_summary,efficiency_gap_op,0.0
4,0.9,9.0,150,5,moderate,1.0,3440451330,28,2026,firm_0,phi_operational,5.743448297430945
4,0.9,9.0,150,5,moderate,1.0,3440451330,28,2026,firm_0,phi_accuracy,-0.021839815119547495
4,0.9,9.0,150,5,moderate,1.0,3440451330,28,2026,firm_0,ir_operational,1.0
4,0.9,9.0,150,5,moderate,1.0,3440451330,28,2026,firm_0,ir_accuracy,0.0
4,0.9,9.0,150,5,moderate,1.0,3440451330,28,2026,firm_1,phi_operational,8.583003860166617
4,0.9,9.0,150,5,moderate,1.0,3440451330,28,2026,firm_1,phi_accuracy,0.0101493503533825
4,0.9,9.0,150,5,moderate,1.0,3440451330,28,2026,firm_1,ir_operational,1.0
4,0.9,9.0,150,5,moderate,1.0,3440451330,28,2026,firm_1,ir_accuracy,1.0
4,0.9,9.0,150,5,moderate,1.0,3440451330,28,2026,firm_2,phi_operational,7.593637750889276
4,0.9,9.0,150,5,moderate,1.0,3440451330,28,2026,firm_2,phi_accuracy,0.004558222364312627
4,0.9,9.0,150,5,moderate,1.0,3440451330,28,2026,firm_2,ir_operational,1.0
4,0.9,9.0,150,5,moderate,1.0,3440451330,28,2026,firm_2,ir_accuracy,1.0
4,0.9,9.0,150,5,moderate,1.0,3440451330,28,2026,firm_3,phi_operational,6.66890834660011
4,0.9,9.0,150,5,moderate,1.0,3440451330,28,2026,firm_3,phi_accuracy,-0.02228834765686774
4,0.9,9.0,150,5,moderate,1.0,3440451330,28,2026,firm_3,ir_operational,1.0
4,0.9,9.0,150,5,moderate,1.0,3440451330,28,2026,firm_3,ir_accuracy,0.0
4,0.9,9.0,150,5,moderate,1.0,3440451330,28,2026,_summary,v_op_N,28.58899825508695
4,0.9,9.0,150,5,moderate,1.0,3440451330,28,2026,_summary,v_acc_N,-0.02942059005872011
4,0.9,9.0,150,5,moderate,1.0,3440451330,28,2026,_summary,spearman_rho,0.8
4,0.9,9.0,150,5,moderate,1.0,3440451330,28,2026,_summary,payment_displacement,0.3750115674221626
4,0.9,9.0,150,5,moderate,1.0,3440451330,28,2026,_summary,any_rank_reversal,1.0
4,0.9,9.0,150,5,moderate,1.0,3440451330,28,2026,_summary,efficiency_gap_op,0.0
4,0.9,9.0,150,5,moderate,1.0,549048731,29,2026,firm_0,phi_operational,3.618058210605701
4,0.9,9.0,150,5,moderate,1.0,549048731,29,2026,firm_0,phi_accuracy,0.04718396290360553
4,0.9,9.0,150,5,moderate,1.0,549048731,29,2026,firm_0,ir_operational,1.0
4,0.9,9.0,150,5,moderate,1.0,549048731,29,2026,firm_0,ir_accuracy,1.0
4,0.9,9.0,150,5,moderate,1.0,549048731,29,2026,firm_1,phi_operational,13.849197328268701
4,0.9,9.0,150,5,moderate,1.0,549048731,29,2026,firm_1,phi_accuracy,0.019742411267377857
4,0.9,9.0,150,5,moderate,1.0,549048731,29,2026,firm_1,ir_operational,1.0
4,0.9,9.0,150,5,moderate,1.0,549048731,29,2026,firm_1,ir_accuracy,1.0
4,0.9,9.0,150,5,moderate,1.0,549048731,29,2026,firm_2,phi_operational,12.987519903122385
4,0.9,9.0,150,5,moderate,1.0,549048731,29,2026,firm_2,phi_accuracy,0.01620257668490588
4,0.9,9.0,150,5,moderate,1.0,549048731,29,2026,firm_2,ir_operational,1.0
4,0.9,9.0,150,5,moderate,1.0,549048731,29,2026,firm_2,ir_accuracy,1.0
4,0.9,9.0,150,5,moderate,1.0,549048731,29,2026,firm_3,phi_operational,11.730954518932379
4,0.9,9.0,150,5,moderate,1.0,549048731,29,2026,firm_3,phi_accuracy,0.015263814518261937
4,0.9,9.0,150,5,moderate,1.0,549048731,29,2026,firm_3,ir_operational,1.0
4,0.9,9.0,150,5,moderate,1.0,549048731,29,2026,firm_3,ir_accuracy,1.0
4,0.9,9.0,150,5,moderate,1.0,549048731,29,2026,_summary,v_op_N,42.185729960929166
4,0.9,9.0,150,5,moderate,1.0,549048731,29,2026,_summary,v_acc_N,0.0983927653741512
4,0.9,9.0,150,5,moderate,1.0,549048731,29,2026,_summary,spearman_rho,-0.19999999999999996
4,0.9,9.0,150,5,moderate,1.0,549048731,29,2026,_summary,payment_displacement,0.1968910487401001
4,0.9,9.0,150,5,moderate,1.0,549048731,29,2026,_summary,any_rank_reversal,1.0
4,0.9,9.0,150,5,moderate,1.0,549048731,29,2026,_summary,efficiency_gap_op,0.0
4,0.9,19.0,150,5,moderate,1.0,3697835151,0,2026,firm_0,phi_operational,38.63304933934023
4,0.9,19.0,150,5,moderate,1.0,3697835151,0,2026,firm_0,phi_accuracy,-0.0034160009699243004
4,0.9,19.0,150,5,moderate,1.0,3697835151,0,2026,firm_0,ir_operational,1.0
4,0.9,19.0,150,5,moderate,1.0,3697835151,0,2026,firm_0,ir_accuracy,0.0
4,0.9,19.0,150,5,moderate,1.0,3697835151,0,2026,firm_1,phi_operational,58.35244393402577
4,0.9,19.0,150,5,moderate,1.0,3697835151,0,2026,firm_1,phi_accuracy,0.0901500497460146
4,0.9,19.0,150,5,moderate,1.0,3697835151,0,2026,firm_1,ir_operational,1.0
4,0.9,19.0,150,5,moderate,1.0,3697835151,0,2026,firm_1,ir_accuracy,1.0
4,0.9,19.0,150,5,moderate,1.0,3697835151,0,2026,firm_2,phi_operational,47.8209486851886
4,0.9,19.0,150,5,moderate,1.0,3697835151,0,2026,firm_2,phi_accuracy,0.04612762577017389
4,0.9,19.0,150,5,moderate,1.0,3697835151,0,2026,firm_2,ir_operational,1.0
4,0.9,19.0,150,5,moderate,1.0,3697835151,0,2026,firm_2,ir_accuracy,1.0
4,0.9,19.0,150,5,moderate,1.0,3697835151,0,2026,firm_3,phi_operational,63.425690009613845
4,0.9,19.0,150,5,moderate,1.0,3697835151,0,2026,firm_3,phi_accuracy,0.07673366044888807
4,0.9,19.0,150,5,moderate,1.0,3697835151,0,2026,firm_3,ir_operational,1.0
4,0.9,19.0,150,5,moderate,1.0,3697835151,0,2026,firm_3,ir_accuracy,1.0
4,0.9,19.0,150,5,moderate,1.0,3697835151,0,2026,_summary,v_op_N,208.23213196816846
4,0.9,19.0,150,5,moderate,1.0,3697835151,0,2026,_summary,v_acc_N,0.20959533499515226
4,0.9,19.0,150,5,moderate,1.0,3697835151,0,2026,_summary,spearman_rho,0.8
4,0.9,19.0,150,5,moderate,1.0,3697835151,0,2026,_summary,payment_displacement,0.10102435582673004
4,0.9,19.0,150,5,moderate,1.0,3697835151,0,2026,_summary,any_rank_reversal,1.0
4,0.9,19.0,150,5,moderate,1.0,3697835151,0,2026,_summary,efficiency_gap_op,0.0
4,0.9,19.0,150,5,moderate,1.0,3522156253,1,2026,firm_0,phi_operational,30.595822743173358
4,0.9,19.0,150,5,moderate,1.0,3522156253,1,2026,firm_0,phi_accuracy,0.001063915372661475
4,0.9,19.0,150,5,moderate,1.0,3522156253,1,2026,firm_0,ir_operational,1.0
4,0.9,19.0,150,5,moderate,1.0,3522156253,1,2026,firm_0,ir_accuracy,1.0
4,0.9,19.0,150,5,moderate,1.0,3522156253,1,2026,firm_1,phi_operational,12.050831290969956
4,0.9,19.0,150,5,moderate,1.0,3522156253,1,2026,firm_1,phi_accuracy,-0.01252879765723422
4,0.9,19.0,150,5,moderate,1.0,3522156253,1,2026,firm_1,ir_operational,1.0
4,0.9,19.0,150,5,moderate,1.0,3522156253,1,2026,firm_1,ir_accuracy,0.0
4,0.9,19.0,150,5,moderate,1.0,3522156253,1,2026,firm_2,phi_operational,29.28819132175685
4,0.9,19.0,150,5,moderate,1.0,3522156253,1,2026,firm_2,phi_accuracy,-0.016470830838982514
4,0.9,19.0,150,5,moderate,1.0,3522156253,1,2026,firm_2,ir_operational,1.0
4,0.9,19.0,150,5,moderate,1.0,3522156253,1,2026,firm_2,ir_accuracy,0.0
4,0.9,19.0,150,5,moderate,1.0,3522156253,1,2026,firm_3,phi_operational,18.17756061349121
4,0.9,19.0,150,5,moderate,1.0,3522156253,1,2026,firm_3,phi_accuracy,-0.05601166904031173
4,0.9,19.0,150,5,moderate,1.0,3522156253,1,2026,firm_3,ir_operational,1.0
4,0.9,19.0,150,5,moderate,1.0,3522156253,1,2026,firm_3,ir_accuracy,0.0
4,0.9,19.0,150,5,moderate,1.0,3522156253,1,2026,_summary,v_op_N,90.11240596939138
4,0.9,19.0,150,5,moderate,1.0,3522156253,1,2026,_summary,v_acc_N,-0.08394738216386699
4,0.9,19.0,150,5,moderate,1.0,3522156253,1,2026,_summary,spearman_rho,0.4
4,0.9,19.0,150,5,moderate,1.0,3522156253,1,2026,_summary,payment_displacement,0.49381985047035526
4,0.9,19.0,150,5,moderate,1.0,3522156253,1,2026,_summary,any_rank_reversal,1.0
4,0.9,19.0,150,5,moderate,1.0,3522156253,1,2026,_summary,efficiency_gap_op,0.0
4,0.9,19.0,150,5,moderate,1.0,2912077821,2,2026,firm_0,phi_operational,46.45283998020844
4,0.9,19.0,150,5,moderate,1.0,2912077821,2,2026,firm_0,phi_accuracy,0.016508295281699337
4,0.9,19.0,150,5,moderate,1.0,2912077821,2,2026,firm_0,ir_operational,1.0
4,0.9,19.0,150,5,moderate,1.0,2912077821,2,2026,firm_0,ir_accuracy,1.0
4,0.9,19.0,150,5,moderate,1.0,2912077821,2,2026,firm_1,phi_operational,91.55936689826954
4,0.9,19.0,150,5,moderate,1.0,2912077821,2,2026,firm_1,phi_accuracy,0.0279612372435921
4,0.9,19.0,150,5,moderate,1.0,2912077821,2,2026,firm_1,ir_operational,1.0
4,0.9,19.0,150,5,moderate,1.0,2912077821,2,2026,firm_1,ir_accuracy,1.0
4,0.9,19.0,150,5,moderate,1.0,2912077821,2,2026,firm_2,phi_operational,32.00770958204471
4,0.9,19.0,150,5,moderate,1.0,2912077821,2,2026,firm_2,phi_accuracy,-0.02708539950680431
4,0.9,19.0,150,5,moderate,1.0,2912077821,2,2026,firm_2,ir_operational,1.0
4,0.9,19.0,150,5,moderate,1.0,2912077821,2,2026,firm_2,ir_accuracy,0.0
4,0.9,19.0,150,5,moderate,1.0,2912077821,2,2026,firm_3,phi_operational,55.654649699552124
4,0.9,19.0,150,5,moderate,1.0,2912077821,2,2026,firm_3,phi_accuracy,0.025023916194071794
4,0.9,19.0,150,5,moderate,1.0,2912077821,2,2026,firm_3,ir_operational,1.0
4,0.9,19.0,150,5,moderate,1.0,2912077821,2,2026,firm_3,ir_accuracy,1.0
4,0.9,19.0,150,5,moderate,1.0,2912077821,2,2026,_summary,v_op_N,225.67456616007485
4,0.9,19.0,150,5,moderate,1.0,2912077821,2,2026,_summary,v_acc_N,0.04240804921255892
4,0.9,19.0,150,5,moderate,1.0,2912077821,2,2026,_summary,spearman_rho,1.0
4,0.9,19.0,150,5,moderate,1.0,2912077821,2,2026,_summary,payment_displacement,0.14646871065079342
4,0.9,19.0,150,5,moderate,1.0,2912077821,2,2026,_summary,any_rank_reversal,0.0
4,0.9,19.0,150,5,moderate,1.0,2912077821,2,2026,_summary,efficiency_gap_op,2.842170943040401e-14
4,0.9,19.0,150,5,moderate,1.0,2290226147,3,2026,firm_0,phi_operational,64.76193831516818
4,0.9,19.0,150,5,moderate,1.0,2290226147,3,2026,firm_0,phi_accuracy,0.02373420429552651
4,0.9,19.0,150,5,moderate,1.0,2290226147,3,2026,firm_0,ir_operational,1.0
4,0.9,19.0,150,5,moderate,1.0,2290226147,3,2026,firm_0,ir_accuracy,1.0
4,0.9,19.0,150,5,moderate,1.0,2290226147,3,2026,firm_1,phi_operational,60.70604521400237
4,0.9,19.0,150,5,moderate,1.0,2290226147,3,2026,firm_1,phi_accuracy,0.05656347531345212
4,0.9,19.0,150,5,moderate,1.0,2290226147,3,2026,firm_1,ir_operational,1.0
4,0.9,19.0,150,5,moderate,1.0,2290226147,3,2026,firm_1,ir_accuracy,1.0
4,0.9,19.0,150,5,moderate,1.0,2290226147,3,2026,firm_2,phi_operational,51.811944899564686
4,0.9,19.0,150,5,moderate,1.0,2290226147,3,2026,firm_2,phi_accuracy,0.05812189061655165
4,0.9,19.0,150,5,moderate,1.0,2290226147,3,2026,firm_2,ir_operational,1.0
4,0.9,19.0,150,5,moderate,1.0,2290226147,3,2026,firm_2,ir_accuracy,1.0
4,0.9,19.0,150,5,moderate,1.0,2290226147,3,2026,firm_3,phi_operational,29.668522304196394
4,0.9,19.0,150,5,moderate,1.0,2290226147,3,2026,firm_3,phi_accuracy,0.01851034398122433
4,0.9,19.0,150,5,moderate,1.0,2290226147,3,2026,firm_3,ir_operational,1.0
4,0.9,19.0,150,5,moderate,1.0,2290226147,3,2026,firm_3,ir_accuracy,1.0
4,0.9,19.0,150,5,moderate,1.0,2290226147,3,2026,_summary,v_op_N,206.94845073293163
4,0.9,19.0,150,5,moderate,1.0,2290226147,3,2026,_summary,v_acc_N,0.15692991420675462
4,0.9,19.0,150,5,moderate,1.0,2290226147,3,2026,_summary,spearman_rho,0.19999999999999996
4,0.9,19.0,150,5,moderate,1.0,2290226147,3,2026,_summary,payment_displacement,0.09355285339024907
4,0.9,19.0,150,5,moderate,1.0,2290226147,3,2026,_summary,any_rank_reversal,1.0
4,0.9,19.0,150,5,moderate,1.0,2290226147,3,2026,_summary,efficiency_gap_op,0.0
4,0.9,19.0,150,5,moderate,1.0,2740571462,4,2026,firm_0,phi_operational,52.5953801050905
4,0.9,19.0,150,5,moderate,1.0,2740571462,4,2026,firm_0,phi_accuracy,-0.010279509986076518
4,0.9,19.0,150,5,moderate,1.0,2740571462,4,2026,firm_0,ir_operational,1.0
4,0.9,19.0,150,5,moderate,1.0,2740571462,4,2026,firm_0,ir_accuracy,0.0
4,0.9,19.0,150,5,moderate,1.0,2740571462,4,2026,firm_1,phi_operational,20.571790752385596
4,0.9,19.0,150,5,moderate,1.0,2740571462,4,2026,firm_1,phi_accuracy,0.14458544095087428
4,0.9,19.0,150,5,moderate,1.0,2740571462,4,2026,firm_1,ir_operational,1.0
4,0.9,19.0,150,5,moderate,1.0,2740571462,4,2026,firm_1,ir_accuracy,1.0
4,0.9,19.0,150,5,moderate,1.0,2740571462,4,2026,firm_2,phi_operational,59.442709459543416
4,0.9,19.0,150,5,moderate,1.0,2740571462,4,2026,firm_2,phi_accuracy,0.011748260921859691
4,0.9,19.0,150,5,moderate,1.0,2740571462,4,2026,firm_2,ir_operational,1.0
4,0.9,19.0,150,5,moderate,1.0,2740571462,4,2026,firm_2,ir_accuracy,1.0
4,0.9,19.0,150,5,moderate,1.0,2740571462,4,2026,firm_3,phi_operational,-2.9792303224520924
4,0.9,19.0,150,5,moderate,1.0,2740571462,4,2026,firm_3,phi_accuracy,0.017273469720271106
4,0.9,19.0,150,5,moderate,1.0,2740571462,4,2026,firm_3,ir_operational,0.0
4,0.9,19.0,150,5,moderate,1.0,2740571462,4,2026,firm_3,ir_accuracy,1.0
4,0.9,19.0,150,5,moderate,1.0,2740571462,4,2026,_summary,v_op_N,129.63064999456742
4,0.9,19.0,150,5,moderate,1.0,2740571462,4,2026,_summary,v_acc_N,0.16332766160692858
4,0.9,19.0,150,5,moderate,1.0,2740571462,4,2026,_summary,spearman_rho,-0.6000000000000001
4,0.9,19.0,150,5,moderate,1.0,2740571462,4,2026,_summary,payment_displacement,0.3921949270171162
4,0.9,19.0,150,5,moderate,1.0,2740571462,4,2026,_summary,any_rank_reversal,1.0
4,0.9,19.0,150,5,moderate,1.0,2740571462,4,2026,_summary,efficiency_gap_op,0.0
4,0.9,19.0,150,5,moderate,1.0,707201347,5,2026,firm_0,phi_operational,37.39320681417452
4,0.9,19.0,150,5,moderate,1.0,707201347,5,2026,firm_0,phi_accuracy,-0.009357550209714202
4,0.9,19.0,150,5,moderate,1.0,707201347,5,2026,firm_0,ir_operational,1.0
4,0.9,19.0,150,5,moderate,1.0,707201347,5,2026,firm_0,ir_accuracy,0.0
4,0.9,19.0,150,5,moderate,1.0,707201347,5,2026,firm_1,phi_operational,36.253075531061064
4,0.9,19.0,150,5,moderate,1.0,707201347,5,2026,firm_1,phi_accuracy,-0.010728139573404738
4,0.9,19.0,150,5,moderate,1.0,707201347,5,2026,firm_1,ir_operational,1.0
4,0.9,19.0,150,5,moderate,1.0,707201347,5,2026,firm_1,ir_accuracy,0.0
4,0.9,19.0,150,5,moderate,1.0,707201347,5,2026,firm_2,phi_operational,72.88444243612174
4,0.9,19.0,150,5,moderate,1.0,707201347,5,2026,firm_2,phi_accuracy,-0.009737308101253228
4,0.9,19.0,150,5,moderate,1.0,707201347,5,2026,firm_2,ir_operational,1.0
4,0.9,19.0,150,5,moderate,1.0,707201347,5,2026,firm_2,ir_accuracy,0.0
4,0.9,19.0,150,5,moderate,1.0,707201347,5,2026,firm_3,phi_operational,44.76508246473642
4,0.9,19.0,150,5,moderate,1.0,707201347,5,2026,firm_3,phi_accuracy,0.012873235053216265
4,0.9,19.0,150,5,moderate,1.0,707201347,5,2026,firm_3,ir_operational,1.0
4,0.9,19.0,150,5,moderate,1.0,707201347,5,2026,firm_3,ir_accuracy,1.0
4,0.9,19.0,150,5,moderate,1.0,707201347,5,2026,_summary,v_op_N,191.29580724609377
4,0.9,19.0,150,5,moderate,1.0,707201347,5,2026,_summary,v_acc_N,-0.0169497628311559
4,0.9,19.0,150,5,moderate,1.0,707201347,5,2026,_summary,spearman_rho,0.4
4,0.9,19.0,150,5,moderate,1.0,707201347,5,2026,_summary,payment_displacement,0.3829951290845895
4,0.9,19.0,150,5,moderate,1.0,707201347,5,2026,_summary,any_rank_reversal,1.0
4,0.9,19.0,150,5,moderate,1.0,707201347,5,2026,_summary,efficiency_gap_op,2.842170943040401e-14
4,0.9,19.0,150,5,moderate,1.0,258676952,6,2026,firm_0,phi_operational,22.083555080224755
4,0.9,19.0,150,5,moderate,1.0,258676952,6,2026,firm_0,phi_accuracy,-0.004160557729014617
4,0.9,19.0,150,5,moderate,1.0,258676952,6,2026,firm_0,ir_operational,1.0
4,0.9,19.0,150,5,moderate,1.0,258676952,6,2026,firm_0,ir_accuracy,0.0
4,0.9,19.0,150,5,moderate,1.0,258676952,6,2026,firm_1,phi_operational,17.779257131221698
4,0.9,19.0,150,5,moderate,1.0,258676952,6,2026,firm_1,phi_accuracy,-0.008011719672723813
4,0.9,19.0,150,5,moderate,1.0,258676952,6,2026,firm_1,ir_operational,1.0
4,0.9,19.0,150,5,moderate,1.0,258676952,6,2026,firm_1,ir_accuracy,0.0
4,0.9,19.0,150,5,moderate,1.0,258676952,6,2026,firm_2,phi_operational,-14.109866195831575
4,0.9,19.0,150,5,moderate,1.0,258676952,6,2026,firm_2,phi_accuracy,-0.004381135067259641
4,0.9,19.0,150,5,moderate,1.0,258676952,6,2026,firm_2,ir_operational,0.0
4,0.9,19.0,150,5,moderate,1.0,258676952,6,2026,firm_2,ir_accuracy,0.0
4,0.9,19.0,150,5,moderate,1.0,258676952,6,2026,firm_3,phi_operational,23.820574843710194
4,0.9,19.0,150,5,moderate,1.0,258676952,6,2026,firm_3,phi_accuracy,0.03684929343376937
4,0.9,19.0,150,5,moderate,1.0,258676952,6,2026,firm_3,ir_operational,1.0
4,0.9,19.0,150,5,moderate,1.0,258676952,6,2026,firm_3,ir_accuracy,1.0
4,0.9,19.0,150,5,moderate,1.0,258676952,6,2026,_summary,v_op_N,49.57352085932507
4,0.9,19.0,150,5,moderate,1.0,258676952,6,2026,_summary,v_acc_N,0.020295880964771307
4,0.9,19.0,150,5,moderate,1.0,258676952,6,2026,_summary,spearman_rho,0.8
4,0.9,19.0,150,5,moderate,1.0,258676952,6,2026,_summary,payment_displacement,0.30587841050896847
4,0.9,19.0,150,5,moderate,1.0,258676952,6,2026,_summary,any_rank_reversal,1.0
4,0.9,19.0,150,5,moderate,1.0,258676952,6,2026,_summary,efficiency_gap_op,0.0
4,0.9,19.0,150,5,moderate,1.0,2911371955,7,2026,firm_0,phi_operational,46.17737036814657
4,0.9,19.0,150,5,moderate,1.0,2911371955,7,2026,firm_0,phi_accuracy,0.03867232504903201
4,0.9,19.0,150,5,moderate,1.0,2911371955,7,2026,firm_0,ir_operational,1.0
4,0.9,19.0,150,5,moderate,1.0,2911371955,7,2026,firm_0,ir_accuracy,1.0
4,0.9,19.0,150,5,moderate,1.0,2911371955,7,2026,firm_1,phi_operational,24.53920401663195
4,0.9,19.0,150,5,moderate,1.0,2911371955,7,2026,firm_1,phi_accuracy,0.016324225355778023
4,0.9,19.0,150,5,moderate,1.0,2911371955,7,2026,firm_1,ir_operational,1.0
4,0.9,19.0,150,5,moderate,1.0,2911371955,7,2026,firm_1,ir_accuracy,1.0
4,0.9,19.0,150,5,moderate,1.0,2911371955,7,2026,firm_2,phi_operational,-3.1714256980509585
4,0.9,19.0,150,5,moderate,1.0,2911371955,7,2026,firm_2,phi_accuracy,-0.016111707846284108
4,0.9,19.0,150,5,moderate,1.0,2911371955,7,2026,firm_2,ir_operational,0.0
4,0.9,19.0,150,5,moderate,1.0,2911371955,7,2026,firm_2,ir_accuracy,0.0
4,0.9,19.0,150,5,moderate,1.0,2911371955,7,2026,firm_3,phi_operational,13.946907884725741
4,0.9,19.0,150,5,moderate,1.0,2911371955,7,2026,firm_3,phi_accuracy,-0.0006040427333619536
4,0.9,19.0,150,5,moderate,1.0,2911371955,7,2026,firm_3,ir_operational,1.0
4,0.9,19.0,150,5,moderate,1.0,2911371955,7,2026,firm_3,ir_accuracy,0.0
4,0.9,19.0,150,5,moderate,1.0,2911371955,7,2026,_summary,v_op_N,81.4920565714533
4,0.9,19.0,150,5,moderate,1.0,2911371955,7,2026,_summary,v_acc_N,0.03828079982516397
4,0.9,19.0,150,5,moderate,1.0,2911371955,7,2026,_summary,spearman_rho,1.0
4,0.9,19.0,150,5,moderate,1.0,2911371955,7,2026,_summary,payment_displacement,0.10526462823560824
4,0.9,19.0,150,5,moderate,1.0,2911371955,7,2026,_summary,any_rank_reversal,0.0
4,0.9,19.0,150,5,moderate,1.0,2911371955,7,2026,_summary,efficiency_gap_op,0.0
4,0.9,19.0,150,5,moderate,1.0,2012599014,8,2026,firm_0,phi_operational,42.967652939558505
4,0.9,19.0,150,5,moderate,1.0,2012599014,8,2026,firm_0,phi_accuracy,0.001895824792592852
4,0.9,19.0,150,5,moderate,1.0,2012599014,8,2026,firm_0,ir_operational,1.0
4,0.9,19.0,150,5,moderate,1.0,2012599014,8,2026,firm_0,ir_accuracy,1.0
4,0.9,19.0,150,5,moderate,1.0,2012599014,8,2026,firm_1,phi_operational,26.131723096413413
4,0.9,19.0,150,5,moderate,1.0,2012599014,8,2026,firm_1,phi_accuracy,0.0015729085212042675
4,0.9,19.0,150,5,moderate,1.0,2012599014,8,2026,firm_1,ir_operational,1.0
4,0.9,19.0,150,5,moderate,1.0,2012599014,8,2026,firm_1,ir_accuracy,1.0
4,0.9,19.0,150,5,moderate,1.0,2012599014,8,2026,firm_2,phi_operational,23.55994031204655
4,0.9,19.0,150,5,moderate,1.0,2012599014,8,2026,firm_2,phi_accuracy,0.0013879091833449522
4,0.9,19.0,150,5,moderate,1.0,2012599014,8,2026,firm_2,ir_operational,1.0
4,0.9,19.0,150,5,moderate,1.0,2012599014,8,2026,firm_2,ir_accuracy,1.0
4,0.9,19.0,150,5,moderate,1.0,2012599014,8,2026,firm_3,phi_operational,45.332289479179394
4,0.9,19.0,150,5,moderate,1.0,2012599014,8,2026,firm_3,phi_accuracy,0.021141083826098195
4,0.9,19.0,150,5,moderate,1.0,2012599014,8,2026,firm_3,ir_operational,1.0
4,0.9,19.0,150,5,moderate,1.0,2012599014,8,2026,firm_3,ir_accuracy,1.0
4,0.9,19.0,150,5,moderate,1.0,2012599014,8,2026,_summary,v_op_N,137.99160582719787
4,0.9,19.0,150,5,moderate,1.0,2012599014,8,2026,_summary,v_acc_N,0.025997726323240267
4,0.9,19.0,150,5,moderate,1.0,2012599014,8,2026,_summary,spearman_rho,1.0
4,0.9,19.0,150,5,moderate,1.0,2012599014,8,2026,_summary,payment_displacement,0.24233744370833818
4,0.9,19.0,150,5,moderate,1.0,2012599014,8,2026,_summary,any_rank_reversal,0.0
4,0.9,19.0,150,5,moderate,1.0,2012599014,8,2026,_summary,efficiency_gap_op,0.0
4,0.9,19.0,150,5,moderate,1.0,1211662559,9,2026,firm_0,phi_operational,51.01137949251089
4,0.9,19.0,150,5,moderate,1.0,1211662559,9,2026,firm_0,phi_accuracy,0.04247863312608983
4,0.9,19.0,150,5,moderate,1.0,1211662559,9,2026,firm_0,ir_operational,1.0
4,0.9,19.0,150,5,moderate,1.0,1211662559,9,2026,firm_0,ir_accuracy,1.0
4,0.9,19.0,150,5,moderate,1.0,1211662559,9,2026,firm_1,phi_operational,25.541448089046224
4,0.9,19.0,150,5,moderate,1.0,1211662559,9,2026,firm_1,phi_accuracy,0.02921673650849325
4,0.9,19.0,150,5,moderate,1.0,1211662559,9,2026,firm_1,ir_operational,1.0
4,0.9,19.0,150,5,moderate,1.0,1211662559,9,2026,firm_1,ir_accuracy,1.0
4,0.9,19.0,150,5,moderate,1.0,1211662559,9,2026,firm_2,phi_operational,25.732890430565284
4,0.9,19.0,150,5,moderate,1.0,1211662559,9,2026,firm_2,phi_accuracy,0.04567750880010886
4,0.9,19.0,150,5,moderate,1.0,1211662559,9,2026,firm_2,ir_operational,1.0
4,0.9,19.0,150,5,moderate,1.0,1211662559,9,2026,firm_2,ir_accuracy,1.0
4,0.9,19.0,150,5,moderate,1.0,1211662559,9,2026,firm_3,phi_operational,49.610719341037
4,0.9,19.0,150,5,moderate,1.0,1211662559,9,2026,firm_3,phi_accuracy,0.03394008061164895
4,0.9,19.0,150,5,moderate,1.0,1211662559,9,2026,firm_3,ir_operational,1.0
4,0.9,19.0,150,5,moderate,1.0,1211662559,9,2026,firm_3,ir_accuracy,1.0
4,0.9,19.0,150,5,moderate,1.0,1211662559,9,2026,_summary,v_op_N,151.8964373531594
4,0.9,19.0,150,5,moderate,1.0,1211662559,9,2026,_summary,v_acc_N,0.1513129590463409
4,0.9,19.0,150,5,moderate,1.0,1211662559,9,2026,_summary,spearman_rho,0.4
4,0.9,19.0,150,5,moderate,1.0,1211662559,9,2026,_summary,payment_displacement,0.0787006828653255
4,0.9,19.0,150,5,moderate,1.0,1211662559,9,2026,_summary,any_rank_reversal,1.0
4,0.9,19.0,150,5,moderate,1.0,1211662559,9,2026,_summary,efficiency_gap_op,0.0
4,0.9,19.0,150,5,moderate,1.0,558802588,10,2026,firm_0,phi_operational,19.468668166773988
4,0.9,19.0,150,5,moderate,1.0,558802588,10,2026,firm_0,phi_accuracy,0.020363103623659486
4,0.9,19.0,150,5,moderate,1.0,558802588,10,2026,firm_0,ir_operational,1.0
4,0.9,19.0,150,5,moderate,1.0,558802588,10,2026,firm_0,ir_accuracy,1.0
4,0.9,19.0,150,5,moderate,1.0,558802588,10,2026,firm_1,phi_operational,42.70398552504336
4,0.9,19.0,150,5,moderate,1.0,558802588,10,2026,firm_1,phi_accuracy,0.04072228600653519
4,0.9,19.0,150,5,moderate,1.0,558802588,10,2026,firm_1,ir_operational,1.0
4,0.9,19.0,150,5,moderate,1.0,558802588,10,2026,firm_1,ir_accuracy,1.0
4,0.9,19.0,150,5,moderate,1.0,558802588,10,2026,firm_2,phi_operational,17.393779287565884
4,0.9,19.0,150,5,moderate,1.0,558802588,10,2026,firm_2,phi_accuracy,0.0017344421309668512
4,0.9,19.0,150,5,moderate,1.0,558802588,10,2026,firm_2,ir_operational,1.0
4,0.9,19.0,150,5,moderate,1.0,558802588,10,2026,firm_2,ir_accuracy,1.0
4,0.9,19.0,150,5,moderate,1.0,558802588,10,2026,firm_3,phi_operational,41.649962367714195
4,0.9,19.0,150,5,moderate,1.0,558802588,10,2026,firm_3,phi_accuracy,0.07283427878182307
4,0.9,19.0,150,5,moderate,1.0,558802588,10,2026,firm_3,ir_operational,1.0
4,0.9,19.0,150,5,moderate,1.0,558802588,10,2026,firm_3,ir_accuracy,1.0
4,0.9,19.0,150,5,moderate,1.0,558802588,10,2026,_summary,v_op_N,121.21639534709743
4,0.9,19.0,150,5,moderate,1.0,558802588,10,2026,_summary,v_acc_N,0.1356541105429846
4,0.9,19.0,150,5,moderate,1.0,558802588,10,2026,_summary,spearman_rho,0.8
4,0.9,19.0,150,5,moderate,1.0,558802588,10,2026,_summary,payment_displacement,0.096655811993449
4,0.9,19.0,150,5,moderate,1.0,558802588,10,2026,_summary,any_rank_reversal,1.0
4,0.9,19.0,150,5,moderate,1.0,558802588,10,2026,_summary,efficiency_gap_op,0.0
4,0.9,19.0,150,5,moderate,1.0,1979330703,11,2026,firm_0,phi_operational,29.90057468008689
4,0.9,19.0,150,5,moderate,1.0,1979330703,11,2026,firm_0,phi_accuracy,0.020013953873999568
4,0.9,19.0,150,5,moderate,1.0,1979330703,11,2026,firm_0,ir_operational,1.0
4,0.9,19.0,150,5,moderate,1.0,1979330703,11,2026,firm_0,ir_accuracy,1.0
4,0.9,19.0,150,5,moderate,1.0,1979330703,11,2026,firm_1,phi_operational,21.37097646715144
4,0.9,19.0,150,5,moderate,1.0,1979330703,11,2026,firm_1,phi_accuracy,-0.001558701716601348
4,0.9,19.0,150,5,moderate,1.0,1979330703,11,2026,firm_1,ir_operational,1.0
4,0.9,19.0,150,5,moderate,1.0,1979330703,11,2026,firm_1,ir_accuracy,0.0
4,0.9,19.0,150,5,moderate,1.0,1979330703,11,2026,firm_2,phi_operational,17.622712094179764
4,0.9,19.0,150,5,moderate,1.0,1979330703,11,2026,firm_2,phi_accuracy,0.011705975700322186
4,0.9,19.0,150,5,moderate,1.0,1979330703,11,2026,firm_2,ir_operational,1.0
4,0.9,19.0,150,5,moderate,1.0,1979330703,11,2026,firm_2,ir_accuracy,1.0
4,0.9,19.0,150,5,moderate,1.0,1979330703,11,2026,firm_3,phi_operational,4.837975111062311
4,0.9,19.0,150,5,moderate,1.0,1979330703,11,2026,firm_3,phi_accuracy,0.008623696300691985
4,0.9,19.0,150,5,moderate,1.0,1979330703,11,2026,firm_3,ir_operational,1.0
4,0.9,19.0,150,5,moderate,1.0,1979330703,11,2026,firm_3,ir_accuracy,1.0
4,0.9,19.0,150,5,moderate,1.0,1979330703,11,2026,_summary,v_op_N,73.73223835248041
4,0.9,19.0,150,5,moderate,1.0,1979330703,11,2026,_summary,v_acc_N,0.03878492415841239
4,0.9,19.0,150,5,moderate,1.0,1979330703,11,2026,_summary,spearman_rho,0.4
4,0.9,19.0,150,5,moderate,1.0,1979330703,11,2026,_summary,payment_displacement,0.1449228786742299
4,0.9,19.0,150,5,moderate,1.0,1979330703,11,2026,_summary,any_rank_reversal,1.0
4,0.9,19.0,150,5,moderate,1.0,1979330703,11,2026,_summary,efficiency_gap_op,0.0
4,0.9,19.0,150,5,moderate,1.0,1441262247,12,2026,firm_0,phi_operational,25.152279247831473
4,0.9,19.0,150,5,moderate,1.0,1441262247,12,2026,firm_0,phi_accuracy,-0.029705856214541367
4,0.9,19.0,150,5,moderate,1.0,1441262247,12,2026,firm_0,ir_operational,1.0
4,0.9,19.0,150,5,moderate,1.0,1441262247,12,2026,firm_0,ir_accuracy,0.0
4,0.9,19.0,150,5,moderate,1.0,1441262247,12,2026,firm_1,phi_operational,20.25489581455546
4,0.9,19.0,150,5,moderate,1.0,1441262247,12,2026,firm_1,phi_accuracy,0.013019407669318406
4,0.9,19.0,150,5,moderate,1.0,1441262247,12,2026,firm_1,ir_operational,1.0
4,0.9,19.0,150,5,moderate,1.0,1441262247,12,2026,firm_1,ir_accuracy,1.0
4,0.9,19.0,150,5,moderate,1.0,1441262247,12,2026,firm_2,phi_operational,34.17639771270002
4,0.9,19.0,150,5,moderate,1.0,1441262247,12,2026,firm_2,phi_accuracy,0.017045211095620766
4,0.9,19.0,150,5,moderate,1.0,1441262247,12,2026,firm_2,ir_operational,1.0
4,0.9,19.0,150,5,moderate,1.0,1441262247,12,2026,firm_2,ir_accuracy,1.0
4,0.9,19.0,150,5,moderate,1.0,1441262247,12,2026,firm_3,phi_operational,12.00290814061691
4,0.9,19.0,150,5,moderate,1.0,1441262247,12,2026,firm_3,phi_accuracy,-0.014682182842458156
4,0.9,19.0,150,5,moderate,1.0,1441262247,12,2026,firm_3,ir_operational,1.0
4,0.9,19.0,150,5,moderate,1.0,1441262247,12,2026,firm_3,ir_accuracy,0.0
4,0.9,19.0,150,5,moderate,1.0,1441262247,12,2026,_summary,v_op_N,91.58648091570387
4,0.9,19.0,150,5,moderate,1.0,1441262247,12,2026,_summary,v_acc_N,-0.014323420292060351
4,0.9,19.0,150,5,moderate,1.0,1441262247,12,2026,_summary,spearman_rho,0.4
4,0.9,19.0,150,5,moderate,1.0,1441262247,12,2026,_summary,payment_displacement,0.29809573194191097
4,0.9,19.0,150,5,moderate,1.0,1441262247,12,2026,_summary,any_rank_reversal,1.0
4,0.9,19.0,150,5,moderate,1.0,1441262247,12,2026,_summary,efficiency_gap_op,0.0
4,0.9,19.0,150,5,moderate,1.0,3206759669,13,2026,firm_0,phi_operational,10.241160050319895
4,0.9,19.0,150,5,moderate,1.0,3206759669,13,2026,firm_0,phi_accuracy,-0.035096210282948515
4,0.9,19.0,150,5,moderate,1.0,3206759669,13,2026,firm_0,ir_operational,1.0
4,0.9,19.0,150,5,moderate,1.0,3206759669,13,2026,firm_0,ir_accuracy,0.0
4,0.9,19.0,150,5,moderate,1.0,3206759669,13,2026,firm_1,phi_operational,31.529294786944845
4,0.9,19.0,150,5,moderate,1.0,3206759669,13,2026,firm_1,phi_accuracy,-0.028894812988312868
4,0.9,19.0,150,5,moderate,1.0,3206759669,13,2026,firm_1,ir_operational,1.0
4,0.9,19.0,150,5,moderate,1.0,3206759669,13,2026,firm_1,ir_accuracy,0.0
4,0.9,19.0,150,5,moderate,1.0,3206759669,13,2026,firm_2,phi_operational,26.896666508709774
4,0.9,19.0,150,5,moderate,1.0,3206759669,13,2026,firm_2,phi_accuracy,0.00761344303442657
4,0.9,19.0,150,5,moderate,1.0,3206759669,13,2026,firm_2,ir_operational,1.0
4,0.9,19.0,150,5,moderate,1.0,3206759669,13,2026,firm_2,ir_accuracy,1.0
4,0.9,19.0,150,5,moderate,1.0,3206759669,13,2026,firm_3,phi_operational,29.84544457298585
4,0.9,19.0,150,5,moderate,1.0,3206759669,13,2026,firm_3,phi_accuracy,-0.03260376032350376
4,0.9,19.0,150,5,moderate,1.0,3206759669,13,2026,firm_3,ir_operational,1.0
4,0.9,19.0,150,5,moderate,1.0,3206759669,13,2026,firm_3,ir_accuracy,0.0
4,0.9,19.0,150,5,moderate,1.0,3206759669,13,2026,_summary,v_op_N,98.51256591896038
4,0.9,19.0,150,5,moderate,1.0,3206759669,13,2026,_summary,v_acc_N,-0.08898134056033857
4,0.9,19.0,150,5,moderate,1.0,3206759669,13,2026,_summary,spearman_rho,0.4
4,0.9,19.0,150,5,moderate,1.0,3206759669,13,2026,_summary,payment_displacement,0.4634700479936903
4,0.9,19.0,150,5,moderate,1.0,3206759669,13,2026,_summary,any_rank_reversal,1.0
4,0.9,19.0,150,5,moderate,1.0,3206759669,13,2026,_summary,efficiency_gap_op,1.4210854715202004e-14
4,0.9,19.0,150,5,moderate,1.0,209909472,14,2026,firm_0,phi_operational,42.51847309466446
4,0.9,19.0,150,5,moderate,1.0,209909472,14,2026,firm_0,phi_accuracy,0.11526699241114322
4,0.9,19.0,150,5,moderate,1.0,209909472,14,2026,firm_0,ir_operational,1.0
4,0.9,19.0,150,5,moderate,1.0,209909472,14,2026,firm_0,ir_accuracy,1.0
4,0.9,19.0,150,5,moderate,1.0,209909472,14,2026,firm_1,phi_operational,20.291821151393265
4,0.9,19.0,150,5,moderate,1.0,209909472,14,2026,firm_1,phi_accuracy,0.07578614478461862
4,0.9,19.0,150,5,moderate,1.0,209909472,14,2026,firm_1,ir_operational,1.0
4,0.9,19.0,150,5,moderate,1.0,209909472,14,2026,firm_1,ir_accuracy,1.0
4,0.9,19.0,150,5,moderate,1.0,209909472,14,2026,firm_2,phi_operational,9.77102589761868
4,0.9,19.0,150,5,moderate,1.0,209909472,14,2026,firm_2,phi_accuracy,0.024812322988092574
4,0.9,19.0,150,5,moderate,1.0,209909472,14,2026,firm_2,ir_operational,1.0
4,0.9,19.0,150,5,moderate,1.0,209909472,14,2026,firm_2,ir_accuracy,1.0
4,0.9,19.0,150,5,moderate,1.0,209909472,14,2026,firm_3,phi_operational,14.522314972024901
4,0.9,19.0,150,5,moderate,1.0,209909472,14,2026,firm_3,phi_accuracy,0.02982390336367427
4,0.9,19.0,150,5,moderate,1.0,209909472,14,2026,firm_3,ir_operational,1.0
4,0.9,19.0,150,5,moderate,1.0,209909472,14,2026,firm_3,ir_accuracy,1.0
4,0.9,19.0,150,5,moderate,1.0,209909472,14,2026,_summary,v_op_N,87.10363511570131
4,0.9,19.0,150,5,moderate,1.0,209909472,14,2026,_summary,v_acc_N,0.24568936354752868
4,0.9,19.0,150,5,moderate,1.0,209909472,14,2026,_summary,spearman_rho,1.0
4,0.9,19.0,150,5,moderate,1.0,209909472,14,2026,_summary,payment_displacement,0.037750726839130486
4,0.9,19.0,150,5,moderate,1.0,209909472,14,2026,_summary,any_rank_reversal,0.0
4,0.9,19.0,150,5,moderate,1.0,209909472,14,2026,_summary,efficiency_gap_op,0.0
4,0.9,19.0,150,5,moderate,1.0,2178761506,15,2026,firm_0,phi_operational,48.08295878793505
4,0.9,19.0,150,5,moderate,1.0,2178761506,15,2026,firm_0,phi_accuracy,0.037149953695587046
4,0.9,19.0,150,5,moderate,1.0,2178761506,15,2026,firm_0,ir_operational,1.0
4,0.9,19.0,150,5,moderate,1.0,2178761506,15,2026,firm_0,ir_accuracy,1.0
4,0.9,19.0,150,5,moderate,1.0,2178761506,15,2026,firm_1,phi_operational,23.069376506368293
4,0.9,19.0,150,5,moderate,1.0,2178761506,15,2026,firm_1,phi_accuracy,-0.0037743614975233424
4,0.9,19.0,150,5,moderate,1.0,2178761506,15,2026,firm_1,ir_operational,1.0
4,0.9,19.0,150,5,moderate,1.0,2178761506,15,2026,firm_1,ir_accuracy,0.0
4,0.9,19.0,150,5,moderate,1.0,2178761506,15,2026,firm_2,phi_operational,44.7597673991183
4,0.9,19.0,150,5,moderate,1.0,2178761506,15,2026,firm_2,phi_accuracy,0.07591491793615346
4,0.9,19.0,150,5,moderate,1.0,2178761506,15,2026,firm_2,ir_operational,1.0
4,0.9,19.0,150,5,moderate,1.0,2178761506,15,2026,firm_2,ir_accuracy,1.0
4,0.9,19.0,150,5,moderate,1.0,2178761506,15,2026,firm_3,phi_operational,22.89513173550684
4,0.9,19.0,150,5,moderate,1.0,2178761506,15,2026,firm_3,phi_accuracy,0.04266275176752602
4,0.9,19.0,150,5,moderate,1.0,2178761506,15,2026,firm_3,ir_operational,1.0
4,0.9,19.0,150,5,moderate,1.0,2178761506,15,2026,firm_3,ir_accuracy,1.0
4,0.9,19.0,150,5,moderate,1.0,2178761506,15,2026,_summary,v_op_N,138.8072344289285
4,0.9,19.0,150,5,moderate,1.0,2178761506,15,2026,_summary,v_acc_N,0.1519532619017432
4,0.9,19.0,150,5,moderate,1.0,2178761506,15,2026,_summary,spearman_rho,0.0
4,0.9,19.0,150,5,moderate,1.0,2178761506,15,2026,_summary,payment_displacement,0.13984300253812057
4,0.9,19.0,150,5,moderate,1.0,2178761506,15,2026,_summary,any_rank_reversal,1.0
4,0.9,19.0,150,5,moderate,1.0,2178761506,15,2026,_summary,efficiency_gap_op,0.0
4,0.9,19.0,150,5,moderate,1.0,2108447150,16,2026,firm_0,phi_operational,54.67313193625345
4,0.9,19.0,150,5,moderate,1.0,2108447150,16,2026,firm_0,phi_accuracy,0.13519625873047666
4,0.9,19.0,150,5,moderate,1.0,2108447150,16,2026,firm_0,ir_operational,1.0
4,0.9,19.0,150,5,moderate,1.0,2108447150,16,2026,firm_0,ir_accuracy,1.0
4,0.9,19.0,150,5,moderate,1.0,2108447150,16,2026,firm_1,phi_operational,20.38709658374777
4,0.9,19.0,150,5,moderate,1.0,2108447150,16,2026,firm_1,phi_accuracy,0.007031258100860008
4,0.9,19.0,150,5,moderate,1.0,2108447150,16,2026,firm_1,ir_operational,1.0
4,0.9,19.0,150,5,moderate,1.0,2108447150,16,2026,firm_1,ir_accuracy,1.0
4,0.9,19.0,150,5,moderate,1.0,2108447150,16,2026,firm_2,phi_operational,23.104182505515453
4,0.9,19.0,150,5,moderate,1.0,2108447150,16,2026,firm_2,phi_accuracy,0.04775534963657192
4,0.9,19.0,150,5,moderate,1.0,2108447150,16,2026,firm_2,ir_operational,1.0
4,0.9,19.0,150,5,moderate,1.0,2108447150,16,2026,firm_2,ir_accuracy,1.0
4,0.9,19.0,150,5,moderate,1.0,2108447150,16,2026,firm_3,phi_operational,24.847407722554937
4,0.9,19.0,150,5,moderate,1.0,2108447150,16,2026,firm_3,phi_accuracy,0.009358151225560959
4,0.9,19.0,150,5,moderate,1.0,2108447150,16,2026,firm_3,ir_operational,1.0
4,0.9,19.0,150,5,moderate,1.0,2108447150,16,2026,firm_3,ir_accuracy,1.0
4,0.9,19.0,150,5,moderate,1.0,2108447150,16,2026,_summary,v_op_N,123.01181874807162
4,0.9,19.0,150,5,moderate,1.0,2108447150,16,2026,_summary,v_acc_N,0.19934101769346957
4,0.9,19.0,150,5,moderate,1.0,2108447150,16,2026,_summary,spearman_rho,0.8
4,0.9,19.0,150,5,moderate,1.0,2108447150,16,2026,_summary,payment_displacement,0.14275345819744997
4,0.9,19.0,150,5,moderate,1.0,2108447150,16,2026,_summary,any_rank_reversal,1.0
4,0.9,19.0,150,5,moderate,1.0,2108447150,16,2026,_summary,efficiency_gap_op,1.4210854715202004e-14
4,0.9,19.0,150,5,moderate,1.0,2550205050,17,2026,firm_0,phi_operational,-3.4372093552308627
4,0.9,19.0,150,5,moderate,1.0,2550205050,17,2026,firm_0,phi_accuracy,-0.04546726555205945
4,0.9,19.0,150,5,moderate,1.0,2550205050,17,2026,firm_0,ir_operational,0.0
4,0.9,19.0,150,5,moderate,1.0,2550205050,17,2026,firm_0,ir_accuracy,0.0
4,0.9,19.0,150,5,moderate,1.0,2550205050,17,2026,firm_1,phi_operational,11.253044109831828
4,0.9,19.0,150,5,moderate,1.0,2550205050,17,2026,firm_1,phi_accuracy,0.0038960851415959312
4,0.9,19.0,150,5,moderate,1.0,2550205050,17,2026,firm_1,ir_operational,1.0
4,0.9,19.0,150,5,moderate,1.0,2550205050,17,2026,firm_1,ir_accuracy,1.0
4,0.9,19.0,150,5,moderate,1.0,2550205050,17,2026,firm_2,phi_operational,30.229783333795098
4,0.9,19.0,150,5,moderate,1.0,2550205050,17,2026,firm_2,phi_accuracy,0.03334675144315957
4,0.9,19.0,150,5,moderate,1.0,2550205050,17,2026,firm_2,ir_operational,1.0
4,0.9,19.0,150,5,moderate,1.0,2550205050,17,2026,firm_2,ir_accuracy,1.0
4,0.9,19.0,150,5,moderate,1.0,2550205050,17,2026,firm_3,phi_operational,34.69344897701818
4,0.9,19.0,150,5,moderate,1.0,2550205050,17,2026,firm_3,phi_accuracy,0.005249029178231038
4,0.9,19.0,150,5,moderate,1.0,2550205050,17,2026,firm_3,ir_operational,1.0
4,0.9,19.0,150,5,moderate,1.0,2550205050,17,2026,firm_3,ir_accuracy,1.0
4,0.9,19.0,150,5,moderate,1.0,2550205050,17,2026,_summary,v_op_N,72.73906706541425
4,0.9,19.0,150,5,moderate,1.0,2550205050,17,2026,_summary,v_acc_N,-0.002975399789072908
4,0.9,19.0,150,5,moderate,1.0,2550205050,17,2026,_summary,spearman_rho,0.8
4,0.9,19.0,150,5,moderate,1.0,2550205050,17,2026,_summary,payment_displacement,0.23686991397965593
4,0.9,19.0,150,5,moderate,1.0,2550205050,17,2026,_summary,any_rank_reversal,1.0
4,0.9,19.0,150,5,moderate,1.0,2550205050,17,2026,_summary,efficiency_gap_op,0.0
4,0.9,19.0,150,5,moderate,1.0,3153662537,18,2026,firm_0,phi_operational,-1.997823453832703
4,0.9,19.0,150,5,moderate,1.0,3153662537,18,2026,firm_0,phi_accuracy,0.043680399785407
4,0.9,19.0,150,5,moderate,1.0,3153662537,18,2026,firm_0,ir_operational,0.0
4,0.9,19.0,150,5,moderate,1.0,3153662537,18,2026,firm_0,ir_accuracy,1.0
4,0.9,19.0,150,5,moderate,1.0,3153662537,18,2026,firm_1,phi_operational,-41.71397673265524
4,0.9,19.0,150,5,moderate,1.0,3153662537,18,2026,firm_1,phi_accuracy,0.02516846619977007
4,0.9,19.0,150,5,moderate,1.0,3153662537,18,2026,firm_1,ir_operational,0.0
4,0.9,19.0,150,5,moderate,1.0,3153662537,18,2026,firm_1,ir_accuracy,1.0
4,0.9,19.0,150,5,moderate,1.0,3153662537,18,2026,firm_2,phi_operational,-2.6893127989340724
4,0.9,19.0,150,5,moderate,1.0,3153662537,18,2026,firm_2,phi_accuracy,-0.03868814367767587
4,0.9,19.0,150,5,moderate,1.0,3153662537,18,2026,firm_2,ir_operational,0.0
4,0.9,19.0,150,5,moderate,1.0,3153662537,18,2026,firm_2,ir_accuracy,0.0
4,0.9,19.0,150,5,moderate,1.0,3153662537,18,2026,firm_3,phi_operational,18.959745044445945
4,0.9,19.0,150,5,moderate,1.0,3153662537,18,2026,firm_3,phi_accuracy,0.012161686598614625
4,0.9,19.0,150,5,moderate,1.0,3153662537,18,2026,firm_3,ir_operational,1.0
4,0.9,19.0,150,5,moderate,1.0,3153662537,18,2026,firm_3,ir_accuracy,1.0
4,0.9,19.0,150,5,moderate,1.0,3153662537,18,2026,_summary,v_op_N,-27.44136794097608
4,0.9,19.0,150,5,moderate,1.0,3153662537,18,2026,_summary,v_acc_N,0.04232240890611583
4,0.9,19.0,150,5,moderate,1.0,3153662537,18,2026,_summary,spearman_rho,0.0
4,0.9,19.0,150,5,moderate,1.0,3153662537,18,2026,_summary,payment_displacement,0.4286259425323584
4,0.9,19.0,150,5,moderate,1.0,3153662537,18,2026,_summary,any_rank_reversal,1.0
4,0.9,19.0,150,5,moderate,1.0,3153662537,18,2026,_summary,efficiency_gap_op,7.105427357601002e-15
4,0.9,19.0,150,5,moderate,1.0,879488950,19,2026,firm_0,phi_operational,13.533674026667786
4,0.9,19.0,150,5,moderate,1.0,879488950,19,2026,firm_0,phi_accuracy,-0.007136947976082885
4,0.9,19.0,150,5,moderate,1.0,879488950,19,2026,firm_0,ir_operational,1.0
4,0.9,19.0,150,5,moderate,1.0,879488950,19,2026,firm_0,ir_accuracy,0.0
4,0.9,19.0,150,5,moderate,1.0,879488950,19,2026,firm_1,phi_operational,21.21103102596008
4,0.9,19.0,150,5,moderate,1.0,879488950,19,2026,firm_1,phi_accuracy,-0.016537558679592963
4,0.9,19.0,150,5,moderate,1.0,879488950,19,2026,firm_1,ir_operational,1.0
4,0.9,19.0,150,5,moderate,1.0,879488950,19,2026,firm_1,ir_accuracy,0.0
4,0.9,19.0,150,5,moderate,1.0,879488950,19,2026,firm_2,phi_operational,31.765839900139003
4,0.9,19.0,150,5,moderate,1.0,879488950,19,2026,firm_2,phi_accuracy,-0.02633305042823847
4,0.9,19.0,150,5,moderate,1.0,879488950,19,2026,firm_2,ir_operational,1.0
4,0.9,19.0,150,5,moderate,1.0,879488950,19,2026,firm_2,ir_accuracy,0.0
4,0.9,19.0,150,5,moderate,1.0,879488950,19,2026,firm_3,phi_operational,26.664741461203203
4,0.9,19.0,150,5,moderate,1.0,879488950,19,2026,firm_3,phi_accuracy,-0.015078638014602222
4,0.9,19.0,150,5,moderate,1.0,879488950,19,2026,firm_3,ir_operational,1.0
4,0.9,19.0,150,5,moderate,1.0,879488950,19,2026,firm_3,ir_accuracy,0.0
4,0.9,19.0,150,5,moderate,1.0,879488950,19,2026,_summary,v_op_N,93.17528641397007
4,0.9,19.0,150,5,moderate,1.0,879488950,19,2026,_summary,v_acc_N,-0.06508619509851654
4,0.9,19.0,150,5,moderate,1.0,879488950,19,2026,_summary,spearman_rho,-0.8
4,0.9,19.0,150,5,moderate,1.0,879488950,19,2026,_summary,payment_displacement,0.4999999999961562
4,0.9,19.0,150,5,moderate,1.0,879488950,19,2026,_summary,any_rank_reversal,1.0
4,0.9,19.0,150,5,moderate,1.0,879488950,19,2026,_summary,efficiency_gap_op,0.0
4,0.9,19.0,150,5,moderate,1.0,1450485927,20,2026,firm_0,phi_operational,31.211099887561183
4,0.9,19.0,150,5,moderate,1.0,1450485927,20,2026,firm_0,phi_accuracy,0.002154941192957042
4,0.9,19.0,150,5,moderate,1.0,1450485927,20,2026,firm_0,ir_operational,1.0
4,0.9,19.0,150,5,moderate,1.0,1450485927,20,2026,firm_0,ir_accuracy,1.0
4,0.9,19.0,150,5,moderate,1.0,1450485927,20,2026,firm_1,phi_operational,13.048435920412789
4,0.9,19.0,150,5,moderate,1.0,1450485927,20,2026,firm_1,phi_accuracy,0.008336483543363804
4,0.9,19.0,150,5,moderate,1.0,1450485927,20,2026,firm_1,ir_operational,1.0
4,0.9,19.0,150,5,moderate,1.0,1450485927,20,2026,firm_1,ir_accuracy,1.0
4,0.9,19.0,150,5,moderate,1.0,1450485927,20,2026,firm_2,phi_operational,25.677400106848097
4,0.9,19.0,150,5,moderate,1.0,1450485927,20,2026,firm_2,phi_accuracy,-0.007925680186634606
4,0.9,19.0,150,5,moderate,1.0,1450485927,20,2026,firm_2,ir_operational,1.0
4,0.9,19.0,150,5,moderate,1.0,1450485927,20,2026,firm_2,ir_accuracy,0.0
4,0.9,19.0,150,5,moderate,1.0,1450485927,20,2026,firm_3,phi_operational,30.68107002927121
4,0.9,19.0,150,5,moderate,1.0,1450485927,20,2026,firm_3,phi_accuracy,-0.04468353874287563
4,0.9,19.0,150,5,moderate,1.0,1450485927,20,2026,firm_3,ir_operational,1.0
4,0.9,19.0,150,5,moderate,1.0,1450485927,20,2026,firm_3,ir_accuracy,0.0
4,0.9,19.0,150,5,moderate,1.0,1450485927,20,2026,_summary,v_op_N,100.61800594409328
4,0.9,19.0,150,5,moderate,1.0,1450485927,20,2026,_summary,v_acc_N,-0.042117794193189395
4,0.9,19.0,150,5,moderate,1.0,1450485927,20,2026,_summary,spearman_rho,-0.3999999999999999
4,0.9,19.0,150,5,moderate,1.0,1450485927,20,2026,_summary,payment_displacement,0.4180831148778993
4,0.9,19.0,150,5,moderate,1.0,1450485927,20,2026,_summary,any_rank_reversal,1.0
4,0.9,19.0,150,5,moderate,1.0,1450485927,20,2026,_summary,efficiency_gap_op,0.0
4,0.9,19.0,150,5,moderate,1.0,1506185962,21,2026,firm_0,phi_operational,33.18812971759295
4,0.9,19.0,150,5,moderate,1.0,1506185962,21,2026,firm_0,phi_accuracy,0.050223816332978635
4,0.9,19.0,150,5,moderate,1.0,1506185962,21,2026,firm_0,ir_operational,1.0
4,0.9,19.0,150,5,moderate,1.0,1506185962,21,2026,firm_0,ir_accuracy,1.0
4,0.9,19.0,150,5,moderate,1.0,1506185962,21,2026,firm_1,phi_operational,15.451034606720972
4,0.9,19.0,150,5,moderate,1.0,1506185962,21,2026,firm_1,phi_accuracy,-0.009118688488239527
4,0.9,19.0,150,5,moderate,1.0,1506185962,21,2026,firm_1,ir_operational,1.0
4,0.9,19.0,150,5,moderate,1.0,1506185962,21,2026,firm_1,ir_accuracy,0.0
4,0.9,19.0,150,5,moderate,1.0,1506185962,21,2026,firm_2,phi_operational,31.79498326518046
4,0.9,19.0,150,5,moderate,1.0,1506185962,21,2026,firm_2,phi_accuracy,0.07568327593672958
4,0.9,19.0,150,5,moderate,1.0,1506185962,21,2026,firm_2,ir_operational,1.0
4,0.9,19.0,150,5,moderate,1.0,1506185962,21,2026,firm_2,ir_accuracy,1.0
4,0.9,19.0,150,5,moderate,1.0,1506185962,21,2026,firm_3,phi_operational,21.683772356959707
4,0.9,19.0,150,5,moderate,1.0,1506185962,21,2026,firm_3,phi_accuracy,0.03139687563799265
4,0.9,19.0,150,5,moderate,1.0,1506185962,21,2026,firm_3,ir_operational,1.0
4,0.9,19.0,150,5,moderate,1.0,1506185962,21,2026,firm_3,ir_accuracy,1.0
4,0.9,19.0,150,5,moderate,1.0,1506185962,21,2026,_summary,v_op_N,102.1179199464541
4,0.9,19.0,150,5,moderate,1.0,1506185962,21,2026,_summary,v_acc_N,0.14818527941946136
4,0.9,19.0,150,5,moderate,1.0,1506185962,21,2026,_summary,spearman_rho,0.8
4,0.9,19.0,150,5,moderate,1.0,1506185962,21,2026,_summary,payment_displacement,0.09910111983727139
4,0.9,19.0,150,5,moderate,1.0,1506185962,21,2026,_summary,any_rank_reversal,1.0
4,0.9,19.0,150,5,moderate,1.0,1506185962,21,2026,_summary,efficiency_gap_op,0.0
4,0.9,19.0,150,5,moderate,1.0,2166609832,22,2026,firm_0,phi_operational,21.40230210010874
4,0.9,19.0,150,5,moderate,1.0,2166609832,22,2026,firm_0,phi_accuracy,0.03769920470383925
4,0.9,19.0,150,5,moderate,1.0,2166609832,22,2026,firm_0,ir_operational,1.0
4,0.9,19.0,150,5,moderate,1.0,2166609832,22,2026,firm_0,ir_accuracy,1.0
4,0.9,19.0,150,5,moderate,1.0,2166609832,22,2026,firm_1,phi_operational,18.568863249699426
4,0.9,19.0,150,5,moderate,1.0,2166609832,22,2026,firm_1,phi_accuracy,0.09912098160806718
4,0.9,19.0,150,5,moderate,1.0,2166609832,22,2026,firm_1,ir_operational,1.0
4,0.9,19.0,150,5,moderate,1.0,2166609832,22,2026,firm_1,ir_accuracy,1.0
4,0.9,19.0,150,5,moderate,1.0,2166609832,22,2026,firm_2,phi_operational,8.404657309824225
4,0.9,19.0,150,5,moderate,1.0,2166609832,22,2026,firm_2,phi_accuracy,0.031670996902299645
4,0.9,19.0,150,5,moderate,1.0,2166609832,22,2026,firm_2,ir_operational,1.0
4,0.9,19.0,150,5,moderate,1.0,2166609832,22,2026,firm_2,ir_accuracy,1.0
4,0.9,19.0,150,5,moderate,1.0,2166609832,22,2026,firm_3,phi_operational,18.297597339825167
4,0.9,19.0,150,5,moderate,1.0,2166609832,22,2026,firm_3,phi_accuracy,0.032068963391224004
4,0.9,19.0,150,5,moderate,1.0,2166609832,22,2026,firm_3,ir_operational,1.0
4,0.9,19.0,150,5,moderate,1.0,2166609832,22,2026,firm_3,ir_accuracy,1.0
4,0.9,19.0,150,5,moderate,1.0,2166609832,22,2026,_summary,v_op_N,66.67341999945756
4,0.9,19.0,150,5,moderate,1.0,2166609832,22,2026,_summary,v_acc_N,0.2005601466054301
4,0.9,19.0,150,5,moderate,1.0,2166609832,22,2026,_summary,spearman_rho,0.8
4,0.9,19.0,150,5,moderate,1.0,2166609832,22,2026,_summary,payment_displacement,0.12378580730096594
4,0.9,19.0,150,5,moderate,1.0,2166609832,22,2026,_summary,any_rank_reversal,1.0
4,0.9,19.0,150,5,moderate,1.0,2166609832,22,2026,_summary,efficiency_gap_op,0.0
4,0.9,19.0,150,5,moderate,1.0,423856986,23,2026,firm_0,phi_operational,27.618486380324438
4,0.9,19.0,150,5,moderate,1.0,423856986,23,2026,firm_0,phi_accuracy,-0.011466840732040979
4,0.9,19.0,150,5,moderate,1.0,423856986,23,2026,firm_0,ir_operational,1.0
4,0.9,19.0,150,5,moderate,1.0,423856986,23,2026,firm_0,ir_accuracy,0.0
4,0.9,19.0,150,5,moderate,1.0,423856986,23,2026,firm_1,phi_operational,23.106554643838138
4,0.9,19.0,150,5,moderate,1.0,423856986,23,2026,firm_1,phi_accuracy,-0.012080093930827263
4,0.9,19.0,150,5,moderate,1.0,423856986,23,2026,firm_1,ir_operational,1.0
4,0.9,19.0,150,5,moderate,1.0,423856986,23,2026,firm_1,ir_accuracy,0.0
4,0.9,19.0,150,5,moderate,1.0,423856986,23,2026,firm_2,phi_operational,21.50356148837343
4,0.9,19.0,150,5,moderate,1.0,423856986,23,2026,firm_2,phi_accuracy,-0.0010538839128764372
4,0.9,19.0,150,5,moderate,1.0,423856986,23,2026,firm_2,ir_operational,1.0
4,0.9,19.0,150,5,moderate,1.0,423856986,23,2026,firm_2,ir_accuracy,0.0
4,0.9,19.0,150,5,moderate,1.0,423856986,23,2026,firm_3,phi_operational,24.413649834462014
4,0.9,19.0,150,5,moderate,1.0,423856986,23,2026,firm_3,phi_accuracy,0.005979547838665703
4,0.9,19.0,150,5,moderate,1.0,423856986,23,2026,firm_3,ir_operational,1.0
4,0.9,19.0,150,5,moderate,1.0,423856986,23,2026,firm_3,ir_accuracy,1.0
4,0.9,19.0,150,5,moderate,1.0,423856986,23,2026,_summary,v_op_N,96.64225234699802
4,0.9,19.0,150,5,moderate,1.0,423856986,23,2026,_summary,v_acc_N,-0.018621270737078977
4,0.9,19.0,150,5,moderate,1.0,423856986,23,2026,_summary,spearman_rho,0.0
4,0.9,19.0,150,5,moderate,1.0,423856986,23,2026,_summary,payment_displacement,0.40223224015797626
4,0.9,19.0,150,5,moderate,1.0,423856986,23,2026,_summary,any_rank_reversal,1.0
4,0.9,19.0,150,5,moderate,1.0,423856986,23,2026,_summary,efficiency_gap_op,0.0
4,0.9,19.0,150,5,moderate,1.0,4041646967,24,2026,firm_0,phi_operational,30.329184577853027
4,0.9,19.0,150,5,moderate,1.0,4041646967,24,2026,firm_0,phi_accuracy,0.006048845039210603
4,0.9,19.0,150,5,moderate,1.0,4041646967,24,2026,firm_0,ir_operational,1.0
4,0.9,19.0,150,5,moderate,1.0,4041646967,24,2026,firm_0,ir_accuracy,1.0
4,0.9,19.0,150,5,moderate,1.0,4041646967,24,2026,firm_1,phi_operational,15.620924870115743
4,0.9,19.0,150,5,moderate,1.0,4041646967,24,2026,firm_1,phi_accuracy,-0.04057085184736055
4,0.9,19.0,150,5,moderate,1.0,4041646967,24,2026,firm_1,ir_operational,1.0
4,0.9,19.0,150,5,moderate,1.0,4041646967,24,2026,firm_1,ir_accuracy,0.0
4,0.9,19.0,150,5,moderate,1.0,4041646967,24,2026,firm_2,phi_operational,19.39704958774456
4,0.9,19.0,150,5,moderate,1.0,4041646967,24,2026,firm_2,phi_accuracy,0.005102599569880591
4,0.9,19.0,150,5,moderate,1.0,4041646967,24,2026,firm_2,ir_operational,1.0
4,0.9,19.0,150,5,moderate,1.0,4041646967,24,2026,firm_2,ir_accuracy,1.0
4,0.9,19.0,150,5,moderate,1.0,4041646967,24,2026,firm_3,phi_operational,27.750343997954758
4,0.9,19.0,150,5,moderate,1.0,4041646967,24,2026,firm_3,phi_accuracy,-0.00033624377914170944
4,0.9,19.0,150,5,moderate,1.0,4041646967,24,2026,firm_3,ir_operational,1.0
4,0.9,19.0,150,5,moderate,1.0,4041646967,24,2026,firm_3,ir_accuracy,0.0
4,0.9,19.0,150,5,moderate,1.0,4041646967,24,2026,_summary,v_op_N,93.09750303366809
4,0.9,19.0,150,5,moderate,1.0,4041646967,24,2026,_summary,v_acc_N,-0.029755651017411067
4,0.9,19.0,150,5,moderate,1.0,4041646967,24,2026,_summary,spearman_rho,0.8
4,0.9,19.0,150,5,moderate,1.0,4041646967,24,2026,_summary,payment_displacement,0.39289514689702343
4,0.9,19.0,150,5,moderate,1.0,4041646967,24,2026,_summary,any_rank_reversal,1.0
4,0.9,19.0,150,5,moderate,1.0,4041646967,24,2026,_summary,efficiency_gap_op,0.0
4,0.9,19.0,150,5,moderate,1.0,3169324840,25,2026,firm_0,phi_operational,33.16236518020762
4,0.9,19.0,150,5,moderate,1.0,3169324840,25,2026,firm_0,phi_accuracy,-0.009185028670521614
4,0.9,19.0,150,5,moderate,1.0,3169324840,25,2026,firm_0,ir_operational,1.0
4,0.9,19.0,150,5,moderate,1.0,3169324840,25,2026,firm_0,ir_accuracy,0.0
4,0.9,19.0,150,5,moderate,1.0,3169324840,25,2026,firm_1,phi_operational,27.474328517588805
4,0.9,19.0,150,5,moderate,1.0,3169324840,25,2026,firm_1,phi_accuracy,-0.02179528318921739
4,0.9,19.0,150,5,moderate,1.0,3169324840,25,2026,firm_1,ir_operational,1.0
4,0.9,19.0,150,5,moderate,1.0,3169324840,25,2026,firm_1,ir_accuracy,0.0
4,0.9,19.0,150,5,moderate,1.0,3169324840,25,2026,firm_2,phi_operational,47.16427133000898
4,0.9,19.0,150,5,moderate,1.0,3169324840,25,2026,firm_2,phi_accuracy,0.02631395924765555
4,0.9,19.0,150,5,moderate,1.0,3169324840,25,2026,firm_2,ir_operational,1.0
4,0.9,19.0,150,5,moderate,1.0,3169324840,25,2026,firm_2,ir_accuracy,1.0
4,0.9,19.0,150,5,moderate,1.0,3169324840,25,2026,firm_3,phi_operational,46.086860196214744
4,0.9,19.0,150,5,moderate,1.0,3169324840,25,2026,firm_3,phi_accuracy,-0.019304623046278918
4,0.9,19.0,150,5,moderate,1.0,3169324840,25,2026,firm_3,ir_operational,1.0
4,0.9,19.0,150,5,moderate,1.0,3169324840,25,2026,firm_3,ir_accuracy,0.0
4,0.9,19.0,150,5,moderate,1.0,3169324840,25,2026,_summary,v_op_N,153.88782522402016
4,0.9,19.0,150,5,moderate,1.0,3169324840,25,2026,_summary,v_acc_N,-0.02397097565836237
4,0.9,19.0,150,5,moderate,1.0,3169324840,25,2026,_summary,spearman_rho,0.8
4,0.9,19.0,150,5,moderate,1.0,3169324840,25,2026,_summary,payment_displacement,0.34675762600987137
4,0.9,19.0,150,5,moderate,1.0,3169324840,25,2026,_summary,any_rank_reversal,1.0
4,0.9,19.0,150,5,moderate,1.0,3169324840,25,2026,_summary,efficiency_gap_op,0.0
4,0.9,19.0,150,5,moderate,1.0,4088703909,26,2026,firm_0,phi_operational,17.16195501578462
4,0.9,19.0,150,5,moderate,1.0,4088703909,26,2026,firm_0,phi_accuracy,0.014698080105684741
4,0.9,19.0,150,5,moderate,1.0,4088703909,26,2026,firm_0,ir_operational,1.0
4,0.9,19.0,150,5,moderate,1.0,4088703909,26,2026,firm_0,ir_accuracy,1.0
4,0.9,19.0,150,5,moderate,1.0,4088703909,26,2026,firm_1,phi_operational,15.183734980727953
4,0.9,19.0,150,5,moderate,1.0,4088703909,26,2026,firm_1,phi_accuracy,-0.0035444360008286915
4,0.9,19.0,150,5,moderate,1.0,4088703909,26,2026,firm_1,ir_operational,1.0
4,0.9,19.0,150,5,moderate,1.0,4088703909,26,2026,firm_1,ir_accuracy,0.0
4,0.9,19.0,150,5,moderate,1.0,4088703909,26,2026,firm_2,phi_operational,32.4800997554676
4,0.9,19.0,150,5,moderate,1.0,4088703909,26,2026,firm_2,phi_accuracy,0.01758392219253953
4,0.9,19.0,150,5,moderate,1.0,4088703909,26,2026,firm_2,ir_operational,1.0
4,0.9,19.0,150,5,moderate,1.0,4088703909,26,2026,firm_2,ir_accuracy,1.0
4,0.9,19.0,150,5,moderate,1.0,4088703909,26,2026,firm_3,phi_operational,20.396568419039603
4,0.9,19.0,150,5,moderate,1.0,4088703909,26,2026,firm_3,phi_accuracy,-0.013683537737912456
4,0.9,19.0,150,5,moderate,1.0,4088703909,26,2026,firm_3,ir_operational,1.0
4,0.9,19.0,150,5,moderate,1.0,4088703909,26,2026,firm_3,ir_accuracy,0.0
4,0.9,19.0,150,5,moderate,1.0,4088703909,26,2026,_summary,v_op_N,85.22235817101978
4,0.9,19.0,150,5,moderate,1.0,4088703909,26,2026,_summary,v_acc_N,0.015054028559483124
4,0.9,19.0,150,5,moderate,1.0,4088703909,26,2026,_summary,spearman_rho,0.4
4,0.9,19.0,150,5,moderate,1.0,4088703909,26,2026,_summary,payment_displacement,0.22173113742869266
4,0.9,19.0,150,5,moderate,1.0,4088703909,26,2026,_summary,any_rank_reversal,1.0
4,0.9,19.0,150,5,moderate,1.0,4088703909,26,2026,_summary,efficiency_gap_op,0.0
4,0.9,19.0,150,5,moderate,1.0,468014113,27,2026,firm_0,phi_operational,30.579764676440647
4,0.9,19.0,150,5,moderate,1.0,468014113,27,2026,firm_0,phi_accuracy,-0.0468572342070203
4,0.9,19.0,150,5,moderate,1.0,468014113,27,2026,firm_0,ir_operational,1.0
4,0.9,19.0,150,5,moderate,1.0,468014113,27,2026,firm_0,ir_accuracy,0.0
4,0.9,19.0,150,5,moderate,1.0,468014113,27,2026,firm_1,phi_operational,-23.22365348286001
4,0.9,19.0,150,5,moderate,1.0,468014113,27,2026,firm_1,phi_accuracy,0.03886098872003885
4,0.9,19.0,150,5,moderate,1.0,468014113,27,2026,firm_1,ir_operational,0.0
4,0.9,19.0,150,5,moderate,1.0,468014113,27,2026,firm_1,ir_accuracy,1.0
4,0.9,19.0,150,5,moderate,1.0,468014113,27,2026,firm_2,phi_operational,53.550058745681184
4,0.9,19.0,150,5,moderate,1.0,468014113,27,2026,firm_2,phi_accuracy,0.07635173108680848
4,0.9,19.0,150,5,moderate,1.0,468014113,27,2026,firm_2,ir_operational,1.0
4,0.9,19.0,150,5,moderate,1.0,468014113,27,2026,firm_2,ir_accuracy,1.0
4,0.9,19.0,150,5,moderate,1.0,468014113,27,2026,firm_3,phi_operational,9.85151353881661
4,0.9,19.0,150,5,moderate,1.0,468014113,27,2026,firm_3,phi_accuracy,0.019099762508372344
4,0.9,19.0,150,5,moderate,1.0,468014113,27,2026,firm_3,ir_operational,1.0
4,0.9,19.0,150,5,moderate,1.0,468014113,27,2026,firm_3,ir_accuracy,1.0
4,0.9,19.0,150,5,moderate,1.0,468014113,27,2026,_summary,v_op_N,70.75768347807843
4,0.9,19.0,150,5,moderate,1.0,468014113,27,2026,_summary,v_acc_N,0.08745524810819938
4,0.9,19.0,150,5,moderate,1.0,468014113,27,2026,_summary,spearman_rho,0.19999999999999996
4,0.9,19.0,150,5,moderate,1.0,468014113,27,2026,_summary,payment_displacement,0.24725434659646234
4,0.9,19.0,150,5,moderate,1.0,468014113,27,2026,_summary,any_rank_reversal,1.0
4,0.9,19.0,150,5,moderate,1.0,468014113,27,2026,_summary,efficiency_gap_op,0.0
4,0.9,19.0,150,5,moderate,1.0,2005644428,28,2026,firm_0,phi_operational,64.78995441365143
4,0.9,19.0,150,5,moderate,1.0,2005644428,28,2026,firm_0,phi_accuracy,0.0966697476700309
4,0.9,19.0,150,5,moderate,1.0,2005644428,28,2026,firm_0,ir_operational,1.0
4,0.9,19.0,150,5,moderate,1.0,2005644428,28,2026,firm_0,ir_accuracy,1.0
4,0.9,19.0,150,5,moderate,1.0,2005644428,28,2026,firm_1,phi_operational,4.2795200917202285
4,0.9,19.0,150,5,moderate,1.0,2005644428,28,2026,firm_1,phi_accuracy,0.02788247333406903
4,0.9,19.0,150,5,moderate,1.0,2005644428,28,2026,firm_1,ir_operational,1.0
4,0.9,19.0,150,5,moderate,1.0,2005644428,28,2026,firm_1,ir_accuracy,1.0
4,0.9,19.0,150,5,moderate,1.0,2005644428,28,2026,firm_2,phi_operational,49.89488673908438
4,0.9,19.0,150,5,moderate,1.0,2005644428,28,2026,firm_2,phi_accuracy,-0.06588424056214509
4,0.9,19.0,150,5,moderate,1.0,2005644428,28,2026,firm_2,ir_operational,1.0
4,0.9,19.0,150,5,moderate,1.0,2005644428,28,2026,firm_2,ir_accuracy,0.0
4,0.9,19.0,150,5,moderate,1.0,2005644428,28,2026,firm_3,phi_operational,30.79392683102224
4,0.9,19.0,150,5,moderate,1.0,2005644428,28,2026,firm_3,phi_accuracy,0.003685277352104905
4,0.9,19.0,150,5,moderate,1.0,2005644428,28,2026,firm_3,ir_operational,1.0
4,0.9,19.0,150,5,moderate,1.0,2005644428,28,2026,firm_3,ir_accuracy,1.0
4,0.9,19.0,150,5,moderate,1.0,2005644428,28,2026,_summary,v_op_N,149.75828807547828
4,0.9,19.0,150,5,moderate,1.0,2005644428,28,2026,_summary,v_acc_N,0.06235325779405976
4,0.9,19.0,150,5,moderate,1.0,2005644428,28,2026,_summary,spearman_rho,0.19999999999999996
4,0.9,19.0,150,5,moderate,1.0,2005644428,28,2026,_summary,payment_displacement,0.2599046404233658
4,0.9,19.0,150,5,moderate,1.0,2005644428,28,2026,_summary,any_rank_reversal,1.0
4,0.9,19.0,150,5,moderate,1.0,2005644428,28,2026,_summary,efficiency_gap_op,0.0
4,0.9,19.0,150,5,moderate,1.0,198304458,29,2026,firm_0,phi_operational,63.82668763692676
4,0.9,19.0,150,5,moderate,1.0,198304458,29,2026,firm_0,phi_accuracy,0.06579575843003027
4,0.9,19.0,150,5,moderate,1.0,198304458,29,2026,firm_0,ir_operational,1.0
4,0.9,19.0,150,5,moderate,1.0,198304458,29,2026,firm_0,ir_accuracy,1.0
4,0.9,19.0,150,5,moderate,1.0,198304458,29,2026,firm_1,phi_operational,36.80522226923963
4,0.9,19.0,150,5,moderate,1.0,198304458,29,2026,firm_1,phi_accuracy,0.009639321708442145
4,0.9,19.0,150,5,moderate,1.0,198304458,29,2026,firm_1,ir_operational,1.0
4,0.9,19.0,150,5,moderate,1.0,198304458,29,2026,firm_1,ir_accuracy,1.0
4,0.9,19.0,150,5,moderate,1.0,198304458,29,2026,firm_2,phi_operational,133.1632170271651
4,0.9,19.0,150,5,moderate,1.0,198304458,29,2026,firm_2,phi_accuracy,0.006663343128516472
4,0.9,19.0,150,5,moderate,1.0,198304458,29,2026,firm_2,ir_operational,1.0
4,0.9,19.0,150,5,moderate,1.0,198304458,29,2026,firm_2,ir_accuracy,1.0
4,0.9,19.0,150,5,moderate,1.0,198304458,29,2026,firm_3,phi_operational,14.884151683005843
4,0.9,19.0,150,5,moderate,1.0,198304458,29,2026,firm_3,phi_accuracy,0.018190380376813205
4,0.9,19.0,150,5,moderate,1.0,198304458,29,2026,firm_3,ir_operational,1.0
4,0.9,19.0,150,5,moderate,1.0,198304458,29,2026,firm_3,ir_accuracy,1.0
4,0.9,19.0,150,5,moderate,1.0,198304458,29,2026,_summary,v_op_N,248.67927861633734
4,0.9,19.0,150,5,moderate,1.0,198304458,29,2026,_summary,v_acc_N,0.1002888036438021
4,0.9,19.0,150,5,moderate,1.0,198304458,29,2026,_summary,spearman_rho,-0.3999999999999999
4,0.9,19.0,150,5,moderate,1.0,198304458,29,2026,_summary,payment_displacement,0.26046367519431096
4,0.9,19.0,150,5,moderate,1.0,198304458,29,2026,_summary,any_rank_reversal,1.0
4,0.9,19.0,150,5,moderate,1.0,198304458,29,2026,_summary,efficiency_gap_op,0.0
4,0.9,49.0,150,5,moderate,1.0,1816684105,0,2026,firm_0,phi_operational,42.428707473577475
4,0.9,49.0,150,5,moderate,1.0,1816684105,0,2026,firm_0,phi_accuracy,-0.017411528224275795
4,0.9,49.0,150,5,moderate,1.0,1816684105,0,2026,firm_0,ir_operational,1.0
4,0.9,49.0,150,5,moderate,1.0,1816684105,0,2026,firm_0,ir_accuracy,0.0
4,0.9,49.0,150,5,moderate,1.0,1816684105,0,2026,firm_1,phi_operational,44.923344170047585
4,0.9,49.0,150,5,moderate,1.0,1816684105,0,2026,firm_1,phi_accuracy,0.0010960934243718912
4,0.9,49.0,150,5,moderate,1.0,1816684105,0,2026,firm_1,ir_operational,1.0
4,0.9,49.0,150,5,moderate,1.0,1816684105,0,2026,firm_1,ir_accuracy,1.0
4,0.9,49.0,150,5,moderate,1.0,1816684105,0,2026,firm_2,phi_operational,73.12298750709374
4,0.9,49.0,150,5,moderate,1.0,1816684105,0,2026,firm_2,phi_accuracy,-0.013088955416244996
4,0.9,49.0,150,5,moderate,1.0,1816684105,0,2026,firm_2,ir_operational,1.0
4,0.9,49.0,150,5,moderate,1.0,1816684105,0,2026,firm_2,ir_accuracy,0.0
4,0.9,49.0,150,5,moderate,1.0,1816684105,0,2026,firm_3,phi_operational,53.22236024570596
4,0.9,49.0,150,5,moderate,1.0,1816684105,0,2026,firm_3,phi_accuracy,0.03933287637849965
4,0.9,49.0,150,5,moderate,1.0,1816684105,0,2026,firm_3,ir_operational,1.0
4,0.9,49.0,150,5,moderate,1.0,1816684105,0,2026,firm_3,ir_accuracy,1.0
4,0.9,49.0,150,5,moderate,1.0,1816684105,0,2026,_summary,v_op_N,213.69739939642477
4,0.9,49.0,150,5,moderate,1.0,1816684105,0,2026,_summary,v_acc_N,0.009928486162350758
4,0.9,49.0,150,5,moderate,1.0,1816684105,0,2026,_summary,spearman_rho,0.4
4,0.9,49.0,150,5,moderate,1.0,1816684105,0,2026,_summary,payment_displacement,0.36774596152226857
4,0.9,49.0,150,5,moderate,1.0,1816684105,0,2026,_summary,any_rank_reversal,1.0
4,0.9,49.0,150,5,moderate,1.0,1816684105,0,2026,_summary,efficiency_gap_op,0.0
4,0.9,49.0,150,5,moderate,1.0,1202986179,1,2026,firm_0,phi_operational,75.11041866184806
4,0.9,49.0,150,5,moderate,1.0,1202986179,1,2026,firm_0,phi_accuracy,-0.017746809041177942
4,0.9,49.0,150,5,moderate,1.0,1202986179,1,2026,firm_0,ir_operational,1.0
4,0.9,49.0,150,5,moderate,1.0,1202986179,1,2026,firm_0,ir_accuracy,0.0
4,0.9,49.0,150,5,moderate,1.0,1202986179,1,2026,firm_1,phi_operational,76.6738166155898
4,0.9,49.0,150,5,moderate,1.0,1202986179,1,2026,firm_1,phi_accuracy,-0.01630368800169061
4,0.9,49.0,150,5,moderate,1.0,1202986179,1,2026,firm_1,ir_operational,1.0
4,0.9,49.0,150,5,moderate,1.0,1202986179,1,2026,firm_1,ir_accuracy,0.0
4,0.9,49.0,150,5,moderate,1.0,1202986179,1,2026,firm_2,phi_operational,64.75093280920328
4,0.9,49.0,150,5,moderate,1.0,1202986179,1,2026,firm_2,phi_accuracy,-0.011409027576569808
4,0.9,49.0,150,5,moderate,1.0,1202986179,1,2026,firm_2,ir_operational,1.0
4,0.9,49.0,150,5,moderate,1.0,1202986179,1,2026,firm_2,ir_accuracy,0.0
4,0.9,49.0,150,5,moderate,1.0,1202986179,1,2026,firm_3,phi_operational,37.23874622099485
4,0.9,49.0,150,5,moderate,1.0,1202986179,1,2026,firm_3,phi_accuracy,-0.013134517172065707
4,0.9,49.0,150,5,moderate,1.0,1202986179,1,2026,firm_3,ir_operational,1.0
4,0.9,49.0,150,5,moderate,1.0,1202986179,1,2026,firm_3,ir_accuracy,0.0
4,0.9,49.0,150,5,moderate,1.0,1202986179,1,2026,_summary,v_op_N,253.773914307636
4,0.9,49.0,150,5,moderate,1.0,1202986179,1,2026,_summary,v_acc_N,-0.05859404179150407
4,0.9,49.0,150,5,moderate,1.0,1202986179,1,2026,_summary,spearman_rho,-0.6000000000000001
4,0.9,49.0,150,5,moderate,1.0,1202986179,1,2026,_summary,payment_displacement,0.49999999999573236
4,0.9,49.0,150,5,moderate,1.0,1202986179,1,2026,_summary,any_rank_reversal,1.0
4,0.9,49.0,150,5,moderate,1.0,1202986179,1,2026,_summary,efficiency_gap_op,2.842170943040401e-14
4,0.9,49.0,150,5,moderate,1.0,2113893674,2,2026,firm_0,phi_operational,112.96628905371426
4,0.9,49.0,150,5,moderate,1.0,2113893674,2,2026,firm_0,phi_accuracy,0.09101543116476926
4,0.9,49.0,150,5,moderate,1.0,2113893674,2,2026,firm_0,ir_operational,1.0
4,0.9,49.0,150,5,moderate,1.0,2113893674,2,2026,firm_0,ir_accuracy,1.0
4,0.9,49.0,150,5,moderate,1.0,2113893674,2,2026,firm_1,phi_operational,68.79269799401497
4,0.9,49.0,150,5,moderate,1.0,2113893674,2,2026,firm_1,phi_accuracy,0.09566522120712284
4,0.9,49.0,150,5,moderate,1.0,2113893674,2,2026,firm_1,ir_operational,1.0
4,0.9,49.0,150,5,moderate,1.0,2113893674,2,2026,firm_1,ir_accuracy,1.0
4,0.9,49.0,150,5,moderate,1.0,2113893674,2,2026,firm_2,phi_operational,104.71224417420686
4,0.9,49.0,150,5,moderate,1.0,2113893674,2,2026,firm_2,phi_accuracy,-0.014552771520997515
4,0.9,49.0,150,5,moderate,1.0,2113893674,2,2026,firm_2,ir_operational,1.0
4,0.9,49.0,150,5,moderate,1.0,2113893674,2,2026,firm_2,ir_accuracy,0.0
4,0.9,49.0,150,5,moderate,1.0,2113893674,2,2026,firm_3,phi_operational,-1.6259445234498653
4,0.9,49.0,150,5,moderate,1.0,2113893674,2,2026,firm_3,phi_accuracy,0.02636045506163897
4,0.9,49.0,150,5,moderate,1.0,2113893674,2,2026,firm_3,ir_operational,0.0
4,0.9,49.0,150,5,moderate,1.0,2113893674,2,2026,firm_3,ir_accuracy,1.0
4,0.9,49.0,150,5,moderate,1.0,2113893674,2,2026,_summary,v_op_N,284.84528669848623
4,0.9,49.0,150,5,moderate,1.0,2113893674,2,2026,_summary,v_acc_N,0.19848833591253356
4,0.9,49.0,150,5,moderate,1.0,2113893674,2,2026,_summary,spearman_rho,0.0
4,0.9,49.0,150,5,moderate,1.0,2113893674,2,2026,_summary,payment_displacement,0.18455263995889243
4,0.9,49.0,150,5,moderate,1.0,2113893674,2,2026,_summary,any_rank_reversal,1.0
4,0.9,49.0,150,5,moderate,1.0,2113893674,2,2026,_summary,efficiency_gap_op,0.0
4,0.9,49.0,150,5,moderate,1.0,2908393429,3,2026,firm_0,phi_operational,60.2582941049801
4,0.9,49.0,150,5,moderate,1.0,2908393429,3,2026,firm_0,phi_accuracy,-0.015648753425568353
4,0.9,49.0,150,5,moderate,1.0,2908393429,3,2026,firm_0,ir_operational,1.0
4,0.9,49.0,150,5,moderate,1.0,2908393429,3,2026,firm_0,ir_accuracy,0.0
4,0.9,49.0,150,5,moderate,1.0,2908393429,3,2026,firm_1,phi_operational,67.7971340030632
4,0.9,49.0,150,5,moderate,1.0,2908393429,3,2026,firm_1,phi_accuracy,-0.011385391491177992
4,0.9,49.0,150,5,moderate,1.0,2908393429,3,2026,firm_1,ir_operational,1.0
4,0.9,49.0,150,5,moderate,1.0,2908393429,3,2026,firm_1,ir_accuracy,0.0
4,0.9,49.0,150,5,moderate,1.0,2908393429,3,2026,firm_2,phi_operational,90.23532803001083
4,0.9,49.0,150,5,moderate,1.0,2908393429,3,2026,firm_2,phi_accuracy,0.022965531469407736
4,0.9,49.0,150,5,moderate,1.0,2908393429,3,2026,firm_2,ir_operational,1.0
4,0.9,49.0,150,5,moderate,1.0,2908393429,3,2026,firm_2,ir_accuracy,1.0
4,0.9,49.0,150,5,moderate,1.0,2908393429,3,2026,firm_3,phi_operational,23.01987421407849
4,0.9,49.0,150,5,moderate,1.0,2908393429,3,2026,firm_3,phi_accuracy,0.007080018889158601
4,0.9,49.0,150,5,moderate,1.0,2908393429,3,2026,firm_3,ir_operational,1.0
4,0.9,49.0,150,5,moderate,1.0,2908393429,3,2026,firm_3,ir_accuracy,1.0
4,0.9,49.0,150,5,moderate,1.0,2908393429,3,2026,_summary,v_op_N,241.31063035213265
4,0.9,49.0,150,5,moderate,1.0,2908393429,3,2026,_summary,v_acc_N,0.003011405441819992
4,0.9,49.0,150,5,moderate,1.0,2908393429,3,2026,_summary,spearman_rho,0.4
4,0.9,49.0,150,5,moderate,1.0,2908393429,3,2026,_summary,payment_displacement,0.26533316812248287
4,0.9,49.0,150,5,moderate,1.0,2908393429,3,2026,_summary,any_rank_reversal,1.0
4,0.9,49.0,150,5,moderate,1.0,2908393429,3,2026,_summary,efficiency_gap_op,0.0
4,0.9,49.0,150,5,moderate,1.0,1509984359,4,2026,firm_0,phi_operational,41.3628658453688
4,0.9,49.0,150,5,moderate,1.0,1509984359,4,2026,firm_0,phi_accuracy,-0.020828450060610994
4,0.9,49.0,150,5,moderate,1.0,1509984359,4,2026,firm_0,ir_operational,1.0
4,0.9,49.0,150,5,moderate,1.0,1509984359,4,2026,firm_0,ir_accuracy,0.0
4,0.9,49.0,150,5,moderate,1.0,1509984359,4,2026,firm_1,phi_operational,56.612736508273066
4,0.9,49.0,150,5,moderate,1.0,1509984359,4,2026,firm_1,phi_accuracy,-0.047564982698955593
4,0.9,49.0,150,5,moderate,1.0,1509984359,4,2026,firm_1,ir_operational,1.0
4,0.9,49.0,150,5,moderate,1.0,1509984359,4,2026,firm_1,ir_accuracy,0.0
4,0.9,49.0,150,5,moderate,1.0,1509984359,4,2026,firm_2,phi_operational,28.20243002989618
4,0.9,49.0,150,5,moderate,1.0,1509984359,4,2026,firm_2,phi_accuracy,-0.006981258177089981
4,0.9,49.0,150,5,moderate,1.0,1509984359,4,2026,firm_2,ir_operational,1.0
4,0.9,49.0,150,5,moderate,1.0,1509984359,4,2026,firm_2,ir_accuracy,0.0
4,0.9,49.0,150,5,moderate,1.0,1509984359,4,2026,firm_3,phi_operational,58.58277234619024
4,0.9,49.0,150,5,moderate,1.0,1509984359,4,2026,firm_3,phi_accuracy,-0.0704178771424551
4,0.9,49.0,150,5,moderate,1.0,1509984359,4,2026,firm_3,ir_operational,1.0
4,0.9,49.0,150,5,moderate,1.0,1509984359,4,2026,firm_3,ir_accuracy,0.0
4,0.9,49.0,150,5,moderate,1.0,1509984359,4,2026,_summary,v_op_N,184.7608047297283
4,0.9,49.0,150,5,moderate,1.0,1509984359,4,2026,_summary,v_acc_N,-0.14579256807911167
4,0.9,49.0,150,5,moderate,1.0,1509984359,4,2026,_summary,spearman_rho,-1.0
4,0.9,49.0,150,5,moderate,1.0,1509984359,4,2026,_summary,payment_displacement,0.4999999999982838
4,0.9,49.0,150,5,moderate,1.0,1509984359,4,2026,_summary,any_rank_reversal,1.0
4,0.9,49.0,150,5,moderate,1.0,1509984359,4,2026,_summary,efficiency_gap_op,2.842170943040401e-14
4,0.9,49.0,150,5,moderate,1.0,4261849475,5,2026,firm_0,phi_operational,181.81559993315642
4,0.9,49.0,150,5,moderate,1.0,4261849475,5,2026,firm_0,phi_accuracy,0.04209007436109119
4,0.9,49.0,150,5,moderate,1.0,4261849475,5,2026,firm_0,ir_operational,1.0
4,0.9,49.0,150,5,moderate,1.0,4261849475,5,2026,firm_0,ir_accuracy,1.0
4,0.9,49.0,150,5,moderate,1.0,4261849475,5,2026,firm_1,phi_operational,116.79430897018824
4,0.9,49.0,150,5,moderate,1.0,4261849475,5,2026,firm_1,phi_accuracy,-0.029036745808900272
4,0.9,49.0,150,5,moderate,1.0,4261849475,5,2026,firm_1,ir_operational,1.0
4,0.9,49.0,150,5,moderate,1.0,4261849475,5,2026,firm_1,ir_accuracy,0.0
4,0.9,49.0,150,5,moderate,1.0,4261849475,5,2026,firm_2,phi_operational,236.50841381822357
4,0.9,49.0,150,5,moderate,1.0,4261849475,5,2026,firm_2,phi_accuracy,-0.012395319758300716
4,0.9,49.0,150,5,moderate,1.0,4261849475,5,2026,firm_2,ir_operational,1.0
4,0.9,49.0,150,5,moderate,1.0,4261849475,5,2026,firm_2,ir_accuracy,0.0
4,0.9,49.0,150,5,moderate,1.0,4261849475,5,2026,firm_3,phi_operational,72.79130004491851
4,0.9,49.0,150,5,moderate,1.0,4261849475,5,2026,firm_3,phi_accuracy,-0.0455586803792186
4,0.9,49.0,150,5,moderate,1.0,4261849475,5,2026,firm_3,ir_operational,1.0
4,0.9,49.0,150,5,moderate,1.0,4261849475,5,2026,firm_3,ir_accuracy,0.0
4,0.9,49.0,150,5,moderate,1.0,4261849475,5,2026,_summary,v_op_N,607.9096227664868
4,0.9,49.0,150,5,moderate,1.0,4261849475,5,2026,_summary,v_acc_N,-0.0449006715853284
4,0.9,49.0,150,5,moderate,1.0,4261849475,5,2026,_summary,spearman_rho,0.8
4,0.9,49.0,150,5,moderate,1.0,4261849475,5,2026,_summary,payment_displacement,0.3504583632776682
4,0.9,49.0,150,5,moderate,1.0,4261849475,5,2026,_summary,any_rank_reversal,1.0
4,0.9,49.0,150,5,moderate,1.0,4261849475,5,2026,_summary,efficiency_gap_op,0.0
4,0.9,49.0,150,5,moderate,1.0,67583155,6,2026,firm_0,phi_operational,51.88625294313987
4,0.9,49.0,150,5,moderate,1.0,67583155,6,2026,firm_0,phi_accuracy,0.012707801443338385
4,0.9,49.0,150,5,moderate,1.0,67583155,6,2026,firm_0,ir_operational,1.0
4,0.9,49.0,150,5,moderate,1.0,67583155,6,2026,firm_0,ir_accuracy,1.0
4,0.9,49.0,150,5,moderate,1.0,67583155,6,2026,firm_1,phi_operational,121.94515466086855
4,0.9,49.0,150,5,moderate,1.0,67583155,6,2026,firm_1,phi_accuracy,0.015622394884784452
4,0.9,49.0,150,5,moderate,1.0,67583155,6,2026,firm_1,ir_operational,1.0
4,0.9,49.0,150,5,moderate,1.0,67583155,6,2026,firm_1,ir_accuracy,1.0
4,0.9,49.0,150,5,moderate,1.0,67583155,6,2026,firm_2,phi_operational,107.82938176145126
4,0.9,49.0,150,5,moderate,1.0,67583155,6,2026,firm_2,phi_accuracy,-0.006199181183464372
4,0.9,49.0,150,5,moderate,1.0,67583155,6,2026,firm_2,ir_operational,1.0
4,0.9,49.0,150,5,moderate,1.0,67583155,6,2026,firm_2,ir_accuracy,0.0
4,0.9,49.0,150,5,moderate,1.0,67583155,6,2026,firm_3,phi_operational,120.24463760456213
4,0.9,49.0,150,5,moderate,1.0,67583155,6,2026,firm_3,phi_accuracy,0.07871581621756503
4,0.9,49.0,150,5,moderate,1.0,67583155,6,2026,firm_3,ir_operational,1.0
4,0.9,49.0,150,5,moderate,1.0,67583155,6,2026,firm_3,ir_accuracy,1.0
4,0.9,49.0,150,5,moderate,1.0,67583155,6,2026,_summary,v_op_N,401.90542697002184
4,0.9,49.0,150,5,moderate,1.0,67583155,6,2026,_summary,v_acc_N,0.1008468313622235
4,0.9,49.0,150,5,moderate,1.0,67583155,6,2026,_summary,spearman_rho,0.6
4,0.9,49.0,150,5,moderate,1.0,67583155,6,2026,_summary,payment_displacement,0.22532336232659433
4,0.9,49.0,150,5,moderate,1.0,67583155,6,2026,_summary,any_rank_reversal,1.0
4,0.9,49.0,150,5,moderate,1.0,67583155,6,2026,_summary,efficiency_gap_op,0.0
4,0.9,49.0,150,5,moderate,1.0,2152278142,7,2026,firm_0,phi_operational,58.73654833178273
4,0.9,49.0,150,5,moderate,1.0,2152278142,7,2026,firm_0,phi_accuracy,-0.04431539979149355
4,0.9,49.0,150,5,moderate,1.0,2152278142,7,2026,firm_0,ir_operational,1.0
4,0.9,49.0,150,5,moderate,1.0,2152278142,7,2026,firm_0,ir_accuracy,0.0
4,0.9,49.0,150,5,moderate,1.0,2152278142,7,2026,firm_1,phi_operational,61.07392856352283
4,0.9,49.0,150,5,moderate,1.0,2152278142,7,2026,firm_1,phi_accuracy,-0.007753534169332721
4,0.9,49.0,150,5,moderate,1.0,2152278142,7,2026,firm_1,ir_operational,1.0
4,0.9,49.0,150,5,moderate,1.0,2152278142,7,2026,firm_1,ir_accuracy,0.0
4,0.9,49.0,150,5,moderate,1.0,2152278142,7,2026,firm_2,phi_operational,42.43434810317751
4,0.9,49.0,150,5,moderate,1.0,2152278142,7,2026,firm_2,phi_accuracy,-0.026771876759640045
4,0.9,49.0,150,5,moderate,1.0,2152278142,7,2026,firm_2,ir_operational,1.0
4,0.9,49.0,150,5,moderate,1.0,2152278142,7,2026,firm_2,ir_accuracy,0.0
4,0.9,49.0,150,5,moderate,1.0,2152278142,7,2026,firm_3,phi_operational,69.90681394818478
4,0.9,49.0,150,5,moderate,1.0,2152278142,7,2026,firm_3,phi_accuracy,-0.03688934269754697
4,0.9,49.0,150,5,moderate,1.0,2152278142,7,2026,firm_3,ir_operational,1.0
4,0.9,49.0,150,5,moderate,1.0,2152278142,7,2026,firm_3,ir_accuracy,0.0
4,0.9,49.0,150,5,moderate,1.0,2152278142,7,2026,_summary,v_op_N,232.15163894666784
4,0.9,49.0,150,5,moderate,1.0,2152278142,7,2026,_summary,v_acc_N,-0.11573015341801329
4,0.9,49.0,150,5,moderate,1.0,2152278142,7,2026,_summary,spearman_rho,0.0
4,0.9,49.0,150,5,moderate,1.0,2152278142,7,2026,_summary,payment_displacement,0.4999999999978388
4,0.9,49.0,150,5,moderate,1.0,2152278142,7,2026,_summary,any_rank_reversal,1.0
4,0.9,49.0,150,5,moderate,1.0,2152278142,7,2026,_summary,efficiency_gap_op,0.0
4,0.9,49.0,150,5,moderate,1.0,3016923092,8,2026,firm_0,phi_operational,112.50724162294598
4,0.9,49.0,150,5,moderate,1.0,3016923092,8,2026,firm_0,phi_accuracy,0.08030769062390261
4,0.9,49.0,150,5,moderate,1.0,3016923092,8,2026,firm_0,ir_operational,1.0
4,0.9,49.0,150,5,moderate,1.0,3016923092,8,2026,firm_0,ir_accuracy,1.0
4,0.9,49.0,150,5,moderate,1.0,3016923092,8,2026,firm_1,phi_operational,-64.89112674384978
4,0.9,49.0,150,5,moderate,1.0,3016923092,8,2026,firm_1,phi_accuracy,0.0844205486633062
4,0.9,49.0,150,5,moderate,1.0,3016923092,8,2026,firm_1,ir_operational,0.0
4,0.9,49.0,150,5,moderate,1.0,3016923092,8,2026,firm_1,ir_accuracy,1.0
4,0.9,49.0,150,5,moderate,1.0,3016923092,8,2026,firm_2,phi_operational,74.93871670277554
4,0.9,49.0,150,5,moderate,1.0,3016923092,8,2026,firm_2,phi_accuracy,0.012093676406267314
4,0.9,49.0,150,5,moderate,1.0,3016923092,8,2026,firm_2,ir_operational,1.0
4,0.9,49.0,150,5,moderate,1.0,3016923092,8,2026,firm_2,ir_accuracy,1.0
4,0.9,49.0,150,5,moderate,1.0,3016923092,8,2026,firm_3,phi_operational,113.32137608050576
4,0.9,49.0,150,5,moderate,1.0,3016923092,8,2026,firm_3,phi_accuracy,0.008309797317365936
4,0.9,49.0,150,5,moderate,1.0,3016923092,8,2026,firm_3,ir_operational,1.0
4,0.9,49.0,150,5,moderate,1.0,3016923092,8,2026,firm_3,ir_accuracy,1.0
4,0.9,49.0,150,5,moderate,1.0,3016923092,8,2026,_summary,v_op_N,235.8762076623775
4,0.9,49.0,150,5,moderate,1.0,3016923092,8,2026,_summary,v_acc_N,0.18513171301084208
4,0.9,49.0,150,5,moderate,1.0,3016923092,8,2026,_summary,spearman_rho,-0.8
4,0.9,49.0,150,5,moderate,1.0,3016923092,8,2026,_summary,payment_displacement,0.2910527316466073
4,0.9,49.0,150,5,moderate,1.0,3016923092,8,2026,_summary,any_rank_reversal,1.0
4,0.9,49.0,150,5,moderate,1.0,3016923092,8,2026,_summary,efficiency_gap_op,0.0
4,0.9,49.0,150,5,moderate,1.0,3159778105,9,2026,firm_0,phi_operational,66.56788141598436
4,0.9,49.0,150,5,moderate,1.0,3159778105,9,2026,firm_0,phi_accuracy,-0.0378380279805879
4,0.9,49.0,150,5,moderate,1.0,3159778105,9,2026,firm_0,ir_operational,1.0
4,0.9,49.0,150,5,moderate,1.0,3159778105,9,2026,firm_0,ir_accuracy,0.0
4,0.9,49.0,150,5,moderate,1.0,3159778105,9,2026,firm_1,phi_operational,129.4056550071872
4,0.9,49.0,150,5,moderate,1.0,3159778105,9,2026,firm_1,phi_accuracy,-0.014574102346996166
4,0.9,49.0,150,5,moderate,1.0,3159778105,9,2026,firm_1,ir_operational,1.0
4,0.9,49.0,150,5,moderate,1.0,3159778105,9,2026,firm_1,ir_accuracy,0.0
4,0.9,49.0,150,5,moderate,1.0,3159778105,9,2026,firm_2,phi_operational,131.34101941336942
4,0.9,49.0,150,5,moderate,1.0,3159778105,9,2026,firm_2,phi_accuracy,-0.04737656460625237
4,0.9,49.0,150,5,moderate,1.0,3159778105,9,2026,firm_2,ir_operational,1.0
4,0.9,49.0,150,5,moderate,1.0,3159778105,9,2026,firm_2,ir_accuracy,0.0
4,0.9,49.0,150,5,moderate,1.0,3159778105,9,2026,firm_3,phi_operational,93.85935053990431
4,0.9,49.0,150,5,moderate,1.0,3159778105,9,2026,firm_3,phi_accuracy,-0.016499398326676594
4,0.9,49.0,150,5,moderate,1.0,3159778105,9,2026,firm_3,ir_operational,1.0
4,0.9,49.0,150,5,moderate,1.0,3159778105,9,2026,firm_3,ir_accuracy,0.0
4,0.9,49.0,150,5,moderate,1.0,3159778105,9,2026,_summary,v_op_N,421.1739063764453
4,0.9,49.0,150,5,moderate,1.0,3159778105,9,2026,_summary,v_acc_N,-0.11628809326051304
4,0.9,49.0,150,5,moderate,1.0,3159778105,9,2026,_summary,spearman_rho,-0.19999999999999996
4,0.9,49.0,150,5,moderate,1.0,3159778105,9,2026,_summary,payment_displacement,0.4999999999978495
4,0.9,49.0,150,5,moderate,1.0,3159778105,9,2026,_summary,any_rank_reversal,1.0
4,0.9,49.0,150,5,moderate,1.0,3159778105,9,2026,_summary,efficiency_gap_op,0.0
4,0.9,49.0,150,5,moderate,1.0,545419164,10,2026,firm_0,phi_operational,65.23795510635034
4,0.9,49.0,150,5,moderate,1.0,545419164,10,2026,firm_0,phi_accuracy,-0.0017372316306007154
4,0.9,49.0,150,5,moderate,1.0,545419164,10,2026,firm_0,ir_operational,1.0
4,0.9,49.0,150,5,moderate,1.0,545419164,10,2026,firm_0,ir_accuracy,0.0
4,0.9,49.0,150,5,moderate,1.0,545419164,10,2026,firm_1,phi_operational,133.80943322312785
4,0.9,49.0,150,5,moderate,1.0,545419164,10,2026,firm_1,phi_accuracy,0.06317212096276673
4,0.9,49.0,150,5,moderate,1.0,545419164,10,2026,firm_1,ir_operational,1.0
4,0.9,49.0,150,5,moderate,1.0,545419164,10,2026,firm_1,ir_accuracy,1.0
4,0.9,49.0,150,5,moderate,1.0,545419164,10,2026,firm_2,phi_operational,51.893516249117695
4,0.9,49.0,150,5,moderate,1.0,545419164,10,2026,firm_2,phi_accuracy,0.07760269859894221
4,0.9,49.0,150,5,moderate,1.0,545419164,10,2026,firm_2,ir_operational,1.0
4,0.9,49.0,150,5,moderate,1.0,545419164,10,2026,firm_2,ir_accuracy,1.0
4,0.9,49.0,150,5,moderate,1.0,545419164,10,2026,firm_3,phi_operational,173.02421417126754
4,0.9,49.0,150,5,moderate,1.0,545419164,10,2026,firm_3,phi_accuracy,0.020229219082021216
4,0.9,49.0,150,5,moderate,1.0,545419164,10,2026,firm_3,ir_operational,1.0
4,0.9,49.0,150,5,moderate,1.0,545419164,10,2026,firm_3,ir_accuracy,1.0
4,0.9,49.0,150,5,moderate,1.0,545419164,10,2026,_summary,v_op_N,423.96511874986345
4,0.9,49.0,150,5,moderate,1.0,545419164,10,2026,_summary,v_acc_N,0.15926680701312945
4,0.9,49.0,150,5,moderate,1.0,545419164,10,2026,_summary,spearman_rho,-0.3999999999999999
4,0.9,49.0,150,5,moderate,1.0,545419164,10,2026,_summary,payment_displacement,0.21884118345663908
4,0.9,49.0,150,5,moderate,1.0,545419164,10,2026,_summary,any_rank_reversal,1.0
4,0.9,49.0,150,5,moderate,1.0,545419164,10,2026,_summary,efficiency_gap_op,0.0
4,0.9,49.0,150,5,moderate,1.0,487889500,11,2026,firm_0,phi_operational,79.7338040892314
4,0.9,49.0,150,5,moderate,1.0,487889500,11,2026,firm_0,phi_accuracy,-0.019214895200939608
4,0.9,49.0,150,5,moderate,1.0,487889500,11,2026,firm_0,ir_operational,1.0
4,0.9,49.0,150,5,moderate,1.0,487889500,11,2026,firm_0,ir_accuracy,0.0
4,0.9,49.0,150,5,moderate,1.0,487889500,11,2026,firm_1,phi_operational,12.437362665766917
4,0.9,49.0,150,5,moderate,1.0,487889500,11,2026,firm_1,phi_accuracy,0.0298455705743243
4,0.9,49.0,150,5,moderate,1.0,487889500,11,2026,firm_1,ir_operational,1.0
4,0.9,49.0,150,5,moderate,1.0,487889500,11,2026,firm_1,ir_accuracy,1.0
4,0.9,49.0,150,5,moderate,1.0,487889500,11,2026,firm_2,phi_operational,12.036462240083436
4,0.9,49.0,150,5,moderate,1.0,487889500,11,2026,firm_2,phi_accuracy,-0.02446024868234366
4,0.9,49.0,150,5,moderate,1.0,487889500,11,2026,firm_2,ir_operational,1.0
4,0.9,49.0,150,5,moderate,1.0,487889500,11,2026,firm_2,ir_accuracy,0.0
4,0.9,49.0,150,5,moderate,1.0,487889500,11,2026,firm_3,phi_operational,68.33951877317136
4,0.9,49.0,150,5,moderate,1.0,487889500,11,2026,firm_3,phi_accuracy,0.0150373652804844
4,0.9,49.0,150,5,moderate,1.0,487889500,11,2026,firm_3,ir_operational,1.0
4,0.9,49.0,150,5,moderate,1.0,487889500,11,2026,firm_3,ir_accuracy,1.0
4,0.9,49.0,150,5,moderate,1.0,487889500,11,2026,_summary,v_op_N,172.54714776825313
4,0.9,49.0,150,5,moderate,1.0,487889500,11,2026,_summary,v_acc_N,0.0012077919715254293
4,0.9,49.0,150,5,moderate,1.0,487889500,11,2026,_summary,spearman_rho,0.19999999999999996
4,0.9,49.0,150,5,moderate,1.0,487889500,11,2026,_summary,payment_displacement,0.3790583759623227
4,0.9,49.0,150,5,moderate,1.0,487889500,11,2026,_summary,any_rank_reversal,1.0
4,0.9,49.0,150,5,moderate,1.0,487889500,11,2026,_summary,efficiency_gap_op,0.0
4,0.9,49.0,150,5,moderate,1.0,2131846761,12,2026,firm_0,phi_operational,65.68223632777672
4,0.9,49.0,150,5,moderate,1.0,2131846761,12,2026,firm_0,phi_accuracy,0.03671845229903603
4,0.9,49.0,150,5,moderate,1.0,2131846761,12,2026,firm_0,ir_operational,1.0
4,0.9,49.0,150,5,moderate,1.0,2131846761,12,2026,firm_0,ir_accuracy,1.0
4,0.9,49.0,150,5,moderate,1.0,2131846761,12,2026,firm_1,phi_operational,101.8073533329161
4,0.9,49.0,150,5,moderate,1.0,2131846761,12,2026,firm_1,phi_accuracy,0.013805076008658953
4,0.9,49.0,150,5,moderate,1.0,2131846761,12,2026,firm_1,ir_operational,1.0
4,0.9,49.0,150,5,moderate,1.0,2131846761,12,2026,firm_1,ir_accuracy,1.0
4,0.9,49.0,150,5,moderate,1.0,2131846761,12,2026,firm_2,phi_operational,49.155098911384016
4,0.9,49.0,150,5,moderate,1.0,2131846761,12,2026,firm_2,phi_accuracy,0.03717706472046617
4,0.9,49.0,150,5,moderate,1.0,2131846761,12,2026,firm_2,ir_operational,1.0
4,0.9,49.0,150,5,moderate,1.0,2131846761,12,2026,firm_2,ir_accuracy,1.0
4,0.9,49.0,150,5,moderate,1.0,2131846761,12,2026,firm_3,phi_operational,174.4603946941449
4,0.9,49.0,150,5,moderate,1.0,2131846761,12,2026,firm_3,phi_accuracy,0.08132730286191422
4,0.9,49.0,150,5,moderate,1.0,2131846761,12,2026,firm_3,ir_operational,1.0
4,0.9,49.0,150,5,moderate,1.0,2131846761,12,2026,firm_3,ir_accuracy,1.0
4,0.9,49.0,150,5,moderate,1.0,2131846761,12,2026,_summary,v_op_N,391.10508326622175
4,0.9,49.0,150,5,moderate,1.0,2131846761,12,2026,_summary,v_acc_N,0.16902789589007539
4,0.9,49.0,150,5,moderate,1.0,2131846761,12,2026,_summary,spearman_rho,0.19999999999999996
4,0.9,49.0,150,5,moderate,1.0,2131846761,12,2026,_summary,payment_displacement,0.08931677249901399
4,0.9,49.0,150,5,moderate,1.0,2131846761,12,2026,_summary,any_rank_reversal,1.0
4,0.9,49.0,150,5,moderate,1.0,2131846761,12,2026,_summary,efficiency_gap_op,0.0
4,0.9,49.0,150,5,moderate,1.0,4024949223,13,2026,firm_0,phi_operational,154.59419292873602
4,0.9,49.0,150,5,moderate,1.0,4024949223,13,2026,firm_0,phi_accuracy,-0.0004990404696259181
4,0.9,49.0,150,5,moderate,1.0,4024949223,13,2026,firm_0,ir_operational,1.0
4,0.9,49.0,150,5,moderate,1.0,4024949223,13,2026,firm_0,ir_accuracy,0.0
4,0.9,49.0,150,5,moderate,1.0,4024949223,13,2026,firm_1,phi_operational,190.1622444909146
4,0.9,49.0,150,5,moderate,1.0,4024949223,13,2026,firm_1,phi_accuracy,0.06605245711746356
4,0.9,49.0,150,5,moderate,1.0,4024949223,13,2026,firm_1,ir_operational,1.0
4,0.9,49.0,150,5,moderate,1.0,4024949223,13,2026,firm_1,ir_accuracy,1.0
4,0.9,49.0,150,5,moderate,1.0,4024949223,13,2026,firm_2,phi_operational,115.36849058325245
4,0.9,49.0,150,5,moderate,1.0,4024949223,13,2026,firm_2,phi_accuracy,-0.02512985146821243
4,0.9,49.0,150,5,moderate,1.0,4024949223,13,2026,firm_2,ir_operational,1.0
4,0.9,49.0,150,5,moderate,1.0,4024949223,13,2026,firm_2,ir_accuracy,0.0
4,0.9,49.0,150,5,moderate,1.0,4024949223,13,2026,firm_3,phi_operational,202.8507751012573
4,0.9,49.0,150,5,moderate,1.0,4024949223,13,2026,firm_3,phi_accuracy,-0.004016889882748195
4,0.9,49.0,150,5,moderate,1.0,4024949223,13,2026,firm_3,ir_operational,1.0
4,0.9,49.0,150,5,moderate,1.0,4024949223,13,2026,firm_3,ir_accuracy,0.0
4,0.9,49.0,150,5,moderate,1.0,4024949223,13,2026,_summary,v_op_N,662.9757031041604
4,0.9,49.0,150,5,moderate,1.0,4024949223,13,2026,_summary,v_acc_N,0.03640667529687702
4,0.9,49.0,150,5,moderate,1.0,4024949223,13,2026,_summary,spearman_rho,0.4
4,0.9,49.0,150,5,moderate,1.0,4024949223,13,2026,_summary,payment_displacement,0.35658430346390674
4,0.9,49.0,150,5,moderate,1.0,4024949223,13,2026,_summary,any_rank_reversal,1.0
4,0.9,49.0,150,5,moderate,1.0,4024949223,13,2026,_summary,efficiency_gap_op,0.0
4,0.9,49.0,150,5,moderate,1.0,3529559310,14,2026,firm_0,phi_operational,41.635192073628446
4,0.9,49.0,150,5,moderate,1.0,3529559310,14,2026,firm_0,phi_accuracy,0.013469007334881229
4,0.9,49.0,150,5,moderate,1.0,3529559310,14,2026,firm_0,ir_operational,1.0
4,0.9,49.0,150,5,moderate,1.0,3529559310,14,2026,firm_0,ir_accuracy,1.0
4,0.9,49.0,150,5,moderate,1.0,3529559310,14,2026,firm_1,phi_operational,63.436432636921495
4,0.9,49.0,150,5,moderate,1.0,3529559310,14,2026,firm_1,phi_accuracy,-0.03381153592884645
4,0.9,49.0,150,5,moderate,1.0,3529559310,14,2026,firm_1,ir_operational,1.0
4,0.9,49.0,150,5,moderate,1.0,3529559310,14,2026,firm_1,ir_accuracy,0.0
4,0.9,49.0,150,5,moderate,1.0,3529559310,14,2026,firm_2,phi_operational,65.41038464205269
4,0.9,49.0,150,5,moderate,1.0,3529559310,14,2026,firm_2,phi_accuracy,-0.0247926300875733
4,0.9,49.0,150,5,moderate,1.0,3529559310,14,2026,firm_2,ir_operational,1.0
4,0.9,49.0,150,5,moderate,1.0,3529559310,14,2026,firm_2,ir_accuracy,0.0
4,0.9,49.0,150,5,moderate,1.0,3529559310,14,2026,firm_3,phi_operational,56.701229140580494
4,0.9,49.0,150,5,moderate,1.0,3529559310,14,2026,firm_3,phi_accuracy,-0.011094120167594904
4,0.9,49.0,150,5,moderate,1.0,3529559310,14,2026,firm_3,ir_operational,1.0
4,0.9,49.0,150,5,moderate,1.0,3529559310,14,2026,firm_3,ir_accuracy,0.0
4,0.9,49.0,150,5,moderate,1.0,3529559310,14,2026,_summary,v_op_N,227.18323849318313
4,0.9,49.0,150,5,moderate,1.0,3529559310,14,2026,_summary,v_acc_N,-0.056229278849133424
4,0.9,49.0,150,5,moderate,1.0,3529559310,14,2026,_summary,spearman_rho,-0.8
4,0.9,49.0,150,5,moderate,1.0,3529559310,14,2026,_summary,payment_displacement,0.41902461433256055
4,0.9,49.0,150,5,moderate,1.0,3529559310,14,2026,_summary,any_rank_reversal,1.0
4,0.9,49.0,150,5,moderate,1.0,3529559310,14,2026,_summary,efficiency_gap_op,0.0
4,0.9,49.0,150,5,moderate,1.0,3166524741,15,2026,firm_0,phi_operational,182.5105253428119
4,0.9,49.0,150,5,moderate,1.0,3166524741,15,2026,firm_0,phi_accuracy,0.12112899868703965
4,0.9,49.0,150,5,moderate,1.0,3166524741,15,2026,firm_0,ir_operational,1.0
4,0.9,49.0,150,5,moderate,1.0,3166524741,15,2026,firm_0,ir_accuracy,1.0
4,0.9,49.0,150,5,moderate,1.0,3166524741,15,2026,firm_1,phi_operational,159.60160701688847
4,0.9,49.0,150,5,moderate,1.0,3166524741,15,2026,firm_1,phi_accuracy,0.047817280654146935
4,0.9,49.0,150,5,moderate,1.0,3166524741,15,2026,firm_1,ir_operational,1.0
4,0.9,49.0,150,5,moderate,1.0,3166524741,15,2026,firm_1,ir_accuracy,1.0
4,0.9,49.0,150,5,moderate,1.0,3166524741,15,2026,firm_2,phi_operational,126.69657203108073
4,0.9,49.0,150,5,moderate,1.0,3166524741,15,2026,firm_2,phi_accuracy,0.08633023725447561
4,0.9,49.0,150,5,moderate,1.0,3166524741,15,2026,firm_2,ir_operational,1.0
4,0.9,49.0,150,5,moderate,1.0,3166524741,15,2026,firm_2,ir_accuracy,1.0
4,0.9,49.0,150,5,moderate,1.0,3166524741,15,2026,firm_3,phi_operational,161.88397194555697
4,0.9,49.0,150,5,moderate,1.0,3166524741,15,2026,firm_3,phi_accuracy,0.1274481596141471
4,0.9,49.0,150,5,moderate,1.0,3166524741,15,2026,firm_3,ir_operational,1.0
4,0.9,49.0,150,5,moderate,1.0,3166524741,15,2026,firm_3,ir_accuracy,1.0
4,0.9,49.0,150,5,moderate,1.0,3166524741,15,2026,_summary,v_op_N,630.6926763363381
4,0.9,49.0,150,5,moderate,1.0,3166524741,15,2026,_summary,v_acc_N,0.3827246762098093
4,0.9,49.0,150,5,moderate,1.0,3166524741,15,2026,_summary,spearman_rho,0.6
4,0.9,49.0,150,5,moderate,1.0,3166524741,15,2026,_summary,payment_displacement,0.06405927006792145
4,0.9,49.0,150,5,moderate,1.0,3166524741,15,2026,_summary,any_rank_reversal,1.0
4,0.9,49.0,150,5,moderate,1.0,3166524741,15,2026,_summary,efficiency_gap_op,0.0
4,0.9,49.0,150,5,moderate,1.0,2038280318,16,2026,firm_0,phi_operational,51.59957794016653
4,0.9,49.0,150,5,moderate,1.0,2038280318,16,2026,firm_0,phi_accuracy,0.01190932794384906
4,0.9,49.0,150,5,moderate,1.0,2038280318,16,2026,firm_0,ir_operational,1.0
4,0.9,49.0,150,5,moderate,1.0,2038280318,16,2026,firm_0,ir_accuracy,1.0
4,0.9,49.0,150,5,moderate,1.0,2038280318,16,2026,firm_1,phi_operational,126.46237477741343
4,0.9,49.0,150,5,moderate,1.0,2038280318,16,2026,firm_1,phi_accuracy,0.021791573556721344
4,0.9,49.0,150,5,moderate,1.0,2038280318,16,2026,firm_1,ir_operational,1.0
4,0.9,49.0,150,5,moderate,1.0,2038280318,16,2026,firm_1,ir_accuracy,1.0
4,0.9,49.0,150,5,moderate,1.0,2038280318,16,2026,firm_2,phi_operational,80.88948761924583
4,0.9,49.0,150,5,moderate,1.0,2038280318,16,2026,firm_2,phi_accuracy,0.008326551039248693
4,0.9,49.0,150,5,moderate,1.0,2038280318,16,2026,firm_2,ir_operational,1.0
4,0.9,49.0,150,5,moderate,1.0,2038280318,16,2026,firm_2,ir_accuracy,1.0
4,0.9,49.0,150,5,moderate,1.0,2038280318,16,2026,firm_3,phi_operational,37.79273360916333
4,0.9,49.0,150,5,moderate,1.0,2038280318,16,2026,firm_3,phi_accuracy,0.02634331311167748
4,0.9,49.0,150,5,moderate,1.0,2038280318,16,2026,firm_3,ir_operational,1.0
4,0.9,49.0,150,5,moderate,1.0,2038280318,16,2026,firm_3,ir_accuracy,1.0
4,0.9,49.0,150,5,moderate,1.0,2038280318,16,2026,_summary,v_op_N,296.74417394598913
4,0.9,49.0,150,5,moderate,1.0,2038280318,16,2026,_summary,v_acc_N,0.06837076565149658
4,0.9,49.0,150,5,moderate,1.0,2038280318,16,2026,_summary,spearman_rho,-0.3999999999999999
4,0.9,49.0,150,5,moderate,1.0,2038280318,16,2026,_summary,payment_displacement,0.12912228482970925
4,0.9,49.0,150,5,moderate,1.0,2038280318,16,2026,_summary,any_rank_reversal,1.0
4,0.9,49.0,150,5,moderate,1.0,2038280318,16,2026,_summary,efficiency_gap_op,0.0
4,0.9,49.0,150,5,moderate,1.0,1178423705,17,2026,firm_0,phi_operational,46.18327706771083
4,0.9,49.0,150,5,moderate,1.0,1178423705,17,2026,firm_0,phi_accuracy,0.03404136925070174
4,0.9,49.0,150,5,moderate,1.0,1178423705,17,2026,firm_0,ir_operational,1.0
4,0.9,49.0,150,5,moderate,1.0,1178423705,17,2026,firm_0,ir_accuracy,1.0
4,0.9,49.0,150,5,moderate,1.0,1178423705,17,2026,firm_1,phi_operational,191.3826955235018
4,0.9,49.0,150,5,moderate,1.0,1178423705,17,2026,firm_1,phi_accuracy,-0.00017250798219459185
4,0.9,49.0,150,5,moderate,1.0,1178423705,17,2026,firm_1,ir_operational,1.0
4,0.9,49.0,150,5,moderate,1.0,1178423705,17,2026,firm_1,ir_accuracy,0.0
4,0.9,49.0,150,5,moderate,1.0,1178423705,17,2026,firm_2,phi_operational,43.25429520791348
4,0.9,49.0,150,5,moderate,1.0,1178423705,17,2026,firm_2,phi_accuracy,-0.0019141639672581496
4,0.9,49.0,150,5,moderate,1.0,1178423705,17,2026,firm_2,ir_operational,1.0
4,0.9,49.0,150,5,moderate,1.0,1178423705,17,2026,firm_2,ir_accuracy,0.0
4,0.9,49.0,150,5,moderate,1.0,1178423705,17,2026,firm_3,phi_operational,94.63256048271576
4,0.9,49.0,150,5,moderate,1.0,1178423705,17,2026,firm_3,phi_accuracy,0.004557204558145678
4,0.9,49.0,150,5,moderate,1.0,1178423705,17,2026,firm_3,ir_operational,1.0
4,0.9,49.0,150,5,moderate,1.0,1178423705,17,2026,firm_3,ir_accuracy,1.0
4,0.9,49.0,150,5,moderate,1.0,1178423705,17,2026,_summary,v_op_N,375.4528282818419
4,0.9,49.0,150,5,moderate,1.0,1178423705,17,2026,_summary,v_acc_N,0.03651190185939468
4,0.9,49.0,150,5,moderate,1.0,1178423705,17,2026,_summary,spearman_rho,0.19999999999999996
4,0.9,49.0,150,5,moderate,1.0,1178423705,17,2026,_summary,payment_displacement,0.3824909485293426
4,0.9,49.0,150,5,moderate,1.0,1178423705,17,2026,_summary,any_rank_reversal,1.0
4,0.9,49.0,150,5,moderate,1.0,1178423705,17,2026,_summary,efficiency_gap_op,0.0
4,0.9,49.0,150,5,moderate,1.0,188313320,18,2026,firm_0,phi_operational,64.55851671858643
4,0.9,49.0,150,5,moderate,1.0,188313320,18,2026,firm_0,phi_accuracy,0.030821198038711434
4,0.9,49.0,150,5,moderate,1.0,188313320,18,2026,firm_0,ir_operational,1.0
4,0.9,49.0,150,5,moderate,1.0,188313320,18,2026,firm_0,ir_accuracy,1.0
4,0.9,49.0,150,5,moderate,1.0,188313320,18,2026,firm_1,phi_operational,119.44496709808095
4,0.9,49.0,150,5,moderate,1.0,188313320,18,2026,firm_1,phi_accuracy,0.03598609205309024
4,0.9,49.0,150,5,moderate,1.0,188313320,18,2026,firm_1,ir_operational,1.0
4,0.9,49.0,150,5,moderate,1.0,188313320,18,2026,firm_1,ir_accuracy,1.0
4,0.9,49.0,150,5,moderate,1.0,188313320,18,2026,firm_2,phi_operational,41.571864795689095
4,0.9,49.0,150,5,moderate,1.0,188313320,18,2026,firm_2,phi_accuracy,0.00190517462965654
4,0.9,49.0,150,5,moderate,1.0,188313320,18,2026,firm_2,ir_operational,1.0
4,0.9,49.0,150,5,moderate,1.0,188313320,18,2026,firm_2,ir_accuracy,1.0
4,0.9,49.0,150,5,moderate,1.0,188313320,18,2026,firm_3,phi_operational,67.93002246669607
4,0.9,49.0,150,5,moderate,1.0,188313320,18,2026,firm_3,phi_accuracy,0.006480176412659503
4,0.9,49.0,150,5,moderate,1.0,188313320,18,2026,firm_3,ir_operational,1.0
4,0.9,49.0,150,5,moderate,1.0,188313320,18,2026,firm_3,ir_accuracy,1.0
4,0.9,49.0,150,5,moderate,1.0,188313320,18,2026,_summary,v_op_N,293.50537107905257
4,0.9,49.0,150,5,moderate,1.0,188313320,18,2026,_summary,v_acc_N,0.07519264113411772
4,0.9,49.0,150,5,moderate,1.0,188313320,18,2026,_summary,spearman_rho,0.8
4,0.9,49.0,150,5,moderate,1.0,188313320,18,2026,_summary,payment_displacement,0.13078241873574556
4,0.9,49.0,150,5,moderate,1.0,188313320,18,2026,_summary,any_rank_reversal,1.0
4,0.9,49.0,150,5,moderate,1.0,188313320,18,2026,_summary,efficiency_gap_op,0.0
4,0.9,49.0,150,5,moderate,1.0,3700602146,19,2026,firm_0,phi_operational,143.62090901685193
4,0.9,49.0,150,5,moderate,1.0,3700602146,19,2026,firm_0,phi_accuracy,0.08233726198297427
4,0.9,49.0,150,5,moderate,1.0,3700602146,19,2026,firm_0,ir_operational,1.0
4,0.9,49.0,150,5,moderate,1.0,3700602146,19,2026,firm_0,ir_accuracy,1.0
4,0.9,49.0,150,5,moderate,1.0,3700602146,19,2026,firm_1,phi_operational,52.557099272376036
4,0.9,49.0,150,5,moderate,1.0,3700602146,19,2026,firm_1,phi_accuracy,0.032896445109241904
4,0.9,49.0,150,5,moderate,1.0,3700602146,19,2026,firm_1,ir_operational,1.0
4,0.9,49.0,150,5,moderate,1.0,3700602146,19,2026,firm_1,ir_accuracy,1.0
4,0.9,49.0,150,5,moderate,1.0,3700602146,19,2026,firm_2,phi_operational,117.29512316712255
4,0.9,49.0,150,5,moderate,1.0,3700602146,19,2026,firm_2,phi_accuracy,0.08523240525194462
4,0.9,49.0,150,5,moderate,1.0,3700602146,19,2026,firm_2,ir_operational,1.0
4,0.9,49.0,150,5,moderate,1.0,3700602146,19,2026,firm_2,ir_accuracy,1.0
4,0.9,49.0,150,5,moderate,1.0,3700602146,19,2026,firm_3,phi_operational,48.366066145717916
4,0.9,49.0,150,5,moderate,1.0,3700602146,19,2026,firm_3,phi_accuracy,0.028720352175114372
4,0.9,49.0,150,5,moderate,1.0,3700602146,19,2026,firm_3,ir_operational,1.0
4,0.9,49.0,150,5,moderate,1.0,3700602146,19,2026,firm_3,ir_accuracy,1.0
4,0.9,49.0,150,5,moderate,1.0,3700602146,19,2026,_summary,v_op_N,361.83919760206845
4,0.9,49.0,150,5,moderate,1.0,3700602146,19,2026,_summary,v_acc_N,0.22918646451927516
4,0.9,49.0,150,5,moderate,1.0,3700602146,19,2026,_summary,spearman_rho,0.8
4,0.9,49.0,150,5,moderate,1.0,3700602146,19,2026,_summary,payment_displacement,0.02386371123130454
4,0.9,49.0,150,5,moderate,1.0,3700602146,19,2026,_summary,any_rank_reversal,1.0
4,0.9,49.0,150,5,moderate,1.0,3700602146,19,2026,_summary,efficiency_gap_op,0.0
4,0.9,49.0,150,5,moderate,1.0,1099612007,20,2026,firm_0,phi_operational,114.4557666316681
4,0.9,49.0,150,5,moderate,1.0,1099612007,20,2026,firm_0,phi_accuracy,0.0059925409863916075
4,0.9,49.0,150,5,moderate,1.0,1099612007,20,2026,firm_0,ir_operational,1.0
4,0.9,49.0,150,5,moderate,1.0,1099612007,20,2026,firm_0,ir_accuracy,1.0
4,0.9,49.0,150,5,moderate,1.0,1099612007,20,2026,firm_1,phi_operational,53.6718350665415
4,0.9,49.0,150,5,moderate,1.0,1099612007,20,2026,firm_1,phi_accuracy,0.017372295923119802
4,0.9,49.0,150,5,moderate,1.0,1099612007,20,2026,firm_1,ir_operational,1.0
4,0.9,49.0,150,5,moderate,1.0,1099612007,20,2026,firm_1,ir_accuracy,1.0
4,0.9,49.0,150,5,moderate,1.0,1099612007,20,2026,firm_2,phi_operational,102.82467052854125
4,0.9,49.0,150,5,moderate,1.0,1099612007,20,2026,firm_2,phi_accuracy,-0.06537702579329044
4,0.9,49.0,150,5,moderate,1.0,1099612007,20,2026,firm_2,ir_operational,1.0
4,0.9,49.0,150,5,moderate,1.0,1099612007,20,2026,firm_2,ir_accuracy,0.0
4,0.9,49.0,150,5,moderate,1.0,1099612007,20,2026,firm_3,phi_operational,11.709243629844233
4,0.9,49.0,150,5,moderate,1.0,1099612007,20,2026,firm_3,phi_accuracy,0.03270880634745702
4,0.9,49.0,150,5,moderate,1.0,1099612007,20,2026,firm_3,ir_operational,1.0
4,0.9,49.0,150,5,moderate,1.0,1099612007,20,2026,firm_3,ir_accuracy,1.0
4,0.9,49.0,150,5,moderate,1.0,1099612007,20,2026,_summary,v_op_N,282.6615158565951
4,0.9,49.0,150,5,moderate,1.0,1099612007,20,2026,_summary,v_acc_N,-0.009303382536322014
4,0.9,49.0,150,5,moderate,1.0,1099612007,20,2026,_summary,spearman_rho,-0.8
4,0.9,49.0,150,5,moderate,1.0,1099612007,20,2026,_summary,payment_displacement,0.3830968699277385
4,0.9,49.0,150,5,moderate,1.0,1099612007,20,2026,_summary,any_rank_reversal,1.0
4,0.9,49.0,150,5,moderate,1.0,1099612007,20,2026,_summary,efficiency_gap_op,0.0
4,0.9,49.0,150,5,moderate,1.0,3014420087,21,2026,firm_0,phi_operational,104.54760336139493
4,0.9,49.0,150,5,moderate,1.0,3014420087,21,2026,firm_0,phi_accuracy,-0.027588791984764105
4,0.9,49.0,150,5,moderate,1.0,3014420087,21,2026,firm_0,ir_operational,1.0
4,0.9,49.0,150,5,moderate,1.0,3014420087,21,2026,firm_0,ir_accuracy,0.0
4,0.9,49.0,150,5,moderate,1.0,3014420087,21,2026,firm_1,phi_operational,157.48290735922706
4,0.9,49.0,150,5,moderate,1.0,3014420087,21,2026,firm_1,phi_accuracy,-0.062085011250786824
4,0.9,49.0,150,5,moderate,1.0,3014420087,21,2026,firm_1,ir_operational,1.0
4,0.9,49.0,150,5,moderate,1.0,3014420087,21,2026,firm_1,ir_accuracy,0.0
4,0.9,49.0,150,5,moderate,1.0,3014420087,21,2026,firm_2,phi_operational,71.4566742462969
4,0.9,49.0,150,5,moderate,1.0,3014420087,21,2026,firm_2,phi_accuracy,-0.005235183627186242
4,0.9,49.0,150,5,moderate,1.0,3014420087,21,2026,firm_2,ir_operational,1.0
4,0.9,49.0,150,5,moderate,1.0,3014420087,21,2026,firm_2,ir_accuracy,0.0
4,0.9,49.0,150,5,moderate,1.0,3014420087,21,2026,firm_3,phi_operational,62.75094170084318
4,0.9,49.0,150,5,moderate,1.0,3014420087,21,2026,firm_3,phi_accuracy,-0.01900415250751721
4,0.9,49.0,150,5,moderate,1.0,3014420087,21,2026,firm_3,ir_operational,1.0
4,0.9,49.0,150,5,moderate,1.0,3014420087,21,2026,firm_3,ir_accuracy,0.0
4,0.9,49.0,150,5,moderate,1.0,3014420087,21,2026,_summary,v_op_N,396.2381266677621
4,0.9,49.0,150,5,moderate,1.0,3014420087,21,2026,_summary,v_acc_N,-0.11391313937025438
4,0.9,49.0,150,5,moderate,1.0,3014420087,21,2026,_summary,spearman_rho,-0.8
4,0.9,49.0,150,5,moderate,1.0,3014420087,21,2026,_summary,payment_displacement,0.4999999999978047
4,0.9,49.0,150,5,moderate,1.0,3014420087,21,2026,_summary,any_rank_reversal,1.0
4,0.9,49.0,150,5,moderate,1.0,3014420087,21,2026,_summary,efficiency_gap_op,5.684341886080802e-14
4,0.9,49.0,150,5,moderate,1.0,1930927605,22,2026,firm_0,phi_operational,37.71972846554289
4,0.9,49.0,150,5,moderate,1.0,1930927605,22,2026,firm_0,phi_accuracy,0.0001665107685993411
4,0.9,49.0,150,5,moderate,1.0,1930927605,22,2026,firm_0,ir_operational,1.0
4,0.9,49.0,150,5,moderate,1.0,1930927605,22,2026,firm_0,ir_accuracy,1.0
4,0.9,49.0,150,5,moderate,1.0,1930927605,22,2026,firm_1,phi_operational,40.88679835225673
4,0.9,49.0,150,5,moderate,1.0,1930927605,22,2026,firm_1,phi_accuracy,0.002696991245069206
4,0.9,49.0,150,5,moderate,1.0,1930927605,22,2026,firm_1,ir_operational,1.0
4,0.9,49.0,150,5,moderate,1.0,1930927605,22,2026,firm_1,ir_accuracy,1.0
4,0.9,49.0,150,5,moderate,1.0,1930927605,22,2026,firm_2,phi_operational,67.6279184850869
4,0.9,49.0,150,5,moderate,1.0,1930927605,22,2026,firm_2,phi_accuracy,-0.013490180429510518
4,0.9,49.0,150,5,moderate,1.0,1930927605,22,2026,firm_2,ir_operational,1.0
4,0.9,49.0,150,5,moderate,1.0,1930927605,22,2026,firm_2,ir_accuracy,0.0
4,0.9,49.0,150,5,moderate,1.0,1930927605,22,2026,firm_3,phi_operational,54.934297604763096
4,0.9,49.0,150,5,moderate,1.0,1930927605,22,2026,firm_3,phi_accuracy,0.0174435413022338
4,0.9,49.0,150,5,moderate,1.0,1930927605,22,2026,firm_3,ir_operational,1.0
4,0.9,49.0,150,5,moderate,1.0,1930927605,22,2026,firm_3,ir_accuracy,1.0
4,0.9,49.0,150,5,moderate,1.0,1930927605,22,2026,_summary,v_op_N,201.16874290764963
4,0.9,49.0,150,5,moderate,1.0,1930927605,22,2026,_summary,v_acc_N,0.006816862886391828
4,0.9,49.0,150,5,moderate,1.0,1930927605,22,2026,_summary,spearman_rho,-0.19999999999999996
4,0.9,49.0,150,5,moderate,1.0,1930927605,22,2026,_summary,payment_displacement,0.3210991673931588
4,0.9,49.0,150,5,moderate,1.0,1930927605,22,2026,_summary,any_rank_reversal,1.0
4,0.9,49.0,150,5,moderate,1.0,1930927605,22,2026,_summary,efficiency_gap_op,0.0
4,0.9,49.0,150,5,moderate,1.0,2627987777,23,2026,firm_0,phi_operational,121.35024003685508
4,0.9,49.0,150,5,moderate,1.0,2627987777,23,2026,firm_0,phi_accuracy,0.05732329027411516
4,0.9,49.0,150,5,moderate,1.0,2627987777,23,2026,firm_0,ir_operational,1.0
4,0.9,49.0,150,5,moderate,1.0,2627987777,23,2026,firm_0,ir_accuracy,1.0
4,0.9,49.0,150,5,moderate,1.0,2627987777,23,2026,firm_1,phi_operational,96.77422749927453
4,0.9,49.0,150,5,moderate,1.0,2627987777,23,2026,firm_1,phi_accuracy,0.03679883979740828
4,0.9,49.0,150,5,moderate,1.0,2627987777,23,2026,firm_1,ir_operational,1.0
4,0.9,49.0,150,5,moderate,1.0,2627987777,23,2026,firm_1,ir_accuracy,1.0
4,0.9,49.0,150,5,moderate,1.0,2627987777,23,2026,firm_2,phi_operational,57.82057427374529
4,0.9,49.0,150,5,moderate,1.0,2627987777,23,2026,firm_2,phi_accuracy,-0.02120113100481339
4,0.9,49.0,150,5,moderate,1.0,2627987777,23,2026,firm_2,ir_operational,1.0
4,0.9,49.0,150,5,moderate,1.0,2627987777,23,2026,firm_2,ir_accuracy,0.0
4,0.9,49.0,150,5,moderate,1.0,2627987777,23,2026,firm_3,phi_operational,51.69749724454463
4,0.9,49.0,150,5,moderate,1.0,2627987777,23,2026,firm_3,phi_accuracy,0.03815557264420118
4,0.9,49.0,150,5,moderate,1.0,2627987777,23,2026,firm_3,ir_operational,1.0
4,0.9,49.0,150,5,moderate,1.0,2627987777,23,2026,firm_3,ir_accuracy,1.0
4,0.9,49.0,150,5,moderate,1.0,2627987777,23,2026,_summary,v_op_N,327.64253905441956
4,0.9,49.0,150,5,moderate,1.0,2627987777,23,2026,_summary,v_acc_N,0.11107657171091123
4,0.9,49.0,150,5,moderate,1.0,2627987777,23,2026,_summary,spearman_rho,0.4
4,0.9,49.0,150,5,moderate,1.0,2627987777,23,2026,_summary,payment_displacement,0.11603745941495039
4,0.9,49.0,150,5,moderate,1.0,2627987777,23,2026,_summary,any_rank_reversal,1.0
4,0.9,49.0,150,5,moderate,1.0,2627987777,23,2026,_summary,efficiency_gap_op,0.0
4,0.9,49.0,150,5,moderate,1.0,1695848532,24,2026,firm_0,phi_operational,214.7579708388103
4,0.9,49.0,150,5,moderate,1.0,1695848532,24,2026,firm_0,phi_accuracy,0.003856874514049276
4,0.9,49.0,150,5,moderate,1.0,1695848532,24,2026,firm_0,ir_operational,1.0
4,0.9,49.0,150,5,moderate,1.0,1695848532,24,2026,firm_0,ir_accuracy,1.0
4,0.9,49.0,150,5,moderate,1.0,1695848532,24,2026,firm_1,phi_operational,127.34898067710832
4,0.9,49.0,150,5,moderate,1.0,1695848532,24,2026,firm_1,phi_accuracy,0.005858953493532455
4,0.9,49.0,150,5,moderate,1.0,1695848532,24,2026,firm_1,ir_operational,1.0
4,0.9,49.0,150,5,moderate,1.0,1695848532,24,2026,firm_1,ir_accuracy,1.0
4,0.9,49.0,150,5,moderate,1.0,1695848532,24,2026,firm_2,phi_operational,120.61897562965069
4,0.9,49.0,150,5,moderate,1.0,1695848532,24,2026,firm_2,phi_accuracy,0.06107168695730765
4,0.9,49.0,150,5,moderate,1.0,1695848532,24,2026,firm_2,ir_operational,1.0
4,0.9,49.0,150,5,moderate,1.0,1695848532,24,2026,firm_2,ir_accuracy,1.0
4,0.9,49.0,150,5,moderate,1.0,1695848532,24,2026,firm_3,phi_operational,90.32489848114551
4,0.9,49.0,150,5,moderate,1.0,1695848532,24,2026,firm_3,phi_accuracy,0.02621609607903569
4,0.9,49.0,150,5,moderate,1.0,1695848532,24,2026,firm_3,ir_operational,1.0
4,0.9,49.0,150,5,moderate,1.0,1695848532,24,2026,firm_3,ir_accuracy,1.0
4,0.9,49.0,150,5,moderate,1.0,1695848532,24,2026,_summary,v_op_N,553.0508256267149
4,0.9,49.0,150,5,moderate,1.0,1695848532,24,2026,_summary,v_acc_N,0.09700361104392508
4,0.9,49.0,150,5,moderate,1.0,1695848532,24,2026,_summary,spearman_rho,-0.8
4,0.9,49.0,150,5,moderate,1.0,1695848532,24,2026,_summary,payment_displacement,0.2592109744263779
4,0.9,49.0,150,5,moderate,1.0,1695848532,24,2026,_summary,any_rank_reversal,1.0
4,0.9,49.0,150,5,moderate,1.0,1695848532,24,2026,_summary,efficiency_gap_op,0.0
4,0.9,49.0,150,5,moderate,1.0,1497660476,25,2026,firm_0,phi_operational,142.44821828616392
4,0.9,49.0,150,5,moderate,1.0,1497660476,25,2026,firm_0,phi_accuracy,-0.015300232419935205
4,0.9,49.0,150,5,moderate,1.0,1497660476,25,2026,firm_0,ir_operational,1.0
4,0.9,49.0,150,5,moderate,1.0,1497660476,25,2026,firm_0,ir_accuracy,0.0
4,0.9,49.0,150,5,moderate,1.0,1497660476,25,2026,firm_1,phi_operational,102.85042553402741
4,0.9,49.0,150,5,moderate,1.0,1497660476,25,2026,firm_1,phi_accuracy,0.0016509509447097579
4,0.9,49.0,150,5,moderate,1.0,1497660476,25,2026,firm_1,ir_operational,1.0
4,0.9,49.0,150,5,moderate,1.0,1497660476,25,2026,firm_1,ir_accuracy,1.0
4,0.9,49.0,150,5,moderate,1.0,1497660476,25,2026,firm_2,phi_operational,293.31000855725404
4,0.9,49.0,150,5,moderate,1.0,1497660476,25,2026,firm_2,phi_accuracy,0.03478459132869301
4,0.9,49.0,150,5,moderate,1.0,1497660476,25,2026,firm_2,ir_operational,1.0
4,0.9,49.0,150,5,moderate,1.0,1497660476,25,2026,firm_2,ir_accuracy,1.0
4,0.9,49.0,150,5,moderate,1.0,1497660476,25,2026,firm_3,phi_operational,128.48344778078695
4,0.9,49.0,150,5,moderate,1.0,1497660476,25,2026,firm_3,phi_accuracy,0.03559670321483821
4,0.9,49.0,150,5,moderate,1.0,1497660476,25,2026,firm_3,ir_operational,1.0
4,0.9,49.0,150,5,moderate,1.0,1497660476,25,2026,firm_3,ir_accuracy,1.0
4,0.9,49.0,150,5,moderate,1.0,1497660476,25,2026,_summary,v_op_N,667.0921001582324
4,0.9,49.0,150,5,moderate,1.0,1497660476,25,2026,_summary,v_acc_N,0.056732013068305776
4,0.9,49.0,150,5,moderate,1.0,1497660476,25,2026,_summary,spearman_rho,0.0
4,0.9,49.0,150,5,moderate,1.0,1497660476,25,2026,_summary,payment_displacement,0.19509639264101808
4,0.9,49.0,150,5,moderate,1.0,1497660476,25,2026,_summary,any_rank_reversal,1.0
4,0.9,49.0,150,5,moderate,1.0,1497660476,25,2026,_summary,efficiency_gap_op,0.0
4,0.9,49.0,150,5,moderate,1.0,2608466750,26,2026,firm_0,phi_operational,81.07372417038785
4,0.9,49.0,150,5,moderate,1.0,2608466750,26,2026,firm_0,phi_accuracy,0.024203048805743716
4,0.9,49.0,150,5,moderate,1.0,2608466750,26,2026,firm_0,ir_operational,1.0
4,0.9,49.0,150,5,moderate,1.0,2608466750,26,2026,firm_0,ir_accuracy,1.0
4,0.9,49.0,150,5,moderate,1.0,2608466750,26,2026,firm_1,phi_operational,43.748045951723654
4,0.9,49.0,150,5,moderate,1.0,2608466750,26,2026,firm_1,phi_accuracy,0.007241573746436266
4,0.9,49.0,150,5,moderate,1.0,2608466750,26,2026,firm_1,ir_operational,1.0
4,0.9,49.0,150,5,moderate,1.0,2608466750,26,2026,firm_1,ir_accuracy,1.0
4,0.9,49.0,150,5,moderate,1.0,2608466750,26,2026,firm_2,phi_operational,80.94907528022782
4,0.9,49.0,150,5,moderate,1.0,2608466750,26,2026,firm_2,phi_accuracy,0.04851130060224318
4,0.9,49.0,150,5,moderate,1.0,2608466750,26,2026,firm_2,ir_operational,1.0
4,0.9,49.0,150,5,moderate,1.0,2608466750,26,2026,firm_2,ir_accuracy,1.0
4,0.9,49.0,150,5,moderate,1.0,2608466750,26,2026,firm_3,phi_operational,88.99855249387724
4,0.9,49.0,150,5,moderate,1.0,2608466750,26,2026,firm_3,phi_accuracy,0.009404070289612727
4,0.9,49.0,150,5,moderate,1.0,2608466750,26,2026,firm_3,ir_operational,1.0
4,0.9,49.0,150,5,moderate,1.0,2608466750,26,2026,firm_3,ir_accuracy,1.0
4,0.9,49.0,150,5,moderate,1.0,2608466750,26,2026,_summary,v_op_N,294.76939789621656
4,0.9,49.0,150,5,moderate,1.0,2608466750,26,2026,_summary,v_acc_N,0.08935999344403589
4,0.9,49.0,150,5,moderate,1.0,2608466750,26,2026,_summary,spearman_rho,0.19999999999999996
4,0.9,49.0,150,5,moderate,1.0,2608466750,26,2026,_summary,payment_displacement,0.13412830997208514
4,0.9,49.0,150,5,moderate,1.0,2608466750,26,2026,_summary,any_rank_reversal,1.0
4,0.9,49.0,150,5,moderate,1.0,2608466750,26,2026,_summary,efficiency_gap_op,0.0
4,0.9,49.0,150,5,moderate,1.0,562798375,27,2026,firm_0,phi_operational,160.30281074298256
4,0.9,49.0,150,5,moderate,1.0,562798375,27,2026,firm_0,phi_accuracy,-0.001192478701152985
4,0.9,49.0,150,5,moderate,1.0,562798375,27,2026,firm_0,ir_operational,1.0
4,0.9,49.0,150,5,moderate,1.0,562798375,27,2026,firm_0,ir_accuracy,0.0
4,0.9,49.0,150,5,moderate,1.0,562798375,27,2026,firm_1,phi_operational,219.73993040957788
4,0.9,49.0,150,5,moderate,1.0,562798375,27,2026,firm_1,phi_accuracy,0.07647760831127462
4,0.9,49.0,150,5,moderate,1.0,562798375,27,2026,firm_1,ir_operational,1.0
4,0.9,49.0,150,5,moderate,1.0,562798375,27,2026,firm_1,ir_accuracy,1.0
4,0.9,49.0,150,5,moderate,1.0,562798375,27,2026,firm_2,phi_operational,302.7280421103601
4,0.9,49.0,150,5,moderate,1.0,562798375,27,2026,firm_2,phi_accuracy,0.15452386734482249
4,0.9,49.0,150,5,moderate,1.0,562798375,27,2026,firm_2,ir_operational,1.0
4,0.9,49.0,150,5,moderate,1.0,562798375,27,2026,firm_2,ir_accuracy,1.0
4,0.9,49.0,150,5,moderate,1.0,562798375,27,2026,firm_3,phi_operational,206.7819138675615
4,0.9,49.0,150,5,moderate,1.0,562798375,27,2026,firm_3,phi_accuracy,0.046777652297106426
4,0.9,49.0,150,5,moderate,1.0,562798375,27,2026,firm_3,ir_operational,1.0
4,0.9,49.0,150,5,moderate,1.0,562798375,27,2026,firm_3,ir_accuracy,1.0
4,0.9,49.0,150,5,moderate,1.0,562798375,27,2026,_summary,v_op_N,889.5526971304821
4,0.9,49.0,150,5,moderate,1.0,562798375,27,2026,_summary,v_acc_N,0.27658664925205056
4,0.9,49.0,150,5,moderate,1.0,562798375,27,2026,_summary,spearman_rho,1.0
4,0.9,49.0,150,5,moderate,1.0,562798375,27,2026,_summary,payment_displacement,0.12249162250241147
4,0.9,49.0,150,5,moderate,1.0,562798375,27,2026,_summary,any_rank_reversal,0.0
4,0.9,49.0,150,5,moderate,1.0,562798375,27,2026,_summary,efficiency_gap_op,0.0
4,0.9,49.0,150,5,moderate,1.0,1139031463,28,2026,firm_0,phi_operational,34.100388839384394
4,0.9,49.0,150,5,moderate,1.0,1139031463,28,2026,firm_0,phi_accuracy,0.051073555516476146
4,0.9,49.0,150,5,moderate,1.0,1139031463,28,2026,firm_0,ir_operational,1.0
4,0.9,49.0,150,5,moderate,1.0,1139031463,28,2026,firm_0,ir_accuracy,1.0
4,0.9,49.0,150,5,moderate,1.0,1139031463,28,2026,firm_1,phi_operational,49.49064079766056
4,0.9,49.0,150,5,moderate,1.0,1139031463,28,2026,firm_1,phi_accuracy,0.04788374914563927
4,0.9,49.0,150,5,moderate,1.0,1139031463,28,2026,firm_1,ir_operational,1.0
4,0.9,49.0,150,5,moderate,1.0,1139031463,28,2026,firm_1,ir_accuracy,1.0
4,0.9,49.0,150,5,moderate,1.0,1139031463,28,2026,firm_2,phi_operational,103.1670255807584
4,0.9,49.0,150,5,moderate,1.0,1139031463,28,2026,firm_2,phi_accuracy,0.024107418183461814
4,0.9,49.0,150,5,moderate,1.0,1139031463,28,2026,firm_2,ir_operational,1.0
4,0.9,49.0,150,5,moderate,1.0,1139031463,28,2026,firm_2,ir_accuracy,1.0
4,0.9,49.0,150,5,moderate,1.0,1139031463,28,2026,firm_3,phi_operational,90.42702922426261
4,0.9,49.0,150,5,moderate,1.0,1139031463,28,2026,firm_3,phi_accuracy,0.02781022958508128
4,0.9,49.0,150,5,moderate,1.0,1139031463,28,2026,firm_3,ir_operational,1.0
4,0.9,49.0,150,5,moderate,1.0,1139031463,28,2026,firm_3,ir_accuracy,1.0
4,0.9,49.0,150,5,moderate,1.0,1139031463,28,2026,_summary,v_op_N,277.185084442066
4,0.9,49.0,150,5,moderate,1.0,1139031463,28,2026,_summary,v_acc_N,0.15087495243065852
4,0.9,49.0,150,5,moderate,1.0,1139031463,28,2026,_summary,spearman_rho,-1.0
4,0.9,49.0,150,5,moderate,1.0,1139031463,28,2026,_summary,payment_displacement,0.1771591910744027
4,0.9,49.0,150,5,moderate,1.0,1139031463,28,2026,_summary,any_rank_reversal,1.0
4,0.9,49.0,150,5,moderate,1.0,1139031463,28,2026,_summary,efficiency_gap_op,0.0
4,0.9,49.0,150,5,moderate,1.0,3512376073,29,2026,firm_0,phi_operational,84.80434486944384
4,0.9,49.0,150,5,moderate,1.0,3512376073,29,2026,firm_0,phi_accuracy,0.004457253588901644
4,0.9,49.0,150,5,moderate,1.0,3512376073,29,2026,firm_0,ir_operational,1.0
4,0.9,49.0,150,5,moderate,1.0,3512376073,29,2026,firm_0,ir_accuracy,1.0
4,0.9,49.0,150,5,moderate,1.0,3512376073,29,2026,firm_1,phi_operational,195.09776882273044
4,0.9,49.0,150,5,moderate,1.0,3512376073,29,2026,firm_1,phi_accuracy,-0.033186930652057224
4,0.9,49.0,150,5,moderate,1.0,3512376073,29,2026,firm_1,ir_operational,1.0
4,0.9,49.0,150,5,moderate,1.0,3512376073,29,2026,firm_1,ir_accuracy,0.0
4,0.9,49.0,150,5,moderate,1.0,3512376073,29,2026,firm_2,phi_operational,91.952349330826
4,0.9,49.0,150,5,moderate,1.0,3512376073,29,2026,firm_2,phi_accuracy,-0.02194638487825397
4,0.9,49.0,150,5,moderate,1.0,3512376073,29,2026,firm_2,ir_operational,1.0
4,0.9,49.0,150,5,moderate,1.0,3512376073,29,2026,firm_2,ir_accuracy,0.0
4,0.9,49.0,150,5,moderate,1.0,3512376073,29,2026,firm_3,phi_operational,58.26421628576194
4,0.9,49.0,150,5,moderate,1.0,3512376073,29,2026,firm_3,phi_accuracy,-0.02210024392573534
4,0.9,49.0,150,5,moderate,1.0,3512376073,29,2026,firm_3,ir_operational,1.0
4,0.9,49.0,150,5,moderate,1.0,3512376073,29,2026,firm_3,ir_accuracy,0.0
4,0.9,49.0,150,5,moderate,1.0,3512376073,29,2026,_summary,v_op_N,430.11867930876224
4,0.9,49.0,150,5,moderate,1.0,3512376073,29,2026,_summary,v_acc_N,-0.0727763058671449
4,0.9,49.0,150,5,moderate,1.0,3512376073,29,2026,_summary,spearman_rho,-0.3999999999999999
4,0.9,49.0,150,5,moderate,1.0,3512376073,29,2026,_summary,payment_displacement,0.47271875855309026
4,0.9,49.0,150,5,moderate,1.0,3512376073,29,2026,_summary,any_rank_reversal,1.0
4,0.9,49.0,150,5,moderate,1.0,3512376073,29,2026,_summary,efficiency_gap_op,0.0
