seed,n,alpha,kappa,rho,top1_dis,rank_changed,D_phi,vN_res,pos_both,path
20000,4,0.0,1.0,1.0,0,0,1.0755285551056204e-16,0.8736886923158727,1,k1_to_k10
20000,4,0.05,1.045375406645815,1.0,0,0,0.010003314285602291,0.8417061195141271,1,k1_to_k10
20000,4,0.1,1.093368148339026,1.0,0,0,0.020796853157600867,0.8097235467123813,1,k1_to_k10
20000,4,0.15000000000000002,1.144211409207394,1.0,0,0,0.03247810440259275,0.7777409739106357,1,k1_to_k10
20000,4,0.2,1.198166921017397,1.0,0,0,0.045161279240541544,0.7457584011088901,1,k1_to_k10
20000,4,0.25,1.2555294697972417,1.0,0,0,0.0589810590082875,0.7137758283071445,1,k1_to_k10
20000,4,0.30000000000000004,1.3166322840089033,1.0,0,0,0.07409739637309687,0.6817932555053987,1,k1_to_k10
20000,4,0.35000000000000003,1.3818535122308548,1.0,0,0,0.09070173439143267,0.649810682703653,1,k1_to_k10
20000,4,0.4,1.4516240563362022,1.0,0,0,0.10902515718750849,0.6178281099019075,1,k1_to_k10
20000,4,0.45,1.5264371030446062,1.0,0,0,0.1293492104106881,0.585845537100162,1,k1_to_k10
20000,4,0.5,1.6068597995655407,1.0,0,0,0.1520204706281475,0.5538629642984163,1,k1_to_k10
20000,4,0.55,1.6935476579412068,1.0,0,0,0.17747047188369314,0.5218803914966706,1,k1_to_k10
20000,4,0.6000000000000001,1.787262462251584,1.0,0,0,0.2062434375897782,0.4898978186949251,1,k1_to_k10
20000,4,0.65,1.8888947144629984,1.0,0,0,0.23903563383544507,0.45791524589317945,1,k1_to_k10
20000,4,0.7000000000000001,1.9994920201696504,1.0,0,0,0.2767524525391364,0.4259326730914336,1,k1_to_k10
20000,4,0.75,2.120295332711172,1.0,0,0,0.32059330014473164,0.39395010028968813,1,k1_to_k10
20000,4,0.8,2.2527857165609957,1.0,0,0,0.3721814896733278,0.3619675274879426,1,k1_to_k10
20000,4,0.8500000000000001,2.398745372930671,1.0,0,0,0.4337696686188818,0.3299849546861968,1,k1_to_k10
20000,4,0.9,2.5603382741120124,1.0,0,0,0.5085775299333966,0.29800238188445116,1,k1_to_k10
20000,4,0.9500000000000001,2.7402181732802116,1.0,0,0,0.6013731334306031,0.26601980908270567,1,k1_to_k10
20000,4,1.0,2.941675483095849,1.0,0,0,0.7195308732416099,0.23403723628096,1,k1_to_k10
20001,4,0.0,1.0,1.0,0,0,1.5916087892087205e-16,0.6261142211450826,1,k1_to_k10
20001,4,0.05,1.045375406645815,1.0,0,0,0.0006919449834568562,0.6136996682504178,1,k1_to_k10
20001,4,0.1,1.093368148339026,1.0,0,0,0.0014124627267507683,0.6012851153557526,1,k1_to_k10
20001,4,0.15000000000000002,1.144211409207394,1.0,0,0,0.002163360340277192,0.5888705624610875,1,k1_to_k10
20001,4,0.2,1.198166921017397,1.0,0,0,0.002946600606102917,0.5764560095664225,1,k1_to_k10
20001,4,0.25,1.2555294697972417,1.0,0,0,0.003764319109633526,0.5640414566717574,1,k1_to_k10
20001,4,0.30000000000000004,1.3166322840089033,1.0,0,0,0.0046188436846068635,0.5516269037770923,1,k1_to_k10
20001,4,0.35000000000000003,1.3818535122308548,1.0,0,0,0.005512716544234412,0.5392123508824272,1,k1_to_k10
20001,4,0.4,1.4516240563362022,1.0,0,0,0.006448719541608689,0.5267977979877623,1,k1_to_k10
20001,4,0.45,1.5264371030446062,1.0,0,0,0.007429903088043612,0.5143832450930973,1,k1_to_k10
20001,4,0.5,1.6068597995655407,1.0,0,0,0.00845961936261856,0.5019686921984321,1,k1_to_k10
20001,4,0.55,1.6935476579412068,1.0,0,0,0.009541560574665573,0.48955413930376707,1,k1_to_k10
20001,4,0.6000000000000001,1.787262462251584,1.0,0,0,0.010679803199500227,0.47713958640910203,1,k1_to_k10
20001,4,0.65,1.8888947144629984,1.0,0,0,0.011878859304366812,0.464725033514437,1,k1_to_k10
20001,4,0.7000000000000001,1.9994920201696504,1.0,0,0,0.013143736326834757,0.45231048061977186,1,k1_to_k10
20001,4,0.75,2.120295332711172,1.0,0,0,0.014480006975435446,0.43989592772510694,1,k1_to_k10
20001,4,0.8,2.2527857165609957,1.0,0,0,0.015893891310270865,0.4274813748304419,1,k1_to_k10
20001,4,0.8500000000000001,2.398745372930671,1.0,0,0,0.01739235355369411,0.41506682193577676,1,k1_to_k10
20001,4,0.9,2.5603382741120124,1.0,0,0,0.018983216810159777,0.40265226904111173,1,k1_to_k10
20001,4,0.9500000000000001,2.7402181732802116,1.0,0,0,0.020675299683430418,0.39023771614644676,1,k1_to_k10
20001,4,1.0,2.941675483095849,1.0,0,0,0.022478579827676093,0.3778231632517816,1,k1_to_k10
20002,4,0.0,1.0,1.0,0,0,7.632783294297951e-17,1.2146593014989646,1,k1_to_k10
20002,4,0.05,1.045375406645815,1.0,0,0,0.0025154162347653317,1.1858731094939374,1,k1_to_k10
20002,4,0.1,1.093368148339026,1.0,0,0,0.005155990318283558,1.1570869174889102,1,k1_to_k10
20002,4,0.15000000000000002,1.144211409207394,1.0,0,0,0.007931301659085843,1.128300725483883,1,k1_to_k10
20002,4,0.2,1.198166921017397,1.0,0,0,0.010851932852782298,1.099514533478856,1,k1_to_k10
20002,4,0.25,1.2555294697972417,1.0,0,0,0.013929604533894802,1.070728341473829,1,k1_to_k10
20002,4,0.30000000000000004,1.3166322840089033,1.0,0,0,0.01717733258135371,1.0419421494688015,1,k1_to_k10
20002,4,0.35000000000000003,1.3818535122308548,0.7999999999999999,0,1,0.020609612123507162,1.0131559574637745,1,k1_to_k10
20002,4,0.4,1.4516240563362022,0.7999999999999999,0,1,0.024242633828580065,0.9843697654587475,1,k1_to_k10
20002,4,0.45,1.5264371030446062,0.7999999999999999,0,1,0.028094539288597876,0.9555835734537205,1,k1_to_k10
20002,4,0.5,1.6068597995655407,0.7999999999999999,0,1,0.03218572399643571,0.9267973814486932,1,k1_to_k10
20002,4,0.55,1.6935476579412068,0.7999999999999999,0,1,0.03653919859534015,0.8980111894436662,1,k1_to_k10
20002,4,0.6000000000000001,1.787262462251584,0.7999999999999999,0,1,0.04118102190962289,0.8692249974386391,1,k1_to_k10
20002,4,0.65,1.8888947144629984,0.7999999999999999,0,1,0.04614082296675719,0.8404388054336118,1,k1_to_k10
20002,4,0.7000000000000001,1.9994920201696504,0.7999999999999999,0,1,0.05145243410415307,0.8116526134285846,1,k1_to_k10
20002,4,0.75,2.120295332711172,0.7999999999999999,0,1,0.0571546637528885,0.7828664214235576,1,k1_to_k10
20002,4,0.8,2.2527857165609957,0.7999999999999999,0,1,0.06329224622250848,0.7540802294185307,1,k1_to_k10
20002,4,0.8500000000000001,2.398745372930671,0.7999999999999999,0,1,0.06991701766185224,0.7252940374135035,1,k1_to_k10
20002,4,0.9,2.5603382741120124,0.7999999999999999,0,1,0.07708938362981331,0.6965078454084763,1,k1_to_k10
20002,4,0.9500000000000001,2.7402181732802116,0.7999999999999999,0,1,0.08488016627733438,0.6677216534034491,1,k1_to_k10
20002,4,1.0,2.941675483095849,0.7999999999999999,0,1,0.09337295085998097,0.6389354613984222,1,k1_to_k10
20003,4,0.0,1.0,1.0,0,0,2.0816681711721685e-17,0.9180342289394585,1,k1_to_k10
20003,4,0.05,1.045375406645815,1.0,0,0,0.0012320264399726596,0.8940603122539356,1,k1_to_k10
20003,4,0.1,1.093368148339026,1.0,0,0,0.0025319461360096725,0.8700863955684124,1,k1_to_k10
20003,4,0.15000000000000002,1.144211409207394,1.0,0,0,0.0039055301905533066,0.8461124788828893,1,k1_to_k10
20003,4,0.2,1.198166921017397,1.0,0,0,0.0053592228574365075,0.8221385621973665,1,k1_to_k10
20003,4,0.25,1.2555294697972417,1.0,0,0,0.00690024263678491,0.7981646455118434,1,k1_to_k10
20003,4,0.30000000000000004,1.3166322840089033,1.0,0,0,0.00853670215320397,0.7741907288263202,1,k1_to_k10
20003,4,0.35000000000000003,1.3818535122308548,1.0,0,0,0.010277751018917633,0.7502168121407972,1,k1_to_k10
20003,4,0.4,1.4516240563362022,1.0,0,0,0.012133746993135283,0.7262428954552742,1,k1_to_k10
20003,4,0.45,1.5264371030446062,1.0,0,0,0.01411646219944112,0.7022689787697513,1,k1_to_k10
20003,4,0.5,1.6068597995655407,1.0,0,0,0.01623933307493613,0.6782950620842281,1,k1_to_k10
20003,4,0.55,1.6935476579412068,0.7999999999999999,0,1,0.01851776526725909,0.654321145398705,1,k1_to_k10
20003,4,0.6000000000000001,1.787262462251584,0.7999999999999999,0,1,0.02096950810826649,0.6303472287131822,1,k1_to_k10
20003,4,0.65,1.8888947144629984,0.7999999999999999,0,1,0.02361511792012746,0.6063733120276591,1,k1_to_k10
20003,4,0.7000000000000001,1.9994920201696504,0.7999999999999999,0,1,0.02647853575074393,0.5823993953421359,1,k1_to_k10
20003,4,0.75,2.120295332711172,0.7999999999999999,0,1,0.0295878139266735,0.558425478656613,1,k1_to_k10
20003,4,0.8,2.2527857165609957,0.7999999999999999,0,1,0.03297603815214562,0.53445156197109,1,k1_to_k10
20003,4,0.8500000000000001,2.398745372930671,0.7999999999999999,0,1,0.036682509439143474,0.5104776452855669,1,k1_to_k10
20003,4,0.9,2.5603382741120124,0.7999999999999999,0,1,0.04075427549618327,0.4865037286000439,1,k1_to_k10
20003,4,0.9500000000000001,2.7402181732802116,0.7999999999999999,0,1,0.04524813836817368,0.4625298119145209,1,k1_to_k10
20003,4,1.0,2.941675483095849,0.7999999999999999,0,1,0.05023332056917688,0.43855589522899785,1,k1_to_k10
20004,4,0.0,1.0,1.0,0,0,3.469446951953614e-18,0.6972738790862527,1,k1_to_k10
20004,4,0.05,1.045375406645815,1.0,0,0,0.003010593862715953,0.6783178538365253,1,k1_to_k10
20004,4,0.1,1.093368148339026,1.0,0,0,0.006194291143931623,0.659361828586798,1,k1_to_k10
20004,4,0.15000000000000002,1.144211409207394,1.0,0,0,0.009566463438133532,0.6404058033370705,1,k1_to_k10
20004,4,0.2,1.198166921017397,1.0,0,0,0.01314435785312236,0.6214497780873433,1,k1_to_k10
20004,4,0.25,1.2555294697972417,1.0,0,0,0.016947392052721163,0.6024937528376157,1,k1_to_k10
20004,4,0.30000000000000004,1.3166322840089033,1.0,0,0,0.02099750680565862,0.5835377275878884,1,k1_to_k10
20004,4,0.35000000000000003,1.3818535122308548,1.0,0,0,0.025319589556152537,0.564581702338161,1,k1_to_k10
20004,4,0.4,1.4516240563362022,1.0,0,0,0.02994198628815467,0.5456256770884336,1,k1_to_k10
20004,4,0.45,1.5264371030446062,1.0,0,0,0.03489712392846689,0.5266696518387064,1,k1_to_k10
20004,4,0.5,1.6068597995655407,1.0,0,0,0.040222272178329715,0.5077136265889789,1,k1_to_k10
20004,4,0.55,1.6935476579412068,1.0,0,0,0.045960482626739685,0.48875760133925156,1,k1_to_k10
20004,4,0.6000000000000001,1.787262462251584,1.0,0,0,0.052161755217485145,0.4698015760895241,1,k1_to_k10
20004,4,0.65,1.8888947144629984,1.0,0,0,0.05888449898429826,0.45084555083979677,1,k1_to_k10
20004,4,0.7000000000000001,1.9994920201696504,1.0,0,0,0.06619737746399654,0.4318895255900693,1,k1_to_k10
20004,4,0.75,2.120295332711172,1.0,0,0,0.07418166240015883,0.41293350034034204,1,k1_to_k10
20004,4,0.8,2.2527857165609957,1.0,0,0,0.08293426693030842,0.39397747509061465,1,k1_to_k10
20004,4,0.8500000000000001,2.398745372930671,1.0,0,0,0.09257169867524699,0.37502144984088726,1,k1_to_k10
20004,4,0.9,2.5603382741120124,1.0,0,0,0.10323527554342704,0.35606542459115986,1,k1_to_k10
20004,4,0.9500000000000001,2.7402181732802116,0.7999999999999999,0,1,0.11509810127717132,0.3371093993414325,1,k1_to_k10
20004,4,1.0,2.941675483095849,0.7999999999999999,0,1,0.1283745346759858,0.31815337409170513,1,k1_to_k10
20005,4,0.0,1.0,1.0,0,0,8.500145032286355e-17,0.947511658778054,1,k1_to_k10
20005,4,0.05,1.045375406645815,1.0,0,0,0.0035040889909729867,0.9278957337775657,1,k1_to_k10
20005,4,0.1,1.093368148339026,1.0,0,0,0.007159532104712233,0.9082798087770773,1,k1_to_k10
20005,4,0.15000000000000002,1.144211409207394,1.0,0,0,0.010976352088316007,0.8886638837765887,1,k1_to_k10
20005,4,0.2,1.198166921017397,1.0,0,0,0.014965476612267914,0.8690479587761004,1,k1_to_k10
20005,4,0.25,1.2555294697972417,1.0,0,0,0.019138842757369042,0.8494320337756119,1,k1_to_k10
20005,4,0.30000000000000004,1.3166322840089033,1.0,0,0,0.023509516321393836,0.8298161087751235,1,k1_to_k10
20005,4,0.35000000000000003,1.3818535122308548,1.0,0,0,0.028091828457096395,0.810200183774635,1,k1_to_k10
20005,4,0.4,1.4516240563362022,1.0,0,0,0.032901532651735566,0.7905842587741467,1,k1_to_k10
20005,4,0.45,1.5264371030446062,1.0,0,0,0.037955985670998435,0.7709683337736584,1,k1_to_k10
20005,4,0.5,1.6068597995655407,1.0,0,0,0.04327435684687233,0.7513524087731699,1,k1_to_k10
20005,4,0.55,1.6935476579412068,1.0,0,0,0.04887787102825225,0.7317364837726814,1,k1_to_k10
20005,4,0.6000000000000001,1.787262462251584,1.0,0,0,0.054790091685149866,0.712120558772193,1,k1_to_k10
20005,4,0.65,1.8888947144629984,1.0,0,0,0.06103725212825632,0.6925046337717047,1,k1_to_k10
20005,4,0.7000000000000001,1.9994920201696504,1.0,0,0,0.0676486446624074,0.6728887087712163,1,k1_to_k10
20005,4,0.75,2.120295332711172,1.0,0,0,0.07465707985108347,0.653272783770728,1,k1_to_k10
20005,4,0.8,2.2527857165609957,1.0,0,0,0.08209943108478965,0.6336568587702396,1,k1_to_k10
20005,4,0.8500000000000001,2.398745372930671,1.0,0,0,0.09001728352891644,0.6140409337697511,1,k1_to_k10
20005,4,0.9,2.5603382741120124,1.0,0,0,0.09845771156262174,0.5944250087692626,1,k1_to_k10
20005,4,0.9500000000000001,2.7402181732802116,1.0,0,0,0.1074742154029085,0.5748090837687743,1,k1_to_k10
20005,4,1.0,2.941675483095849,0.7999999999999999,0,1,0.11712785628389666,0.5551931587682859,1,k1_to_k10
20006,4,0.0,1.0,1.0,0,0,2.7755575615628914e-17,0.6562667792000421,1,k1_to_k10
20006,4,0.05,1.045375406645815,1.0,0,0,0.006105932807646874,0.6441059089352532,1,k1_to_k10
20006,4,0.1,1.093368148339026,1.0,0,0,0.0124468653452562,0.6319450386704645,1,k1_to_k10
20006,4,0.15000000000000002,1.144211409207394,1.0,0,0,0.019036630498729265,0.6197841684056757,1,k1_to_k10
20006,4,0.2,1.198166921017397,1.0,0,0,0.025890168550154018,0.6076232981408871,1,k1_to_k10
20006,4,0.25,1.2555294697972417,1.0,0,0,0.03302364025715936,0.595462427876098,1,k1_to_k10
20006,4,0.30000000000000004,1.3166322840089033,0.7999999999999999,0,1,0.04045455407737209,0.5833015576113093,1,k1_to_k10
20006,4,0.35000000000000003,1.3818535122308548,0.7999999999999999,0,1,0.04820190964624117,0.5711406873465205,1,k1_to_k10
20006,4,0.4,1.4516240563362022,0.7999999999999999,0,1,0.05628635998343333,0.5589798170817317,1,k1_to_k10
20006,4,0.45,1.5264371030446062,0.7999999999999999,0,1,0.06473039534336472,0.5468189468169431,1,k1_to_k10
20006,4,0.5,1.6068597995655407,0.7999999999999999,0,1,0.07355855215596586,0.5346580765521542,1,k1_to_k10
20006,4,0.55,1.6935476579412068,0.7999999999999999,0,1,0.08279765114541854,0.5224972062873654,1,k1_to_k10
20006,4,0.6000000000000001,1.787262462251584,0.7999999999999999,0,1,0.09247706949386462,0.5103363360225766,1,k1_to_k10
20006,4,0.65,1.8888947144629984,0.7999999999999999,0,1,0.1026290528675474,0.49817546575778787,1,k1_to_k10
20006,4,0.7000000000000001,1.9994920201696504,0.7999999999999999,0,1,0.11328907428734045,0.486014595492999,1,k1_to_k10
20006,4,0.75,2.120295332711172,0.7999999999999999,0,1,0.12449624825908834,0.47385372522821034,1,k1_to_k10
20006,4,0.8,2.2527857165609957,0.7999999999999999,0,1,0.13629381035246368,0.46169285496342155,1,k1_to_k10
20006,4,0.8500000000000001,2.398745372930671,0.7999999999999999,0,1,0.14872967462206577,0.44953198469863276,1,k1_to_k10
20006,4,0.9,2.5603382741120124,0.7999999999999999,0,1,0.16185708402129498,0.437371114433844,1,k1_to_k10
20006,4,0.9500000000000001,2.7402181732802116,0.7999999999999999,0,1,0.17573537242593845,0.4252102441690552,1,k1_to_k10
20006,4,1.0,2.941675483095849,0.7999999999999999,0,1,0.19043086126931336,0.4130493739042664,1,k1_to_k10
20007,4,0.0,1.0,1.0,0,0,5.5077470362263625e-17,1.353181524428312,1,k1_to_k10
20007,4,0.05,1.045375406645815,1.0,0,0,0.002273440976142761,1.312819807799926,1,k1_to_k10
20007,4,0.1,1.093368148339026,1.0,0,0,0.0046911067107856695,1.27245809117154,1,k1_to_k10
20007,4,0.15000000000000002,1.144211409207394,1.0,0,0,0.007267170994925255,1.2320963745431537,1,k1_to_k10
20007,4,0.2,1.198166921017397,1.0,0,0,0.01001772777361873,1.1917346579147678,1,k1_to_k10
20007,4,0.25,1.2555294697972417,1.0,0,0,0.01296112770380723,1.1513729412863818,1,k1_to_k10
20007,4,0.30000000000000004,1.3166322840089033,1.0,0,0,0.01611838807261171,1.1110112246579955,1,k1_to_k10
20007,4,0.35000000000000003,1.3818535122308548,1.0,0,0,0.019513695435081156,1.0706495080296095,1,k1_to_k10
20007,4,0.4,1.4516240563362022,1.0,0,0,0.023175026397507938,1.0302877914012236,1,k1_to_k10
20007,4,0.45,1.5264371030446062,1.0,0,0,0.027134920265901367,0.9899260747728377,1,k1_to_k10
20007,4,0.5,1.6068597995655407,1.0,0,0,0.0314314487453641,0.9495643581444515,1,k1_to_k10
20007,4,0.55,1.6935476579412068,1.0,0,0,0.03610944392335001,0.9092026415160653,1,k1_to_k10
20007,4,0.6000000000000001,1.787262462251584,1.0,0,0,0.04122206852624993,0.8688409248876794,1,k1_to_k10
20007,4,0.65,1.8888947144629984,1.0,0,0,0.046832845173020915,0.8284792082592933,1,k1_to_k10
20007,4,0.7000000000000001,1.9994920201696504,0.7999999999999999,0,1,0.05301830917158146,0.7881174916309072,1,k1_to_k10
20007,4,0.75,2.120295332711172,0.7999999999999999,0,1,0.059871520457346956,0.7477557750025214,1,k1_to_k10
20007,4,0.8,2.2527857165609957,0.7999999999999999,0,1,0.06750677781385926,0.7073940583741354,1,k1_to_k10
20007,4,0.8500000000000001,2.398745372930671,0.7999999999999999,0,1,0.07606604462095332,0.6670323417457492,1,k1_to_k10
20007,4,0.9,2.5603382741120124,0.7999999999999999,0,1,0.08572785776600599,0.6266706251173633,1,k1_to_k10
20007,4,0.9500000000000001,2.7402181732802116,0.7999999999999999,0,1,0.09671991631115677,0.5863089084889772,1,k1_to_k10
20007,4,1.0,2.941675483095849,0.7999999999999999,0,1,0.10933725421950027,0.5459471918605912,1,k1_to_k10
20008,4,0.0,1.0,1.0,0,0,3.469446951953614e-17,1.281602253107568,1,k1_to_k10
20008,4,0.05,1.045375406645815,1.0,0,0,0.001998412926784661,1.2468679793483401,1,k1_to_k10
20008,4,0.1,1.093368148339026,1.0,0,0,0.004111356818862495,1.2121337055891122,1,k1_to_k10
20008,4,0.15000000000000002,1.144211409207394,1.0,0,0,0.006348967955719716,1.1773994318298846,1,k1_to_k10
20008,4,0.2,1.198166921017397,1.0,0,0,0.008722615090953602,1.142665158070657,1,k1_to_k10
20008,4,0.25,1.2555294697972417,1.0,0,0,0.011245092646154142,1.107930884311429,1,k1_to_k10
20008,4,0.30000000000000004,1.3166322840089033,1.0,0,0,0.01393085142138899,1.0731966105522013,1,k1_to_k10
20008,4,0.35000000000000003,1.3818535122308548,1.0,0,0,0.016796275606230128,1.0384623367929735,1,k1_to_k10
20008,4,0.4,1.4516240563362022,1.0,0,0,0.01986001730701626,1.003728063033746,1,k1_to_k10
20008,4,0.45,1.5264371030446062,1.0,0,0,0.023143403022326488,0.9689937892745183,1,k1_to_k10
20008,4,0.5,1.6068597995655407,1.0,0,0,0.026670930791100108,0.9342595155152905,1,k1_to_k10
20008,4,0.55,1.6935476579412068,1.0,0,0,0.030470882522040003,0.8995252417560627,1,k1_to_k10
20008,4,0.6000000000000001,1.787262462251584,1.0,0,0,0.03457608388804481,0.8647909679968351,1,k1_to_k10
20008,4,0.65,1.8888947144629984,1.0,0,0,0.039024855010365074,0.8300566942376073,1,k1_to_k10
20008,4,0.7000000000000001,1.9994920201696504,1.0,0,0,0.043862210259263505,0.7953224204783795,1,k1_to_k10
20008,4,0.75,2.120295332711172,1.0,0,0,0.049141386807141196,0.7605881467191519,1,k1_to_k10
20008,4,0.8,2.2527857165609957,0.7999999999999999,0,1,0.05492581205663316,0.7258538729599242,1,k1_to_k10
20008,4,0.8500000000000001,2.398745372930671,0.7999999999999999,0,1,0.06129166434245277,0.6911195992006964,1,k1_to_k10
20008,4,0.9,2.5603382741120124,0.7999999999999999,0,1,0.06833124666895465,0.6563853254414688,1,k1_to_k10
20008,4,0.9500000000000001,2.7402181732802116,0.7999999999999999,0,1,0.07615749147762461,0.6216510516822411,1,k1_to_k10
20008,4,1.0,2.941675483095849,0.7999999999999999,0,1,0.08491006499222449,0.5869167779230133,1,k1_to_k10
20009,4,0.0,1.0,1.0,0,0,2.7755575615628914e-17,0.5419840015048895,1,k1_to_k10
20009,4,0.05,1.045375406645815,1.0,0,0,0.0010072403041001422,0.5271911652043256,1,k1_to_k10
20009,4,0.1,1.093368148339026,1.0,0,0,0.002072638256628786,0.5123983289037616,1,k1_to_k10
20009,4,0.15000000000000002,1.144211409207394,1.0,0,0,0.003201380596391773,0.49760549260319764,1,k1_to_k10
20009,4,0.2,1.198166921017397,1.0,0,0,0.0043992897255489515,0.48281265630263376,1,k1_to_k10
20009,4,0.25,1.2555294697972417,1.0,0,0,0.005672924167580539,0.46801982000206976,1,k1_to_k10
20009,4,0.30000000000000004,1.3166322840089033,1.0,0,0,0.007029698698288574,0.45322698370150577,1,k1_to_k10
20009,4,0.35000000000000003,1.3818535122308548,1.0,0,0,0.008478028796228346,0.4384341474009418,1,k1_to_k10
20009,4,0.4,1.4516240563362022,1.0,0,0,0.010027505356926246,0.42364131110037784,1,k1_to_k10
20009,4,0.45,1.5264371030446062,1.0,0,0,0.01168910733585001,0.40884847479981395,1,k1_to_k10
20009,4,0.5,1.6068597995655407,1.0,0,0,0.013475462287041978,0.39405563849924996,1,k1_to_k10
20009,4,0.55,1.6935476579412068,1.0,0,0,0.01540116787433374,0.37926280219868597,1,k1_to_k10
20009,4,0.6000000000000001,1.787262462251584,1.0,0,0,0.017483191678111028,0.36446996589812203,1,k1_to_k10
20009,4,0.65,1.8888947144629984,1.0,0,0,0.019741372483283427,0.3496771295975581,1,k1_to_k10
20009,4,0.7000000000000001,1.9994920201696504,1.0,0,0,0.022199054427545342,0.3348842932969941,1,k1_to_k10
20009,4,0.75,2.120295332711172,1.0,0,0,0.024883896990347223,0.3200914569964302,1,k1_to_k10
20009,4,0.8,2.2527857165609957,1.0,0,0,0.027828920463457696,0.3052986206958663,1,k1_to_k10
20009,4,0.8500000000000001,2.398745372930671,1.0,0,0,0.031073870839777674,0.2905057843953023,1,k1_to_k10
20009,4,0.9,2.5603382741120124,1.0,0,0,0.034667024084711874,0.2757129480947383,1,k1_to_k10
20009,4,0.9500000000000001,2.7402181732802116,1.0,0,0,0.038667604165313584,0.26092011179417435,1,k1_to_k10
20009,4,1.0,2.941675483095849,1.0,0,0,0.043149073055340784,0.2461272754936104,1,k1_to_k10
20010,4,0.0,1.0,1.0,0,0,7.632783294297951e-17,1.5941377897422593,1,k1_to_k10
20010,4,0.05,1.045375406645815,1.0,0,0,0.0003677484343058146,1.5489730764467966,1,k1_to_k10
20010,4,0.1,1.093368148339026,1.0,0,0,0.0007575864553000869,1.5038083631513337,1,k1_to_k10
20010,4,0.15000000000000002,1.144211409207394,1.0,0,0,0.0011715659757642535,1.4586436498558708,1,k1_to_k10
20010,4,0.2,1.198166921017397,1.0,0,0,0.0016120011665159417,1.4134789365604081,1,k1_to_k10
20010,4,0.25,1.2555294697972417,1.0,0,0,0.0020815117388974166,1.3683142232649455,1,k1_to_k10
20010,4,0.30000000000000004,1.3166322840089033,1.0,0,0,0.002583075091756211,1.3231495099694823,1,k1_to_k10
20010,4,0.35000000000000003,1.3818535122308548,1.0,0,0,0.0031200895158488284,1.2779847966740197,1,k1_to_k10
20010,4,0.4,1.4516240563362022,1.0,0,0,0.003696451291313685,1.232820083378557,1,k1_to_k10
20010,4,0.45,1.5264371030446062,1.0,0,0,0.0043166493765348785,1.1876553700830943,1,k1_to_k10
20010,4,0.5,1.6068597995655407,1.0,0,0,0.0049858825563345865,1.1424906567876314,1,k1_to_k10
20010,4,0.55,1.6935476579412068,1.0,0,0,0.005710205520300542,1.0973259434921685,1,k1_to_k10
20010,4,0.6000000000000001,1.787262462251584,1.0,0,0,0.006496712564162135,1.0521612301967058,1,k1_to_k10
20010,4,0.65,1.8888947144629984,1.0,0,0,0.007353770726214563,1.0069965169012431,1,k1_to_k10
20010,4,0.7000000000000001,1.9994920201696504,1.0,0,0,0.008291318608032151,0.9618318036057801,1,k1_to_k10
20010,4,0.75,2.120295332711172,1.0,0,0,0.009321253533588168,0.9166670903103175,1,k1_to_k10
20010,4,0.8,2.2527857165609957,1.0,0,0,0.0104579390931126,0.8715023770148549,1,k1_to_k10
20010,4,0.8500000000000001,2.398745372930671,1.0,0,0,0.011718879130333287,0.826337663719392,1,k1_to_k10
20010,4,0.9,2.5603382741120124,1.0,0,0,0.013125625535357482,0.7811729504239291,1,k1_to_k10
20010,4,0.9500000000000001,2.7402181732802116,1.0,0,0,0.014705020274618272,0.7360082371284663,1,k1_to_k10
20010,4,1.0,2.941675483095849,1.0,0,0,0.016490924615889184,0.6908435238330037,1,k1_to_k10
20011,4,0.0,1.0,1.0,0,0,1.0755285551056204e-16,0.8917800934908572,1,k1_to_k10
20011,4,0.05,1.045375406645815,1.0,0,0,0.0038778238115045327,0.8643826236916624,1,k1_to_k10
20011,4,0.1,1.093368148339026,1.0,0,0,0.008009517265184314,0.8369851538924675,1,k1_to_k10
20011,4,0.15000000000000002,1.144211409207394,1.0,0,0,0.012420854169081504,0.8095876840932726,1,k1_to_k10
20011,4,0.2,1.198166921017397,1.0,0,0,0.017141219407493687,0.782190214294078,1,k1_to_k10
20011,4,0.25,1.2555294697972417,1.0,0,0,0.02220426431526884,0.7547927444948832,1,k1_to_k10
20011,4,0.30000000000000004,1.3166322840089033,1.0,0,0,0.02764871016082389,0.7273952746956882,1,k1_to_k10
20011,4,0.35000000000000003,1.3818535122308548,1.0,0,0,0.03351934031605408,0.6999978048964933,1,k1_to_k10
20011,4,0.4,1.4516240563362022,1.0,0,0,0.039868234914482326,0.6726003350972987,1,k1_to_k10
20011,4,0.45,1.5264371030446062,1.0,0,0,0.0467563200756753,0.645202865298104,1,k1_to_k10
20011,4,0.5,1.6068597995655407,1.0,0,0,0.054255329345181284,0.6178053954989091,1,k1_to_k10
20011,4,0.55,1.6935476579412068,1.0,0,0,0.06245031125001953,0.5904079256997142,1,k1_to_k10
20011,4,0.6000000000000001,1.787262462251584,1.0,0,0,0.07144286899697495,0.5630104559005195,1,k1_to_k10
20011,4,0.65,1.8888947144629984,1.0,0,0,0.08135539446571009,0.5356129861013247,1,k1_to_k10
20011,4,0.7000000000000001,1.9994920201696504,1.0,0,0,0.09233667170786443,0.5082155163021298,1,k1_to_k10
20011,4,0.75,2.120295332711172,1.0,0,0,0.1045693962024114,0.48081804650293514,1,k1_to_k10
20011,4,0.8,2.2527857165609957,1.0,0,0,0.11828042017043028,0.45342057670374036,1,k1_to_k10
20011,4,0.8500000000000001,2.398745372930671,1.0,0,0,0.1337549511360358,0.42602310690454537,1,k1_to_k10
20011,4,0.9,2.5603382741120124,1.0,0,0,0.15135660567485376,0.3986256371053506,1,k1_to_k10
20011,4,0.9500000000000001,2.7402181732802116,1.0,0,0,0.17155634323168484,0.3712281673061559,1,k1_to_k10
20011,4,1.0,2.941675483095849,1.0,0,0,0.19497523314272802,0.3438306975069611,1,k1_to_k10
20012,4,0.0,1.0,1.0,0,0,1.214306433183765e-16,1.393997144642377,1,k1_to_k10
20012,4,0.05,1.045375406645815,1.0,0,0,0.002206853527071201,1.3621258655754374,1,k1_to_k10
20012,4,0.1,1.093368148339026,1.0,0,0,0.004519454097354363,1.3302545865084978,1,k1_to_k10
20012,4,0.15000000000000002,1.144211409207394,1.0,0,0,0.006945588995633519,1.298383307441558,1,k1_to_k10
20012,4,0.2,1.198166921017397,1.0,0,0,0.009493829362577488,1.2665120283746185,1,k1_to_k10
20012,4,0.25,1.2555294697972417,1.0,0,0,0.012173631367852347,1.2346407493076788,1,k1_to_k10
20012,4,0.30000000000000004,1.3166322840089033,1.0,0,0,0.014995453468694055,1.2027694702407392,1,k1_to_k10
20012,4,0.35000000000000003,1.3818535122308548,1.0,0,0,0.017970892818808436,1.1708981911737997,1,k1_to_k10
20012,4,0.4,1.4516240563362022,1.0,0,0,0.021112844578535316,1.1390269121068601,1,k1_to_k10
20012,4,0.45,1.5264371030446062,1.0,0,0,0.024435688741029762,1.1071556330399206,1,k1_to_k10
20012,4,0.5,1.6068597995655407,1.0,0,0,0.02795551018345483,1.0752843539729808,1,k1_to_k10
20012,4,0.55,1.6935476579412068,1.0,0,0,0.031690359047244196,1.0434130749060413,1,k1_to_k10
20012,4,0.6000000000000001,1.787262462251584,1.0,0,0,0.035660560342144695,1.0115417958391018,1,k1_to_k10
20012,4,0.65,1.8888947144629984,1.0,0,0,0.03988908398370229,0.9796705167721621,1,k1_to_k10
20012,4,0.7000000000000001,1.9994920201696504,1.0,0,0,0.04440198948939297,0.9477992377052225,1,k1_to_k10
20012,4,0.75,2.120295332711172,1.0,0,0,0.049228963518526084,0.915927958638283,1,k1_to_k10
20012,4,0.8,2.2527857165609957,1.0,0,0,0.05440397368580803,0.8840566795713435,1,k1_to_k10
20012,4,0.8500000000000001,2.398745372930671,1.0,0,0,0.05996606908857535,0.8521854005044038,1,k1_to_k10
20012,4,0.9,2.5603382741120124,1.0,0,0,0.06596036744907773,0.8203141214374642,1,k1_to_k10
20012,4,0.9500000000000001,2.7402181732802116,1.0,0,0,0.07243928167668248,0.7884428423705246,1,k1_to_k10
20012,4,1.0,2.941675483095849,1.0,0,0,0.07946405645050475,0.7565715633035851,1,k1_to_k10
20013,4,0.0,1.0,1.0,0,0,5.898059818321144e-17,1.3567717411968754,1,k1_to_k10
20013,4,0.05,1.045375406645815,1.0,0,0,0.0024246877137010653,1.3255814168812194,1,k1_to_k10
20013,4,0.1,1.093368148339026,1.0,0,0,0.004966228512360657,1.2943910925655628,1,k1_to_k10
20013,4,0.15000000000000002,1.144211409207394,1.0,0,0,0.007633278230527136,1.2632007682499067,1,k1_to_k10
20013,4,0.2,1.198166921017397,1.0,0,0,0.0104353692481974,1.2320104439342505,1,k1_to_k10
20013,4,0.25,1.2555294697972417,1.0,0,0,0.01338302432858663,1.2008201196185944,1,k1_to_k10
20013,4,0.30000000000000004,1.3166322840089033,1.0,0,0,0.01648788867005528,1.1696297953029378,1,k1_to_k10
20013,4,0.35000000000000003,1.3818535122308548,1.0,0,0,0.0197628836653435,1.1384394709872816,1,k1_to_k10
20013,4,0.4,1.4516240563362022,1.0,0,0,0.023222386648453924,1.1072491466716254,1,k1_to_k10
20013,4,0.45,1.5264371030446062,1.0,0,0,0.026882441902076892,1.0760588223559693,1,k1_to_k10
20013,4,0.5,1.6068597995655407,1.0,0,0,0.030761009457655128,1.044868498040313,1,k1_to_k10
20013,4,0.55,1.6935476579412068,1.0,0,0,0.03487825982810393,1.0136781737246567,1,k1_to_k10
20013,4,0.6000000000000001,1.787262462251584,1.0,0,0,0.03925692488051597,0.9824878494090005,1,k1_to_k10
20013,4,0.65,1.8888947144629984,1.0,0,0,0.043922717733541145,0.9512975250933442,1,k1_to_k10
20013,4,0.7000000000000001,1.9994920201696504,1.0,0,0,0.04890483805830555,0.9201072007776879,1,k1_to_k10
20013,4,0.75,2.120295332711172,1.0,0,0,0.05423658375935365,0.8889168764620317,1,k1_to_k10
20013,4,0.8,2.2527857165609957,1.0,0,0,0.05995609611439705,0.8577265521463757,1,k1_to_k10
20013,4,0.8500000000000001,2.398745372930671,1.0,0,0,0.06610727362645212,0.8265362278307193,1,k1_to_k10
20013,4,0.9,2.5603382741120124,1.0,0,0,0.072740900902003,0.7953459035150631,1,k1_to_k10
20013,4,0.9500000000000001,2.7402181732802116,1.0,0,0,0.07991605399178778,0.7641555791994069,1,k1_to_k10
20013,4,1.0,2.941675483095849,1.0,0,0,0.08770186454560293,0.7329652548837506,1,k1_to_k10
20014,4,0.0,1.0,1.0,0,0,4.683753385137379e-17,0.7927841737219279,1,k1_to_k10
20014,4,0.05,1.045375406645815,1.0,0,0,0.0047528825562861855,0.7768794032924641,1,k1_to_k10
20014,4,0.1,1.093368148339026,1.0,0,0,0.009704440607579459,0.7609746328630002,1,k1_to_k10
20014,4,0.15000000000000002,1.144211409207394,1.0,0,0,0.014867397342525679,0.7450698624335361,1,k1_to_k10
20014,4,0.2,1.198166921017397,1.0,0,0,0.02025558603798952,0.7291650920040722,1,k1_to_k10
20014,4,0.25,1.2555294697972417,1.0,0,0,0.025884073826617206,0.7132603215746083,1,k1_to_k10
20014,4,0.30000000000000004,1.3166322840089033,1.0,0,0,0.031769302401192974,0.6973555511451444,1,k1_to_k10
20014,4,0.35000000000000003,1.3818535122308548,1.0,0,0,0.03792924842287538,0.6814507807156804,1,k1_to_k10
20014,4,0.4,1.4516240563362022,1.0,0,0,0.04438360692940063,0.6655460102862165,1,k1_to_k10
20014,4,0.45,1.5264371030446062,1.0,0,0,0.05115400168491257,0.6496412398567527,1,k1_to_k10
20014,4,0.5,1.6068597995655407,1.0,0,0,0.05826422720446627,0.6337364694272889,1,k1_to_k10
20014,4,0.55,1.6935476579412068,1.0,0,0,0.06574052816098322,0.6178316989978249,1,k1_to_k10
20014,4,0.6000000000000001,1.787262462251584,1.0,0,0,0.07361192308898204,0.6019269285683609,1,k1_to_k10
20014,4,0.65,1.8888947144629984,1.0,0,0,0.08191058080065132,0.5860221581388971,1,k1_to_k10
20014,4,0.7000000000000001,1.9994920201696504,1.0,0,0,0.09067225980801218,0.5701173877094331,1,k1_to_k10
20014,4,0.75,2.120295332711172,1.0,0,0,0.09993682340819487,0.5542126172799693,1,k1_to_k10
20014,4,0.8,2.2527857165609957,1.0,0,0,0.1097488460805503,0.5383078468505054,1,k1_to_k10
20014,4,0.8500000000000001,2.398745372930671,1.0,0,0,0.12015833065577833,0.5224030764210414,1,k1_to_k10
20014,4,0.9,2.5603382741120124,0.7999999999999999,0,1,0.13122156060586565,0.5064983059915775,1,k1_to_k10
20014,4,0.9500000000000001,2.7402181732802116,0.7999999999999999,0,1,0.14300211811862834,0.49059353556211366,1,k1_to_k10
20014,4,1.0,2.941675483095849,0.7999999999999999,0,1,0.15557210683993988,0.4746887651326498,1,k1_to_k10
20015,4,0.0,1.0,1.0,0,0,7.979727989493313e-17,0.9012026601260912,1,k1_to_k10
20015,4,0.05,1.045375406645815,1.0,0,0,0.0009714407338331198,0.8817312115965773,1,k1_to_k10
20015,4,0.1,1.093368148339026,1.0,0,0,0.0019867553884000376,0.8622597630670633,1,k1_to_k10
20015,4,0.15000000000000002,1.144211409207394,1.0,0,0,0.0030489849009368852,0.8427883145375492,1,k1_to_k10
20015,4,0.2,1.198166921017397,1.0,0,0,0.0041614578814114095,0.8233168660080354,1,k1_to_k10
20015,4,0.25,1.2555294697972417,1.0,0,0,0.005327825453827994,0.8038454174785213,1,k1_to_k10
20015,4,0.30000000000000004,1.3166322840089033,1.0,0,0,0.006552101286977117,0.7843739689490075,1,k1_to_k10
20015,4,0.35000000000000003,1.3818535122308548,1.0,0,0,0.007838707739348034,0.7649025204194935,1,k1_to_k10
20015,4,0.4,1.4516240563362022,1.0,0,0,0.009192529236167219,0.7454310718899796,1,k1_to_k10
20015,4,0.45,1.5264371030446062,1.0,0,0,0.010618974236402342,0.7259596233604657,1,k1_to_k10
20015,4,0.5,1.6068597995655407,1.0,0,0,0.01212404744696496,0.7064881748309517,1,k1_to_k10
20015,4,0.55,1.6935476579412068,1.0,0,0,0.013714434317095719,0.6870167263014377,1,k1_to_k10
20015,4,0.6000000000000001,1.787262462251584,1.0,0,0,0.015397600320312663,0.6675452777719237,1,k1_to_k10
20015,4,0.65,1.8888947144629984,1.0,0,0,0.017181908133982293,0.6480738292424097,1,k1_to_k10
20015,4,0.7000000000000001,1.9994920201696504,1.0,0,0,0.019076756597260224,0.6286023807128958,1,k1_to_k10
20015,4,0.75,2.120295332711172,1.0,0,0,0.02109274632056803,0.6091309321833819,1,k1_to_k10
20015,4,0.8,2.2527857165609957,1.0,0,0,0.02324187810712296,0.589659483653868,1,k1_to_k10
20015,4,0.8500000000000001,2.398745372930671,1.0,0,0,0.025537792030051236,0.570188035124354,1,k1_to_k10
20015,4,0.9,2.5603382741120124,1.0,0,0,0.027996057227179866,0.55071658659484,1,k1_to_k10
20015,4,0.9500000000000001,2.7402181732802116,1.0,0,0,0.03063452542600419,0.5312451380653261,1,k1_to_k10
20015,4,1.0,2.941675483095849,1.0,0,0,0.03347376517202062,0.5117736895358121,1,k1_to_k10
20016,4,0.0,1.0,1.0,0,0,6.938893903907228e-18,0.6138816155681114,1,k1_to_k10
20016,4,0.05,1.045375406645815,1.0,0,0,0.0023144108540146726,0.5989765092778363,1,k1_to_k10
20016,4,0.1,1.093368148339026,1.0,0,0,0.004746946100362293,0.5840714029875612,1,k1_to_k10
20016,4,0.15000000000000002,1.144211409207394,1.0,0,0,0.007306885926397864,0.5691662966972859,1,k1_to_k10
20016,4,0.2,1.198166921017397,1.0,0,0,0.010004508764934321,0.554261190407011,1,k1_to_k10
20016,4,0.25,1.2555294697972417,1.0,0,0,0.012851229226816552,0.5393560841167359,1,k1_to_k10
20016,4,0.30000000000000004,1.3166322840089033,1.0,0,0,0.01585975955408952,0.5244509778264608,1,k1_to_k10
20016,4,0.35000000000000003,1.3818535122308548,1.0,0,0,0.019044299409887527,0.5095458715361855,1,k1_to_k10
20016,4,0.4,1.4516240563362022,1.0,0,0,0.022420759982178594,0.49464076524591044,1,k1_to_k10
20016,4,0.45,1.5264371030446062,1.0,0,0,0.02600702986414018,0.47973565895563547,1,k1_to_k10
20016,4,0.5,1.6068597995655407,1.0,0,0,0.029823292088342373,0.46483055266536033,1,k1_to_k10
20016,4,0.55,1.6935476579412068,1.0,0,0,0.0338924041770791,0.44992544637508525,1,k1_to_k10
20016,4,0.6000000000000001,1.787262462251584,1.0,0,0,0.03824035632270969,0.43502034008480994,1,k1_to_k10
20016,4,0.65,1.8888947144629984,1.0,0,0,0.04289682710162267,0.42011523379453486,1,k1_to_k10
20016,4,0.7000000000000001,1.9994920201696504,1.0,0,0,0.047895861835315155,0.40521012750425983,1,k1_to_k10
20016,4,0.75,2.120295332711172,1.0,0,0,0.0532767063844319,0.3903050212139848,1,k1_to_k10
20016,4,0.8,2.2527857165609957,1.0,0,0,0.05908483957559476,0.3753999149237096,1,k1_to_k10
20016,4,0.8500000000000001,2.398745372930671,1.0,0,0,0.06537326175006133,0.3604948086334344,1,k1_to_k10
20016,4,0.9,2.5603382741120124,1.0,0,0,0.07220411675903106,0.3455897023431594,1,k1_to_k10
20016,4,0.9500000000000001,2.7402181732802116,1.0,0,0,0.07965075261281435,0.33068459605288436,1,k1_to_k10
20016,4,1.0,2.941675483095849,1.0,0,0,0.08780036571815403,0.31577948976260917,1,k1_to_k10
20017,4,0.0,1.0,1.0,0,0,2.7755575615628914e-17,0.15215971074406165,1,k1_to_k10
20017,4,0.05,1.045375406645815,1.0,0,0,0.014318625449231015,0.14766780130010615,1,k1_to_k10
20017,4,0.1,1.093368148339026,0.7999999999999999,1,1,0.02953569780940571,0.14317589185615057,1,k1_to_k10
20017,4,0.15000000000000002,1.144211409207394,0.7999999999999999,1,1,0.04573851790850614,0.13868398241219507,1,k1_to_k10
20017,4,0.2,1.198166921017397,0.7999999999999999,1,1,0.06302607571247967,0.1341920729682395,1,k1_to_k10
20017,4,0.25,1.2555294697972417,0.39999999999999997,1,1,0.08151107447647257,0.129700163524284,1,k1_to_k10
20017,4,0.30000000000000004,1.3166322840089033,0.39999999999999997,1,1,0.10132239060076045,0.12520825408032848,1,k1_to_k10
20017,4,0.35000000000000003,1.3818535122308548,0.39999999999999997,1,1,0.12260808268074758,0.12071634463637294,1,k1_to_k10
20017,4,0.4,1.4516240563362022,0.39999999999999997,1,1,0.14553909833003265,0.11622443519241743,1,k1_to_k10
20017,4,0.45,1.5264371030446062,0.39999999999999997,1,1,0.1703138751413342,0.11173252574846194,1,k1_to_k10
20017,4,0.5,1.6068597995655407,0.19999999999999998,1,1,0.197164097949973,0.10724061630450638,1,k1_to_k10
20017,4,0.55,1.6935476579412068,0.19999999999999998,1,1,0.2263619662539488,0.10274870686055089,1,k1_to_k10
20017,4,0.6000000000000001,1.787262462251584,0.19999999999999998,1,1,0.2582294550590267,0.0982567974165954,1,k1_to_k10
20017,4,0.65,1.8888947144629984,0.19999999999999998,1,1,0.2931502376292602,0.09376488797263982,1,k1_to_k10
20017,4,0.7000000000000001,1.9994920201696504,0.19999999999999998,1,1,0.33158520770847555,0.08927297852868428,1,k1_to_k10
20017,4,0.75,2.120295332711172,0.19999999999999998,1,1,0.3740929361744582,0.08478106908472877,1,k1_to_k10
20017,4,0.8,2.2527857165609957,0.19999999999999998,1,1,0.4213569945806652,0.08028915964077331,1,k1_to_k10
20017,4,0.8500000000000001,2.398745372930671,0.19999999999999998,1,1,0.47422299421200265,0.07579725019681774,1,k1_to_k10
20017,4,0.9,2.5603382741120124,0.19999999999999998,1,1,0.5337496248844618,0.07130534075286223,1,k1_to_k10
20017,4,0.9500000000000001,2.7402181732802116,0.19999999999999998,1,1,0.601280281970359,0.06681343130890671,1,k1_to_k10
20017,4,1.0,2.941675483095849,0.19999999999999998,1,1,0.6785456691219953,0.06232152186495114,1,k1_to_k10
20018,4,0.0,1.0,1.0,0,0,1.5265566588595902e-16,0.6959405491888951,1,k1_to_k10
20018,4,0.05,1.045375406645815,1.0,0,0,0.006979506748396855,0.6921811338655908,1,k1_to_k10
20018,4,0.1,1.093368148339026,1.0,0,0,0.014035242540452006,0.6884217185422865,1,k1_to_k10
20018,4,0.15000000000000002,1.144211409207394,1.0,0,0,0.021168463075362506,0.684662303218982,1,k1_to_k10
20018,4,0.2,1.198166921017397,1.0,0,0,0.028380451784296504,0.6809028878956779,1,k1_to_k10
20018,4,0.25,1.2555294697972417,1.0,0,0,0.03567252060021546,0.6771434725723734,1,k1_to_k10
20018,4,0.30000000000000004,1.3166322840089033,1.0,0,0,0.0430460107534829,0.6733840572490691,1,k1_to_k10
20018,4,0.35000000000000003,1.3818535122308548,1.0,0,0,0.05050229359427352,0.6696246419257648,1,k1_to_k10
20018,4,0.4,1.4516240563362022,0.7999999999999999,0,1,0.05804277144284249,0.6658652266024605,1,k1_to_k10
20018,4,0.45,1.5264371030446062,0.7999999999999999,0,1,0.0656688784687605,0.6621058112791562,1,k1_to_k10
20018,4,0.5,1.6068597995655407,0.7999999999999999,0,1,0.0733820816002744,0.6583463959558518,1,k1_to_k10
20018,4,0.55,1.6935476579412068,0.7999999999999999,0,1,0.08118388146500277,0.6545869806325475,1,k1_to_k10
20018,4,0.6000000000000001,1.787262462251584,0.7999999999999999,0,1,0.08907581336323486,0.6508275653092431,1,k1_to_k10
20018,4,0.65,1.8888947144629984,0.7999999999999999,0,1,0.09705944827515829,0.6470681499859388,1,k1_to_k10
20018,4,0.7000000000000001,1.9994920201696504,0.7999999999999999,0,1,0.10513639390340293,0.6433087346626345,1,k1_to_k10
20018,4,0.75,2.120295332711172,0.7999999999999999,0,1,0.11330829575235533,0.6395493193393302,1,k1_to_k10
20018,4,0.8,2.2527857165609957,0.7999999999999999,0,1,0.12157683824576403,0.6357899040160259,1,k1_to_k10
20018,4,0.8500000000000001,2.398745372930671,0.7999999999999999,0,1,0.12994374588423224,0.6320304886927215,1,k1_to_k10
20018,4,0.9,2.5603382741120124,0.7999999999999999,0,1,0.13841078444426597,0.6282710733694172,1,k1_to_k10
20018,4,0.9500000000000001,2.7402181732802116,0.7999999999999999,0,1,0.14697976222063133,0.6245116580461129,1,k1_to_k10
20018,4,1.0,2.941675483095849,0.7999999999999999,0,1,0.1556525313138552,0.6207522427228085,1,k1_to_k10
20019,4,0.0,1.0,1.0,0,0,1.0755285551056204e-16,1.088513041079554,1,k1_to_k10
20019,4,0.05,1.045375406645815,1.0,0,0,0.0006720623164628708,1.0559410261013407,1,k1_to_k10
20019,4,0.1,1.093368148339026,1.0,0,0,0.0013869057286989596,1.0233690111231266,1,k1_to_k10
20019,4,0.15000000000000002,1.144211409207394,1.0,0,0,0.002148749465766705,0.9907969961449131,1,k1_to_k10
20019,4,0.2,1.198166921017397,1.0,0,0,0.002962386437413981,0.9582249811666996,1,k1_to_k10
20019,4,0.25,1.2555294697972417,1.0,0,0,0.0038332841678884663,0.9256529661884858,1,k1_to_k10
20019,4,0.30000000000000004,1.3166322840089033,1.0,0,0,0.004767707817000293,0.8930809512102721,1,k1_to_k10
20019,4,0.35000000000000003,1.3818535122308548,0.7999999999999999,0,1,0.005772871140770592,0.8605089362320585,1,k1_to_k10
20019,4,0.4,1.4516240563362022,0.7999999999999999,0,1,0.006857123085900512,0.827936921253845,1,k1_to_k10
20019,4,0.45,1.5264371030446062,0.7999999999999999,0,1,0.00803018023306606,0.7953649062756315,1,k1_to_k10
20019,4,0.5,1.6068597995655407,0.7999999999999999,0,1,0.009303418793571164,0.7627928912974178,1,k1_to_k10
20019,4,0.55,1.6935476579412068,0.7999999999999999,0,1,0.010690244754295922,0.730220876319204,1,k1_to_k10
20019,4,0.6000000000000001,1.787262462251584,0.7999999999999999,0,1,0.012206567711197523,0.6976488613409904,1,k1_to_k10
20019,4,0.65,1.8888947144629984,0.7999999999999999,0,1,0.013871413938256878,0.6650768463627768,1,k1_to_k10
20019,4,0.7000000000000001,1.9994920201696504,0.7999999999999999,0,1,0.015707728883193054,0.6325048313845631,1,k1_to_k10
20019,4,0.75,2.120295332711172,0.7999999999999999,0,1,0.0177434410814731,0.5999328164063495,1,k1_to_k10
20019,4,0.8,2.2527857165609957,0.7999999999999999,0,1,0.020012892544245427,0.567360801428136,1,k1_to_k10
20019,4,0.8500000000000001,2.398745372930671,0.7999999999999999,0,1,0.022558791864230262,0.5347887864499222,1,k1_to_k10
20019,4,0.9,2.5603382741120124,0.7999999999999999,0,1,0.02543492735112211,0.5022167714717086,1,k1_to_k10
20019,4,0.9500000000000001,2.7402181732802116,0.7999999999999999,0,1,0.028710009177191045,0.469644756493495,1,k1_to_k10
20019,4,1.0,2.941675483095849,0.7999999999999999,0,1,0.03247322949445823,0.4370727415152814,1,k1_to_k10
20020,4,0.0,1.0,1.0,0,0,6.245004513516506e-17,0.5913883553267616,1,k1_to_k10
20020,4,0.05,1.045375406645815,1.0,0,0,0.0011534885623574465,0.5783473257950269,1,k1_to_k10
20020,4,0.1,1.093368148339026,1.0,0,0,0.0023601966926046075,0.5653062962632922,1,k1_to_k10
20020,4,0.15000000000000002,1.144211409207394,1.0,0,0,0.0036238945243981177,0.5522652667315575,1,k1_to_k10
20020,4,0.2,1.198166921017397,1.0,0,0,0.004948716911086386,0.539224237199823,1,k1_to_k10
20020,4,0.25,1.2555294697972417,1.0,0,0,0.006339208622136536,0.5261832076680883,1,k1_to_k10
20020,4,0.30000000000000004,1.3166322840089033,1.0,0,0,0.007800376431313448,0.5131421781363537,1,k1_to_k10
20020,4,0.35000000000000003,1.3818535122308548,1.0,0,0,0.009337749354609487,0.500101148604619,1,k1_to_k10
20020,4,0.4,1.4516240563362022,1.0,0,0,0.010957448565396107,0.48706011907288427,1,k1_to_k10
20020,4,0.45,1.5264371030446062,1.0,0,0,0.012666268850445118,0.4740190895411497,1,k1_to_k10
20020,4,0.5,1.6068597995655407,1.0,0,0,0.014471773892253775,0.460978060009415,1,k1_to_k10
20020,4,0.55,1.6935476579412068,1.0,0,0,0.01638240819539999,0.4479370304776803,1,k1_to_k10
20020,4,0.6000000000000001,1.787262462251584,1.0,0,0,0.018407629150607587,0.43489600094594566,1,k1_to_k10
20020,4,0.65,1.8888947144629984,1.0,0,0,0.020558063594216847,0.421854971414211,1,k1_to_k10
20020,4,0.7000000000000001,1.9994920201696504,1.0,0,0,0.02284569433282538,0.40881394188247633,1,k1_to_k10
20020,4,0.75,2.120295332711172,1.0,0,0,0.025284083544734638,0.3957729123507417,1,k1_to_k10
20020,4,0.8,2.2527857165609957,1.0,0,0,0.027888641853862403,0.38273188281900705,1,k1_to_k10
20020,4,0.8500000000000001,2.398745372930671,1.0,0,0,0.03067695435395493,0.36969085328727236,1,k1_to_k10
20020,4,0.9,2.5603382741120124,1.0,0,0,0.03366917815995826,0.35664982375553766,1,k1_to_k10
20020,4,0.9500000000000001,2.7402181732802116,1.0,0,0,0.03688853048930332,0.343608794223803,1,k1_to_k10
20020,4,1.0,2.941675483095849,1.0,0,0,0.040361892273195,0.3305677646920684,1,k1_to_k10
20021,4,0.0,1.0,1.0,0,0,6.938893903907228e-17,0.9405190161264984,1,k1_to_k10
20021,4,0.05,1.045375406645815,1.0,0,0,0.003291435393018495,0.9154271010487821,1,k1_to_k10
20021,4,0.1,1.093368148339026,1.0,0,0,0.006768392865062353,0.8903351859710658,1,k1_to_k10
20021,4,0.15000000000000002,1.144211409207394,1.0,0,0,0.010447012747094874,0.8652432708933494,1,k1_to_k10
20021,4,0.2,1.198166921017397,1.0,0,0,0.01434536355509487,0.8401513558156332,1,k1_to_k10
20021,4,0.25,1.2555294697972417,1.0,0,0,0.01848373878960534,0.8150594407379167,1,k1_to_k10
20021,4,0.30000000000000004,1.3166322840089033,1.0,0,0,0.022885010299142354,0.7899675256602005,1,k1_to_k10
20021,4,0.35000000000000003,1.3818535122308548,1.0,0,0,0.0275750511965991,0.7648756105824841,1,k1_to_k10
20021,4,0.4,1.4516240563362022,1.0,0,0,0.032583244842285086,0.7397836955047677,1,k1_to_k10
20021,4,0.45,1.5264371030446062,1.0,0,0,0.03794310104543093,0.7146917804270516,1,k1_to_k10
20021,4,0.5,1.6068597995655407,1.0,0,0,0.04369300679306157,0.6895998653493352,1,k1_to_k10
20021,4,0.55,1.6935476579412068,1.0,0,0,0.04987714706464475,0.6645079502716188,1,k1_to_k10
20021,4,0.6000000000000001,1.787262462251584,1.0,0,0,0.05654664245396797,0.6394160351939026,1,k1_to_k10
20021,4,0.65,1.8888947144629984,1.0,0,0,0.06376096558630252,0.6143241201161862,1,k1_to_k10
20021,4,0.7000000000000001,1.9994920201696504,1.0,0,0,0.07158971943655051,0.5892322050384698,1,k1_to_k10
20021,4,0.75,2.120295332711172,1.0,0,0,0.08011489022517526,0.5641402899607536,1,k1_to_k10
20021,4,0.8,2.2527857165609957,1.0,0,0,0.0894337295282357,0.5390483748830374,1,k1_to_k10
20021,4,0.8500000000000001,2.398745372930671,1.0,0,0,0.09966248063395697,0.513956459805321,1,k1_to_k10
20021,4,0.9,2.5603382741120124,1.0,0,0,0.11094125247390371,0.48886454472760466,1,k1_to_k10
20021,4,0.9500000000000001,2.7402181732802116,1.0,0,0,0.12344047574671106,0.46377262964988836,1,k1_to_k10
20021,4,1.0,2.941675483095849,1.0,0,0,0.1373695747285728,0.43868071457217206,1,k1_to_k10
20022,4,0.0,1.0,1.0,0,0,9.020562075079397e-17,1.0654895339408443,1,k1_to_k10
20022,4,0.05,1.045375406645815,1.0,0,0,0.004885450086117654,1.0409227124135916,1,k1_to_k10
20022,4,0.1,1.093368148339026,1.0,0,0,0.010007077246471235,1.0163558908863384,1,k1_to_k10
20022,4,0.15000000000000002,1.144211409207394,1.0,0,0,0.01538243194681245,0.9917890693590853,1,k1_to_k10
20022,4,0.2,1.198166921017397,1.0,0,0,0.021030847734954214,0.9672222478318324,1,k1_to_k10
20022,4,0.25,1.2555294697972417,1.0,0,0,0.026973673587912556,0.9426554263045792,1,k1_to_k10
20022,4,0.30000000000000004,1.3166322840089033,1.0,0,0,0.033234543562837976,0.918088604777326,1,k1_to_k10
20022,4,0.35000000000000003,1.3818535122308548,1.0,0,0,0.03983969093124752,0.893521783250073,1,k1_to_k10
20022,4,0.4,1.4516240563362022,1.0,0,0,0.04681831559988255,0.86895496172282,1,k1_to_k10
20022,4,0.45,1.5264371030446062,1.0,0,0,0.054203015670524976,0.8443881401955671,1,k1_to_k10
20022,4,0.5,1.6068597995655407,1.0,0,0,0.06203029659271795,0.819821318668314,1,k1_to_k10
20022,4,0.55,1.6935476579412068,1.0,0,0,0.07034117468826973,0.7952544971410609,1,k1_to_k10
20022,4,0.6000000000000001,1.787262462251584,1.0,0,0,0.07918189610523083,0.7706876756138078,1,k1_to_k10
20022,4,0.65,1.8888947144629984,1.0,0,0,0.0886047978058096,0.7461208540865547,1,k1_to_k10
20022,4,0.7000000000000001,1.9994920201696504,1.0,0,0,0.09866934443913428,0.7215540325593017,1,k1_to_k10
20022,4,0.75,2.120295332711172,1.0,0,0,0.1094433844949494,0.6969872110320486,1,k1_to_k10
20022,4,0.8,2.2527857165609957,1.0,0,0,0.12100468181812249,0.6724203895047957,1,k1_to_k10
20022,4,0.8500000000000001,2.398745372930671,1.0,0,0,0.1334427955763692,0.6478535679775426,1,k1_to_k10
20022,4,0.9,2.5603382741120124,1.0,0,0,0.14686140482108265,0.6232867464502895,1,k1_to_k10
20022,4,0.9500000000000001,2.7402181732802116,0.7999999999999999,1,1,0.16138120533983372,0.5987199249230365,1,k1_to_k10
20022,4,1.0,2.941675483095849,0.7999999999999999,1,1,0.17714355021076444,0.5741531033957834,1,k1_to_k10
20023,4,0.0,1.0,1.0,0,0,1.3877787807814457e-17,1.4914376129867992,1,k1_to_k10
20023,4,0.05,1.045375406645815,1.0,0,0,0.0004524244571374389,1.4525801121139854,1,k1_to_k10
20023,4,0.1,1.093368148339026,1.0,0,0,0.0009297195410841314,1.4137226112411714,1,k1_to_k10
20023,4,0.15000000000000002,1.144211409207394,1.0,0,0,0.0014339939904991494,1.3748651103683573,1,k1_to_k10
20023,4,0.2,1.198166921017397,1.0,0,0,0.001967601872926057,1.3360076094955433,1,k1_to_k10
20023,4,0.25,1.2555294697972417,1.0,0,0,0.002533179330222214,1.2971501086227293,1,k1_to_k10
20023,4,0.30000000000000004,1.3166322840089033,1.0,0,0,0.0031336881324299584,1.2582926077499152,1,k1_to_k10
20023,4,0.35000000000000003,1.3818535122308548,1.0,0,0,0.003772467558755939,1.2194351068771012,1,k1_to_k10
20023,4,0.4,1.4516240563362022,1.0,0,0,0.004453296524205522,1.1805776060042874,1,k1_to_k10
20023,4,0.45,1.5264371030446062,1.0,0,0,0.005180468392789121,1.1417201051314736,1,k1_to_k10
20023,4,0.5,1.6068597995655407,1.0,0,0,0.00595888160623128,1.1028626042586598,1,k1_to_k10
20023,4,0.55,1.6935476579412068,1.0,0,0,0.006794150171258492,1.0640051033858455,1,k1_to_k10
20023,4,0.6000000000000001,1.787262462251584,1.0,0,0,0.007692739274547916,1.0251476025130317,1,k1_to_k10
20023,4,0.65,1.8888947144629984,1.0,0,0,0.008662132955125988,0.9862901016402178,1,k1_to_k10
20023,4,0.7000000000000001,1.9994920201696504,1.0,0,0,0.009711043037733548,0.9474326007674038,1,k1_to_k10
20023,4,0.75,2.120295332711172,1.0,0,0,0.010849671679555709,0.90857509989459,1,k1_to_k10
20023,4,0.8,2.2527857165609957,1.0,0,0,0.012090044297797711,0.8697175990217761,1,k1_to_k10
20023,4,0.8500000000000001,2.398745372930671,1.0,0,0,0.013446435919006128,0.830860098148962,1,k1_to_k10
20023,4,0.9,2.5603382741120124,1.0,0,0,0.014935923034563488,0.7920025972761481,1,k1_to_k10
20023,4,0.9500000000000001,2.7402181732802116,1.0,0,0,0.016579106289601006,0.7531450964033342,1,k1_to_k10
20023,4,1.0,2.941675483095849,1.0,0,0,0.018401069059126307,0.7142875955305202,1,k1_to_k10
20024,4,0.0,1.0,1.0,0,0,1.3791051634015616e-16,0.5568563045845326,1,k1_to_k10
20024,4,0.05,1.045375406645815,1.0,0,0,0.004600257175304856,0.5409444361973039,1,k1_to_k10
20024,4,0.1,1.093368148339026,1.0,0,0,0.009479349193279297,0.5250325678100752,1,k1_to_k10
20024,4,0.15000000000000002,1.144211409207394,1.0,0,0,0.014663419854342347,0.5091206994228465,1,k1_to_k10
20024,4,0.2,1.198166921017397,1.0,0,0,0.02018198675666595,0.49320883103561797,1,k1_to_k10
20024,4,0.25,1.2555294697972417,1.0,0,0,0.02606850366541166,0.47729696264838933,1,k1_to_k10
20024,4,0.30000000000000004,1.3166322840089033,1.0,0,0,0.03236103924912638,0.4613850942611606,1,k1_to_k10
20024,4,0.35000000000000003,1.3818535122308548,1.0,0,0,0.03910310127894162,0.4454732258739319,1,k1_to_k10
20024,4,0.4,1.4516240563362022,1.0,0,0,0.04634464400834584,0.4295613574867034,1,k1_to_k10
20024,4,0.45,1.5264371030446062,1.0,0,0,0.05414330805842014,0.41364948909947474,1,k1_to_k10
20024,4,0.5,1.6068597995655407,1.0,0,0,0.06256595791973729,0.39773762071224605,1,k1_to_k10
20024,4,0.55,1.6935476579412068,1.0,0,0,0.07169060388922129,0.3818257523250174,1,k1_to_k10
20024,4,0.6000000000000001,1.787262462251584,1.0,0,0,0.08160882546280086,0.36591388393778873,1,k1_to_k10
20024,4,0.65,1.8888947144629984,1.0,0,0,0.09242885576491557,0.35000201555056004,1,k1_to_k10
20024,4,0.7000000000000001,1.9994920201696504,0.7999999999999999,1,1,0.10427954739945758,0.33409014716333135,1,k1_to_k10
20024,4,0.75,2.120295332711172,0.7999999999999999,1,1,0.11731552827694702,0.3181782787761028,1,k1_to_k10
20024,4,0.8,2.2527857165609957,0.7999999999999999,1,1,0.1317239859159411,0.3022664103888742,1,k1_to_k10
20024,4,0.8500000000000001,2.398745372930671,0.7999999999999999,1,1,0.14773371364488747,0.2863545420016455,1,k1_to_k10
20024,4,0.9,2.5603382741120124,0.7999999999999999,1,1,0.16562735027869527,0.2704426736144168,1,k1_to_k10
20024,4,0.9500000000000001,2.7402181732802116,0.7999999999999999,1,1,0.1857582107395516,0.25453080522718824,1,k1_to_k10
20024,4,1.0,2.941675483095849,0.7999999999999999,1,1,0.20857385059316513,0.23861893683995955,1,k1_to_k10
20025,4,0.0,1.0,1.0,0,0,3.8163916471489756e-17,0.8431326150376379,1,k1_to_k10
20025,4,0.05,1.045375406645815,1.0,0,0,0.002961072015382031,0.8218696899341006,1,k1_to_k10
20025,4,0.1,1.093368148339026,1.0,0,0,0.0060794273694891945,0.8006067648305633,1,k1_to_k10
20025,4,0.15000000000000002,1.144211409207394,1.0,0,0,0.009367939599061802,0.7793438397270259,1,k1_to_k10
20025,4,0.2,1.198166921017397,1.0,0,0,0.012840926567123772,0.7580809146234887,1,k1_to_k10
20025,4,0.25,1.2555294697972417,1.0,0,0,0.01651435886317123,0.7368179895199514,1,k1_to_k10
20025,4,0.30000000000000004,1.3166322840089033,1.0,0,0,0.020406105359391365,0.715555064416414,1,k1_to_k10
20025,4,0.35000000000000003,1.3818535122308548,1.0,0,0,0.024536223888320843,0.6942921393128767,1,k1_to_k10
20025,4,0.4,1.4516240563362022,1.0,0,0,0.02892730702055514,0.6730292142093395,1,k1_to_k10
20025,4,0.45,1.5264371030446062,1.0,0,0,0.03360489552541989,0.6517662891058024,1,k1_to_k10
20025,4,0.5,1.6068597995655407,1.0,0,0,0.03859797549225797,0.6305033640022649,1,k1_to_k10
20025,4,0.55,1.6935476579412068,1.0,0,0,0.043939579551038555,0.6092404388987277,1,k1_to_k10
20025,4,0.6000000000000001,1.787262462251584,1.0,0,0,0.049667518543961314,0.5879775137951904,1,k1_to_k10
20025,4,0.65,1.8888947144629984,1.0,0,0,0.05582527790937622,0.5667145886916531,1,k1_to_k10
20025,4,0.7000000000000001,1.9994920201696504,1.0,0,0,0.062463123723996025,0.5454516635881157,1,k1_to_k10
20025,4,0.75,2.120295332711172,1.0,0,0,0.06963947793470668,0.5241887384845785,1,k1_to_k10
20025,4,0.8,2.2527857165609957,1.0,0,0,0.07742264244641558,0.5029258133810413,1,k1_to_k10
20025,4,0.8500000000000001,2.398745372930671,1.0,0,0,0.08589297986726353,0.4816628882775039,1,k1_to_k10
20025,4,0.9,2.5603382741120124,1.0,0,0,0.0951456985417482,0.4603999631739667,1,k1_to_k10
20025,4,0.9500000000000001,2.7402181732802116,1.0,0,0,0.10529444668823623,0.4391370380704294,1,k1_to_k10
20025,4,1.0,2.941675483095849,1.0,0,0,0.11647600383167941,0.41787411296689214,1,k1_to_k10
20026,4,0.0,1.0,1.0,0,0,9.71445146547012e-17,1.042831364612414,1,k1_to_k10
20026,4,0.05,1.045375406645815,1.0,0,0,0.0010877935494555818,1.010195513343677,1,k1_to_k10
20026,4,0.1,1.093368148339026,1.0,0,0,0.0022482191230596762,0.9775596620749399,1,k1_to_k10
20026,4,0.15000000000000002,1.144211409207394,1.0,0,0,0.0034888024321242453,0.9449238108062026,1,k1_to_k10
20026,4,0.2,1.198166921017397,1.0,0,0,0.004818146075988565,0.9122879595374657,1,k1_to_k10
20026,4,0.25,1.2555294697972417,1.0,0,0,0.006246129309386984,0.8796521082687285,1,k1_to_k10
20026,4,0.30000000000000004,1.3166322840089033,1.0,0,0,0.0077841539924844855,0.8470162569999913,1,k1_to_k10
20026,4,0.35000000000000003,1.3818535122308548,1.0,0,0,0.009445449678793447,0.814380405731254,1,k1_to_k10
20026,4,0.4,1.4516240563362022,1.0,0,0,0.0112454551229699,0.7817445544625171,1,k1_to_k10
20026,4,0.45,1.5264371030446062,1.0,0,0,0.013202299513773288,0.7491087031937802,1,k1_to_k10
20026,4,0.5,1.6068597995655407,1.0,0,0,0.015337415230064468,0.716472851925043,1,k1_to_k10
20026,4,0.55,1.6935476579412068,1.0,0,0,0.017676326058031475,0.6838370006563057,1,k1_to_k10
20026,4,0.6000000000000001,1.787262462251584,1.0,0,0,0.020249672424032153,0.6512011493875687,1,k1_to_k10
20026,4,0.65,1.8888947144629984,1.0,0,0,0.023094561178586152,0.6185652981188315,1,k1_to_k10
20026,4,0.7000000000000001,1.9994920201696504,1.0,0,0,0.02625636647238868,0.5859294468500943,1,k1_to_k10
20026,4,0.75,2.120295332711172,0.7999999999999999,0,1,0.02979116797700329,0.5532935955813573,1,k1_to_k10
20026,4,0.8,2.2527857165609957,0.7999999999999999,0,1,0.03376910610036316,0.5206577443126202,1,k1_to_k10
20026,4,0.8500000000000001,2.398745372930671,0.7999999999999999,0,1,0.03827908345721101,0.488021893043883,1,k1_to_k10
20026,4,0.9,2.5603382741120124,0.7999999999999999,0,1,0.04343548796263688,0.45538604177514586,1,k1_to_k10
20026,4,0.9500000000000001,2.7402181732802116,0.7999999999999999,0,1,0.049388030018321157,0.42275019050640883,1,k1_to_k10
20026,4,1.0,2.941675483095849,0.7999999999999999,0,1,0.05633651740418655,0.39011433923767175,1,k1_to_k10
20027,4,0.0,1.0,1.0,0,0,7.28583859910259e-17,0.9453667835232263,1,k1_to_k10
20027,4,0.05,1.045375406645815,1.0,0,0,0.0006990341952687988,0.9210150374721857,1,k1_to_k10
20027,4,0.1,1.093368148339026,1.0,0,0,0.0014360373881915668,0.8966632914211448,1,k1_to_k10
20027,4,0.15000000000000002,1.144211409207394,1.0,0,0,0.0022141894451597754,0.8723115453701039,1,k1_to_k10
20027,4,0.2,1.198166921017397,1.0,0,0,0.0030370355107251744,0.8479597993190632,1,k1_to_k10
20027,4,0.25,1.2555294697972417,1.0,0,0,0.003908540008777352,0.8236080532680222,1,k1_to_k10
20027,4,0.30000000000000004,1.3166322840089033,1.0,0,0,0.004833150515570983,0.7992563072169814,1,k1_to_k10
20027,4,0.35000000000000003,1.3818535122308548,1.0,0,0,0.0058158736761957895,0.7749045611659405,1,k1_to_k10
20027,4,0.4,1.4516240563362022,1.0,0,0,0.006862365899740729,0.7505528151148998,1,k1_to_k10
20027,4,0.45,1.5264371030446062,1.0,0,0,0.007979042302179856,0.726201069063859,1,k1_to_k10
20027,4,0.5,1.6068597995655407,1.0,0,0,0.009173208328906612,0.7018493230128181,1,k1_to_k10
20027,4,0.55,1.6935476579412068,1.0,0,0,0.01045321976324647,0.6774975769617773,1,k1_to_k10
20027,4,0.6000000000000001,1.787262462251584,1.0,0,0,0.011828678529304162,0.6531458309107364,1,k1_to_k10
20027,4,0.65,1.8888947144629984,1.0,0,0,0.013310673992767792,0.6287940848596956,1,k1_to_k10
20027,4,0.7000000000000001,1.9994920201696504,1.0,0,0,0.014912082590811664,0.6044423388086547,1,k1_to_k10
20027,4,0.75,2.120295332711172,1.0,0,0,0.0166479429313606,0.580090592757614,1,k1_to_k10
20027,4,0.8,2.2527857165609957,1.0,0,0,0.018535929510496586,0.5557388467065733,1,k1_to_k10
20027,4,0.8500000000000001,2.398745372930671,1.0,0,0,0.02059695668345278,0.5313871006555324,1,k1_to_k10
20027,4,0.9,2.5603382741120124,1.0,0,0,0.022855956679662226,0.5070353546044916,1,k1_to_k10
20027,4,0.9500000000000001,2.7402181732802116,1.0,0,0,0.02534289312642514,0.4826836085534507,1,k1_to_k10
20027,4,1.0,2.941675483095849,1.0,0,0,0.028094097671268713,0.45833186250240987,1,k1_to_k10
20028,4,0.0,1.0,1.0,0,0,1.0928757898653885e-16,1.1138640757329483,1,k1_to_k10
20028,4,0.05,1.045375406645815,1.0,0,0,0.0007894897469107286,1.086389041972342,1,k1_to_k10
20028,4,0.1,1.093368148339026,1.0,0,0,0.0016199483681244523,1.0589140082117356,1,k1_to_k10
20028,4,0.15000000000000002,1.144211409207394,1.0,0,0,0.002494649798112831,1.031438974451129,1,k1_to_k10
20028,4,0.2,1.198166921017397,1.0,0,0,0.003417226356570084,1.0039639406905227,1,k1_to_k10
20028,4,0.25,1.2555294697972417,1.0,0,0,0.004391719167040891,0.9764889069299162,1,k1_to_k10
20028,4,0.30000000000000004,1.3166322840089033,1.0,0,0,0.005422637333608606,0.9490138731693096,1,k1_to_k10
20028,4,0.35000000000000003,1.3818535122308548,1.0,0,0,0.006515027703450919,0.9215388394087032,1,k1_to_k10
20028,4,0.4,1.4516240563362022,1.0,0,0,0.0076745574924300545,0.8940638056480968,1,k1_to_k10
20028,4,0.45,1.5264371030446062,1.0,0,0,0.008907612628452966,0.8665887718874905,1,k1_to_k10
20028,4,0.5,1.6068597995655407,1.0,0,0,0.010221415415125784,0.8391137381268841,1,k1_to_k10
20028,4,0.55,1.6935476579412068,1.0,0,0,0.011624166093821001,0.8116387043662775,1,k1_to_k10
20028,4,0.6000000000000001,1.787262462251584,1.0,0,0,0.013125214165521254,0.784163670605671,1,k1_to_k10
20028,4,0.65,1.8888947144629984,1.0,0,0,0.014735267036390201,0.7566886368450647,1,k1_to_k10
20028,4,0.7000000000000001,1.9994920201696504,1.0,0,0,0.0164666458309566,0.7292136030844582,1,k1_to_k10
20028,4,0.75,2.120295332711172,1.0,0,0,0.018333601300121224,0.7017385693238518,1,k1_to_k10
20028,4,0.8,2.2527857165609957,1.0,0,0,0.020352706965282956,0.6742635355632454,1,k1_to_k10
20028,4,0.8500000000000001,2.398745372930671,1.0,0,0,0.02254335246506429,0.6467885018026389,1,k1_to_k10
20028,4,0.9,2.5603382741120124,1.0,0,0,0.0249283682221381,0.6193134680420325,1,k1_to_k10
20028,4,0.9500000000000001,2.7402181732802116,1.0,0,0,0.02753482410425125,0.591838434281426,1,k1_to_k10
20028,4,1.0,2.941675483095849,1.0,0,0,0.030395061373642507,0.5643634005208196,1,k1_to_k10
20029,4,0.0,1.0,1.0,0,0,3.157196726277789e-16,0.34421232718270456,1,k1_to_k10
20029,4,0.05,1.045375406645815,1.0,0,0,0.011725286858636035,0.3313460727655852,1,k1_to_k10
20029,4,0.1,1.093368148339026,1.0,0,0,0.02439795257863391,0.31847981834846584,1,k1_to_k10
20029,4,0.15000000000000002,1.144211409207394,1.0,0,0,0.03813765039759507,0.3056135639313464,1,k1_to_k10
20029,4,0.2,1.198166921017397,1.0,0,0,0.05308506860890723,0.2927473095142271,1,k1_to_k10
20029,4,0.25,1.2555294697972417,1.0,0,0,0.06940676551528191,0.27988105509710776,1,k1_to_k10
20029,4,0.30000000000000004,1.3166322840089033,1.0,0,0,0.08730140223159805,0.2670148006799883,1,k1_to_k10
20029,4,0.35000000000000003,1.3818535122308548,1.0,0,0,0.1070078686992904,0.2541485462628689,1,k1_to_k10
20029,4,0.4,1.4516240563362022,1.0,0,0,0.12881600959402945,0.24128229184574962,1,k1_to_k10
20029,4,0.45,1.5264371030446062,1.0,0,0,0.15308097525707137,0.22841603742863031,1,k1_to_k10
20029,4,0.5,1.6068597995655407,1.0,0,0,0.1802427123042599,0.2155497830115109,1,k1_to_k10
20029,4,0.55,1.6935476579412068,1.0,0,0,0.21085287776281048,0.20268352859439154,1,k1_to_k10
20029,4,0.6000000000000001,1.787262462251584,1.0,0,0,0.24561269902320385,0.18981727417727215,1,k1_to_k10
20029,4,0.65,1.8888947144629984,1.0,0,0,0.2854273507608216,0.17695101976015284,1,k1_to_k10
20029,4,0.7000000000000001,1.9994920201696504,1.0,0,0,0.33148591475579353,0.16408476534303343,1,k1_to_k10
20029,4,0.75,2.120295332711172,1.0,0,0,0.385382159452922,0.15121851092591415,1,k1_to_k10
20029,4,0.8,2.2527857165609957,1.0,0,0,0.44930271186861015,0.13835225650879476,1,k1_to_k10
20029,4,0.8500000000000001,2.398745372930671,1.0,0,0,0.5263309906626112,0.12548600209167537,1,k1_to_k10
20029,4,0.9,2.5603382741120124,1.0,0,0,0.6209594763961686,0.11261974767455601,1,k1_to_k10
20029,4,0.9500000000000001,2.7402181732802116,1.0,0,0,0.7399984190029034,0.09975349325743663,1,k1_to_k10
20029,4,1.0,2.941675483095849,1.0,0,0,0.8942919131770521,0.0868872388403173,1,k1_to_k10
20030,4,0.0,1.0,1.0,0,0,1.1102230246251565e-16,0.8858825786072244,1,k1_to_k10
20030,4,0.05,1.045375406645815,1.0,0,0,0.001396866406014028,0.8583205373105002,1,k1_to_k10
20030,4,0.1,1.093368148339026,1.0,0,0,0.002886420373463365,0.8307584960137756,1,k1_to_k10
20030,4,0.15000000000000002,1.144211409207394,1.0,0,0,0.004478203746242953,0.8031964547170513,1,k1_to_k10
20030,4,0.2,1.198166921017397,1.0,0,0,0.0061831146396608624,0.775634413420327,1,k1_to_k10
20030,4,0.25,1.2555294697972417,1.0,0,0,0.008013657293327321,0.7480723721236026,1,k1_to_k10
20030,4,0.30000000000000004,1.3166322840089033,1.0,0,0,0.00998424927052782,0.7205103308268781,1,k1_to_k10
20030,4,0.35000000000000003,1.3818535122308548,1.0,0,0,0.012111601970787273,0.6929482895301536,1,k1_to_k10
20030,4,0.4,1.4516240563362022,1.0,0,0,0.014415195713397312,0.6653862482334294,1,k1_to_k10
20030,4,0.45,1.5264371030446062,1.0,0,0,0.016917877998506088,0.6378242069367052,1,k1_to_k10
20030,4,0.5,1.6068597995655407,0.7999999999999999,0,1,0.019646623888335962,0.6102621656399807,1,k1_to_k10
20030,4,0.55,1.6935476579412068,0.7999999999999999,0,1,0.022633512187140013,0.5827001243432564,1,k1_to_k10
20030,4,0.6000000000000001,1.787262462251584,0.7999999999999999,0,1,0.025916992419210687,0.5551380830465319,1,k1_to_k10
20030,4,0.65,1.8888947144629984,0.7999999999999999,0,1,0.029543548949640647,0.5275760417498077,1,k1_to_k10
20030,4,0.7000000000000001,1.9994920201696504,0.7999999999999999,0,1,0.03356991548845472,0.5000140004530832,1,k1_to_k10
20030,4,0.75,2.120295332711172,0.7999999999999999,0,1,0.03806606473709891,0.4724519591563589,1,k1_to_k10
20030,4,0.8,2.2527857165609957,0.7999999999999999,0,1,0.04311930933132241,0.44488991785963455,1,k1_to_k10
20030,4,0.8500000000000001,2.398745372930671,0.7999999999999999,0,1,0.04884002784238802,0.41732787656291015,1,k1_to_k10
20030,4,0.9,2.5603382741120124,0.7999999999999999,0,1,0.055369820241323926,0.3897658352661858,1,k1_to_k10
20030,4,0.9500000000000001,2.7402181732802116,0.7999999999999999,0,1,0.06289338692288766,0.36220379396946145,1,k1_to_k10
20030,4,1.0,2.941675483095849,0.7999999999999999,0,1,0.0716562780696128,0.3346417526727371,1,k1_to_k10
20031,4,0.0,1.0,1.0,0,0,5.551115123125783e-17,0.422553118538303,1,k1_to_k10
20031,4,0.05,1.045375406645815,1.0,0,0,0.0025304307742790993,0.41034095213863675,1,k1_to_k10
20031,4,0.1,1.093368148339026,1.0,0,0,0.005216097958409764,0.39812878573897037,1,k1_to_k10
20031,4,0.15000000000000002,1.144211409207394,1.0,0,0,0.00807173872182218,0.38591661933930405,1,k1_to_k10
20031,4,0.2,1.198166921017397,1.0,0,0,0.011114016598633425,0.37370445293963783,1,k1_to_k10
20031,4,0.25,1.2555294697972417,1.0,0,0,0.014361846876140408,0.36149228653997145,1,k1_to_k10
20031,4,0.30000000000000004,1.3166322840089033,1.0,0,0,0.01783679024425705,0.3492801201403052,1,k1_to_k10
20031,4,0.35000000000000003,1.3818535122308548,1.0,0,0,0.021563532017828207,0.33706795374063886,1,k1_to_k10
20031,4,0.4,1.4516240563362022,0.7999999999999999,0,1,0.025570469450155973,0.32485578734097253,1,k1_to_k10
20031,4,0.45,1.5264371030446062,0.7999999999999999,0,1,0.029890436692778917,0.3126436209413063,1,k1_to_k10
20031,4,0.5,1.6068597995655407,0.7999999999999999,0,1,0.034561606567553,0.30043145454164,1,k1_to_k10
20031,4,0.55,1.6935476579412068,0.7999999999999999,0,1,0.03962862159314699,0.2882192881419736,1,k1_to_k10
20031,4,0.6000000000000001,1.787262462251584,0.7999999999999999,0,1,0.045144025270827316,0.2760071217423074,1,k1_to_k10
20031,4,0.65,1.8888947144629984,0.7999999999999999,0,1,0.05117009093130174,0.2637949553426411,1,k1_to_k10
20031,4,0.7000000000000001,1.9994920201696504,0.7999999999999999,0,1,0.057781183229649306,0.25158278894297476,1,k1_to_k10
20031,4,0.75,2.120295332711172,0.7999999999999999,0,1,0.0650668425101365,0.2393706225433085,1,k1_to_k10
20031,4,0.8,2.2527857165609957,0.7999999999999999,0,1,0.07313586407415962,0.22715845614364222,1,k1_to_k10
20031,4,0.8500000000000001,2.398745372930671,0.7999999999999999,0,1,0.08212176802903245,0.21494628974397587,1,k1_to_k10
20031,4,0.9,2.5603382741120124,0.7999999999999999,0,1,0.09219024607195773,0.2027341233443096,1,k1_to_k10
20031,4,0.9500000000000001,2.7402181732802116,0.7999999999999999,0,1,0.10354947223886266,0.1905219569446433,1,k1_to_k10
20031,4,1.0,2.941675483095849,0.7999999999999999,0,1,0.11646465065827949,0.17830979054497698,1,k1_to_k10
20032,4,0.0,1.0,1.0,0,0,2.5804011705155006e-17,0.5318427225738348,1,k1_to_k10
20032,4,0.05,1.045375406645815,1.0,0,0,0.0030500571675174106,0.5150024681890719,1,k1_to_k10
20032,4,0.1,1.093368148339026,1.0,0,0,0.006306327239850725,0.49816221380430903,1,k1_to_k10
20032,4,0.15000000000000002,1.144211409207394,1.0,0,0,0.00979045484201602,0.4813219594195461,1,k1_to_k10
20032,4,0.2,1.198166921017397,1.0,0,0,0.013527223590187471,0.46448170503478325,1,k1_to_k10
20032,4,0.25,1.2555294697972417,1.0,0,0,0.01754514653533871,0.4476414506500204,1,k1_to_k10
20032,4,0.30000000000000004,1.3166322840089033,1.0,0,0,0.02187719509147421,0.4308011962652574,1,k1_to_k10
20032,4,0.35000000000000003,1.3818535122308548,1.0,0,0,0.02656170588407587,0.4139609418804945,1,k1_to_k10
20032,4,0.4,1.4516240563362022,1.0,0,0,0.03164351833282175,0.3971206874957317,1,k1_to_k10
20032,4,0.45,1.5264371030446062,1.0,0,0,0.0371754144930668,0.3802804331109689,1,k1_to_k10
20032,4,0.5,1.6068597995655407,1.0,0,0,0.04321995919368572,0.36344017872620593,1,k1_to_k10
20032,4,0.55,1.6935476579412068,1.0,0,0,0.049851876615703325,0.34659992434144304,1,k1_to_k10
20032,4,0.6000000000000001,1.787262462251584,1.0,0,0,0.05716115507741501,0.32975966995668016,1,k1_to_k10
20032,4,0.65,1.8888947144629984,1.0,0,0,0.06525715435310572,0.31291941557191727,1,k1_to_k10
20032,4,0.7000000000000001,1.9994920201696504,1.0,0,0,0.074274114676881,0.2960791611871544,1,k1_to_k10
20032,4,0.75,2.120295332711172,1.0,0,0,0.08437865915838377,0.27923890680239155,1,k1_to_k10
20032,4,0.8,2.2527857165609957,1.0,0,0,0.09578018514450064,0.26239865241762866,1,k1_to_k10
20032,4,0.8500000000000001,2.398745372930671,1.0,0,0,0.10874553138289823,0.24555839803286575,1,k1_to_k10
20032,4,0.9,2.5603382741120124,1.0,0,0,0.12362012474405197,0.2287181436481029,1,k1_to_k10
20032,4,0.9500000000000001,2.7402181732802116,1.0,0,0,0.1408592115116921,0.21187788926334,1,k1_to_k10
20032,4,1.0,2.941675483095849,1.0,0,0,0.16107526840829034,0.19503763487857714,1,k1_to_k10
20033,4,0.0,1.0,1.0,0,0,1.1346175735060804e-16,0.8778608719281439,1,k1_to_k10
20033,4,0.05,1.045375406645815,1.0,0,0,0.0020906920253882313,0.8524585565163607,1,k1_to_k10
20033,4,0.1,1.093368148339026,1.0,0,0,0.004309811636757517,0.8270562411045773,1,k1_to_k10
20033,4,0.15000000000000002,1.144211409207394,1.0,0,0,0.00666956743663109,0.8016539256927939,1,k1_to_k10
20033,4,0.2,1.198166921017397,1.0,0,0,0.009183766100981285,0.7762516102810108,1,k1_to_k10
20033,4,0.25,1.2555294697972417,1.0,0,0,0.011868082704886446,0.7508492948692274,1,k1_to_k10
20033,4,0.30000000000000004,1.3166322840089033,1.0,0,0,0.014740387842670167,0.7254469794574441,1,k1_to_k10
20033,4,0.35000000000000003,1.3818535122308548,1.0,0,0,0.017821145968716957,0.7000446640456607,1,k1_to_k10
20033,4,0.4,1.4516240563362022,1.0,0,0,0.02113390373067047,0.6746423486338774,1,k1_to_k10
20033,4,0.45,1.5264371030446062,1.0,0,0,0.024705892942460488,0.6492400332220942,1,k1_to_k10
20033,4,0.5,1.6068597995655407,1.0,0,0,0.028568780873628512,0.6238377178103109,1,k1_to_k10
20033,4,0.55,1.6935476579412068,1.0,0,0,0.03275961162781332,0.5984354023985275,1,k1_to_k10
20033,4,0.6000000000000001,1.787262462251584,1.0,0,0,0.03732199790670632,0.5730330869867443,1,k1_to_k10
20033,4,0.65,1.8888947144629984,1.0,0,0,0.04230764445986586,0.547630771574961,1,k1_to_k10
20033,4,0.7000000000000001,1.9994920201696504,1.0,0,0,0.04777831615778862,0.5222284561631776,1,k1_to_k10
20033,4,0.75,2.120295332711172,1.0,0,0,0.05380840982080687,0.49682614075139436,1,k1_to_k10
20033,4,0.8,2.2527857165609957,0.7999999999999999,0,1,0.060488357534286885,0.4714238253396111,1,k1_to_k10
20033,4,0.8500000000000001,2.398745372930671,0.7999999999999999,0,1,0.06792919294028887,0.44602150992782774,1,k1_to_k10
20033,4,0.9,2.5603382741120124,0.7999999999999999,0,1,0.07626877215244487,0.4206191945160444,1,k1_to_k10
20033,4,0.9500000000000001,2.7402181732802116,0.7999999999999999,0,1,0.0856803937430989,0.3952168791042612,1,k1_to_k10
20033,4,1.0,2.941675483095849,0.7999999999999999,0,1,0.09638497133740531,0.36981456369247784,1,k1_to_k10
20034,4,0.0,1.0,1.0,0,0,7.632783294297951e-17,0.6970875086787431,1,k1_to_k10
20034,4,0.05,1.045375406645815,1.0,0,0,0.00416578025966393,0.6820670042376747,1,k1_to_k10
20034,4,0.1,1.093368148339026,1.0,0,0,0.008519169991560688,0.6670464997966064,1,k1_to_k10
20034,4,0.15000000000000002,1.144211409207394,1.0,0,0,0.01307313488539092,0.6520259953555378,1,k1_to_k10
20034,4,0.2,1.198166921017397,1.0,0,0,0.01784186354778483,0.6370054909144696,1,k1_to_k10
20034,4,0.25,1.2555294697972417,1.0,0,0,0.022840915165264368,0.6219849864734012,1,k1_to_k10
20034,4,0.30000000000000004,1.3166322840089033,1.0,0,0,0.028087389092431816,0.6069644820323328,1,k1_to_k10
20034,4,0.35000000000000003,1.3818535122308548,1.0,0,0,0.03360012025983223,0.5919439775912644,1,k1_to_k10
20034,4,0.4,1.4516240563362022,1.0,0,0,0.03939990510709135,0.576923473150196,1,k1_to_k10
20034,4,0.45,1.5264371030446062,1.0,0,0,0.045509763753232985,0.5619029687091277,1,k1_to_k10
20034,4,0.5,1.6068597995655407,1.0,0,0,0.05195524537112796,0.5468824642680592,1,k1_to_k10
20034,4,0.55,1.6935476579412068,1.0,0,0,0.05876478530707921,0.5318619598269908,1,k1_to_k10
20034,4,0.6000000000000001,1.787262462251584,1.0,0,0,0.0659701244723057,0.5168414553859225,1,k1_to_k10
20034,4,0.65,1.8888947144629984,1.0,0,0,0.0736068040537778,0.5018209509448541,1,k1_to_k10
20034,4,0.7000000000000001,1.9994920201696504,1.0,0,0,0.08171475181255895,0.48680044650378573,1,k1_to_k10
20034,4,0.75,2.120295332711172,1.0,0,0,0.09033898038135613,0.4717799420627174,1,k1_to_k10
20034,4,0.8,2.2527857165609957,1.0,0,0,0.09953042334288886,0.45675943762164906,1,k1_to_k10
20034,4,0.8500000000000001,2.398745372930671,1.0,0,0,0.10934694188392502,0.44173893318058066,1,k1_to_k10
20034,4,0.9,2.5603382741120124,1.0,0,0,0.1198545440548715,0.42671842873951227,1,k1_to_k10
20034,4,0.9500000000000001,2.7402181732802116,1.0,0,0,0.13112887093225223,0.41169792429844393,1,k1_to_k10
20034,4,1.0,2.941675483095849,1.0,0,0,0.14325702042949698,0.3966774198573756,1,k1_to_k10
20035,4,0.0,1.0,1.0,0,0,1.3877787807814457e-17,0.9332390471495496,1,k1_to_k10
20035,4,0.05,1.045375406645815,1.0,0,0,0.0006231106503589504,0.9108372261319619,1,k1_to_k10
20035,4,0.1,1.093368148339026,1.0,0,0,0.001277644661793198,0.8884354051143741,1,k1_to_k10
20035,4,0.15000000000000002,1.144211409207394,1.0,0,0,0.0019660405327288216,0.8660335840967863,1,k1_to_k10
20035,4,0.2,1.198166921017397,1.0,0,0,0.002690995769408705,0.8436317630791986,1,k1_to_k10
20035,4,0.25,1.2555294697972417,1.0,0,0,0.00345550221245855,0.8212299420616107,1,k1_to_k10
20035,4,0.30000000000000004,1.3166322840089033,1.0,0,0,0.004262887307505944,0.7988281210440229,1,k1_to_k10
20035,4,0.35000000000000003,1.3818535122308548,1.0,0,0,0.005116862520355495,0.7764263000264351,1,k1_to_k10
20035,4,0.4,1.4516240563362022,1.0,0,0,0.006021580382560142,0.7540244790088474,1,k1_to_k10
20035,4,0.45,1.5264371030446062,1.0,0,0,0.0069817020171852595,0.7316226579912597,1,k1_to_k10
20035,4,0.5,1.6068597995655407,1.0,0,0,0.008002477461999509,0.7092208369736719,1,k1_to_k10
20035,4,0.55,1.6935476579412068,1.0,0,0,0.009089841711965106,0.686819015956084,1,k1_to_k10
20035,4,0.6000000000000001,1.787262462251584,1.0,0,0,0.010250530191027209,0.6644171949384962,1,k1_to_k10
20035,4,0.65,1.8888947144629984,1.0,0,0,0.011492218398822654,0.6420153739209085,1,k1_to_k10
20035,4,0.7000000000000001,1.9994920201696504,1.0,0,0,0.01282369185053462,0.6196135529033207,1,k1_to_k10
20035,4,0.75,2.120295332711172,1.0,0,0,0.014255054264108467,0.5972117318857328,1,k1_to_k10
20035,4,0.8,2.2527857165609957,1.0,0,0,0.01579798442901688,0.5748099108681451,1,k1_to_k10
20035,4,0.8500000000000001,2.398745372930671,1.0,0,0,0.01746605557586229,0.5524080898505572,1,k1_to_k10
20035,4,0.9,2.5603382741120124,1.0,0,0,0.019275135738916115,0.5300062688329694,1,k1_to_k10
20035,4,0.9500000000000001,2.7402181732802116,1.0,0,0,0.021243894132504215,0.5076044478153818,1,k1_to_k10
20035,4,1.0,2.941675483095849,1.0,0,0,0.023394447803875826,0.485202626797794,1,k1_to_k10
20036,4,0.0,1.0,1.0,0,0,1.2836953722228372e-16,0.5679042440372578,1,k1_to_k10
20036,4,0.05,1.045375406645815,1.0,0,0,0.0022176705759745195,0.5515407389851216,1,k1_to_k10
20036,4,0.1,1.093368148339026,1.0,0,0,0.00457095552929172,0.5351772339329853,1,k1_to_k10
20036,4,0.15000000000000002,1.144211409207394,1.0,0,0,0.007072686786471414,0.5188137288808491,1,k1_to_k10
20036,4,0.2,1.198166921017397,1.0,0,0,0.00973736788474781,0.5024502238287128,1,k1_to_k10
20036,4,0.25,1.2555294697972417,1.0,0,0,0.012581455335552088,0.4860867187765766,1,k1_to_k10
20036,4,0.30000000000000004,1.3166322840089033,1.0,0,0,0.015623698798280714,0.4697232137244403,1,k1_to_k10
20036,4,0.35000000000000003,1.3818535122308548,1.0,0,0,0.018885554923184316,0.45335970867230396,1,k1_to_k10
20036,4,0.4,1.4516240563362022,1.0,0,0,0.02239169417337372,0.43699620362016783,1,k1_to_k10
20036,4,0.45,1.5264371030446062,1.0,0,0,0.026170625945539174,0.42063269856803165,1,k1_to_k10
20036,4,0.5,1.6068597995655407,1.0,0,0,0.030255475507817254,0.40426919351589535,1,k1_to_k10
20036,4,0.55,1.6935476579412068,1.0,0,0,0.03468495758484026,0.38790568846375906,1,k1_to_k10
20036,4,0.6000000000000001,1.787262462251584,1.0,0,0,0.03950460721527618,0.3715421834116229,1,k1_to_k10
20036,4,0.65,1.8888947144629984,1.0,0,0,0.04476835085181323,0.3551786783594866,1,k1_to_k10
20036,4,0.7000000000000001,1.9994920201696504,1.0,0,0,0.05054053273064499,0.33881517330735034,1,k1_to_k10
20036,4,0.75,2.120295332711172,1.0,0,0,0.056898558235885535,0.3224516682552142,1,k1_to_k10
20036,4,0.8,2.2527857165609957,1.0,0,0,0.06393638515120316,0.3060881632030779,1,k1_to_k10
20036,4,0.8500000000000001,2.398745372930671,0.7999999999999999,0,1,0.07176919801642109,0.2897246581509416,1,k1_to_k10
20036,4,0.9,2.5603382741120124,0.7999999999999999,0,1,0.08053976133695781,0.2733611530988054,1,k1_to_k10
20036,4,0.9500000000000001,2.7402181732802116,0.7999999999999999,0,1,0.0904271999152759,0.25699764804666914,1,k1_to_k10
20036,4,1.0,2.941675483095849,0.7999999999999999,0,1,0.10165936164148637,0.24063414299453295,1,k1_to_k10
20037,4,0.0,1.0,1.0,0,0,5.551115123125783e-17,1.174172188035794,1,k1_to_k10
20037,4,0.05,1.045375406645815,1.0,0,0,0.003261804215440478,1.1515013352571972,1,k1_to_k10
20037,4,0.1,1.093368148339026,1.0,0,0,0.0066546252386456214,1.1288304824786004,1,k1_to_k10
20037,4,0.15000000000000002,1.144211409207394,1.0,0,0,0.010186518677541875,1.1061596297000031,1,k1_to_k10
20037,4,0.2,1.198166921017397,1.0,0,0,0.013866214360242622,1.0834887769214065,1,k1_to_k10
20037,4,0.25,1.2555294697972417,1.0,0,0,0.017703188379204253,1.0608179241428095,1,k1_to_k10
20037,4,0.30000000000000004,1.3166322840089033,1.0,0,0,0.021707744575101398,1.0381470713642127,1,k1_to_k10
20037,4,0.35000000000000003,1.3818535122308548,1.0,0,0,0.025891106935631826,1.0154762185856157,1,k1_to_k10
20037,4,0.4,1.4516240563362022,1.0,0,0,0.030265524653962497,0.9928053658070188,1,k1_to_k10
20037,4,0.45,1.5264371030446062,1.0,0,0,0.03484439191769635,0.970134513028422,1,k1_to_k10
20037,4,0.5,1.6068597995655407,1.0,0,0,0.03964238489565872,0.947463660249825,1,k1_to_k10
20037,4,0.55,1.6935476579412068,1.0,0,0,0.044675618873674966,0.9247928074712282,1,k1_to_k10
20037,4,0.6000000000000001,1.787262462251584,1.0,0,0,0.049961829083834355,0.9021219546926311,1,k1_to_k10
20037,4,0.65,1.8888947144629984,1.0,0,0,0.05552057950269987,0.8794511019140343,1,k1_to_k10
20037,4,0.7000000000000001,1.9994920201696504,1.0,0,0,0.06137350479897698,0.8567802491354374,1,k1_to_k10
20037,4,0.75,2.120295332711172,1.0,0,0,0.0675445917375891,0.8341093963568406,1,k1_to_k10
20037,4,0.8,2.2527857165609957,1.0,0,0,0.07406050775679263,0.8114385435782436,1,k1_to_k10
20037,4,0.8500000000000001,2.398745372930671,1.0,0,0,0.08095098620930097,0.7887676907996467,1,k1_to_k10
20037,4,0.9,2.5603382741120124,1.0,0,0,0.08824928000529625,0.7660968380210498,1,k1_to_k10
20037,4,0.9500000000000001,2.7402181732802116,1.0,0,0,0.09599269825878537,0.743425985242453,1,k1_to_k10
20037,4,1.0,2.941675483095849,1.0,0,0,0.10422324421298992,0.720755132463856,1,k1_to_k10
20038,4,0.0,1.0,1.0,0,0,1.1709383462843448e-16,0.7584699013202844,1,k1_to_k10
20038,4,0.05,1.045375406645815,1.0,0,0,0.0035331764830521563,0.7431263081981492,1,k1_to_k10
20038,4,0.1,1.093368148339026,1.0,0,0,0.0072153304596931644,0.7277827150760139,1,k1_to_k10
20038,4,0.15000000000000002,1.144211409207394,1.0,0,0,0.011056087384121867,0.7124391219538786,1,k1_to_k10
20038,4,0.2,1.198166921017397,1.0,0,0,0.015065920164275213,0.6970955288317435,1,k1_to_k10
20038,4,0.25,1.2555294697972417,1.0,0,0,0.019256244526318696,0.6817519357096082,1,k1_to_k10
20038,4,0.30000000000000004,1.3166322840089033,1.0,0,0,0.02363952755334931,0.666408342587473,1,k1_to_k10
20038,4,0.35000000000000003,1.3818535122308548,1.0,0,0,0.028229411571636703,0.6510647494653378,1,k1_to_k10
20038,4,0.4,1.4516240563362022,1.0,0,0,0.033040855977372705,0.6357211563432026,1,k1_to_k10
20038,4,0.45,1.5264371030446062,1.0,0,0,0.03809030010994631,0.6203775632210675,1,k1_to_k10
20038,4,0.5,1.6068597995655407,1.0,0,0,0.043395850907904335,0.6050339700989322,1,k1_to_k10
20038,4,0.55,1.6935476579412068,1.0,0,0,0.04897749986147434,0.5896903769767969,1,k1_to_k10
20038,4,0.6000000000000001,1.787262462251584,1.0,0,0,0.05485737474022287,0.5743467838546619,1,k1_to_k10
20038,4,0.65,1.8888947144629984,1.0,0,0,0.06106003277743709,0.5590031907325266,1,k1_to_k10
20038,4,0.7000000000000001,1.9994920201696504,1.0,0,0,0.0676128035014027,0.5436595976103913,1,k1_to_k10
20038,4,0.75,2.120295332711172,1.0,0,0,0.07454619130664925,0.5283160044882561,1,k1_to_k10
20038,4,0.8,2.2527857165609957,1.0,0,0,0.08189435027340286,0.5129724113661209,1,k1_to_k10
20038,4,0.8500000000000001,2.398745372930671,0.7999999999999999,0,1,0.08969564682885361,0.4976288182439858,1,k1_to_k10
20038,4,0.9,2.5603382741120124,0.7999999999999999,0,1,0.09799332981265353,0.48228522512185057,1,k1_to_k10
20038,4,0.9500000000000001,2.7402181732802116,0.7999999999999999,0,1,0.10683633265159109,0.46694163199971533,1,k1_to_k10
20038,4,1.0,2.941675483095849,0.7999999999999999,0,1,0.11628023906343075,0.4515980388775801,1,k1_to_k10
20039,4,0.0,1.0,1.0,0,0,1.8041124150158794e-16,0.4069935777206458,1,k1_to_k10
20039,4,0.05,1.045375406645815,1.0,0,0,0.007910973438107774,0.39415836945774235,1,k1_to_k10
20039,4,0.1,1.093368148339026,1.0,0,0,0.016354508241343498,0.3813231611948389,1,k1_to_k10
20039,4,0.15000000000000002,1.144211409207394,1.0,0,0,0.02538625509771332,0.3684879529319353,1,k1_to_k10
20039,4,0.2,1.198166921017397,1.0,0,0,0.03506989824121677,0.3556527446690319,1,k1_to_k10
20039,4,0.25,1.2555294697972417,1.0,0,0,0.0454786593456827,0.3428175364061284,1,k1_to_k10
20039,4,0.30000000000000004,1.3166322840089033,1.0,0,0,0.05669715239722825,0.3299823281432248,1,k1_to_k10
20039,4,0.35000000000000003,1.3818535122308548,1.0,0,0,0.06882368897612398,0.3171471198803213,1,k1_to_k10
20039,4,0.4,1.4516240563362022,1.0,0,0,0.08197316692902343,0.3043119116174179,1,k1_to_k10
20039,4,0.45,1.5264371030446062,1.0,0,0,0.09628072225916474,0.2914767033545144,1,k1_to_k10
20039,4,0.5,1.6068597995655407,1.0,0,0,0.11190639033008751,0.27864149509161096,1,k1_to_k10
20039,4,0.55,1.6935476579412068,1.0,0,0,0.1290411175457747,0.2658062868287074,1,k1_to_k10
20039,4,0.6000000000000001,1.787262462251584,1.0,0,0,0.14791460314908647,0.25297107856580386,1,k1_to_k10
20039,4,0.65,1.8888947144629984,1.0,0,0,0.16880565587437651,0.24013587030290046,1,k1_to_k10
20039,4,0.7000000000000001,1.9994920201696504,1.0,0,0,0.19205605951535604,0.22730066203999688,1,k1_to_k10
20039,4,0.75,2.120295332711172,1.0,0,0,0.21808941740535542,0.21446545377709347,1,k1_to_k10
20039,4,0.8,2.2527857165609957,1.0,0,0,0.2474371944138633,0.20163024551419,1,k1_to_k10
20039,4,0.8500000000000001,2.398745372930671,1.0,0,0,0.28077538171537175,0.18879503725128643,1,k1_to_k10
20039,4,0.9,2.5603382741120124,1.0,0,0,0.31897720840073923,0.17595982898838297,1,k1_to_k10
20039,4,0.9500000000000001,2.7402181732802116,1.0,0,0,0.3631907382778056,0.1631246207254795,1,k1_to_k10
20039,4,1.0,2.941675483095849,1.0,0,0,0.4149562287981622,0.15028941246257602,1,k1_to_k10
20000,6,0.0,1.0,1.0,0,0,1.2858637765678083e-16,2.695163502603732,1,k1_to_k10
20000,6,0.05,1.045375406645815,1.0,0,0,0.006798607388281298,2.654429286842233,1,k1_to_k10
20000,6,0.1,1.093368148339026,0.942857142857143,1,1,0.013809126214354815,2.613695071080734,1,k1_to_k10
20000,6,0.15000000000000002,1.144211409207394,0.942857142857143,1,1,0.02104162120137233,2.5729608553192342,1,k1_to_k10
20000,6,0.2,1.198166921017397,0.942857142857143,1,1,0.028506804690037427,2.532226639557736,1,k1_to_k10
20000,6,0.25,1.2555294697972417,0.942857142857143,1,1,0.036216089579149735,2.4914924237962364,1,k1_to_k10
20000,6,0.30000000000000004,1.3166322840089033,0.942857142857143,1,1,0.04418164754572085,2.4507582080347374,1,k1_to_k10
20000,6,0.35000000000000003,1.3818535122308548,0.942857142857143,1,1,0.05241647316930377,2.410023992273239,1,k1_to_k10
20000,6,0.4,1.4516240563362022,0.942857142857143,1,1,0.06093445467110363,2.3692897765117396,1,k1_to_k10
20000,6,0.45,1.5264371030446062,0.942857142857143,1,1,0.06975045207786652,2.3285555607502415,1,k1_to_k10
20000,6,0.5,1.6068597995655407,0.942857142857143,1,1,0.0788803837359261,2.2878213449887417,1,k1_to_k10
20000,6,0.55,1.6935476579412068,0.942857142857143,1,1,0.08834132223498448,2.247087129227243,1,k1_to_k10
20000,6,0.6000000000000001,1.787262462251584,0.942857142857143,1,1,0.09815160095769872,2.206352913465744,1,k1_to_k10
20000,6,0.65,1.8888947144629984,0.942857142857143,1,1,0.10833093265413812,2.165618697704245,1,k1_to_k10
20000,6,0.7000000000000001,1.9994920201696504,0.942857142857143,1,1,0.11890054165473637,2.124884481942746,1,k1_to_k10
20000,6,0.75,2.120295332711172,0.942857142857143,1,1,0.12988331158766406,2.084150266181247,1,k1_to_k10
20000,6,0.8,2.2527857165609957,0.8285714285714287,1,1,0.14130395076412133,2.043416050419748,1,k1_to_k10
20000,6,0.8500000000000001,2.398745372930671,0.7714285714285715,1,1,0.1531891777470861,2.0026818346582496,1,k1_to_k10
20000,6,0.9,2.5603382741120124,0.7714285714285715,1,1,0.16556793003687892,1.9619476188967506,1,k1_to_k10
20000,6,0.9500000000000001,2.7402181732802116,0.7714285714285715,1,1,0.17847159930446058,1.9212134031352512,1,k1_to_k10
20000,6,1.0,2.941675483095849,0.7714285714285715,1,1,0.1919342971979266,1.8804791873737525,1,k1_to_k10
20001,6,0.0,1.0,1.0,0,0,7.892991815694472e-17,2.904382649159009,1,k1_to_k10
20001,6,0.05,1.045375406645815,1.0,0,0,0.008950712617345754,2.8730671419978444,1,k1_to_k10
20001,6,0.1,1.093368148339026,1.0,0,0,0.018098695187230434,2.841751634836679,1,k1_to_k10
20001,6,0.15000000000000002,1.144211409207394,0.942857142857143,0,1,0.02745054199786868,2.810436127675514,1,k1_to_k10
20001,6,0.2,1.198166921017397,0.8857142857142858,1,1,0.03701314455880204,2.7791206205143495,1,k1_to_k10
20001,6,0.25,1.2555294697972417,0.8857142857142858,1,1,0.04679370853739285,2.7478051133531842,1,k1_to_k10
20001,6,0.30000000000000004,1.3166322840089033,0.8285714285714287,1,1,0.056799771866773485,2.7164896061920194,1,k1_to_k10
20001,6,0.35000000000000003,1.3818535122308548,0.8285714285714287,1,1,0.06703922412088664,2.6851740990308546,1,k1_to_k10
20001,6,0.4,1.4516240563362022,0.8285714285714287,1,1,0.07752032726127714,2.6538585918696898,1,k1_to_k10
20001,6,0.45,1.5264371030446062,0.8285714285714287,1,1,0.08825173787029507,2.622543084708525,1,k1_to_k10
20001,6,0.5,1.6068597995655407,0.8285714285714287,1,1,0.09924253099645498,2.5912275775473597,1,k1_to_k10
20001,6,0.55,1.6935476579412068,0.8285714285714287,1,1,0.11050222575000365,2.5599120703861944,1,k1_to_k10
20001,6,0.6000000000000001,1.787262462251584,0.8285714285714287,1,1,0.12204081280042174,2.5285965632250296,1,k1_to_k10
20001,6,0.65,1.8888947144629984,0.8285714285714287,1,1,0.13386878394281448,2.4972810560638647,1,k1_to_k10
20001,6,0.7000000000000001,1.9994920201696504,0.8285714285714287,1,1,0.14599716391709563,2.4659655489027,1,k1_to_k10
20001,6,0.75,2.120295332711172,0.8285714285714287,1,1,0.15843754468280588,2.4346500417415355,1,k1_to_k10
20001,6,0.8,2.2527857165609957,0.8285714285714287,1,1,0.17120212237353893,2.4033345345803703,1,k1_to_k10
20001,6,0.8500000000000001,2.398745372930671,0.8285714285714287,1,1,0.18430373717861465,2.3720190274192055,1,k1_to_k10
20001,6,0.9,2.5603382741120124,0.8285714285714287,1,1,0.19775591642613252,2.34070352025804,1,k1_to_k10
20001,6,0.9500000000000001,2.7402181732802116,0.8285714285714287,1,1,0.21157292117128895,2.309388013096876,1,k1_to_k10
20001,6,1.0,2.941675483095849,0.8285714285714287,1,1,0.225769796627246,2.2780725059357105,1,k1_to_k10
20002,6,0.0,1.0,1.0,0,0,7.28583859910259e-17,1.8526566474635058,1,k1_to_k10
20002,6,0.05,1.045375406645815,0.942857142857143,0,1,0.007291499598178026,1.8250446357127679,1,k1_to_k10
20002,6,0.1,1.093368148339026,0.942857142857143,0,1,0.014807022027477967,1.7974326239620293,1,k1_to_k10
20002,6,0.15000000000000002,1.144211409207394,0.942857142857143,0,1,0.022557052623536834,1.7698206122112912,1,k1_to_k10
20002,6,0.2,1.198166921017397,0.942857142857143,0,1,0.030552741444253868,1.7422086004605533,1,k1_to_k10
20002,6,0.25,1.2555294697972417,0.942857142857143,0,1,0.03880595679351618,1.714596588709815,1,k1_to_k10
20002,6,0.30000000000000004,1.3166322840089033,0.942857142857143,0,1,0.04732934400127421,1.6869845769590768,1,k1_to_k10
20002,6,0.35000000000000003,1.3818535122308548,0.942857142857143,0,1,0.056136390072232825,1.6593725652083386,1,k1_to_k10
20002,6,0.4,1.4516240563362022,0.942857142857143,0,1,0.06524149489830147,1.6317605534576005,1,k1_to_k10
20002,6,0.45,1.5264371030446062,0.942857142857143,0,1,0.07466004982567001,1.6041485417068628,1,k1_to_k10
20002,6,0.5,1.6068597995655407,0.942857142857143,0,1,0.08440852447819308,1.5765365299561243,1,k1_to_k10
20002,6,0.55,1.6935476579412068,0.942857142857143,0,1,0.09450456286735197,1.5489245182053866,1,k1_to_k10
20002,6,0.6000000000000001,1.787262462251584,0.942857142857143,0,1,0.10496708996866493,1.5213125064546482,1,k1_to_k10
20002,6,0.65,1.8888947144629984,0.942857142857143,0,1,0.11581643011889683,1.4937004947039099,1,k1_to_k10
20002,6,0.7000000000000001,1.9994920201696504,0.942857142857143,0,1,0.12707443879248076,1.4660884829531717,1,k1_to_k10
20002,6,0.75,2.120295332711172,0.942857142857143,0,1,0.13876464955488296,1.438476471202434,1,k1_to_k10
20002,6,0.8,2.2527857165609957,0.942857142857143,0,1,0.15091243827210238,1.410864459451696,1,k1_to_k10
20002,6,0.8500000000000001,2.398745372930671,0.942857142857143,0,1,0.16354520698753244,1.3832524477009576,1,k1_to_k10
20002,6,0.9,2.5603382741120124,0.942857142857143,0,1,0.17669259027031292,1.3556404359502197,1,k1_to_k10
20002,6,0.9500000000000001,2.7402181732802116,0.942857142857143,0,1,0.19038668730572186,1.3280284241994813,1,k1_to_k10
20002,6,1.0,2.941675483095849,0.942857142857143,0,1,0.2046623235537059,1.3004164124487432,1,k1_to_k10
20003,6,0.0,1.0,1.0,0,0,1.474514954580286e-16,2.4465378599601335,1,k1_to_k10
20003,6,0.05,1.045375406645815,1.0,0,0,0.00861659892886555,2.414971584323685,1,k1_to_k10
20003,6,0.1,1.093368148339026,1.0,0,0,0.01746143762529899,2.3834053086872364,1,k1_to_k10
20003,6,0.15000000000000002,1.144211409207394,1.0,0,0,0.026543706360376798,2.351839033050787,1,k1_to_k10
20003,6,0.2,1.198166921017397,1.0,0,0,0.03587309552332671,2.320272757414339,1,k1_to_k10
20003,6,0.25,1.2555294697972417,1.0,0,0,0.04545983011014975,2.28870648177789,1,k1_to_k10
20003,6,0.30000000000000004,1.3166322840089033,1.0,0,0,0.055314707106201816,2.2571402061414414,1,k1_to_k10
20003,6,0.35000000000000003,1.3818535122308548,1.0,0,0,0.06544913605005202,2.225573930504993,1,k1_to_k10
20003,6,0.4,1.4516240563362022,1.0,0,0,0.07587518309901631,2.194007654868544,1,k1_to_k10
20003,6,0.45,1.5264371030446062,1.0,0,0,0.08660561895417654,2.1624413792320953,1,k1_to_k10
20003,6,0.5,1.6068597995655407,1.0,0,0,0.09765397104509499,2.130875103595647,1,k1_to_k10
20003,6,0.55,1.6935476579412068,1.0,0,0,0.1090345804225886,2.099308827959198,1,k1_to_k10
20003,6,0.6000000000000001,1.787262462251584,0.942857142857143,0,1,0.12076266386267015,2.0677425523227493,1,k1_to_k10
20003,6,0.65,1.8888947144629984,0.942857142857143,0,1,0.13285438174717146,2.0361762766863003,1,k1_to_k10
20003,6,0.7000000000000001,1.9994920201696504,0.942857142857143,0,1,0.14532691235779963,2.0046100010498518,1,k1_to_k10
20003,6,0.75,2.120295332711172,0.8285714285714287,0,1,0.15819853330187345,1.9730437254134037,1,k1_to_k10
20003,6,0.8,2.2527857165609957,0.8285714285714287,0,1,0.17148871088141604,1.9414774497769547,1,k1_to_k10
20003,6,0.8500000000000001,2.398745372930671,0.8285714285714287,0,1,0.18521819832459352,1.909911174140506,1,k1_to_k10
20003,6,0.9,2.5603382741120124,0.8285714285714287,0,1,0.1994091439220467,1.8783448985040572,1,k1_to_k10
20003,6,0.9500000000000001,2.7402181732802116,0.8285714285714287,0,1,0.21408521025321892,1.8467786228676086,1,k1_to_k10
20003,6,1.0,2.941675483095849,0.8285714285714287,0,1,0.22927170585265302,1.8152123472311597,1,k1_to_k10
20004,6,0.0,1.0,1.0,0,0,9.107298248878237e-17,2.8924515525813357,1,k1_to_k10
20004,6,0.05,1.045375406645815,1.0,0,0,0.007924652126613252,2.8566154213616333,1,k1_to_k10
20004,6,0.1,1.093368148339026,1.0,0,0,0.01605065915856961,2.820779290141931,1,k1_to_k10
20004,6,0.15000000000000002,1.144211409207394,1.0,0,0,0.02438579408841954,2.784943158922228,1,k1_to_k10
20004,6,0.2,1.198166921017397,1.0,0,0,0.032938235209748895,2.7491070277025256,1,k1_to_k10
20004,6,0.25,1.2555294697972417,1.0,0,0,0.04171659288269899,2.7132708964828227,1,k1_to_k10
20004,6,0.30000000000000004,1.3166322840089033,1.0,0,0,0.050729938448943517,2.67743476526312,1,k1_to_k10
20004,6,0.35000000000000003,1.3818535122308548,1.0,0,0,0.05998783550024556,2.641598634043418,1,k1_to_k10
20004,6,0.4,1.4516240563362022,1.0,0,0,0.06950037372716461,2.6057625028237155,1,k1_to_k10
20004,6,0.45,1.5264371030446062,1.0,0,0,0.07927820559976827,2.5699263716040126,1,k1_to_k10
20004,6,0.5,1.6068597995655407,1.0,0,0,0.08933258616069173,2.5340902403843097,1,k1_to_k10
20004,6,0.55,1.6935476579412068,1.0,0,0,0.09967541624305688,2.4982541091646073,1,k1_to_k10
20004,6,0.6000000000000001,1.787262462251584,1.0,0,0,0.1103192894621554,2.4624179779449045,1,k1_to_k10
20004,6,0.65,1.8888947144629984,0.942857142857143,0,1,0.1212775433710133,2.4265818467252016,1,k1_to_k10
20004,6,0.7000000000000001,1.9994920201696504,0.942857142857143,0,1,0.1325643152167391,2.3907457155054996,1,k1_to_k10
20004,6,0.75,2.120295332711172,0.942857142857143,0,1,0.14419460278774715,2.354909584285797,1,k1_to_k10
20004,6,0.8,2.2527857165609957,0.942857142857143,0,1,0.1561843309025348,2.3190734530660944,1,k1_to_k10
20004,6,0.8500000000000001,2.398745372930671,0.8285714285714287,0,1,0.16855042415983243,2.283237321846392,1,k1_to_k10
20004,6,0.9,2.5603382741120124,0.7714285714285715,0,1,0.1813108866490159,2.247401190626689,1,k1_to_k10
20004,6,0.9500000000000001,2.7402181732802116,0.7714285714285715,0,1,0.19448488941027184,2.211565059406987,1,k1_to_k10
20004,6,1.0,2.941675483095849,0.7714285714285715,0,1,0.20809286653802606,2.1757289281872843,1,k1_to_k10
20005,6,0.0,1.0,1.0,0,0,1.0495077029659683e-16,2.6171235004529643,1,k1_to_k10
20005,6,0.05,1.045375406645815,1.0,0,0,0.008182756280672327,2.578522843882337,1,k1_to_k10
20005,6,0.1,1.093368148339026,1.0,0,0,0.016614228657112533,2.539922187311709,1,k1_to_k10
20005,6,0.15000000000000002,1.144211409207394,1.0,0,0,0.025305931768056854,2.5013215307410803,1,k1_to_k10
20005,6,0.2,1.198166921017397,1.0,0,0,0.03427010217346255,2.4627208741704525,1,k1_to_k10
20005,6,0.25,1.2555294697972417,1.0,0,0,0.04351975583233676,2.4241202175998247,1,k1_to_k10
20005,6,0.30000000000000004,1.3166322840089033,1.0,0,0,0.053068751160938885,2.385519561029197,1,k1_to_k10
20005,6,0.35000000000000003,1.3818535122308548,1.0,0,0,0.06293185831383437,2.346918904458569,1,k1_to_k10
20005,6,0.4,1.4516240563362022,1.0,0,0,0.07312483541622777,2.308318247887941,1,k1_to_k10
20005,6,0.45,1.5264371030446062,1.0,0,0,0.08366451257511014,2.2697175913173133,1,k1_to_k10
20005,6,0.5,1.6068597995655407,1.0,0,0,0.09456888461128857,2.2311169347466846,1,k1_to_k10
20005,6,0.55,1.6935476579412068,1.0,0,0,0.10585721358705899,2.192516278176057,1,k1_to_k10
20005,6,0.6000000000000001,1.787262462251584,1.0,0,0,0.11755014235836364,2.153915621605429,1,k1_to_k10
20005,6,0.65,1.8888947144629984,1.0,0,0,0.12966982055967435,2.115314965034801,1,k1_to_k10
20005,6,0.7000000000000001,1.9994920201696504,1.0,0,0,0.14224004463923962,2.0767143084641733,1,k1_to_k10
20005,6,0.75,2.120295332711172,0.942857142857143,1,1,0.1552864138074365,2.0381136518935454,1,k1_to_k10
20005,6,0.8,2.2527857165609957,0.942857142857143,1,1,0.1688365040486479,1.9995129953229176,1,k1_to_k10
20005,6,0.8500000000000001,2.398745372930671,0.942857142857143,1,1,0.18292006268573346,1.9609123387522893,1,k1_to_k10
20005,6,0.9,2.5603382741120124,0.942857142857143,1,1,0.19756922638601604,1.9223116821816615,1,k1_to_k10
20005,6,0.9500000000000001,2.7402181732802116,0.942857142857143,1,1,0.2128187659712973,1.8837110256110332,1,k1_to_k10
20005,6,1.0,2.941675483095849,0.8857142857142858,1,1,0.22870636195718075,1.8451103690404058,1,k1_to_k10
20006,6,0.0,1.0,1.0,0,0,1.0408340855860843e-16,3.0567027022358806,1,k1_to_k10
20006,6,0.05,1.045375406645815,1.0,0,0,0.008373605912804373,3.0184612094525543,1,k1_to_k10
20006,6,0.1,1.093368148339026,1.0,0,0,0.01696210818931909,2.980219716669228,1,k1_to_k10
20006,6,0.15000000000000002,1.144211409207394,1.0,0,0,0.02577388686207646,2.9419782238859016,1,k1_to_k10
20006,6,0.2,1.198166921017397,1.0,0,0,0.03481776341541164,2.9037367311025757,1,k1_to_k10
20006,6,0.25,1.2555294697972417,1.0,0,0,0.044103030242457805,2.8654952383192493,1,k1_to_k10
20006,6,0.30000000000000004,1.3166322840089033,1.0,0,0,0.05363948249275696,2.827253745535923,1,k1_to_k10
20006,6,0.35000000000000003,1.3818535122308548,1.0,0,0,0.06343745253993793,2.789012252752597,1,k1_to_k10
20006,6,0.4,1.4516240563362022,1.0,0,0,0.0735078473244348,2.750770759969271,1,k1_to_k10
20006,6,0.45,1.5264371030446062,1.0,0,0,0.08386218885497079,2.712529267185945,1,k1_to_k10
20006,6,0.5,1.6068597995655407,1.0,0,0,0.09451265818499507,2.674287774402619,1,k1_to_k10
20006,6,0.55,1.6935476579412068,1.0,0,0,0.10547214321695376,2.6360462816192927,1,k1_to_k10
20006,6,0.6000000000000001,1.787262462251584,1.0,0,0,0.11675429072883375,2.5978047888359663,1,k1_to_k10
20006,6,0.65,1.8888947144629984,1.0,0,0,0.12837356306456266,2.55956329605264,1,k1_to_k10
20006,6,0.7000000000000001,1.9994920201696504,1.0,0,0,0.1403452999834306,2.5213218032693137,1,k1_to_k10
20006,6,0.75,2.120295332711172,1.0,0,0,0.15268578622470538,2.483080310485988,1,k1_to_k10
20006,6,0.8,2.2527857165609957,1.0,0,0,0.1654123254132103,2.444838817702662,1,k1_to_k10
20006,6,0.8500000000000001,2.398745372930671,1.0,0,0,0.17854332101118164,2.406597324919336,1,k1_to_k10
20006,6,0.9,2.5603382741120124,1.0,0,0,0.1920983651128313,2.3683558321360096,1,k1_to_k10
20006,6,0.9500000000000001,2.7402181732802116,1.0,0,0,0.20609833598261096,2.3301143393526833,1,k1_to_k10
20006,6,1.0,2.941675483095849,0.942857142857143,0,1,0.22056550535843772,2.2918728465693574,1,k1_to_k10
20007,6,0.0,1.0,1.0,0,0,8.413408858487514e-17,3.5695951327738173,1,k1_to_k10
20007,6,0.05,1.045375406645815,1.0,0,0,0.007195451984911396,3.5205258935415666,1,k1_to_k10
20007,6,0.1,1.093368148339026,1.0,0,0,0.014594320224145767,3.4714566543093155,1,k1_to_k10
20007,6,0.15000000000000002,1.144211409207394,1.0,0,0,0.02220535429479882,3.4223874150770643,1,k1_to_k10
20007,6,0.2,1.198166921017397,1.0,0,0,0.030037812869249024,3.3733181758448136,1,k1_to_k10
20007,6,0.25,1.2555294697972417,1.0,0,0,0.03810150128893326,3.3242489366125625,1,k1_to_k10
20007,6,0.30000000000000004,1.3166322840089033,1.0,0,0,0.046406812515742496,3.2751796973803122,1,k1_to_k10
20007,6,0.35000000000000003,1.3818535122308548,1.0,0,0,0.05496477182064672,3.226110458148061,1,k1_to_k10
20007,6,0.4,1.4516240563362022,0.942857142857143,0,1,0.06378708561360208,3.17704121891581,1,k1_to_k10
20007,6,0.45,1.5264371030446062,0.942857142857143,0,1,0.07288619486949668,3.1279719796835597,1,k1_to_k10
20007,6,0.5,1.6068597995655407,0.942857142857143,0,1,0.08227533366287017,3.0789027404513085,1,k1_to_k10
20007,6,0.55,1.6935476579412068,0.942857142857143,0,1,0.09196859339057999,3.0298335012190574,1,k1_to_k10
20007,6,0.6000000000000001,1.787262462251584,0.942857142857143,0,1,0.1019809933378536,2.980764261986807,1,k1_to_k10
20007,6,0.65,1.8888947144629984,0.942857142857143,0,1,0.11232855833093734,2.931695022754556,1,k1_to_k10
20007,6,0.7000000000000001,1.9994920201696504,0.942857142857143,0,1,0.12302840432075657,2.882625783522305,1,k1_to_k10
20007,6,0.75,2.120295332711172,0.942857142857143,0,1,0.13409883285898505,2.8335565442900545,1,k1_to_k10
20007,6,0.8,2.2527857165609957,0.942857142857143,0,1,0.1455594355634663,2.784487305057804,1,k1_to_k10
20007,6,0.8500000000000001,2.398745372930671,0.942857142857143,0,1,0.15743120982733555,2.735418065825553,1,k1_to_k10
20007,6,0.9,2.5603382741120124,0.942857142857143,0,1,0.16973668720950297,2.686348826593302,1,k1_to_k10
20007,6,0.9500000000000001,2.7402181732802116,0.942857142857143,0,1,0.1825000761581394,2.637279587361051,1,k1_to_k10
20007,6,1.0,2.941675483095849,0.8285714285714287,0,1,0.19574742096931813,2.5882103481288,1,k1_to_k10
20008,6,0.0,1.0,1.0,0,0,1.3183898417423734e-16,3.276201712856111,1,k1_to_k10
20008,6,0.05,1.045375406645815,1.0,0,0,0.00816677645583137,3.227050692323105,1,k1_to_k10
20008,6,0.1,1.093368148339026,1.0,0,0,0.01658617598899406,3.1778996717900982,1,k1_to_k10
20008,6,0.15000000000000002,1.144211409207394,1.0,0,0,0.025270104332525883,3.128748651257092,1,k1_to_k10
20008,6,0.2,1.198166921017397,1.0,0,0,0.03423122729139401,3.079597630724086,1,k1_to_k10
20008,6,0.25,1.2555294697972417,0.942857142857143,0,1,0.04348303238078977,3.0304466101910794,1,k1_to_k10
20008,6,0.30000000000000004,1.3166322840089033,0.942857142857143,0,1,0.05303989656160461,2.981295589658073,1,k1_to_k10
20008,6,0.35000000000000003,1.3818535122308548,0.942857142857143,0,1,0.06291716078853485,2.932144569125067,1,k1_to_k10
20008,6,0.4,1.4516240563362022,0.942857142857143,0,1,0.07313121218383359,2.8829935485920597,1,k1_to_k10
20008,6,0.45,1.5264371030446062,0.942857142857143,0,1,0.08369957476254143,2.833842528059054,1,k1_to_k10
20008,6,0.5,1.6068597995655407,0.942857142857143,0,1,0.09464100976575461,2.7846915075260474,1,k1_to_k10
20008,6,0.55,1.6935476579412068,0.942857142857143,0,1,0.10597562681036746,2.735540486993041,1,k1_to_k10
20008,6,0.6000000000000001,1.787262462251584,0.942857142857143,0,1,0.11772500724059441,2.6863894664600343,1,k1_to_k10
20008,6,0.65,1.8888947144629984,0.942857142857143,0,1,0.12991234127313445,2.6372384459270277,1,k1_to_k10
20008,6,0.7000000000000001,1.9994920201696504,0.942857142857143,0,1,0.14256258076968498,2.588087425394021,1,k1_to_k10
20008,6,0.75,2.120295332711172,0.942857142857143,0,1,0.15570260975450478,2.5389364048610155,1,k1_to_k10
20008,6,0.8,2.2527857165609957,0.942857142857143,0,1,0.1693614351291679,2.4897853843280093,1,k1_to_k10
20008,6,0.8500000000000001,2.398745372930671,0.942857142857143,0,1,0.18357040043171693,2.4406343637950023,1,k1_to_k10
20008,6,0.9,2.5603382741120124,0.942857142857143,0,1,0.19836342595555584,2.3914833432619957,1,k1_to_k10
20008,6,0.9500000000000001,2.7402181732802116,0.942857142857143,0,1,0.21377727909997785,2.34233232272899,1,k1_to_k10
20008,6,1.0,2.941675483095849,0.8857142857142858,0,1,0.2298518794881252,2.2931813021959835,1,k1_to_k10
20009,6,0.0,1.0,1.0,0,0,9.71445146547012e-17,1.8387112804442307,1,k1_to_k10
20009,6,0.05,1.045375406645815,1.0,0,0,0.008124617207467107,1.8030219819096516,1,k1_to_k10
20009,6,0.1,1.093368148339026,1.0,0,0,0.016577369453372653,1.7673326833750718,1,k1_to_k10
20009,6,0.15000000000000002,1.144211409207394,1.0,0,0,0.02537854540012103,1.731643384840492,1,k1_to_k10
20009,6,0.2,1.198166921017397,1.0,0,0,0.03455014151137149,1.6959540863059128,1,k1_to_k10
20009,6,0.25,1.2555294697972417,1.0,0,0,0.04411604560778679,1.6602647877713328,1,k1_to_k10
20009,6,0.30000000000000004,1.3166322840089033,1.0,0,0,0.054102244617318974,1.624575489236753,1,k1_to_k10
20009,6,0.35000000000000003,1.3818535122308548,1.0,0,0,0.064537060324211,1.5888861907021736,1,k1_to_k10
20009,6,0.4,1.4516240563362022,1.0,0,0,0.07545141762018877,1.5531968921675943,1,k1_to_k10
20009,6,0.45,1.5264371030446062,1.0,0,0,0.08687915060862916,1.5175075936330147,1,k1_to_k10
20009,6,0.5,1.6068597995655407,1.0,0,0,0.09885735294347574,1.481818295098435,1,k1_to_k10
20009,6,0.55,1.6935476579412068,1.0,0,0,0.11142678004464934,1.4461289965638555,1,k1_to_k10
20009,6,0.6000000000000001,1.787262462251584,1.0,0,0,0.12463231237860822,1.410439698029276,1,k1_to_k10
20009,6,0.65,1.8888947144629984,1.0,0,0,0.13852349090106508,1.3747503994946961,1,k1_to_k10
20009,6,0.7000000000000001,1.9994920201696504,1.0,0,0,0.15315513812495707,1.3390611009601168,1,k1_to_k10
20009,6,0.75,2.120295332711172,1.0,0,0,0.1685880812259799,1.3033718024255374,1,k1_to_k10
20009,6,0.8,2.2527857165609957,1.0,0,0,0.1848899972944595,1.2676825038909576,1,k1_to_k10
20009,6,0.8500000000000001,2.398745372930671,0.942857142857143,0,1,0.20213640550254527,1.2319932053563782,1,k1_to_k10
20009,6,0.9,2.5603382741120124,0.942857142857143,0,1,0.220411836867168,1.1963039068217984,1,k1_to_k10
20009,6,0.9500000000000001,2.7402181732802116,0.942857142857143,0,1,0.23981121983667825,1.1606146082872189,1,k1_to_k10
20009,6,1.0,2.941675483095849,0.942857142857143,0,1,0.26044152963161077,1.1249253097526397,1,k1_to_k10
20010,6,0.0,1.0,1.0,0,0,1.5395670849294163e-16,4.516729822734176,1,k1_to_k10
20010,6,0.05,1.045375406645815,1.0,0,0,0.0058832093377316885,4.442466066867281,1,k1_to_k10
20010,6,0.1,1.093368148339026,1.0,0,0,0.011966459420312181,4.368202311000386,1,k1_to_k10
20010,6,0.15000000000000002,1.144211409207394,1.0,0,0,0.018260129374164383,4.293938555133489,1,k1_to_k10
20010,6,0.2,1.198166921017397,1.0,0,0,0.024775328991411816,4.219674799266595,1,k1_to_k10
20010,6,0.25,1.2555294697972417,1.0,0,0,0.03152396417812828,4.145411043399699,1,k1_to_k10
20010,6,0.30000000000000004,1.3166322840089033,0.942857142857143,0,1,0.03851880956582476,4.071147287532803,1,k1_to_k10
20010,6,0.35000000000000003,1.3818535122308548,0.942857142857143,0,1,0.045773589217846376,3.9968835316659077,1,k1_to_k10
20010,6,0.4,1.4516240563362022,0.942857142857143,0,1,0.05330306650345944,3.922619775799013,1,k1_to_k10
20010,6,0.45,1.5264371030446062,0.942857142857143,0,1,0.061123144378024304,3.848356019932117,1,k1_to_k10
20010,6,0.5,1.6068597995655407,0.942857142857143,0,1,0.06925097750259535,3.7740922640652217,1,k1_to_k10
20010,6,0.55,1.6935476579412068,0.942857142857143,0,1,0.07770509786645469,3.699828508198326,1,k1_to_k10
20010,6,0.6000000000000001,1.787262462251584,0.942857142857143,0,1,0.08650555584867665,3.6255647523314307,1,k1_to_k10
20010,6,0.65,1.8888947144629984,0.942857142857143,0,1,0.0956740789787186,3.5513009964645352,1,k1_to_k10
20010,6,0.7000000000000001,1.9994920201696504,0.942857142857143,0,1,0.10523425104219117,3.4770372405976397,1,k1_to_k10
20010,6,0.75,2.120295332711172,0.942857142857143,0,1,0.1152117146399685,3.4027734847307447,1,k1_to_k10
20010,6,0.8,2.2527857165609957,0.8857142857142858,1,1,0.12563440086357797,3.3285097288638497,1,k1_to_k10
20010,6,0.8500000000000001,2.398745372930671,0.8857142857142858,1,1,0.13653279041853364,3.2542459729969537,1,k1_to_k10
20010,6,0.9,2.5603382741120124,0.8857142857142858,1,1,0.14794021133655255,3.1799822171300587,1,k1_to_k10
20010,6,0.9500000000000001,2.7402181732802116,0.8857142857142858,1,1,0.15989317940103268,3.105718461263163,1,k1_to_k10
20010,6,1.0,2.941675483095849,0.8857142857142858,1,1,0.17243178861043576,3.0314547053962673,1,k1_to_k10
20011,6,0.0,1.0,1.0,0,0,7.806255641895632e-17,2.8392622631607747,1,k1_to_k10
20011,6,0.05,1.045375406645815,1.0,0,0,0.007561162577714887,2.7959994285806946,1,k1_to_k10
20011,6,0.1,1.093368148339026,1.0,0,0,0.015359992156730062,2.752736594000614,1,k1_to_k10
20011,6,0.15000000000000002,1.144211409207394,1.0,0,0,0.02340787339961312,2.7094737594205336,1,k1_to_k10
20011,6,0.2,1.198166921017397,1.0,0,0,0.03171692989437691,2.666210924840454,1,k1_to_k10
20011,6,0.25,1.2555294697972417,1.0,0,0,0.04030008509355967,2.6229480902603735,1,k1_to_k10
20011,6,0.30000000000000004,1.3166322840089033,1.0,0,0,0.049171129385212065,2.5796852556802934,1,k1_to_k10
20011,6,0.35000000000000003,1.3818535122308548,1.0,0,0,0.05834479402791464,2.5364224211002133,1,k1_to_k10
20011,6,0.4,1.4516240563362022,1.0,0,0,0.06783683278359089,2.4931595865201333,1,k1_to_k10
20011,6,0.45,1.5264371030446062,1.0,0,0,0.07766411219966599,2.449896751940053,1,k1_to_k10
20011,6,0.5,1.6068597995655407,1.0,0,0,0.08784471162896201,2.406633917359973,1,k1_to_k10
20011,6,0.55,1.6935476579412068,0.942857142857143,0,1,0.09839803423511752,2.363371082779893,1,k1_to_k10
20011,6,0.6000000000000001,1.787262462251584,0.942857142857143,0,1,0.10934493041744944,2.320108248199813,1,k1_to_k10
20011,6,0.65,1.8888947144629984,0.942857142857143,0,1,0.12070783530715228,2.2768454136197325,1,k1_to_k10
20011,6,0.7000000000000001,1.9994920201696504,0.942857142857143,0,1,0.13251092224269084,2.2335825790396524,1,k1_to_k10
20011,6,0.75,2.120295332711172,0.942857142857143,0,1,0.1447802744337184,2.190319744459573,1,k1_to_k10
20011,6,0.8,2.2527857165609957,0.942857142857143,0,1,0.15754407737898796,2.1470569098794927,1,k1_to_k10
20011,6,0.8500000000000001,2.398745372930671,0.942857142857143,0,1,0.17083283502578206,2.1037940752994126,1,k1_to_k10
20011,6,0.9,2.5603382741120124,0.8857142857142858,0,1,0.18467961316019285,2.0605312407193326,1,k1_to_k10
20011,6,0.9500000000000001,2.7402181732802116,0.8857142857142858,0,1,0.19912031411625025,2.0172684061392525,1,k1_to_k10
20011,6,1.0,2.941675483095849,0.7714285714285715,1,1,0.21419398760864009,1.974005571559172,1,k1_to_k10
20012,6,0.0,1.0,1.0,0,0,7.979727989493313e-17,3.3348163679237848,1,k1_to_k10
20012,6,0.05,1.045375406645815,1.0,0,0,0.006922710387581337,3.2989438505939397,1,k1_to_k10
20012,6,0.1,1.093368148339026,0.942857142857143,0,1,0.013997630165019925,3.2630713332640933,1,k1_to_k10
20012,6,0.15000000000000002,1.144211409207394,0.8857142857142858,1,1,0.02122983506605864,3.227198815934247,1,k1_to_k10
20012,6,0.2,1.198166921017397,0.8857142857142858,1,1,0.028624629042215778,3.1913262986044018,1,k1_to_k10
20012,6,0.25,1.2555294697972417,0.8857142857142858,1,1,0.03618755723515947,3.1554537812745553,1,k1_to_k10
20012,6,0.30000000000000004,1.3166322840089033,0.8857142857142858,1,1,0.043924419844110295,3.11958126394471,1,k1_to_k10
20012,6,0.35000000000000003,1.3818535122308548,0.8857142857142858,1,1,0.051841286961154226,3.083708746614864,1,k1_to_k10
20012,6,0.4,1.4516240563362022,0.8857142857142858,1,1,0.059944514454208626,3.0478362292850183,1,k1_to_k10
20012,6,0.45,1.5264371030446062,0.8857142857142858,1,1,0.06824076098498835,3.0119637119551728,1,k1_to_k10
20012,6,0.5,1.6068597995655407,0.8857142857142858,1,1,0.07673700625773235,2.976091194625327,1,k1_to_k10
20012,6,0.55,1.6935476579412068,0.8857142857142858,1,1,0.08544057060380839,2.9402186772954813,1,k1_to_k10
20012,6,0.6000000000000001,1.787262462251584,0.8857142857142858,1,1,0.09435913601769075,2.904346159965635,1,k1_to_k10
20012,6,0.65,1.8888947144629984,0.8857142857142858,1,1,0.10350076877136771,2.868473642635789,1,k1_to_k10
20012,6,0.7000000000000001,1.9994920201696504,0.8857142857142858,1,1,0.11287394374710312,2.8326011253059438,1,k1_to_k10
20012,6,0.75,2.120295332711172,0.8857142857142858,1,1,0.12248757064283822,2.796728607976098,1,k1_to_k10
20012,6,0.8,2.2527857165609957,0.8857142857142858,1,1,0.1323510222205538,2.760856090646252,1,k1_to_k10
20012,6,0.8500000000000001,2.398745372930671,0.8857142857142858,1,1,0.1424741647858544,2.7249835733164063,1,k1_to_k10
20012,6,0.9,2.5603382741120124,0.8857142857142858,1,1,0.15286739110712175,2.68911105598656,1,k1_to_k10
20012,6,0.9500000000000001,2.7402181732802116,0.8857142857142858,1,1,0.16354165600512505,2.6532385386567148,1,k1_to_k10
20012,6,1.0,2.941675483095849,0.5428571428571429,1,1,0.17450851486928895,2.617366021326869,1,k1_to_k10
20013,6,0.0,1.0,1.0,0,0,1.717376241217039e-16,2.9829949844292676,1,k1_to_k10
20013,6,0.05,1.045375406645815,1.0,0,0,0.007723769105963797,2.948934351386578,1,k1_to_k10
20013,6,0.1,1.093368148339026,1.0,0,0,0.01562804446409842,2.9148737183438893,1,k1_to_k10
20013,6,0.15000000000000002,1.144211409207394,1.0,0,0,0.023719228597270055,2.8808130853012006,1,k1_to_k10
20013,6,0.2,1.198166921017397,1.0,0,0,0.03200403044625105,2.8467524522585124,1,k1_to_k10
20013,6,0.25,1.2555294697972417,1.0,0,0,0.0404894839227454,2.8126918192158232,1,k1_to_k10
20013,6,0.30000000000000004,1.3166322840089033,1.0,0,0,0.04918296782695675,2.7786311861731345,1,k1_to_k10
20013,6,0.35000000000000003,1.3818535122308548,1.0,0,0,0.05809222724824208,2.744570553130446,1,k1_to_k10
20013,6,0.4,1.4516240563362022,1.0,0,0,0.06722539657930597,2.710509920087757,1,k1_to_k10
20013,6,0.45,1.5264371030446062,1.0,0,0,0.07659102428767457,2.6764492870450685,1,k1_to_k10
20013,6,0.5,1.6068597995655407,1.0,0,0,0.08619809960300726,2.6423886540023798,1,k1_to_k10
20013,6,0.55,1.6935476579412068,1.0,0,0,0.096056081295375,2.608328020959691,1,k1_to_k10
20013,6,0.6000000000000001,1.787262462251584,1.0,0,0,0.10617492873816278,2.5742673879170024,1,k1_to_k10
20013,6,0.65,1.8888947144629984,1.0,0,0,0.11656513547003376,2.540206754874313,1,k1_to_k10
20013,6,0.7000000000000001,1.9994920201696504,1.0,0,0,0.12723776549370663,2.506146121831624,1,k1_to_k10
20013,6,0.75,2.120295332711172,1.0,0,0,0.1382044925754993,2.4720854887889363,1,k1_to_k10
20013,6,0.8,2.2527857165609957,1.0,0,0,0.14947764283909978,2.438024855746247,1,k1_to_k10
20013,6,0.8500000000000001,2.398745372930671,0.942857142857143,0,1,0.16107024098028297,2.403964222703559,1,k1_to_k10
20013,6,0.9,2.5603382741120124,0.942857142857143,0,1,0.17299606046685817,2.36990358966087,1,k1_to_k10
20013,6,0.9500000000000001,2.7402181732802116,0.942857142857143,0,1,0.18526967813063078,2.335842956618181,1,k1_to_k10
20013,6,1.0,2.941675483095849,0.942857142857143,0,1,0.19790653360631136,2.301782323575492,1,k1_to_k10
20014,6,0.0,1.0,1.0,0,0,1.4224732503009818e-16,1.0730926325657955,1,k1_to_k10
20014,6,0.05,1.045375406645815,1.0,0,0,0.011694497404109268,1.053036523116057,1,k1_to_k10
20014,6,0.1,1.093368148339026,1.0,0,0,0.023843110136628456,1.032980413666318,1,k1_to_k10
20014,6,0.15000000000000002,1.144211409207394,1.0,0,0,0.03647281292812182,1.012924304216579,1,k1_to_k10
20014,6,0.2,1.198166921017397,1.0,0,0,0.04961276008606537,0.9928681947668406,1,k1_to_k10
20014,6,0.25,1.2555294697972417,1.0,0,0,0.06329451017253183,0.9728120853171015,1,k1_to_k10
20014,6,0.30000000000000004,1.3166322840089033,1.0,0,0,0.07755227905950648,0.9527559758673628,1,k1_to_k10
20014,6,0.35000000000000003,1.3818535122308548,1.0,0,0,0.09242322563332812,0.9326998664176243,1,k1_to_k10
20014,6,0.4,1.4516240563362022,1.0,0,0,0.10794777517069108,0.9126437569678855,1,k1_to_k10
20014,6,0.45,1.5264371030446062,1.0,0,0,0.12416998631147175,0.8925876475181469,1,k1_to_k10
20014,6,0.5,1.6068597995655407,1.0,0,0,0.1411379686432323,0.8725315380684078,1,k1_to_k10
20014,6,0.55,1.6935476579412068,1.0,0,0,0.1589043592325501,0.8524754286186693,1,k1_to_k10
20014,6,0.6000000000000001,1.787262462251584,1.0,0,0,0.1775268680449336,0.8324193191689304,1,k1_to_k10
20014,6,0.65,1.8888947144629984,0.942857142857143,1,1,0.19706890415865583,0.8123632097191915,1,k1_to_k10
20014,6,0.7000000000000001,1.9994920201696504,0.942857142857143,1,1,0.2176002970887792,0.7923071002694528,1,k1_to_k10
20014,6,0.75,2.120295332711172,0.942857142857143,1,1,0.23919813051210345,0.7722509908197142,1,k1_to_k10
20014,6,0.8,2.2527857165609957,0.8285714285714287,1,1,0.2619477093719996,0.7521948813699755,1,k1_to_k10
20014,6,0.8500000000000001,2.398745372930671,0.8285714285714287,1,1,0.28594368593967734,0.7321387719202367,1,k1_to_k10
20014,6,0.9,2.5603382741120124,0.8285714285714287,1,1,0.3112913761713978,0.7120826624704977,1,k1_to_k10
20014,6,0.9500000000000001,2.7402181732802116,0.8285714285714287,1,1,0.33810830496735045,0.6920265530207591,1,k1_to_k10
20014,6,1.0,2.941675483095849,0.8285714285714287,1,1,0.3665260281559235,0.6719704435710202,1,k1_to_k10
20015,6,0.0,1.0,1.0,0,0,1.0928757898653885e-16,3.0934609218577407,1,k1_to_k10
20015,6,0.05,1.045375406645815,1.0,0,0,0.006856773270495385,3.0546178531435073,1,k1_to_k10
20015,6,0.1,1.093368148339026,1.0,0,0,0.013890176517923559,3.015774784429274,1,k1_to_k10
20015,6,0.15000000000000002,1.144211409207394,1.0,0,0,0.02110712375743741,2.9769317157150406,1,k1_to_k10
20015,6,0.2,1.198166921017397,1.0,0,0,0.028514894631777973,2.938088647000808,1,k1_to_k10
20015,6,0.25,1.2555294697972417,1.0,0,0,0.036121158904019,2.8992455782865747,1,k1_to_k10
20015,6,0.30000000000000004,1.3166322840089033,1.0,0,0,0.04393400294592284,2.8604025095723413,1,k1_to_k10
20015,6,0.35000000000000003,1.3818535122308548,1.0,0,0,0.05196195841420953,2.821559440858108,1,k1_to_k10
20015,6,0.4,1.4516240563362022,1.0,0,0,0.0602140333285244,2.7827163721438746,1,k1_to_k10
20015,6,0.45,1.5264371030446062,1.0,0,0,0.06869974578910004,2.743873303429642,1,k1_to_k10
20015,6,0.5,1.6068597995655407,1.0,0,0,0.07742916059944258,2.7050302347154087,1,k1_to_k10
20015,6,0.55,1.6935476579412068,1.0,0,0,0.08641292909030482,2.6661871660011753,1,k1_to_k10
20015,6,0.6000000000000001,1.787262462251584,1.0,0,0,0.09566233247624109,2.627344097286942,1,k1_to_k10
20015,6,0.65,1.8888947144629984,1.0,0,0,0.1051893291158171,2.5885010285727086,1,k1_to_k10
20015,6,0.7000000000000001,1.9994920201696504,0.942857142857143,0,1,0.1150066060917656,2.549657959858476,1,k1_to_k10
20015,6,0.75,2.120295332711172,0.942857142857143,0,1,0.12512763557890758,2.5108148911442427,1,k1_to_k10
20015,6,0.8,2.2527857165609957,0.942857142857143,0,1,0.13556673652646067,2.4719718224300102,1,k1_to_k10
20015,6,0.8500000000000001,2.398745372930671,0.942857142857143,0,1,0.1463391422486185,2.433128753715777,1,k1_to_k10
20015,6,0.9,2.5603382741120124,0.942857142857143,0,1,0.15746107459435724,2.394285685001543,1,k1_to_k10
20015,6,0.9500000000000001,2.7402181732802116,0.942857142857143,0,1,0.1689498254559479,2.35544261628731,1,k1_to_k10
20015,6,1.0,2.941675483095849,0.8285714285714287,0,1,0.18082384647752378,2.3165995475730767,1,k1_to_k10
20016,6,0.0,1.0,1.0,0,0,1.8748566067705585e-16,2.711107745292551,1,k1_to_k10
20016,6,0.05,1.045375406645815,1.0,0,0,0.007817401136076665,2.666472686787364,1,k1_to_k10
20016,6,0.1,1.093368148339026,1.0,0,0,0.0159009744815255,2.6218376282821767,1,k1_to_k10
20016,6,0.15000000000000002,1.144211409207394,1.0,0,0,0.024264549696781715,2.57720256977699,1,k1_to_k10
20016,6,0.2,1.198166921017397,1.0,0,0,0.03292293140180307,2.5325675112718025,1,k1_to_k10
20016,6,0.25,1.2555294697972417,1.0,0,0,0.041891986632975775,2.4879324527666156,1,k1_to_k10
20016,6,0.30000000000000004,1.3166322840089033,0.942857142857143,1,1,0.05118874188619253,2.4432973942614282,1,k1_to_k10
20016,6,0.35000000000000003,1.3818535122308548,0.942857142857143,1,1,0.06083149099477608,2.3986623357562413,1,k1_to_k10
20016,6,0.4,1.4516240563362022,0.942857142857143,1,1,0.07083991528033974,2.3540272772510544,1,k1_to_k10
20016,6,0.45,1.5264371030446062,0.942857142857143,1,1,0.08123521763702943,2.3093922187458675,1,k1_to_k10
20016,6,0.5,1.6068597995655407,0.942857142857143,1,1,0.09204027247139364,2.2647571602406806,1,k1_to_k10
20016,6,0.55,1.6935476579412068,0.8857142857142858,1,1,0.10327979372929975,2.2201221017354933,1,k1_to_k10
20016,6,0.6000000000000001,1.787262462251584,0.7714285714285715,1,1,0.1149805236075726,2.1754870432303064,1,k1_to_k10
20016,6,0.65,1.8888947144629984,0.7714285714285715,1,1,0.12717144498334398,2.130851984725119,1,k1_to_k10
20016,6,0.7000000000000001,1.9994920201696504,0.7714285714285715,1,1,0.13988402111323103,2.086216926219932,1,k1_to_k10
20016,6,0.75,2.120295332711172,0.7714285714285715,1,1,0.15315246677574113,2.0415818677147453,1,k1_to_k10
20016,6,0.8,2.2527857165609957,0.7714285714285715,1,1,0.16701405577655926,1.9969468092095584,1,k1_to_k10
20016,6,0.8500000000000001,2.398745372930671,0.7142857142857143,1,1,0.1815094706361863,1.9523117507043715,1,k1_to_k10
20016,6,0.9,2.5603382741120124,0.7142857142857143,1,1,0.19668320136868844,1.9076766921991841,1,k1_to_k10
20016,6,0.9500000000000001,2.7402181732802116,0.7142857142857143,1,1,0.21258400158448965,1.8630416336939972,1,k1_to_k10
20016,6,1.0,2.941675483095849,0.7142857142857143,1,1,0.22926541176683574,1.8184065751888099,1,k1_to_k10
20017,6,0.0,1.0,1.0,0,0,1.0061396160665481e-16,2.4941256045820523,1,k1_to_k10
20017,6,0.05,1.045375406645815,1.0,0,0,0.010542759536294551,2.475981298552394,1,k1_to_k10
20017,6,0.1,1.093368148339026,1.0,0,0,0.021241177121520405,2.4578369925227364,1,k1_to_k10
20017,6,0.15000000000000002,1.144211409207394,1.0,0,0,0.03209872570203453,2.4396926864930784,1,k1_to_k10
20017,6,0.2,1.198166921017397,1.0,0,0,0.04311898231329932,2.4215483804634204,1,k1_to_k10
20017,6,0.25,1.2555294697972417,1.0,0,0,0.05430563200894589,2.403404074433762,1,k1_to_k10
20017,6,0.30000000000000004,1.3166322840089033,1.0,0,0,0.06566247196916083,2.385259768404104,1,k1_to_k10
20017,6,0.35000000000000003,1.3818535122308548,1.0,0,0,0.07719341579802379,2.367115462374447,1,k1_to_k10
20017,6,0.4,1.4516240563362022,1.0,0,0,0.08890249802000957,2.348971156344789,1,k1_to_k10
20017,6,0.45,1.5264371030446062,1.0,0,0,0.10079387878650815,2.3308268503151304,1,k1_to_k10
20017,6,0.5,1.6068597995655407,1.0,0,0,0.11287184880389736,2.312682544285473,1,k1_to_k10
20017,6,0.55,1.6935476579412068,1.0,0,0,0.1251408344954284,2.2945382382558144,1,k1_to_k10
20017,6,0.6000000000000001,1.787262462251584,0.942857142857143,0,1,0.13760540340997635,2.2763939322261564,1,k1_to_k10
20017,6,0.65,1.8888947144629984,0.942857142857143,0,1,0.15027026989153378,2.2582496261964984,1,k1_to_k10
20017,6,0.7000000000000001,1.9994920201696504,0.942857142857143,0,1,0.16314030102423266,2.2401053201668404,1,k1_to_k10
20017,6,0.75,2.120295332711172,0.942857142857143,0,1,0.17622052286864695,2.221961014137183,1,k1_to_k10
20017,6,0.8,2.2527857165609957,0.942857142857143,0,1,0.18951612700616025,2.203816708107525,1,k1_to_k10
20017,6,0.8500000000000001,2.398745372930671,0.942857142857143,0,1,0.20303247740929958,2.1856724020778673,1,k1_to_k10
20017,6,0.9,2.5603382741120124,0.8285714285714287,0,1,0.2167751176571388,2.1675280960482093,1,k1_to_k10
20017,6,0.9500000000000001,2.7402181732802116,0.8285714285714287,0,1,0.23074977851615971,2.1493837900185513,1,k1_to_k10
20017,6,1.0,2.941675483095849,0.8285714285714287,0,1,0.2449623859083524,2.1312394839888937,1,k1_to_k10
20018,6,0.0,1.0,1.0,0,0,1.1405806854547507e-16,2.5306170548676308,1,k1_to_k10
20018,6,0.05,1.045375406645815,1.0,0,0,0.011863761543240878,2.509747505916142,1,k1_to_k10
20018,6,0.1,1.093368148339026,1.0,0,0,0.023926481297013826,2.4888779569646524,1,k1_to_k10
20018,6,0.15000000000000002,1.144211409207394,1.0,0,0,0.036193206450097506,2.4680084080131626,1,k1_to_k10
20018,6,0.2,1.198166921017397,1.0,0,0,0.048669156363851385,2.4471388590616736,1,k1_to_k10
20018,6,0.25,1.2555294697972417,1.0,0,0,0.06135972997692537,2.426269310110184,1,k1_to_k10
20018,6,0.30000000000000004,1.3166322840089033,1.0,0,0,0.0742705135954355,2.4053997611586952,1,k1_to_k10
20018,6,0.35000000000000003,1.3818535122308548,1.0,0,0,0.08740728909221958,2.3845302122072063,1,k1_to_k10
20018,6,0.4,1.4516240563362022,1.0,0,0,0.10077604254045527,2.3636606632557164,1,k1_to_k10
20018,6,0.45,1.5264371030446062,1.0,0,0,0.11438297330873044,2.3427911143042275,1,k1_to_k10
20018,6,0.5,1.6068597995655407,1.0,0,0,0.1282345036465908,2.3219215653527376,1,k1_to_k10
20018,6,0.55,1.6935476579412068,1.0,0,0,0.14233728879171212,2.3010520164012487,1,k1_to_k10
20018,6,0.6000000000000001,1.787262462251584,1.0,0,0,0.1566982276321098,2.2801824674497597,1,k1_to_k10
20018,6,0.65,1.8888947144629984,0.942857142857143,0,1,0.1713244739592794,2.25931291849827,1,k1_to_k10
20018,6,0.7000000000000001,1.9994920201696504,0.942857142857143,0,1,0.18622344835083016,2.238443369546781,1,k1_to_k10
20018,6,0.75,2.120295332711172,0.942857142857143,0,1,0.20140285072408184,2.217573820595292,1,k1_to_k10
20018,6,0.8,2.2527857165609957,0.8285714285714287,0,1,0.21687067360524834,2.196704271643803,1,k1_to_k10
20018,6,0.8500000000000001,2.398745372930671,0.8285714285714287,0,1,0.2326352161622476,2.1758347226923136,1,k1_to_k10
20018,6,0.9,2.5603382741120124,0.8285714285714287,0,1,0.24870509905290977,2.154965173740824,1,k1_to_k10
20018,6,0.9500000000000001,2.7402181732802116,0.8285714285714287,0,1,0.2650892801443985,2.1340956247893352,1,k1_to_k10
20018,6,1.0,2.941675483095849,0.8285714285714287,0,1,0.28179707116407066,2.1132260758378454,1,k1_to_k10
20019,6,0.0,1.0,1.0,0,0,9.584347204771859e-17,2.291049429979468,1,k1_to_k10
20019,6,0.05,1.045375406645815,1.0,0,0,0.006651032188310226,2.251752293988897,1,k1_to_k10
20019,6,0.1,1.093368148339026,1.0,0,0,0.013538332682838184,2.212455157998325,1,k1_to_k10
20019,6,0.15000000000000002,1.144211409207394,1.0,0,0,0.02067471877666509,2.1731580220077538,1,k1_to_k10
20019,6,0.2,1.198166921017397,1.0,0,0,0.028073951934841704,2.133860886017182,1,k1_to_k10
20019,6,0.25,1.2555294697972417,1.0,0,0,0.03575082636475252,2.0945637500266105,1,k1_to_k10
20019,6,0.30000000000000004,1.3166322840089033,0.942857142857143,0,1,0.04372126774738326,2.0552666140360394,1,k1_to_k10
20019,6,0.35000000000000003,1.3818535122308548,0.8857142857142858,1,1,0.05200244351595511,2.0159694780454678,1,k1_to_k10
20019,6,0.4,1.4516240563362022,0.8857142857142858,1,1,0.06061288628889145,1.9766723420548966,1,k1_to_k10
20019,6,0.45,1.5264371030446062,0.8857142857142858,1,1,0.06957263232484871,1.9373752060643255,1,k1_to_k10
20019,6,0.5,1.6068597995655407,0.8857142857142858,1,1,0.07890337717688989,1.8980780700737536,1,k1_to_k10
20019,6,0.55,1.6935476579412068,0.8857142857142858,1,1,0.08862865109109277,1.8587809340831822,1,k1_to_k10
20019,6,0.6000000000000001,1.787262462251584,0.8857142857142858,1,1,0.09877401713467057,1.8194837980926106,1,k1_to_k10
20019,6,0.65,1.8888947144629984,0.8857142857142858,1,1,0.10936729556583794,1.780186662102039,1,k1_to_k10
20019,6,0.7000000000000001,1.9994920201696504,0.8857142857142858,1,1,0.12043881859191136,1.7408895261114679,1,k1_to_k10
20019,6,0.75,2.120295332711172,0.8857142857142858,1,1,0.1320217204282148,1.7015923901208967,1,k1_to_k10
20019,6,0.8,2.2527857165609957,0.7714285714285715,1,1,0.14415226849944032,1.6622952541303255,1,k1_to_k10
20019,6,0.8500000000000001,2.398745372930671,0.7714285714285715,1,1,0.15687024275664518,1.622998118139754,1,k1_to_k10
20019,6,0.9,2.5603382741120124,0.7714285714285715,1,1,0.1702193714673019,1.5837009821491823,1,k1_to_k10
20019,6,0.9500000000000001,2.7402181732802116,0.7714285714285715,1,1,0.18424783353704507,1.544403846158611,1,k1_to_k10
20019,6,1.0,2.941675483095849,0.7714285714285715,1,1,0.19900883952273635,1.5051067101680395,1,k1_to_k10
20020,6,0.0,1.0,1.0,0,0,8.239936510889834e-17,2.287175764662123,1,k1_to_k10
20020,6,0.05,1.045375406645815,1.0,0,0,0.0070599941039513345,2.2662693483129672,1,k1_to_k10
20020,6,0.1,1.093368148339026,1.0,0,0,0.01425145842508561,2.2453629319638106,1,k1_to_k10
20020,6,0.15000000000000002,1.144211409207394,1.0,0,0,0.02157809980740517,2.224456515614654,1,k1_to_k10
20020,6,0.2,1.198166921017397,1.0,0,0,0.029043765771222408,2.203550099265497,1,k1_to_k10
20020,6,0.25,1.2555294697972417,1.0,0,0,0.036652451250487716,2.1826436829163405,1,k1_to_k10
20020,6,0.30000000000000004,1.3166322840089033,1.0,0,0,0.04440830572106329,2.161737266567184,1,k1_to_k10
20020,6,0.35000000000000003,1.3818535122308548,0.942857142857143,0,1,0.0523156407466664,2.1408308502180278,1,k1_to_k10
20020,6,0.4,1.4516240563362022,0.942857142857143,0,1,0.06037893797131421,2.119924433868871,1,k1_to_k10
20020,6,0.45,1.5264371030446062,0.942857142857143,0,1,0.06860285758940354,2.0990180175197146,1,k1_to_k10
20020,6,0.5,1.6068597995655407,0.8857142857142858,0,1,0.07699224732705809,2.078111601170558,1,k1_to_k10
20020,6,0.55,1.6935476579412068,0.8857142857142858,0,1,0.0855521519711156,2.0572051848214015,1,k1_to_k10
20020,6,0.6000000000000001,1.787262462251584,0.8857142857142858,0,1,0.09428782348511239,2.0362987684722453,1,k1_to_k10
20020,6,0.65,1.8888947144629984,0.8857142857142858,0,1,0.10320473175488883,2.0153923521230883,1,k1_to_k10
20020,6,0.7000000000000001,1.9994920201696504,0.8857142857142858,0,1,0.11230857601001534,1.9944859357739317,1,k1_to_k10
20020,6,0.75,2.120295332711172,0.8857142857142858,0,1,0.12160529697114959,1.9735795194247756,1,k1_to_k10
20020,6,0.8,2.2527857165609957,0.8857142857142858,0,1,0.13110108977773424,1.952673103075619,1,k1_to_k10
20020,6,0.8500000000000001,2.398745372930671,0.8857142857142858,0,1,0.14080241775514873,1.931766686726463,1,k1_to_k10
20020,6,0.9,2.5603382741120124,0.8857142857142858,0,1,0.15071602708560589,1.9108602703773059,1,k1_to_k10
20020,6,0.9500000000000001,2.7402181732802116,0.8857142857142858,0,1,0.16084896245277408,1.8899538540281495,1,k1_to_k10
20020,6,1.0,2.941675483095849,0.8857142857142858,0,1,0.17120858373636627,1.869047437678993,1,k1_to_k10
20021,6,0.0,1.0,1.0,0,0,2.5587171270657905e-17,2.4720438676287415,1,k1_to_k10
20021,6,0.05,1.045375406645815,1.0,0,0,0.006744496756903435,2.439179997532531,1,k1_to_k10
20021,6,0.1,1.093368148339026,1.0,0,0,0.013673217242980176,2.4063161274363205,1,k1_to_k10
20021,6,0.15000000000000002,1.144211409207394,1.0,0,0,0.020793813988023865,2.3734522573401096,1,k1_to_k10
20021,6,0.2,1.198166921017397,1.0,0,0,0.028114369314176307,2.3405883872438995,1,k1_to_k10
20021,6,0.25,1.2555294697972417,1.0,0,0,0.03564342593888775,2.3077245171476886,1,k1_to_k10
20021,6,0.30000000000000004,1.3166322840089033,1.0,0,0,0.04339002023051721,2.274860647051478,1,k1_to_k10
20021,6,0.35000000000000003,1.3818535122308548,1.0,0,0,0.05136371838875782,2.2419967769552676,1,k1_to_k10
20021,6,0.4,1.4516240563362022,1.0,0,0,0.0595746558544617,2.2091329068590575,1,k1_to_k10
20021,6,0.45,1.5264371030446062,1.0,0,0,0.06803358029023465,2.176269036762847,1,k1_to_k10
20021,6,0.5,1.6068597995655407,1.0,0,0,0.076751898515044,2.143405166666636,1,k1_to_k10
20021,6,0.55,1.6935476579412068,0.942857142857143,1,1,0.08574172782382326,2.1105412965704256,1,k1_to_k10
20021,6,0.6000000000000001,1.787262462251584,0.942857142857143,1,1,0.09501595217759481,2.077677426474215,1,k1_to_k10
20021,6,0.65,1.8888947144629984,0.942857142857143,1,1,0.10458828381205695,2.0448135563780045,1,k1_to_k10
20021,6,0.7000000000000001,1.9994920201696504,0.942857142857143,1,1,0.114473330884184,2.0119496862817936,1,k1_to_k10
20021,6,0.75,2.120295332711172,0.8285714285714287,1,1,0.12468667185869424,1.9790858161855835,1,k1_to_k10
20021,6,0.8,2.2527857165609957,0.8285714285714287,1,1,0.135244937431048,1.946221946089373,1,k1_to_k10
20021,6,0.8500000000000001,2.398745372930671,0.8285714285714287,1,1,0.1461659008931117,1.9133580759931623,1,k1_to_k10
20021,6,0.9,2.5603382741120124,0.8285714285714287,1,1,0.15746857797430525,1.880494205896952,1,k1_to_k10
20021,6,0.9500000000000001,2.7402181732802116,0.8285714285714287,1,1,0.16917333733801854,1.8476303358007418,1,k1_to_k10
20021,6,1.0,2.941675483095849,0.8285714285714287,1,1,0.18130202308400295,1.814766465704531,1,k1_to_k10
20022,6,0.0,1.0,1.0,0,0,1.4137996329210978e-16,2.0882297701446833,1,k1_to_k10
20022,6,0.05,1.045375406645815,1.0,0,0,0.007591273593179206,2.054753991796355,1,k1_to_k10
20022,6,0.1,1.093368148339026,1.0,0,0,0.015433995790015328,2.021278213448026,1,k1_to_k10
20022,6,0.15000000000000002,1.144211409207394,1.0,0,0,0.023540870223786987,1.987802435099697,1,k1_to_k10
20022,6,0.2,1.198166921017397,1.0,0,0,0.031925470932954,1.9543266567513689,1,k1_to_k10
20022,6,0.25,1.2555294697972417,1.0,0,0,0.04060231820642753,1.9208508784030398,1,k1_to_k10
20022,6,0.30000000000000004,1.3166322840089033,1.0,0,0,0.04958696250030347,1.8873751000547108,1,k1_to_k10
20022,6,0.35000000000000003,1.3818535122308548,1.0,0,0,0.05889607744627879,1.8538993217063824,1,k1_to_k10
20022,6,0.4,1.4516240563362022,1.0,0,0,0.06854756312206302,1.8204235433580536,1,k1_to_k10
20022,6,0.45,1.5264371030446062,1.0,0,0,0.07856066092948452,1.786947765009725,1,k1_to_k10
20022,6,0.5,1.6068597995655407,1.0,0,0,0.08895608163151855,1.7534719866613961,1,k1_to_k10
20022,6,0.55,1.6935476579412068,1.0,0,0,0.0997561483409998,1.7199962083130673,1,k1_to_k10
20022,6,0.6000000000000001,1.787262462251584,1.0,0,0,0.11098495653844662,1.6865204299647387,1,k1_to_k10
20022,6,0.65,1.8888947144629984,1.0,0,0,0.122668553532997,1.6530446516164097,1,k1_to_k10
20022,6,0.7000000000000001,1.9994920201696504,0.942857142857143,1,1,0.1348351401796165,1.6195688732680809,1,k1_to_k10
20022,6,0.75,2.120295332711172,0.942857142857143,1,1,0.14751529814073502,1.5860930949197527,1,k1_to_k10
20022,6,0.8,2.2527857165609957,0.942857142857143,1,1,0.16074224654763525,1.5526173165714239,1,k1_to_k10
20022,6,0.8500000000000001,2.398745372930671,0.942857142857143,1,1,0.17455213259655683,1.5191415382230948,1,k1_to_k10
20022,6,0.9,2.5603382741120124,0.942857142857143,1,1,0.1889843614319586,1.4856657598747665,1,k1_to_k10
20022,6,0.9500000000000001,2.7402181732802116,0.8285714285714287,1,1,0.20408197165645156,1.4521899815264376,1,k1_to_k10
20022,6,1.0,2.941675483095849,0.8285714285714287,1,1,0.21989206400360523,1.4187142031781088,1,k1_to_k10
20023,6,0.0,1.0,1.0,0,0,1.0408340855860843e-16,1.8287501463006066,1,k1_to_k10
20023,6,0.05,1.045375406645815,1.0,0,0,0.010708692383752327,1.7998467104259575,1,k1_to_k10
20023,6,0.1,1.093368148339026,1.0,0,0,0.021766936340457815,1.7709432745513083,1,k1_to_k10
20023,6,0.15000000000000002,1.144211409207394,1.0,0,0,0.033192130854771296,1.742039838676659,1,k1_to_k10
20023,6,0.2,1.198166921017397,1.0,0,0,0.04500284910958767,1.7131364028020104,1,k1_to_k10
20023,6,0.25,1.2555294697972417,1.0,0,0,0.05721893923921576,1.6842329669273608,1,k1_to_k10
20023,6,0.30000000000000004,1.3166322840089033,1.0,0,0,0.06986163563796066,1.6553295310527114,1,k1_to_k10
20023,6,0.35000000000000003,1.3818535122308548,1.0,0,0,0.08295368213718314,1.6264260951780627,1,k1_to_k10
20023,6,0.4,1.4516240563362022,0.942857142857143,0,1,0.09651946855396411,1.5975226593034133,1,k1_to_k10
20023,6,0.45,1.5264371030446062,0.942857142857143,0,1,0.11058518233607423,1.5686192234287644,1,k1_to_k10
20023,6,0.5,1.6068597995655407,0.942857142857143,0,1,0.12517897728695418,1.5397157875541152,1,k1_to_k10
20023,6,0.55,1.6935476579412068,0.942857142857143,0,1,0.14033116165801798,1.5108123516794663,1,k1_to_k10
20023,6,0.6000000000000001,1.787262462251584,0.942857142857143,0,1,0.15607440825248703,1.4819089158048167,1,k1_to_k10
20023,6,0.65,1.8888947144629984,0.942857142857143,0,1,0.17244398960575402,1.4530054799301675,1,k1_to_k10
20023,6,0.7000000000000001,1.9994920201696504,0.8857142857142858,0,1,0.1894780418049328,1.4241020440555188,1,k1_to_k10
20023,6,0.75,2.120295332711172,0.7714285714285715,0,1,0.20721786110069182,1.3951986081808698,1,k1_to_k10
20023,6,0.8,2.2527857165609957,0.7714285714285715,0,1,0.22570823816732732,1.3662951723062207,1,k1_to_k10
20023,6,0.8500000000000001,2.398745372930671,0.7714285714285715,0,1,0.24499783570659664,1.3373917364315715,1,k1_to_k10
20023,6,0.9,2.5603382741120124,0.7714285714285715,0,1,0.2651396160973087,1.3084883005569221,1,k1_to_k10
20023,6,0.9500000000000001,2.7402181732802116,0.5428571428571429,0,1,0.2861913270037568,1.2795848646822732,1,k1_to_k10
20023,6,1.0,2.941675483095849,0.5428571428571429,0,1,0.30821605431905386,1.2506814288076238,1,k1_to_k10
20024,6,0.0,1.0,1.0,0,0,1.3877787807814457e-16,2.8547211958994247,1,k1_to_k10
20024,6,0.05,1.045375406645815,1.0,0,0,0.00775413835648478,2.8208982845235018,1,k1_to_k10
20024,6,0.1,1.093368148339026,1.0,0,0,0.01569647939808899,2.7870753731475792,1,k1_to_k10
20024,6,0.15000000000000002,1.144211409207394,1.0,0,0,0.023833959171718024,2.7532524617716554,1,k1_to_k10
20024,6,0.2,1.198166921017397,1.0,0,0,0.03217385879267643,2.719429550395733,1,k1_to_k10
20024,6,0.25,1.2555294697972417,1.0,0,0,0.04072382617386848,2.6856066390198094,1,k1_to_k10
20024,6,0.30000000000000004,1.3166322840089033,1.0,0,0,0.04949189941790792,2.651783727643886,1,k1_to_k10
20024,6,0.35000000000000003,1.3818535122308548,1.0,0,0,0.05848653202252132,2.6179608162679635,1,k1_to_k10
20024,6,0.4,1.4516240563362022,1.0,0,0,0.06771662006538255,2.58413790489204,1,k1_to_k10
20024,6,0.45,1.5264371030446062,1.0,0,0,0.07719153155213967,2.5503149935161176,1,k1_to_k10
20024,6,0.5,1.6068597995655407,1.0,0,0,0.08692113813115274,2.5164920821401937,1,k1_to_k10
20024,6,0.55,1.6935476579412068,1.0,0,0,0.09691584940064979,2.4826691707642716,1,k1_to_k10
20024,6,0.6000000000000001,1.787262462251584,0.942857142857143,0,1,0.1071866500589356,2.448846259388348,1,k1_to_k10
20024,6,0.65,1.8888947144629984,0.942857142857143,0,1,0.11774514017638196,2.415023348012425,1,k1_to_k10
20024,6,0.7000000000000001,1.9994920201696504,0.8857142857142858,0,1,0.12860357889959168,2.3812004366365014,1,k1_to_k10
20024,6,0.75,2.120295332711172,0.8857142857142858,0,1,0.13977493193391127,2.347377525260579,1,k1_to_k10
20024,6,0.8,2.2527857165609957,0.8857142857142858,0,1,0.15127292319095642,2.3135546138846563,1,k1_to_k10
20024,6,0.8500000000000001,2.398745372930671,0.8857142857142858,0,1,0.16311209103370275,2.279731702508733,1,k1_to_k10
20024,6,0.9,2.5603382741120124,0.8857142857142858,0,1,0.17530784960381138,2.24590879113281,1,k1_to_k10
20024,6,0.9500000000000001,2.7402181732802116,0.8857142857142858,0,1,0.18787655577514464,2.2120858797568865,1,k1_to_k10
20024,6,1.0,2.941675483095849,0.8857142857142858,0,1,0.20083558234499144,2.1782629683809636,1,k1_to_k10
20025,6,0.0,1.0,1.0,0,0,1.8561541192951836e-16,3.5448587961594145,1,k1_to_k10
20025,6,0.05,1.045375406645815,1.0,0,0,0.010326088061703046,3.5183411173058707,1,k1_to_k10
20025,6,0.1,1.093368148339026,1.0,0,0,0.02080901331283471,3.491823438452327,1,k1_to_k10
20025,6,0.15000000000000002,1.144211409207394,1.0,0,0,0.03145237626530634,3.4653057595987833,1,k1_to_k10
20025,6,0.2,1.198166921017397,1.0,0,0,0.04225988849017753,3.4387880807452404,1,k1_to_k10
20025,6,0.25,1.2555294697972417,1.0,0,0,0.05323537693300966,3.4122704018916963,1,k1_to_k10
20025,6,0.30000000000000004,1.3166322840089033,1.0,0,0,0.06438278843201026,3.3857527230381534,1,k1_to_k10
20025,6,0.35000000000000003,1.3818535122308548,1.0,0,0,0.07570619445017415,3.3592350441846097,1,k1_to_k10
20025,6,0.4,1.4516240563362022,1.0,0,0,0.08720979603333953,3.3327173653310664,1,k1_to_k10
20025,6,0.45,1.5264371030446062,1.0,0,0,0.09889792900684341,3.306199686477523,1,k1_to_k10
20025,6,0.5,1.6068597995655407,1.0,0,0,0.11077506942428164,3.27968200762398,1,k1_to_k10
20025,6,0.55,1.6935476579412068,1.0,0,0,0.12284583928275496,3.2531643287704357,1,k1_to_k10
20025,6,0.6000000000000001,1.787262462251584,1.0,0,0,0.13511501251993777,3.2266466499168933,1,k1_to_k10
20025,6,0.65,1.8888947144629984,1.0,0,0,0.14758752130930852,3.200128971063349,1,k1_to_k10
20025,6,0.7000000000000001,1.9994920201696504,0.942857142857143,0,1,0.16026846267098982,3.1736112922098063,1,k1_to_k10
20025,6,0.75,2.120295332711172,0.942857142857143,0,1,0.17316310541680696,3.1470936133562635,1,k1_to_k10
20025,6,0.8,2.2527857165609957,0.8285714285714287,0,1,0.18627689744944895,3.1205759345027193,1,k1_to_k10
20025,6,0.8500000000000001,2.398745372930671,0.7714285714285715,0,1,0.19961547343697555,3.0940582556491765,1,k1_to_k10
20025,6,0.9,2.5603382741120124,0.7714285714285715,0,1,0.21318466288538113,3.0675405767956327,1,k1_to_k10
20025,6,0.9500000000000001,2.7402181732802116,0.7142857142857143,0,1,0.22699049863351636,3.0410228979420895,1,k1_to_k10
20025,6,1.0,2.941675483095849,0.7142857142857143,0,1,0.2410392257963724,3.014505219088546,1,k1_to_k10
20026,6,0.0,1.0,1.0,0,0,3.686287386450715e-17,2.9768905582965175,1,k1_to_k10
20026,6,0.05,1.045375406645815,1.0,0,0,0.00922301482032016,2.939695978119032,1,k1_to_k10
20026,6,0.1,1.093368148339026,1.0,0,0,0.018682409312640244,2.9025013979415464,1,k1_to_k10
20026,6,0.15000000000000002,1.144211409207394,1.0,0,0,0.02838738881854013,2.8653068177640613,1,k1_to_k10
20026,6,0.2,1.198166921017397,1.0,0,0,0.03834764294441812,2.828112237586576,1,k1_to_k10
20026,6,0.25,1.2555294697972417,1.0,0,0,0.04857337783049676,2.7909176574090897,1,k1_to_k10
20026,6,0.30000000000000004,1.3166322840089033,1.0,0,0,0.05907535103497334,2.753723077231604,1,k1_to_k10
20026,6,0.35000000000000003,1.3818535122308548,1.0,0,0,0.06986490928396495,2.716528497054119,1,k1_to_k10
20026,6,0.4,1.4516240563362022,0.942857142857143,0,1,0.0809540293657268,2.679333916876634,1,k1_to_k10
20026,6,0.45,1.5264371030446062,0.942857142857143,0,1,0.09235536247898933,2.642139336699149,1,k1_to_k10
20026,6,0.5,1.6068597995655407,0.942857142857143,0,1,0.10408228238064698,2.604944756521663,1,k1_to_k10
20026,6,0.55,1.6935476579412068,0.942857142857143,0,1,0.11614893771804588,2.5677501763441777,1,k1_to_k10
20026,6,0.6000000000000001,1.787262462251584,0.8285714285714287,0,1,0.12857030897640742,2.5305555961666917,1,k1_to_k10
20026,6,0.65,1.8888947144629984,0.8285714285714287,0,1,0.1413622705233159,2.4933610159892066,1,k1_to_k10
20026,6,0.7000000000000001,1.9994920201696504,0.8285714285714287,0,1,0.15454165829057037,2.456166435811721,1,k1_to_k10
20026,6,0.75,2.120295332711172,0.8285714285714287,0,1,0.16812634370017457,2.4189718556342363,1,k1_to_k10
20026,6,0.8,2.2527857165609957,0.8285714285714287,0,1,0.18213531451703327,2.3817772754567503,1,k1_to_k10
20026,6,0.8500000000000001,2.398745372930671,0.8285714285714287,0,1,0.19658876339755846,2.3445826952792648,1,k1_to_k10
20026,6,0.9,2.5603382741120124,0.7714285714285715,1,1,0.2115081850025762,2.3073881151017797,1,k1_to_k10
20026,6,0.9500000000000001,2.7402181732802116,0.7714285714285715,1,1,0.2269164826567524,2.270193534924294,1,k1_to_k10
20026,6,1.0,2.941675483095849,0.7714285714285715,1,1,0.242838085667636,2.232998954746809,1,k1_to_k10
20027,6,0.0,1.0,1.0,0,0,6.245004513516506e-17,3.7112850595979436,1,k1_to_k10
20027,6,0.05,1.045375406645815,1.0,0,0,0.005338201243413266,3.6550901458417937,1,k1_to_k10
20027,6,0.1,1.093368148339026,1.0,0,0,0.01084310906711946,3.5988952320856438,1,k1_to_k10
20027,6,0.15000000000000002,1.144211409207394,1.0,0,0,0.016522656455334187,3.5427003183294934,1,k1_to_k10
20027,6,0.2,1.198166921017397,1.0,0,0,0.022385287842349496,3.486505404573344,1,k1_to_k10
20027,6,0.25,1.2555294697972417,1.0,0,0,0.028440001005087184,3.4303104908171935,1,k1_to_k10
20027,6,0.30000000000000004,1.3166322840089033,1.0,0,0,0.03469639314190118,3.374115577061043,1,k1_to_k10
20027,6,0.35000000000000003,1.3818535122308548,1.0,0,0,0.04116471163394184,3.3179206633048937,1,k1_to_k10
20027,6,0.4,1.4516240563362022,1.0,0,0,0.04785591005379845,3.261725749548744,1,k1_to_k10
20027,6,0.45,1.5264371030446062,1.0,0,0,0.054781710065335956,3.205530835792594,1,k1_to_k10
20027,6,0.5,1.6068597995655407,1.0,0,0,0.061954669950558,3.149335922036444,1,k1_to_k10
20027,6,0.55,1.6935476579412068,1.0,0,0,0.06938826060628,3.093141008280294,1,k1_to_k10
20027,6,0.6000000000000001,1.787262462251584,1.0,0,0,0.07709694997814326,3.0369460945241435,1,k1_to_k10
20027,6,0.65,1.8888947144629984,1.0,0,0,0.08509629704543539,2.9807511807679936,1,k1_to_k10
20027,6,0.7000000000000001,1.9994920201696504,1.0,0,0,0.09340305664133752,2.9245562670118437,1,k1_to_k10
20027,6,0.75,2.120295332711172,1.0,0,0,0.10203529659455582,2.868361353255694,1,k1_to_k10
20027,6,0.8,2.2527857165609957,1.0,0,0,0.11101252891585028,2.8121664394995447,1,k1_to_k10
20027,6,0.8500000000000001,2.398745372930671,1.0,0,0,0.12035585703410898,2.7559715257433943,1,k1_to_k10
20027,6,0.9,2.5603382741120124,1.0,0,0,0.13008814142043057,2.6997766119872444,1,k1_to_k10
20027,6,0.9500000000000001,2.7402181732802116,1.0,0,0,0.1402341863363439,2.6435816982310945,1,k1_to_k10
20027,6,1.0,2.941675483095849,0.942857142857143,0,1,0.1508209509177027,2.5873867844749445,1,k1_to_k10
20028,6,0.0,1.0,1.0,0,0,1.5265566588595902e-16,2.6211194472075356,1,k1_to_k10
20028,6,0.05,1.045375406645815,1.0,0,0,0.0076741815721637595,2.5853947509071906,1,k1_to_k10
20028,6,0.1,1.093368148339026,1.0,0,0,0.01556341670039358,2.549670054606845,1,k1_to_k10
20028,6,0.15000000000000002,1.144211409207394,1.0,0,0,0.02367687351114069,2.5139453583064997,1,k1_to_k10
20028,6,0.2,1.198166921017397,1.0,0,0,0.03202424878197786,2.478220662006154,1,k1_to_k10
20028,6,0.25,1.2555294697972417,1.0,0,0,0.04061580660266787,2.4424959657058087,1,k1_to_k10
20028,6,0.30000000000000004,1.3166322840089033,1.0,0,0,0.04946242047940499,2.4067712694054633,1,k1_to_k10
20028,6,0.35000000000000003,1.3818535122308548,1.0,0,0,0.05857561924537867,2.3710465731051182,1,k1_to_k10
20028,6,0.4,1.4516240563362022,1.0,0,0,0.0679676371852509,2.3353218768047728,1,k1_to_k10
20028,6,0.45,1.5264371030446062,0.942857142857143,0,1,0.07765146883179644,2.2995971805044277,1,k1_to_k10
20028,6,0.5,1.6068597995655407,0.942857142857143,0,1,0.08764092895080268,2.263872484204082,1,k1_to_k10
20028,6,0.55,1.6935476579412068,0.942857142857143,0,1,0.09795071829652674,2.228147787903737,1,k1_to_k10
20028,6,0.6000000000000001,1.787262462251584,0.942857142857143,0,1,0.1085964957959124,2.1924230916033913,1,k1_to_k10
20028,6,0.65,1.8888947144629984,0.942857142857143,0,1,0.11959495790699415,2.156698395303046,1,k1_to_k10
20028,6,0.7000000000000001,1.9994920201696504,0.942857142857143,0,1,0.13096392599735696,2.1209736990027004,1,k1_to_k10
20028,6,0.75,2.120295332711172,0.942857142857143,0,1,0.142722442704456,2.085249002702355,1,k1_to_k10
20028,6,0.8,2.2527857165609957,0.942857142857143,0,1,0.15489087837371762,2.0495243064020103,1,k1_to_k10
20028,6,0.8500000000000001,2.398745372930671,0.942857142857143,0,1,0.16749104882587829,2.013799610101665,1,k1_to_k10
20028,6,0.9,2.5603382741120124,0.8857142857142858,1,1,0.18054634588582832,1.978074913801319,1,k1_to_k10
20028,6,0.9500000000000001,2.7402181732802116,0.8857142857142858,1,1,0.19408188231597576,1.9423502175009735,1,k1_to_k10
20028,6,1.0,2.941675483095849,0.7714285714285715,1,1,0.20812465304342193,1.9066255212006284,1,k1_to_k10
20029,6,0.0,1.0,1.0,0,0,1.7520707107365752e-16,2.288093320518279,1,k1_to_k10
20029,6,0.05,1.045375406645815,1.0,0,0,0.0075015075925595216,2.2507212761548905,1,k1_to_k10
20029,6,0.1,1.093368148339026,1.0,0,0,0.015256338673807135,2.2133492317915024,1,k1_to_k10
20029,6,0.15000000000000002,1.144211409207394,1.0,0,0,0.023277545609428053,2.1759771874281135,1,k1_to_k10
20029,6,0.2,1.198166921017397,1.0,0,0,0.03157909312350332,2.1386051430647255,1,k1_to_k10
20029,6,0.25,1.2555294697972417,1.0,0,0,0.040175939433483264,2.1012330987013366,1,k1_to_k10
20029,6,0.30000000000000004,1.3166322840089033,1.0,0,0,0.04908412620023121,2.063861054337948,1,k1_to_k10
20029,6,0.35000000000000003,1.3818535122308548,1.0,0,0,0.058320878431095555,2.0264890099745605,1,k1_to_k10
20029,6,0.4,1.4516240563362022,1.0,0,0,0.06790471564500838,1.989116965611172,1,k1_to_k10
20029,6,0.45,1.5264371030446062,1.0,0,0,0.07785557580913421,1.9517449212477835,1,k1_to_k10
20029,6,0.5,1.6068597995655407,1.0,0,0,0.08819495379233062,1.9143728768843953,1,k1_to_k10
20029,6,0.55,1.6935476579412068,0.942857142857143,1,1,0.09894605635868478,1.8770008325210068,1,k1_to_k10
20029,6,0.6000000000000001,1.787262462251584,0.942857142857143,1,1,0.1101339760532023,1.8396287881576185,1,k1_to_k10
20029,6,0.65,1.8888947144629984,0.942857142857143,1,1,0.12178588672192175,1.80225674379423,1,k1_to_k10
20029,6,0.7000000000000001,1.9994920201696504,0.942857142857143,1,1,0.13393126387326207,1.7648846994308418,1,k1_to_k10
20029,6,0.75,2.120295332711172,0.942857142857143,1,1,0.14660213364241725,1.7275126550674536,1,k1_to_k10
20029,6,0.8,2.2527857165609957,0.8857142857142858,1,1,0.15983335478605157,1.6901406107040655,1,k1_to_k10
20029,6,0.8500000000000001,2.398745372930671,0.8857142857142858,1,1,0.17366293893541118,1.652768566340677,1,k1_to_k10
20029,6,0.9,2.5603382741120124,0.8857142857142858,1,1,0.18813241530358557,1.6153965219772886,1,k1_to_k10
20029,6,0.9500000000000001,2.7402181732802116,0.8857142857142858,1,1,0.20328724721651584,1.5780244776139003,1,k1_to_k10
20029,6,1.0,2.941675483095849,0.8857142857142858,1,1,0.21917730926746584,1.540652433250512,1,k1_to_k10
20030,6,0.0,1.0,1.0,0,0,1.196959198423997e-16,3.296427538420266,1,k1_to_k10
20030,6,0.05,1.045375406645815,1.0,0,0,0.007093613607221648,3.257952335327849,1,k1_to_k10
20030,6,0.1,1.093368148339026,1.0,0,0,0.014356775382041411,3.219477132235431,1,k1_to_k10
20030,6,0.15000000000000002,1.144211409207394,1.0,0,0,0.02179563753718402,3.1810019291430134,1,k1_to_k10
20030,6,0.2,1.198166921017397,1.0,0,0,0.02941665358131232,3.1425267260505962,1,k1_to_k10
20030,6,0.25,1.2555294697972417,1.0,0,0,0.037226596992077136,3.104051522958178,1,k1_to_k10
20030,6,0.30000000000000004,1.3166322840089033,1.0,0,0,0.04523258129533083,3.0655763198657606,1,k1_to_k10
20030,6,0.35000000000000003,1.3818535122308548,1.0,0,0,0.05344208167560981,3.027101116773343,1,k1_to_k10
20030,6,0.4,1.4516240563362022,1.0,0,0,0.061862958255882644,2.988625913680926,1,k1_to_k10
20030,6,0.45,1.5264371030446062,1.0,0,0,0.07050348119895271,2.950150710588508,1,k1_to_k10
20030,6,0.5,1.6068597995655407,1.0,0,0,0.07937235779901752,2.9116755074960903,1,k1_to_k10
20030,6,0.55,1.6935476579412068,1.0,0,0,0.08847876174993634,2.8732003044036727,1,k1_to_k10
20030,6,0.6000000000000001,1.787262462251584,1.0,0,0,0.09783236479701513,2.834725101311255,1,k1_to_k10
20030,6,0.65,1.8888947144629984,1.0,0,0,0.10744337100188153,2.7962498982188375,1,k1_to_k10
20030,6,0.7000000000000001,1.9994920201696504,1.0,0,0,0.11732255387564562,2.75777469512642,1,k1_to_k10
20030,6,0.75,2.120295332711172,1.0,0,0,0.12748129666443106,2.719299492034003,1,k1_to_k10
20030,6,0.8,2.2527857165609957,1.0,0,0,0.13793163610397363,2.680824288941585,1,k1_to_k10
20030,6,0.8500000000000001,2.398745372930671,1.0,0,0,0.14868630999688176,2.6423490858491676,1,k1_to_k10
20030,6,0.9,2.5603382741120124,0.942857142857143,0,1,0.1597588090079436,2.60387388275675,1,k1_to_k10
20030,6,0.9500000000000001,2.7402181732802116,0.942857142857143,0,1,0.1711634331203146,2.565398679664333,1,k1_to_k10
20030,6,1.0,2.941675483095849,0.8857142857142858,0,1,0.1829153532493515,2.5269234765719153,1,k1_to_k10
20031,6,0.0,1.0,1.0,0,0,1.1003296798012263e-16,2.099375502856689,1,k1_to_k10
20031,6,0.05,1.045375406645815,1.0,0,0,0.007938707686126542,2.0665359248755486,1,k1_to_k10
20031,6,0.1,1.093368148339026,1.0,0,0,0.01613379957683328,2.0336963468944074,1,k1_to_k10
20031,6,0.15000000000000002,1.144211409207394,1.0,0,0,0.02459789958785007,2.000856768913266,1,k1_to_k10
20031,6,0.2,1.198166921017397,0.942857142857143,0,1,0.033344474237434724,1.9680171909321253,1,k1_to_k10
20031,6,0.25,1.2555294697972417,0.942857142857143,0,1,0.0423879041403569,1.935177612950984,1,k1_to_k10
20031,6,0.30000000000000004,1.3166322840089033,0.942857142857143,0,1,0.05174356290697709,1.9023380349698429,1,k1_to_k10
20031,6,0.35000000000000003,1.3818535122308548,0.8857142857142858,1,1,0.06142790435796416,1.869498456988702,1,k1_to_k10
20031,6,0.4,1.4516240563362022,0.8857142857142858,1,1,0.0714585590954418,1.836658879007561,1,k1_to_k10
20031,6,0.45,1.5264371030446062,0.8857142857142858,1,1,0.08185444162293803,1.80381930102642,1,k1_to_k10
20031,6,0.5,1.6068597995655407,0.8857142857142858,1,1,0.09263586938339413,1.7709797230452793,1,k1_to_k10
20031,6,0.55,1.6935476579412068,0.8857142857142858,1,1,0.10382469529145438,1.738140145064138,1,k1_to_k10
20031,6,0.6000000000000001,1.787262462251584,0.8857142857142858,1,1,0.11544445557908094,1.705300567082997,1,k1_to_k10
20031,6,0.65,1.8888947144629984,0.8857142857142858,1,1,0.12752053505929156,1.6724609891018556,1,k1_to_k10
20031,6,0.7000000000000001,1.9994920201696504,0.8857142857142858,1,1,0.14008035225005808,1.6396214111207148,1,k1_to_k10
20031,6,0.75,2.120295332711172,0.8857142857142858,1,1,0.15315356719969644,1.606781833139574,1,k1_to_k10
20031,6,0.8,2.2527857165609957,0.8857142857142858,1,1,0.166772315329343,1.5739422551584328,1,k1_to_k10
20031,6,0.8500000000000001,2.398745372930671,0.8857142857142858,1,1,0.180971471173326,1.541102677177292,1,k1_to_k10
20031,6,0.9,2.5603382741120124,0.8857142857142858,1,1,0.19578894657422605,1.5082630991961508,1,k1_to_k10
20031,6,0.9500000000000001,2.7402181732802116,0.8857142857142858,1,1,0.21126602870080846,1.4754235212150097,1,k1_to_k10
20031,6,1.0,2.941675483095849,0.7714285714285715,1,1,0.22744776423463303,1.4425839432338687,1,k1_to_k10
20032,6,0.0,1.0,1.0,0,0,1.249000902703301e-16,2.061299426491469,1,k1_to_k10
20032,6,0.05,1.045375406645815,1.0,0,0,0.011572950114798988,2.049607851895631,1,k1_to_k10
20032,6,0.1,1.093368148339026,1.0,0,0,0.023278688814750727,2.037916277299793,1,k1_to_k10
20032,6,0.15000000000000002,1.144211409207394,1.0,0,0,0.035119514721000084,2.026224702703955,1,k1_to_k10
20032,6,0.2,1.198166921017397,1.0,0,0,0.04709777981594068,2.0145331281081176,1,k1_to_k10
20032,6,0.25,1.2555294697972417,1.0,0,0,0.05921589100069338,2.002841553512279,1,k1_to_k10
20032,6,0.30000000000000004,1.3166322840089033,1.0,0,0,0.0714763117074586,1.9911499789164413,1,k1_to_k10
20032,6,0.35000000000000003,1.3818535122308548,1.0,0,0,0.0838815635690049,1.9794584043206038,1,k1_to_k10
20032,6,0.4,1.4516240563362022,1.0,0,0,0.09643422814767653,1.9677668297247655,1,k1_to_k10
20032,6,0.45,1.5264371030446062,1.0,0,0,0.10913694872640574,1.956075255128928,1,k1_to_k10
20032,6,0.5,1.6068597995655407,1.0,0,0,0.1219924321643414,1.94438368053309,1,k1_to_k10
20032,6,0.55,1.6935476579412068,1.0,0,0,0.13500345081983023,1.9326921059372522,1,k1_to_k10
20032,6,0.6000000000000001,1.787262462251584,0.942857142857143,0,1,0.1481728445436198,1.9210005313414142,1,k1_to_k10
20032,6,0.65,1.8888947144629984,0.942857142857143,0,1,0.16150352274529298,1.9093089567455759,1,k1_to_k10
20032,6,0.7000000000000001,1.9994920201696504,0.8285714285714287,0,1,0.17499846653609313,1.8976173821497382,1,k1_to_k10
20032,6,0.75,2.120295332711172,0.8285714285714287,0,1,0.1886607309514529,1.8859258075539005,1,k1_to_k10
20032,6,0.8,2.2527857165609957,0.8285714285714287,0,1,0.20249344725671126,1.8742342329580621,1,k1_to_k10
20032,6,0.8500000000000001,2.398745372930671,0.8285714285714287,0,1,0.21649982533966936,1.8625426583622247,1,k1_to_k10
20032,6,0.9,2.5603382741120124,0.6571428571428573,0,1,0.23068315619382593,1.8508510837663867,1,k1_to_k10
20032,6,0.9500000000000001,2.7402181732802116,0.6571428571428573,0,1,0.24504681449633287,1.8391595091705488,1,k1_to_k10
20032,6,1.0,2.941675483095849,0.6571428571428573,0,1,0.2595942612849035,1.8274679345747105,1,k1_to_k10
20033,6,0.0,1.0,1.0,0,0,1.8735013540549517e-16,2.3379826673239443,1,k1_to_k10
20033,6,0.05,1.045375406645815,1.0,0,0,0.005715003995100193,2.3125716634020916,1,k1_to_k10
20033,6,0.1,1.093368148339026,1.0,0,0,0.011556998622302216,2.2871606594802394,1,k1_to_k10
20033,6,0.15000000000000002,1.144211409207394,1.0,0,0,0.017530264142388802,2.2617496555583863,1,k1_to_k10
20033,6,0.2,1.198166921017397,1.0,0,0,0.023639275358634807,2.236338651636534,1,k1_to_k10
20033,6,0.25,1.2555294697972417,0.942857142857143,0,1,0.02988871279654842,2.2109276477146813,1,k1_to_k10
20033,6,0.30000000000000004,1.3166322840089033,0.942857142857143,0,1,0.0362834746635348,2.185516643792829,1,k1_to_k10
20033,6,0.35000000000000003,1.3818535122308548,0.8857142857142858,0,1,0.04282868965270398,2.1601056398709764,1,k1_to_k10
20033,6,0.4,1.4516240563362022,0.7714285714285715,0,1,0.049529730661162306,2.1346946359491237,1,k1_to_k10
20033,6,0.45,1.5264371030446062,0.7714285714285715,0,1,0.05639222949991033,2.109283632027272,1,k1_to_k10
20033,6,0.5,1.6068597995655407,0.7714285714285715,0,1,0.06342209267998458,2.083872628105419,1,k1_to_k10
20033,6,0.55,1.6935476579412068,0.7714285714285715,0,1,0.07062551836784642,2.0584616241835665,1,k1_to_k10
20033,6,0.6000000000000001,1.787262462251584,0.7714285714285715,0,1,0.0780090146123198,2.0330506202617142,1,k1_to_k10
20033,6,0.65,1.8888947144629984,0.7714285714285715,0,1,0.08557941895573512,2.007639616339861,1,k1_to_k10
20033,6,0.7000000000000001,1.9994920201696504,0.7714285714285715,0,1,0.09334391955349311,1.9822286124180089,1,k1_to_k10
20033,6,0.75,2.120295332711172,0.7714285714285715,0,1,0.10131007793916563,1.9568176084961566,1,k1_to_k10
20033,6,0.8,2.2527857165609957,0.7714285714285715,0,1,0.10948585358668363,1.931406604574304,1,k1_to_k10
20033,6,0.8500000000000001,2.398745372930671,0.7714285714285715,0,1,0.11787963043732289,1.9059956006524517,1,k1_to_k10
20033,6,0.9,2.5603382741120124,0.7714285714285715,0,1,0.12650024557733425,1.880584596730599,1,k1_to_k10
20033,6,0.9500000000000001,2.7402181732802116,0.7714285714285715,0,1,0.1353570202724197,1.8551735928087467,1,k1_to_k10
20033,6,1.0,2.941675483095849,0.7714285714285715,0,1,0.14445979358817737,1.829762588886894,1,k1_to_k10
20034,6,0.0,1.0,1.0,0,0,1.3530843112619095e-16,2.7896638468043067,1,k1_to_k10
20034,6,0.05,1.045375406645815,1.0,0,0,0.007552957779418333,2.756015794735026,1,k1_to_k10
20034,6,0.1,1.093368148339026,1.0,0,0,0.01529262238220674,2.722367742665745,1,k1_to_k10
20034,6,0.15000000000000002,1.144211409207394,1.0,0,0,0.02322600345046675,2.6887196905964634,1,k1_to_k10
20034,6,0.2,1.198166921017397,1.0,0,0,0.03136046596255436,2.655071638527182,1,k1_to_k10
20034,6,0.25,1.2555294697972417,1.0,0,0,0.03970375303819317,2.621423586457901,1,k1_to_k10
20034,6,0.30000000000000004,1.3166322840089033,1.0,0,0,0.04826401052275594,2.58777553438862,1,k1_to_k10
20034,6,0.35000000000000003,1.3818535122308548,1.0,0,0,0.05704981351478542,2.554127482319339,1,k1_to_k10
20034,6,0.4,1.4516240563362022,1.0,0,0,0.06607019501834574,2.5204794302500577,1,k1_to_k10
20034,6,0.45,1.5264371030446062,1.0,0,0,0.0753346769214584,2.486831378180777,1,k1_to_k10
20034,6,0.5,1.6068597995655407,1.0,0,0,0.08485330352395229,2.4531833261114953,1,k1_to_k10
20034,6,0.55,1.6935476579412068,1.0,0,0,0.09463667786291044,2.4195352740422145,1,k1_to_k10
20034,6,0.6000000000000001,1.787262462251584,1.0,0,0,0.10469600111189131,2.3858872219729337,1,k1_to_k10
20034,6,0.65,1.8888947144629984,1.0,0,0,0.11504311536171437,2.352239169903652,1,k1_to_k10
20034,6,0.7000000000000001,1.9994920201696504,1.0,0,0,0.12569055012632502,2.318591117834371,1,k1_to_k10
20034,6,0.75,2.120295332711172,1.0,0,0,0.13665157295772976,2.2849430657650904,1,k1_to_k10
20034,6,0.8,2.2527857165609957,1.0,0,0,0.1479402445999033,2.251295013695809,1,k1_to_k10
20034,6,0.8500000000000001,2.398745372930671,1.0,0,0,0.1595714791637516,2.2176469616265284,1,k1_to_k10
20034,6,0.9,2.5603382741120124,1.0,0,0,0.17156110986463238,2.1839989095572467,1,k1_to_k10
20034,6,0.9500000000000001,2.7402181732802116,0.942857142857143,0,1,0.18392596093172453,2.150350857487966,1,k1_to_k10
20034,6,1.0,2.941675483095849,0.7714285714285715,0,1,0.19668392637601628,2.1167028054186847,1,k1_to_k10
20035,6,0.0,1.0,1.0,0,0,6.266688556966216e-17,3.363304586171887,1,k1_to_k10
20035,6,0.05,1.045375406645815,1.0,0,0,0.006558987745945547,3.3079348029796614,1,k1_to_k10
20035,6,0.1,1.093368148339026,0.942857142857143,0,1,0.013341288309463899,3.252565019787435,1,k1_to_k10
20035,6,0.15000000000000002,1.144211409207394,0.942857142857143,0,1,0.0203585038431086,3.197195236595208,1,k1_to_k10
20035,6,0.2,1.198166921017397,0.942857142857143,0,1,0.027623054378950882,3.1418254534029826,1,k1_to_k10
20035,6,0.25,1.2555294697972417,0.942857142857143,0,1,0.035148251190740734,3.0864556702107557,1,k1_to_k10
20035,6,0.30000000000000004,1.3166322840089033,0.942857142857143,0,1,0.04294837819684277,3.0310858870185298,1,k1_to_k10
20035,6,0.35000000000000003,1.3818535122308548,0.942857142857143,0,1,0.05103878245126459,2.9757161038263034,1,k1_to_k10
20035,6,0.4,1.4516240563362022,0.942857142857143,0,1,0.05943597492894583,2.920346320634077,1,k1_to_k10
20035,6,0.45,1.5264371030446062,0.8857142857142858,1,1,0.06815774299797044,2.8649765374418505,1,k1_to_k10
20035,6,0.5,1.6068597995655407,0.8857142857142858,1,1,0.07722327619092521,2.809606754249625,1,k1_to_k10
20035,6,0.55,1.6935476579412068,0.8857142857142858,1,1,0.08665330714691971,2.7542369710573986,1,k1_to_k10
20035,6,0.6000000000000001,1.787262462251584,0.8857142857142858,1,1,0.09647026990295016,2.698867187865172,1,k1_to_k10
20035,6,0.65,1.8888947144629984,0.8857142857142858,1,1,0.10669847807836079,2.643497404672946,1,k1_to_k10
20035,6,0.7000000000000001,1.9994920201696504,0.8857142857142858,1,1,0.1173643259315193,2.5881276214807194,1,k1_to_k10
20035,6,0.75,2.120295332711172,0.8857142857142858,1,1,0.12849651578884624,2.532757838288494,1,k1_to_k10
20035,6,0.8,2.2527857165609957,0.8857142857142858,1,1,0.14012631597216724,2.4773880550962675,1,k1_to_k10
20035,6,0.8500000000000001,2.398745372930671,0.8857142857142858,1,1,0.15228785410494075,2.422018271904041,1,k1_to_k10
20035,6,0.9,2.5603382741120124,0.8857142857142858,1,1,0.16501845159140147,2.3666484887118147,1,k1_to_k10
20035,6,0.9500000000000001,2.7402181732802116,0.8857142857142858,1,1,0.1783590061730835,2.311278705519589,1,k1_to_k10
20035,6,1.0,2.941675483095849,0.8857142857142858,1,1,0.19235443082291503,2.2559089223273627,1,k1_to_k10
20036,6,0.0,1.0,1.0,0,0,1.5178830414797062e-16,2.8855109638007095,1,k1_to_k10
20036,6,0.05,1.045375406645815,1.0,0,0,0.007641618407362648,2.852364836244208,1,k1_to_k10
20036,6,0.1,1.093368148339026,1.0,0,0,0.01546292493731615,2.819218708687705,1,k1_to_k10
20036,6,0.15000000000000002,1.144211409207394,1.0,0,0,0.02347033288160917,2.7860725811312035,1,k1_to_k10
20036,6,0.2,1.198166921017397,1.0,0,0,0.03167056440444258,2.752926453574702,1,k1_to_k10
20036,6,0.25,1.2555294697972417,1.0,0,0,0.04007066936370639,2.719780326018199,1,k1_to_k10
20036,6,0.30000000000000004,1.3166322840089033,1.0,0,0,0.04867804552544917,2.6866341984616975,1,k1_to_k10
20036,6,0.35000000000000003,1.3818535122308548,1.0,0,0,0.057500460293403846,2.653488070905196,1,k1_to_k10
20036,6,0.4,1.4516240563362022,1.0,0,0,0.06654607408772774,2.620341943348694,1,k1_to_k10
20036,6,0.45,1.5264371030446062,1.0,0,0,0.07582346552085528,2.587195815792192,1,k1_to_k10
20036,6,0.5,1.6068597995655407,1.0,0,0,0.08534165853372552,2.55404968823569,1,k1_to_k10
20036,6,0.55,1.6935476579412068,1.0,0,0,0.09511015167281478,2.520903560679188,1,k1_to_k10
20036,6,0.6000000000000001,1.787262462251584,1.0,0,0,0.10513894970764015,2.4877574331226855,1,k1_to_k10
20036,6,0.65,1.8888947144629984,1.0,0,0,0.11543859780996667,2.454611305566184,1,k1_to_k10
20036,6,0.7000000000000001,1.9994920201696504,1.0,0,0,0.12602021854017748,2.421465178009682,1,k1_to_k10
20036,6,0.75,2.120295332711172,0.942857142857143,1,1,0.13689555191352218,2.3883190504531804,1,k1_to_k10
20036,6,0.8,2.2527857165609957,0.942857142857143,1,1,0.14807699884966158,2.355172922896678,1,k1_to_k10
20036,6,0.8500000000000001,2.398745372930671,0.942857142857143,1,1,0.15957766834357257,2.322026795340176,1,k1_to_k10
20036,6,0.9,2.5603382741120124,0.942857142857143,1,1,0.1714114287350527,2.2888806677836744,1,k1_to_k10
20036,6,0.9500000000000001,2.7402181732802116,0.8285714285714287,1,1,0.18359296349839635,2.2557345402271722,1,k1_to_k10
20036,6,1.0,2.941675483095849,0.8285714285714287,1,1,0.19613783202412063,2.22258841267067,1,k1_to_k10
20037,6,0.0,1.0,1.0,0,0,8.673617379884035e-17,2.8058807505134387,1,k1_to_k10
20037,6,0.05,1.045375406645815,1.0,0,0,0.007195833161238085,2.7708851493946387,1,k1_to_k10
20037,6,0.1,1.093368148339026,1.0,0,0,0.01457575453406826,2.7358895482758383,1,k1_to_k10
20037,6,0.15000000000000002,1.144211409207394,1.0,0,0,0.022146919835541925,2.700893947157038,1,k1_to_k10
20037,6,0.2,1.198166921017397,1.0,0,0,0.029916860518896658,2.6658983460382384,1,k1_to_k10
20037,6,0.25,1.2555294697972417,1.0,0,0,0.03789350876329392,2.630902744919438,1,k1_to_k10
20037,6,0.30000000000000004,1.3166322840089033,0.942857142857143,1,1,0.04608522448488736,2.5959071438006385,1,k1_to_k10
20037,6,0.35000000000000003,1.3818535122308548,0.942857142857143,1,1,0.05450082456257313,2.5609115426818385,1,k1_to_k10
20037,6,0.4,1.4516240563362022,0.942857142857143,1,1,0.06314961449321284,2.5259159415630377,1,k1_to_k10
20037,6,0.45,1.5264371030446062,0.8857142857142858,1,1,0.07204142271525188,2.490920340444238,1,k1_to_k10
20037,6,0.5,1.6068597995655407,0.8857142857142858,1,1,0.08118663786689316,2.4559247393254378,1,k1_to_k10
20037,6,0.55,1.6935476579412068,0.8857142857142858,1,1,0.0905962492757745,2.4209291382066382,1,k1_to_k10
20037,6,0.6000000000000001,1.787262462251584,0.8857142857142858,1,1,0.10028189101192961,2.385933537087838,1,k1_to_k10
20037,6,0.65,1.8888947144629984,0.8857142857142858,1,1,0.11025588987533337,2.3509379359690374,1,k1_to_k10
20037,6,0.7000000000000001,1.9994920201696504,0.8857142857142858,1,1,0.12053131773420987,2.315942334850238,1,k1_to_k10
20037,6,0.75,2.120295332711172,0.8857142857142858,1,1,0.13112204868136654,2.2809467337314375,1,k1_to_k10
20037,6,0.8,2.2527857165609957,0.8857142857142858,1,1,0.1420428215340674,2.245951132612638,1,k1_to_k10
20037,6,0.8500000000000001,2.398745372930671,0.8857142857142858,1,1,0.1533093082694929,2.210955531493838,1,k1_to_k10
20037,6,0.9,2.5603382741120124,0.7714285714285715,1,1,0.16493818906401783,2.175959930375038,1,k1_to_k10
20037,6,0.9500000000000001,2.7402181732802116,0.7714285714285715,1,1,0.1769472346919146,2.1409643292562377,1,k1_to_k10
20037,6,1.0,2.941675483095849,0.7714285714285715,1,1,0.18935539713954022,2.105968728137438,1,k1_to_k10
20038,6,0.0,1.0,1.0,0,0,1.734723475976807e-16,2.9769254334393738,1,k1_to_k10
20038,6,0.05,1.045375406645815,1.0,0,0,0.007629724367228682,2.9485979096795356,1,k1_to_k10
20038,6,0.1,1.093368148339026,1.0,0,0,0.015407470095312154,2.9202703859196966,1,k1_to_k10
20038,6,0.15000000000000002,1.144211409207394,1.0,0,0,0.02333758693680387,2.891942862159858,1,k1_to_k10
20038,6,0.2,1.198166921017397,1.0,0,0,0.0314245967591602,2.8636153384000194,1,k1_to_k10
20038,6,0.25,1.2555294697972417,1.0,0,0,0.039673202142789764,2.835287814640181,1,k1_to_k10
20038,6,0.30000000000000004,1.3166322840089033,1.0,0,0,0.0480882954997259,2.8069602908803426,1,k1_to_k10
20038,6,0.35000000000000003,1.3818535122308548,1.0,0,0,0.05667496875007617,2.778632767120504,1,k1_to_k10
20038,6,0.4,1.4516240563362022,1.0,0,0,0.06543852359646339,2.750305243360666,1,k1_to_k10
20038,6,0.45,1.5264371030446062,0.942857142857143,0,1,0.07438448244002079,2.7219777196008272,1,k1_to_k10
20038,6,0.5,1.6068597995655407,0.942857142857143,0,1,0.08351859998516964,2.693650195840988,1,k1_to_k10
20038,6,0.55,1.6935476579412068,0.942857142857143,0,1,0.09284687558442266,2.6653226720811505,1,k1_to_k10
20038,6,0.6000000000000001,1.787262462251584,0.942857142857143,0,1,0.10237556637886035,2.6369951483213114,1,k1_to_k10
20038,6,0.65,1.8888947144629984,0.942857142857143,0,1,0.11211120129476301,2.6086676245614724,1,k1_to_k10
20038,6,0.7000000000000001,1.9994920201696504,0.8285714285714287,0,1,0.12206059596218982,2.5803401008016342,1,k1_to_k10
20038,6,0.75,2.120295332711172,0.8285714285714287,0,1,0.13223086862714128,2.552012577041796,1,k1_to_k10
20038,6,0.8,2.2527857165609957,0.6571428571428573,0,1,0.142629457135376,2.5236850532819575,1,k1_to_k10
20038,6,0.8500000000000001,2.398745372930671,0.6,0,1,0.15326413707303563,2.495357529522119,1,k1_to_k10
20038,6,0.9,2.5603382741120124,0.6,0,1,0.1641430411570647,2.4670300057622807,1,k1_to_k10
20038,6,0.9500000000000001,2.7402181732802116,0.6,0,1,0.1752746799770409,2.438702482002442,1,k1_to_k10
20038,6,1.0,2.941675483095849,0.48571428571428577,0,1,0.18666796419959683,2.410374958242603,1,k1_to_k10
20039,6,0.0,1.0,1.0,0,0,1.8735013540549517e-16,2.5598117209515623,1,k1_to_k10
20039,6,0.05,1.045375406645815,1.0,0,0,0.007356873914276075,2.537649772063774,1,k1_to_k10
20039,6,0.1,1.093368148339026,1.0,0,0,0.014843378878370637,2.515487823175986,1,k1_to_k10
20039,6,0.15000000000000002,1.144211409207394,1.0,0,0,0.022462971572451362,2.493325874288197,1,k1_to_k10
20039,6,0.2,1.198166921017397,1.0,0,0,0.03021923267779885,2.471163925400409,1,k1_to_k10
20039,6,0.25,1.2555294697972417,1.0,0,0,0.03811587248747216,2.449001976512621,1,k1_to_k10
20039,6,0.30000000000000004,1.3166322840089033,1.0,0,0,0.046156736824394945,2.426840027624833,1,k1_to_k10
20039,6,0.35000000000000003,1.3818535122308548,1.0,0,0,0.054345813286694654,2.404678078737045,1,k1_to_k10
20039,6,0.4,1.4516240563362022,0.942857142857143,0,1,0.06268723784160277,2.3825161298492565,1,k1_to_k10
20039,6,0.45,1.5264371030446062,0.942857142857143,0,1,0.07118530179082604,2.360354180961469,1,k1_to_k10
20039,6,0.5,1.6068597995655407,0.942857142857143,0,1,0.07984445913203309,2.3381922320736805,1,k1_to_k10
20039,6,0.55,1.6935476579412068,0.942857142857143,0,1,0.0886693343429939,2.316030283185892,1,k1_to_k10
20039,6,0.6000000000000001,1.787262462251584,0.942857142857143,0,1,0.09766473061694862,2.293868334298104,1,k1_to_k10
20039,6,0.65,1.8888947144629984,0.942857142857143,0,1,0.10683563858002763,2.2717063854103157,1,k1_to_k10
20039,6,0.7000000000000001,1.9994920201696504,0.942857142857143,0,1,0.11618724552396015,2.2495444365225277,1,k1_to_k10
20039,6,0.75,2.120295332711172,0.942857142857143,0,1,0.1257249451899654,2.22738248763474,1,k1_to_k10
20039,6,0.8,2.2527857165609957,0.942857142857143,0,1,0.13545434814259516,2.2052205387469517,1,k1_to_k10
20039,6,0.8500000000000001,2.398745372930671,0.942857142857143,0,1,0.14538129277545872,2.1830585898591637,1,k1_to_k10
20039,6,0.9,2.5603382741120124,0.8285714285714287,0,1,0.155511856994187,2.1608966409713752,1,k1_to_k10
20039,6,0.9500000000000001,2.7402181732802116,0.6571428571428573,0,1,0.16585237062576286,2.1387346920835872,1,k1_to_k10
20039,6,1.0,2.941675483095849,0.6571428571428573,0,1,0.1764094286074569,2.1165727431957992,1,k1_to_k10
20000,8,0.0,1.0,1.0,0,0,1.8041124150158794e-16,6.275396986805811,1,k1_to_k10
20000,8,0.05,1.045375406645815,1.0,0,0,0.03741808928177562,5.9811784041590075,1,k1_to_k10
20000,8,0.1,1.093368148339026,0.9761904761904763,0,1,0.07870787716503931,5.686959821512206,1,k1_to_k10
20000,8,0.15000000000000002,1.144211409207394,0.9761904761904763,0,1,0.124503063075284,5.392741238865402,1,k1_to_k10
20000,8,0.2,1.198166921017397,0.9761904761904763,0,1,0.1755836210821395,5.098522656218604,1,k1_to_k10
20000,8,0.25,1.2555294697972417,0.9285714285714287,0,1,0.2329205896522894,4.8043040735717994,1,k1_to_k10
20000,8,0.30000000000000004,1.3166322840089033,0.9285714285714287,0,1,0.297738392747602,4.510085490924997,1,k1_to_k10
20000,8,0.35000000000000003,1.3818535122308548,0.9285714285714287,0,1,0.37160325665953287,4.215866908278198,1,k1_to_k10
20000,8,0.4,1.4516240563362022,0.9285714285714287,0,1,0.45655142726448306,3.9216483256313937,1,k1_to_k10
20000,8,0.45,1.5264371030446062,0.9047619047619048,1,1,0.5552797850127745,3.6274297429845945,1,k1_to_k10
20000,8,0.5,1.6068597995655407,0.9047619047619048,1,1,0.6714374120671283,3.3332111603377923,1,k1_to_k10
20000,8,0.55,1.6935476579412068,0.9047619047619048,1,1,0.8100865270220643,3.03899257769099,1,k1_to_k10
20000,8,0.6000000000000001,1.787262462251584,0.9047619047619048,1,1,0.9784598714843684,2.744773995044188,1,k1_to_k10
20000,8,0.65,1.8888947144629984,0.9047619047619048,1,1,1.187263696736934,2.450555412397385,1,k1_to_k10
20000,8,0.7000000000000001,1.9994920201696504,0.9047619047619048,1,1,1.4530474563573097,2.156336829750583,1,k1_to_k10
20000,8,0.75,2.120295332711172,0.9047619047619048,1,1,1.8028199972139645,1.8621182471037834,1,k1_to_k10
20000,8,0.8,2.2527857165609957,0.8571428571428572,1,1,2.28386315895599,1.567899664456983,1,k1_to_k10
20000,8,0.8500000000000001,2.398745372930671,0.8571428571428572,1,1,2.987146941620998,1.2736810818101816,1,k1_to_k10
20000,8,0.9,2.5603382741120124,0.8571428571428572,1,1,4.112946456967814,0.9794624991633785,1,k1_to_k10
20000,8,0.9500000000000001,2.7402181732802116,0.8571428571428572,1,1,6.205499940547153,0.6852439165165753,1,k1_to_k10
20000,8,1.0,2.941675483095849,0.8571428571428572,1,1,11.447046937965567,0.39102533386977356,1,k1_to_k10
20001,8,0.0,1.0,1.0,0,0,1.9949319973733282e-16,6.3076608118202335,1,k1_to_k10
20001,8,0.05,1.045375406645815,1.0,0,0,0.032811728556747535,6.030125875621987,1,k1_to_k10
20001,8,0.1,1.093368148339026,1.0,0,0,0.06878947433510633,5.752590939423742,1,k1_to_k10
20001,8,0.15000000000000002,1.144211409207394,1.0,0,0,0.10841470111576816,5.475056003225495,1,k1_to_k10
20001,8,0.2,1.198166921017397,1.0,0,0,0.15227170864136091,5.197521067027253,1,k1_to_k10
20001,8,0.25,1.2555294697972417,1.0,0,0,0.20107663734469605,4.919986130829006,1,k1_to_k10
20001,8,0.30000000000000004,1.3166322840089033,1.0,0,0,0.2557168768379455,4.642451194630759,1,k1_to_k10
20001,8,0.35000000000000003,1.3818535122308548,1.0,0,0,0.31730550868686425,4.3649162584325145,1,k1_to_k10
20001,8,0.4,1.4516240563362022,1.0,0,0,0.3872579293106379,4.08738132223427,1,k1_to_k10
20001,8,0.45,1.5264371030446062,1.0,0,0,0.467401963258187,3.8098463860360265,1,k1_to_k10
20001,8,0.5,1.6068597995655407,1.0,0,0,0.5601398863144245,3.532311449837781,1,k1_to_k10
20001,8,0.55,1.6935476579412068,1.0,0,0,0.6686933429108062,3.254776513639537,1,k1_to_k10
20001,8,0.6000000000000001,1.787262462251584,1.0,0,0,0.797485249002758,2.9772415774412893,1,k1_to_k10
20001,8,0.65,1.8888947144629984,1.0,0,0,0.9527572569650528,2.699706641243043,1,k1_to_k10
20001,8,0.7000000000000001,1.9994920201696504,0.9761904761904763,0,1,1.14361171908073,2.4221717050447986,1,k1_to_k10
20001,8,0.75,2.120295332711172,0.9761904761904763,0,1,1.3838626866894232,2.1446367688465524,1,k1_to_k10
20001,8,0.8,2.2527857165609957,0.9761904761904763,0,1,1.6955377574733201,1.8671018326483089,1,k1_to_k10
20001,8,0.8500000000000001,2.398745372930671,0.9761904761904763,0,1,2.1160484124377534,1.5895668964500649,1,k1_to_k10
20001,8,0.9,2.5603382741120124,0.9761904761904763,0,1,2.7144608279261266,1.3120319602518196,1,k1_to_k10
20001,8,0.9500000000000001,2.7402181732802116,0.9047619047619048,0,1,3.6339574953576075,1.0344970240535734,1,k1_to_k10
20001,8,1.0,2.941675483095849,0.8333333333333335,1,1,5.227708403587644,0.7569620878553285,1,k1_to_k10
20002,8,0.0,1.0,1.0,0,0,1.196959198423997e-16,7.679147231604304,1,k1_to_k10
20002,8,0.05,1.045375406645815,1.0,0,0,0.00931241870452967,7.4908166900806545,1,k1_to_k10
20002,8,0.1,1.093368148339026,1.0,0,0,0.01910517049613178,7.302486148557003,1,k1_to_k10
20002,8,0.15000000000000002,1.144211409207394,1.0,0,0,0.029416402441891656,7.11415560703335,1,k1_to_k10
20002,8,0.2,1.198166921017397,1.0,0,0,0.04028841086633897,6.925825065509702,1,k1_to_k10
20002,8,0.25,1.2555294697972417,1.0,0,0,0.05176822126427553,6.73749452398605,1,k1_to_k10
20002,8,0.30000000000000004,1.3166322840089033,0.9761904761904763,0,1,0.06390826827092179,6.5491639824623995,1,k1_to_k10
20002,8,0.35000000000000003,1.3818535122308548,0.9761904761904763,0,1,0.07676719642674869,6.360833440938747,1,k1_to_k10
20002,8,0.4,1.4516240563362022,0.9761904761904763,0,1,0.09041080753614042,6.172502899415097,1,k1_to_k10
20002,8,0.45,1.5264371030446062,0.9761904761904763,0,1,0.10491318691452473,5.984172357891448,1,k1_to_k10
20002,8,0.5,1.6068597995655407,0.9523809523809524,0,1,0.1203580492136815,5.795841816367796,1,k1_to_k10
20002,8,0.55,1.6935476579412068,0.9523809523809524,0,1,0.13684035544758627,5.6075112748441445,1,k1_to_k10
20002,8,0.6000000000000001,1.787262462251584,0.9523809523809524,0,1,0.15446826719322568,5.419180733320493,1,k1_to_k10
20002,8,0.65,1.8888947144629984,0.9523809523809524,0,1,0.17336552294347607,5.230850191796842,1,k1_to_k10
20002,8,0.7000000000000001,1.9994920201696504,0.9523809523809524,0,1,0.19367434697926128,5.0425196502731895,1,k1_to_k10
20002,8,0.75,2.120295332711172,0.880952380952381,0,1,0.21555903538401933,4.854189108749541,1,k1_to_k10
20002,8,0.8,2.2527857165609957,0.8571428571428572,1,1,0.23921041052347425,4.665858567225891,1,k1_to_k10
20002,8,0.8500000000000001,2.398745372930671,0.8333333333333335,1,1,0.2648513996920201,4.47752802570224,1,k1_to_k10
20002,8,0.9,2.5603382741120124,0.8333333333333335,1,1,0.2927440834459176,4.2891974841785885,1,k1_to_k10
20002,8,0.9500000000000001,2.7402181732802116,0.7857142857142858,1,1,0.32319868608641933,4.100866942654937,1,k1_to_k10
20002,8,1.0,2.941675483095849,0.7857142857142858,1,1,0.35658516269262513,3.912536401131287,1,k1_to_k10
20003,8,0.0,1.0,1.0,0,0,2.2724877535296173e-16,11.687901320612177,1,k1_to_k10
20003,8,0.05,1.045375406645815,0.9761904761904763,0,1,0.011488973340463036,11.425954502070006,1,k1_to_k10
20003,8,0.1,1.093368148339026,0.9047619047619048,0,1,0.023517089988627365,11.164007683527831,1,k1_to_k10
20003,8,0.15000000000000002,1.144211409207394,0.880952380952381,0,1,0.036123212378652875,10.902060864985657,1,k1_to_k10
20003,8,0.2,1.198166921017397,0.880952380952381,0,1,0.04935002993036686,10.640114046443484,1,k1_to_k10
20003,8,0.25,1.2555294697972417,0.880952380952381,0,1,0.06324454201831714,10.37816722790131,1,k1_to_k10
20003,8,0.30000000000000004,1.3166322840089033,0.880952380952381,0,1,0.07785861597608772,10.116220409359135,1,k1_to_k10
20003,8,0.35000000000000003,1.3818535122308548,0.880952380952381,0,1,0.09324963409801149,9.854273590816963,1,k1_to_k10
20003,8,0.4,1.4516240563362022,0.880952380952381,0,1,0.10948124665064535,9.592326772274786,1,k1_to_k10
20003,8,0.45,1.5264371030446062,0.880952380952381,0,1,0.1266242517272826,9.330379953732617,1,k1_to_k10
20003,8,0.5,1.6068597995655407,0.880952380952381,0,1,0.144757627593037,9.068433135190439,1,k1_to_k10
20003,8,0.55,1.6935476579412068,0.880952380952381,0,1,0.16396974927106497,8.806486316648268,1,k1_to_k10
20003,8,0.6000000000000001,1.787262462251584,0.880952380952381,0,1,0.18435982890741714,8.544539498106092,1,k1_to_k10
20003,8,0.65,1.8888947144629984,0.8095238095238096,0,1,0.20603962945537269,8.282592679563919,1,k1_to_k10
20003,8,0.7000000000000001,1.9994920201696504,0.7380952380952381,0,1,0.22913551416377342,8.020645861021745,1,k1_to_k10
20003,8,0.75,2.120295332711172,0.6904761904761906,1,1,0.25379091123053676,7.758699042479572,1,k1_to_k10
20003,8,0.8,2.2527857165609957,0.6904761904761906,1,1,0.2801692951664434,7.496752223937398,1,k1_to_k10
20003,8,0.8500000000000001,2.398745372930671,0.6904761904761906,1,1,0.30845781582700693,7.234805405395225,1,k1_to_k10
20003,8,0.9,2.5603382741120124,0.6904761904761906,1,1,0.3388717454273904,6.972858586853052,1,k1_to_k10
20003,8,0.9500000000000001,2.7402181732802116,0.6904761904761906,1,1,0.37165996703852744,6.710911768310878,1,k1_to_k10
20003,8,1.0,2.941675483095849,0.6904761904761906,1,1,0.4071118006877481,6.448964949768704,1,k1_to_k10
20004,8,0.0,1.0,1.0,0,0,1.7694179454963432e-16,7.389608632759682,1,k1_to_k10
20004,8,0.05,1.045375406645815,1.0,0,0,0.021519793019746884,7.138830758131202,1,k1_to_k10
20004,8,0.1,1.093368148339026,1.0,0,0,0.044606556574479525,6.888052883502722,1,k1_to_k10
20004,8,0.15000000000000002,1.144211409207394,1.0,0,0,0.0694379064205936,6.637275008874242,1,k1_to_k10
20004,8,0.2,1.198166921017397,1.0,0,0,0.09621935598731184,6.3864971342457615,1,k1_to_k10
20004,8,0.25,1.2555294697972417,1.0,0,0,0.1251900175168439,6.135719259617281,1,k1_to_k10
20004,8,0.30000000000000004,1.3166322840089033,1.0,0,0,0.15662976087733177,5.8849413849887995,1,k1_to_k10
20004,8,0.35000000000000003,1.3818535122308548,0.9761904761904763,0,1,0.19086828421795662,5.634163510360321,1,k1_to_k10
20004,8,0.4,1.4516240563362022,0.9761904761904763,0,1,0.22829671989062372,5.383385635731839,1,k1_to_k10
20004,8,0.45,1.5264371030446062,0.9761904761904763,0,1,0.26938264274545626,5.132607761103362,1,k1_to_k10
20004,8,0.5,1.6068597995655407,0.9761904761904763,0,1,0.3146897042512817,4.88182988647488,1,k1_to_k10
20004,8,0.55,1.6935476579412068,0.9285714285714287,0,1,0.36490364590486946,4.631052011846402,1,k1_to_k10
20004,8,0.6000000000000001,1.787262462251584,0.9047619047619048,0,1,0.42086724850210017,4.380274137217921,1,k1_to_k10
20004,8,0.65,1.8888947144629984,0.9047619047619048,0,1,0.4836280158978703,4.1294962625894405,1,k1_to_k10
20004,8,0.7000000000000001,1.9994920201696504,0.8095238095238096,0,1,0.5545043566780951,3.878718387960957,1,k1_to_k10
20004,8,0.75,2.120295332711172,0.8095238095238096,0,1,0.6351792142956195,3.6279405133324802,1,k1_to_k10
20004,8,0.8,2.2527857165609957,0.8095238095238096,0,1,0.7278354133489501,3.3771626387039992,1,k1_to_k10
20004,8,0.8500000000000001,2.398745372930671,0.7619047619047621,0,1,0.8353561453521247,3.126384764075522,1,k1_to_k10
20004,8,0.9,2.5603382741120124,0.7380952380952381,0,1,0.9616303590980286,2.8756068894470417,1,k1_to_k10
20004,8,0.9500000000000001,2.7402181732802116,0.7380952380952381,0,1,1.1120332141876594,2.6248290148185593,1,k1_to_k10
20004,8,1.0,2.941675483095849,0.7380952380952381,0,1,1.2942110447181403,2.3740511401900797,1,k1_to_k10
20005,8,0.0,1.0,1.0,0,0,9.71445146547012e-17,11.014088668978474,1,k1_to_k10
20005,8,0.05,1.045375406645815,0.9761904761904763,0,1,0.011422503664777286,10.776697930042598,1,k1_to_k10
20005,8,0.1,1.093368148339026,0.9761904761904763,0,1,0.02335957560929265,10.539307191106722,1,k1_to_k10
20005,8,0.15000000000000002,1.144211409207394,0.9761904761904763,0,1,0.03584678797531025,10.301916452170845,1,k1_to_k10
20005,8,0.2,1.198166921017397,0.9761904761904763,0,1,0.04892306904764931,10.064525713234971,1,k1_to_k10
20005,8,0.25,1.2555294697972417,0.9285714285714287,0,1,0.0626311086201851,9.827134974299094,1,k1_to_k10
20005,8,0.30000000000000004,1.3166322840089033,0.9285714285714287,0,1,0.07701782357000281,9.58974423536322,1,k1_to_k10
20005,8,0.35000000000000003,1.3818535122308548,0.9285714285714287,0,1,0.0921348943375517,9.352353496427343,1,k1_to_k10
20005,8,0.4,1.4516240563362022,0.9285714285714287,0,1,0.1080393852395612,9.114962757491469,1,k1_to_k10
20005,8,0.45,1.5264371030446062,0.880952380952381,0,1,0.12479446430683384,8.877572018555593,1,k1_to_k10
20005,8,0.5,1.6068597995655407,0.8571428571428572,1,1,0.14247024178817602,8.640181279619716,1,k1_to_k10
20005,8,0.55,1.6935476579412068,0.8571428571428572,1,1,0.16114475078787394,8.402790540683842,1,k1_to_k10
20005,8,0.6000000000000001,1.787262462251584,0.8571428571428572,1,1,0.18090509896222046,8.165399801747967,1,k1_to_k10
20005,8,0.65,1.8888947144629984,0.8571428571428572,1,1,0.2018488271295949,7.928009062812091,1,k1_to_k10
20005,8,0.7000000000000001,1.9994920201696504,0.8571428571428572,1,1,0.22408551950253683,7.690618323876213,1,k1_to_k10
20005,8,0.75,2.120295332711172,0.8571428571428572,1,1,0.24773872164221838,7.453227584940339,1,k1_to_k10
20005,8,0.8,2.2527857165609957,0.8095238095238096,1,1,0.2729482370007192,7.215836846004462,1,k1_to_k10
20005,8,0.8500000000000001,2.398745372930671,0.8095238095238096,1,1,0.2998728922019158,6.978446107068589,1,k1_to_k10
20005,8,0.9,2.5603382741120124,0.8095238095238096,1,1,0.3286938866095877,6.741055368132713,1,k1_to_k10
20005,8,0.9500000000000001,2.7402181732802116,0.8095238095238096,1,1,0.3596188754725053,6.503664629196837,1,k1_to_k10
20005,8,1.0,2.941675483095849,0.6190476190476191,1,1,0.39288698118167575,6.266273890260962,1,k1_to_k10
20006,8,0.0,1.0,1.0,0,0,1.4224732503009818e-16,9.691677883298532,1,k1_to_k10
20006,8,0.05,1.045375406645815,1.0,0,0,0.0120277329752209,9.4137527532485,1,k1_to_k10
20006,8,0.1,1.093368148339026,1.0,0,0,0.02478726812299076,9.135827623198471,1,k1_to_k10
20006,8,0.15000000000000002,1.144211409207394,1.0,0,0,0.038347488414464816,8.857902493148437,1,k1_to_k10
20006,8,0.2,1.198166921017397,0.9761904761904763,0,1,0.05278620192999427,8.57997736309841,1,k1_to_k10
20006,8,0.25,1.2555294697972417,0.9523809523809524,1,1,0.06819163577416332,8.302052233048379,1,k1_to_k10
20006,8,0.30000000000000004,1.3166322840089033,0.9523809523809524,1,1,0.08466424045190969,8.024127102998346,1,k1_to_k10
20006,8,0.35000000000000003,1.3818535122308548,0.9523809523809524,1,1,0.1023188826787191,7.746201972948316,1,k1_to_k10
20006,8,0.4,1.4516240563362022,0.9523809523809524,1,1,0.12128752781144332,7.468276842898286,1,k1_to_k10
20006,8,0.45,1.5264371030446062,0.9047619047619048,1,1,0.14172254437519646,7.190351712848257,1,k1_to_k10
20006,8,0.5,1.6068597995655407,0.9047619047619048,1,1,0.16380080577288075,6.912426582798225,1,k1_to_k10
20006,8,0.55,1.6935476579412068,0.9047619047619048,1,1,0.1877288229401377,6.634501452748195,1,k1_to_k10
20006,8,0.6000000000000001,1.787262462251584,0.8571428571428572,1,1,0.21374922347398878,6.356576322698162,1,k1_to_k10
20006,8,0.65,1.8888947144629984,0.8571428571428572,1,1,0.242149008174864,6.078651192648132,1,k1_to_k10
20006,8,0.7000000000000001,1.9994920201696504,0.7857142857142858,1,1,0.27327018111962686,5.800726062598099,1,k1_to_k10
20006,8,0.75,2.120295332711172,0.7857142857142858,1,1,0.307523589371662,5.522800932548071,1,k1_to_k10
20006,8,0.8,2.2527857165609957,0.6904761904761906,1,1,0.34540716287511064,5.24487580249804,1,k1_to_k10
20006,8,0.8500000000000001,2.398745372930671,0.6904761904761906,1,1,0.38753027801568884,4.966950672448011,1,k1_to_k10
20006,8,0.9,2.5603382741120124,0.6666666666666669,1,1,0.43464678555633085,4.68902554239798,1,k1_to_k10
20006,8,0.9500000000000001,2.7402181732802116,0.6666666666666669,1,1,0.48770052429174693,4.41110041234795,1,k1_to_k10
20006,8,1.0,2.941675483095849,0.6666666666666669,1,1,0.5478891974205011,4.133175282297918,1,k1_to_k10
20007,8,0.0,1.0,1.0,0,0,6.591949208711867e-17,11.881006968322023,1,k1_to_k10
20007,8,0.05,1.045375406645815,1.0,0,0,0.005816738699728414,11.612946104678185,1,k1_to_k10
20007,8,0.1,1.093368148339026,1.0,0,0,0.011908357218214208,11.344885241034344,1,k1_to_k10
20007,8,0.15000000000000002,1.144211409207394,1.0,0,0,0.018294811957880283,11.076824377390505,1,k1_to_k10
20007,8,0.2,1.198166921017397,1.0,0,0,0.024998039022329062,10.808763513746669,1,k1_to_k10
20007,8,0.25,1.2555294697972417,0.9523809523809524,0,1,0.032042205945484355,10.540702650102828,1,k1_to_k10
20007,8,0.30000000000000004,1.3166322840089033,0.9523809523809524,0,1,0.03945400283341869,10.27264178645899,1,k1_to_k10
20007,8,0.35000000000000003,1.3818535122308548,0.9523809523809524,0,1,0.04726298031097723,10.004580922815151,1,k1_to_k10
20007,8,0.4,1.4516240563362022,0.9523809523809524,0,1,0.05550194329343626,9.736520059171314,1,k1_to_k10
20007,8,0.45,1.5264371030446062,0.9523809523809524,0,1,0.06420741164641039,9.468459195527476,1,k1_to_k10
20007,8,0.5,1.6068597995655407,0.9523809523809524,0,1,0.07342016137589527,9.200398331883639,1,k1_to_k10
20007,8,0.55,1.6935476579412068,0.9523809523809524,0,1,0.08318586326550642,8.932337468239798,1,k1_to_k10
20007,8,0.6000000000000001,1.787262462251584,0.880952380952381,0,1,0.09355584006509195,8.664276604595958,1,k1_to_k10
20007,8,0.65,1.8888947144629984,0.880952380952381,0,1,0.10458796872514113,8.396215740952119,1,k1_to_k10
20007,8,0.7000000000000001,1.9994920201696504,0.880952380952381,0,1,0.11634776116155351,8.128154877308281,1,k1_to_k10
20007,8,0.75,2.120295332711172,0.880952380952381,0,1,0.12890966617099522,7.860094013664444,1,k1_to_k10
20007,8,0.8,2.2527857165609957,0.880952380952381,0,1,0.14235864715581875,7.592033150020606,1,k1_to_k10
20007,8,0.8500000000000001,2.398745372930671,0.880952380952381,0,1,0.15679210632186857,7.323972286376767,1,k1_to_k10
20007,8,0.9,2.5603382741120124,0.7857142857142858,0,1,0.17232224748904257,7.055911422732928,1,k1_to_k10
20007,8,0.9500000000000001,2.7402181732802116,0.7857142857142858,0,1,0.18907899876424522,6.78785055908909,1,k1_to_k10
20007,8,1.0,2.941675483095849,0.7857142857142858,0,1,0.20721365620775073,6.519789695445252,1,k1_to_k10
20008,8,0.0,1.0,1.0,0,0,2.0664893407573715e-16,9.14704244964896,1,k1_to_k10
20008,8,0.05,1.045375406645815,1.0,0,0,0.010730503587873044,8.885156830555182,1,k1_to_k10
20008,8,0.1,1.093368148339026,1.0,0,0,0.022112770179920912,8.6232712114614,1,k1_to_k10
20008,8,0.15000000000000002,1.144211409207394,1.0,0,0,0.034208041070172626,8.361385592367615,1,k1_to_k10
20008,8,0.2,1.198166921017397,1.0,0,0,0.04708547814738722,8.099499973273835,1,k1_to_k10
20008,8,0.25,1.2555294697972417,1.0,0,0,0.06082348718665762,7.837614354180053,1,k1_to_k10
20008,8,0.30000000000000004,1.3166322840089033,1.0,0,0,0.07551131561048527,7.575728735086271,1,k1_to_k10
20008,8,0.35000000000000003,1.3818535122308548,1.0,0,0,0.0912509935145148,7.313843115992489,1,k1_to_k10
20008,8,0.4,1.4516240563362022,1.0,0,0,0.10815970719167413,7.051957496898707,1,k1_to_k10
20008,8,0.45,1.5264371030446062,1.0,0,0,0.12637272192163881,6.7900718778049285,1,k1_to_k10
20008,8,0.5,1.6068597995655407,0.9761904761904763,1,1,0.14604700826644335,6.528186258711144,1,k1_to_k10
20008,8,0.55,1.6935476579412068,0.9523809523809524,1,1,0.16736577768218855,6.266300639617364,1,k1_to_k10
20008,8,0.6000000000000001,1.787262462251584,0.9523809523809524,1,1,0.19054420506883585,6.004415020523581,1,k1_to_k10
20008,8,0.65,1.8888947144629984,0.9523809523809524,1,1,0.21583671716674646,5.742529401429799,1,k1_to_k10
20008,8,0.7000000000000001,1.9994920201696504,0.9047619047619048,1,1,0.2435463705539877,5.480643782336015,1,k1_to_k10
20008,8,0.75,2.120295332711172,0.9047619047619048,1,1,0.27403705326092564,5.218758163242235,1,k1_to_k10
20008,8,0.8,2.2527857165609957,0.9047619047619048,1,1,0.30774955426001427,4.956872544148454,1,k1_to_k10
20008,8,0.8500000000000001,2.398745372930671,0.9047619047619048,1,1,0.34522301107699094,4.694986925054673,1,k1_to_k10
20008,8,0.9,2.5603382741120124,0.9047619047619048,1,1,0.38712395951248835,4.433101305960891,1,k1_to_k10
20008,8,0.9500000000000001,2.7402181732802116,0.9047619047619048,1,1,0.4342863265105389,4.171215686867109,1,k1_to_k10
20008,8,1.0,2.941675483095849,0.9047619047619048,1,1,0.48776749773595773,3.9093300677733263,1,k1_to_k10
20009,8,0.0,1.0,1.0,0,0,3.469446951953614e-16,8.560706977103592,1,k1_to_k10
20009,8,0.05,1.045375406645815,1.0,0,0,0.01550586194375479,8.30054962876044,1,k1_to_k10
20009,8,0.1,1.093368148339026,1.0,0,0,0.03201514854301733,8.040392280417286,1,k1_to_k10
20009,8,0.15000000000000002,1.144211409207394,1.0,0,0,0.04962851805550794,7.780234932074132,1,k1_to_k10
20009,8,0.2,1.198166921017397,1.0,0,0,0.0684605578428027,7.52007758373098,1,k1_to_k10
20009,8,0.25,1.2555294697972417,1.0,0,0,0.0886422800993551,7.259920235387828,1,k1_to_k10
20009,8,0.30000000000000004,1.3166322840089033,1.0,0,0,0.11032417412800577,6.999762887044675,1,k1_to_k10
20009,8,0.35000000000000003,1.3818535122308548,1.0,0,0,0.13367996554580155,6.7396055387015235,1,k1_to_k10
20009,8,0.4,1.4516240563362022,1.0,0,0,0.15891128110861677,6.4794481903583705,1,k1_to_k10
20009,8,0.45,1.5264371030446062,1.0,0,0,0.18625348433331357,6.219290842015219,1,k1_to_k10
20009,8,0.5,1.6068597995655407,1.0,0,0,0.2159830397112556,5.9591334936720655,1,k1_to_k10
20009,8,0.55,1.6935476579412068,1.0,0,0,0.2484268939728262,5.698976145328913,1,k1_to_k10
20009,8,0.6000000000000001,1.787262462251584,1.0,0,0,0.283974549780203,5.4388187969857595,1,k1_to_k10
20009,8,0.65,1.8888947144629984,1.0,0,0,0.3230937786538538,5.1786614486426075,1,k1_to_k10
20009,8,0.7000000000000001,1.9994920201696504,1.0,0,0,0.3663513205777586,4.9185041002994545,1,k1_to_k10
20009,8,0.75,2.120295332711172,1.0,0,0,0.4144405197405924,4.658346751956302,1,k1_to_k10
20009,8,0.8,2.2527857165609957,0.9761904761904763,1,1,0.4682187683690404,4.398189403613152,1,k1_to_k10
20009,8,0.8500000000000001,2.398745372930671,0.9761904761904763,1,1,0.5287590750844471,4.138032055269999,1,k1_to_k10
20009,8,0.9,2.5603382741120124,0.9761904761904763,1,1,0.5974223908464475,3.8778747069268458,1,k1_to_k10
20009,8,0.9500000000000001,2.7402181732802116,0.9523809523809524,1,1,0.6759611415230674,3.6177173585836924,1,k1_to_k10
20009,8,1.0,2.941675483095849,0.9523809523809524,1,1,0.766670893197968,3.35756001024054,1,k1_to_k10
20010,8,0.0,1.0,1.0,0,0,1.457167719820518e-16,8.023395477600271,1,k1_to_k10
20010,8,0.05,1.045375406645815,1.0,0,0,0.028361836177991394,7.705153363389041,1,k1_to_k10
20010,8,0.1,1.093368148339026,1.0,0,0,0.059167435494249604,7.386911249177815,1,k1_to_k10
20010,8,0.15000000000000002,1.144211409207394,1.0,0,0,0.0927468636229092,7.068669134966585,1,k1_to_k10
20010,8,0.2,1.198166921017397,1.0,0,0,0.12949242869929395,6.7504270207553585,1,k1_to_k10
20010,8,0.25,1.2555294697972417,1.0,0,0,0.16987407902126828,6.4321849065441326,1,k1_to_k10
20010,8,0.30000000000000004,1.3166322840089033,1.0,0,0,0.21445960962485744,6.113942792332904,1,k1_to_k10
20010,8,0.35000000000000003,1.3818535122308548,1.0,0,0,0.26394152612224453,5.795700678121676,1,k1_to_k10
20010,8,0.4,1.4516240563362022,1.0,0,0,0.3191732733258309,5.477458563910447,1,k1_to_k10
20010,8,0.45,1.5264371030446062,1.0,0,0,0.3812188722733856,5.159216449699221,1,k1_to_k10
20010,8,0.5,1.6068597995655407,0.9761904761904763,1,1,0.45142213586370616,4.840974335487992,1,k1_to_k10
20010,8,0.55,1.6935476579412068,0.9761904761904763,1,1,0.5315051066471284,4.522732221276766,1,k1_to_k10
20010,8,0.6000000000000001,1.787262462251584,0.9761904761904763,1,1,0.6237111997523783,4.204490107065537,1,k1_to_k10
20010,8,0.65,1.8888947144629984,0.9761904761904763,1,1,0.7310186770548933,3.8862479928543077,1,k1_to_k10
20010,8,0.7000000000000001,1.9994920201696504,0.9761904761904763,1,1,0.8574683641008585,3.568005878643079,1,k1_to_k10
20010,8,0.75,2.120295332711172,0.9761904761904763,1,1,1.0086839225540276,3.249763764431853,1,k1_to_k10
20010,8,0.8,2.2527857165609957,0.9761904761904763,1,1,1.1927310031759957,2.9315216502206285,1,k1_to_k10
20010,8,0.8500000000000001,2.398745372930671,0.9285714285714287,1,1,1.4216041586548331,2.613279536009401,1,k1_to_k10
20010,8,0.9,2.5603382741120124,0.9285714285714287,1,1,1.7139508559539274,2.2950374217981735,1,k1_to_k10
20010,8,0.9500000000000001,2.7402181732802116,0.9285714285714287,1,1,2.1004267032707933,1.9767953075869422,1,k1_to_k10
20010,8,1.0,2.941675483095849,0.9285714285714287,1,1,2.635216021910646,1.6585531933757154,1,k1_to_k10
20011,8,0.0,1.0,1.0,0,0,4.40619762898109e-16,8.600572926377431,1,k1_to_k10
20011,8,0.05,1.045375406645815,1.0,0,0,0.01483016855657298,8.307764716755324,1,k1_to_k10
20011,8,0.1,1.093368148339026,1.0,0,0,0.03074391008065477,8.014956507133213,1,k1_to_k10
20011,8,0.15000000000000002,1.144211409207394,1.0,0,0,0.04786448524339046,7.722148297511105,1,k1_to_k10
20011,8,0.2,1.198166921017397,1.0,0,0,0.06633458671715689,7.429340087889,1,k1_to_k10
20011,8,0.25,1.2555294697972417,1.0,0,0,0.08632032560033309,7.13653187826689,1,k1_to_k10
20011,8,0.30000000000000004,1.3166322840089033,0.9761904761904763,0,1,0.10801624119539738,6.843723668644781,1,k1_to_k10
20011,8,0.35000000000000003,1.3818535122308548,0.9761904761904763,0,1,0.13165165432824588,6.550915459022673,1,k1_to_k10
20011,8,0.4,1.4516240563362022,0.9761904761904763,0,1,0.15749880424581345,6.258107249400567,1,k1_to_k10
20011,8,0.45,1.5264371030446062,0.9285714285714287,0,1,0.1858833819237429,5.965299039778461,1,k1_to_k10
20011,8,0.5,1.6068597995655407,0.8571428571428572,0,1,0.2171983256858518,5.672490830156352,1,k1_to_k10
20011,8,0.55,1.6935476579412068,0.8571428571428572,0,1,0.2519221220752143,5.379682620534246,1,k1_to_k10
20011,8,0.6000000000000001,1.787262462251584,0.8571428571428572,0,1,0.29064342728069503,5.086874410912136,1,k1_to_k10
20011,8,0.65,1.8888947144629984,0.8333333333333335,0,1,0.3340947114123721,4.794066201290029,1,k1_to_k10
20011,8,0.7000000000000001,1.9994920201696504,0.7857142857142858,1,1,0.383199034199434,4.501257991667919,1,k1_to_k10
20011,8,0.75,2.120295332711172,0.7619047619047621,1,1,0.439136347557668,4.208449782045813,1,k1_to_k10
20011,8,0.8,2.2527857165609957,0.6428571428571429,1,1,0.5034395464406876,3.915641572423707,1,k1_to_k10
20011,8,0.8500000000000001,2.398745372930671,0.6428571428571429,1,1,0.5781370983906952,3.6228333628016003,1,k1_to_k10
20011,8,0.9,2.5603382741120124,0.6428571428571429,1,1,0.6659709213558052,3.330025153179492,1,k1_to_k10
20011,8,0.9500000000000001,2.7402181732802116,0.6428571428571429,1,1,0.7707402908588301,3.0372169435573833,1,k1_to_k10
20011,8,1.0,2.941675483095849,0.5952380952380953,1,1,0.8978659013459939,2.7444087339352756,1,k1_to_k10
20012,8,0.0,1.0,1.0,0,0,1.448494102440634e-16,8.50411836876142,1,k1_to_k10
20012,8,0.05,1.045375406645815,1.0,0,0,0.018434274178424866,8.25302234651679,1,k1_to_k10
20012,8,0.1,1.093368148339026,1.0,0,0,0.038025463012544176,8.00192632427216,1,k1_to_k10
20012,8,0.15000000000000002,1.144211409207394,1.0,0,0,0.05888600477934322,7.750830302027529,1,k1_to_k10
20012,8,0.2,1.198166921017397,1.0,0,0,0.08114339578482305,7.499734279782899,1,k1_to_k10
20012,8,0.25,1.2555294697972417,0.9761904761904763,0,1,0.10494279844779071,7.2486382575382695,1,k1_to_k10
20012,8,0.30000000000000004,1.3166322840089033,0.9761904761904763,0,1,0.1304502109060635,6.99754223529364,1,k1_to_k10
20012,8,0.35000000000000003,1.3818535122308548,0.9761904761904763,0,1,0.15785634444022237,6.74644621304901,1,k1_to_k10
20012,8,0.4,1.4516240563362022,0.9761904761904763,0,1,0.1873814002536683,6.495350190804379,1,k1_to_k10
20012,8,0.45,1.5264371030446062,0.9761904761904763,0,1,0.21928099876546675,6.244254168559753,1,k1_to_k10
20012,8,0.5,1.6068597995655407,0.9761904761904763,0,1,0.2538535994247021,5.99315814631512,1,k1_to_k10
20012,8,0.55,1.6935476579412068,0.9761904761904763,0,1,0.2914498673019551,5.7420621240704905,1,k1_to_k10
20012,8,0.6000000000000001,1.787262462251584,0.9761904761904763,0,1,0.33248460962620263,5.49096610182586,1,k1_to_k10
20012,8,0.65,1.8888947144629984,0.9285714285714287,0,1,0.3774521443345987,5.23987007958123,1,k1_to_k10
20012,8,0.7000000000000001,1.9994920201696504,0.9285714285714287,0,1,0.42694630982067905,4.9887740573366,1,k1_to_k10
20012,8,0.75,2.120295332711172,0.9285714285714287,0,1,0.48168683775934396,4.73767803509197,1,k1_to_k10
20012,8,0.8,2.2527857165609957,0.9285714285714287,0,1,0.5425545818200417,4.486582012847341,1,k1_to_k10
20012,8,0.8500000000000001,2.398745372930671,0.9285714285714287,0,1,0.6106392773477285,4.235485990602711,1,k1_to_k10
20012,8,0.9,2.5603382741120124,0.880952380952381,1,1,0.6873053599175993,3.9843899683580806,1,k1_to_k10
20012,8,0.9500000000000001,2.7402181732802116,0.880952380952381,1,1,0.7742843450621067,3.73329394611345,1,k1_to_k10
20012,8,1.0,2.941675483095849,0.880952380952381,1,1,0.8738071761718055,3.4821979238688203,1,k1_to_k10
20013,8,0.0,1.0,1.0,0,0,1.691355389077387e-16,11.828001203657411,1,k1_to_k10
20013,8,0.05,1.045375406645815,1.0,0,0,0.012183408602286245,11.528869197944298,1,k1_to_k10
20013,8,0.1,1.093368148339026,1.0,0,0,0.025015888040200936,11.22973719223118,1,k1_to_k10
20013,8,0.15000000000000002,1.144211409207394,1.0,0,0,0.03855072663335618,10.930605186518061,1,k1_to_k10
20013,8,0.2,1.198166921017397,1.0,0,0,0.052847210079772756,10.631473180804948,1,k1_to_k10
20013,8,0.25,1.2555294697972417,1.0,0,0,0.06797148960754246,10.33234117509183,1,k1_to_k10
20013,8,0.30000000000000004,1.3166322840089033,1.0,0,0,0.08399760542592077,10.033209169378713,1,k1_to_k10
20013,8,0.35000000000000003,1.3818535122308548,1.0,0,0,0.10100869888274197,9.734077163665596,1,k1_to_k10
20013,8,0.4,1.4516240563362022,1.0,0,0,0.1190984552082756,9.434945157952479,1,k1_to_k10
20013,8,0.45,1.5264371030446062,1.0,0,0,0.13837282969583717,9.135813152239365,1,k1_to_k10
20013,8,0.5,1.6068597995655407,1.0,0,0,0.15895212448180673,8.836681146526248,1,k1_to_k10
20013,8,0.55,1.6935476579412068,1.0,0,0,0.1809735019132655,8.53754914081313,1,k1_to_k10
20013,8,0.6000000000000001,1.787262462251584,1.0,0,0,0.2045940454688991,8.238417135100013,1,k1_to_k10
20013,8,0.65,1.8888947144629984,1.0,0,0,0.22999451264603799,7.939285129386899,1,k1_to_k10
20013,8,0.7000000000000001,1.9994920201696504,1.0,0,0,0.2573839694598391,7.640153123673781,1,k1_to_k10
20013,8,0.75,2.120295332711172,1.0,0,0,0.2870055580221941,7.341021117960667,1,k1_to_k10
20013,8,0.8,2.2527857165609957,1.0,0,0,0.31914373412457636,7.041889112247548,1,k1_to_k10
20013,8,0.8500000000000001,2.398745372930671,1.0,0,0,0.3541334313259907,6.742757106534434,1,k1_to_k10
20013,8,0.9,2.5603382741120124,1.0,0,0,0.39237177758422886,6.443625100821316,1,k1_to_k10
20013,8,0.9500000000000001,2.7402181732802116,1.0,0,0,0.43433323428765086,6.144493095108201,1,k1_to_k10
20013,8,1.0,2.941675483095849,1.0,0,0,0.48058938365911397,5.845361089395083,1,k1_to_k10
20014,8,0.0,1.0,1.0,0,0,4.15408674256032e-16,7.2628671795462765,1,k1_to_k10
20014,8,0.05,1.045375406645815,1.0,0,0,0.035514171550573806,6.958713746570499,1,k1_to_k10
20014,8,0.1,1.093368148339026,1.0,0,0,0.07427476561063437,6.654560313594724,1,k1_to_k10
20014,8,0.15000000000000002,1.144211409207394,1.0,0,0,0.11674824546499837,6.350406880618946,1,k1_to_k10
20014,8,0.2,1.198166921017397,1.0,0,0,0.16349493510786983,6.0462534476431715,1,k1_to_k10
20014,8,0.25,1.2555294697972417,1.0,0,0,0.2151938777936397,5.742100014667394,1,k1_to_k10
20014,8,0.30000000000000004,1.3166322840089033,0.9761904761904763,0,1,0.2726760368692275,5.437946581691616,1,k1_to_k10
20014,8,0.35000000000000003,1.3818535122308548,0.9761904761904763,0,1,0.33696929857837987,5.13379314871584,1,k1_to_k10
20014,8,0.4,1.4516240563362022,0.9761904761904763,0,1,0.4093604795597791,4.829639715740064,1,k1_to_k10
20014,8,0.45,1.5264371030446062,0.9761904761904763,0,1,0.49148233911886857,4.525486282764288,1,k1_to_k10
20014,8,0.5,1.6068597995655407,0.9761904761904763,0,1,0.5854382076964614,4.221332849788512,1,k1_to_k10
20014,8,0.55,1.6935476579412068,0.9761904761904763,0,1,0.6939846767726889,3.917179416812737,1,k1_to_k10
20014,8,0.6000000000000001,1.787262462251584,0.9761904761904763,0,1,0.8208065644894863,3.6130259838369576,1,k1_to_k10
20014,8,0.65,1.8888947144629984,0.9761904761904763,0,1,0.9709435312446039,3.308872550861182,1,k1_to_k10
20014,8,0.7000000000000001,1.9994920201696504,0.9761904761904763,0,1,1.151475800897304,3.004719117885404,1,k1_to_k10
20014,8,0.75,2.120295332711172,0.9523809523809524,0,1,1.3726732614650778,2.7005656849096296,1,k1_to_k10
20014,8,0.8,2.2527857165609957,0.9523809523809524,0,1,1.6500196312557305,2.396412251933853,1,k1_to_k10
20014,8,0.8500000000000001,2.398745372930671,0.9523809523809524,0,1,2.008002153448602,2.0922588189580775,1,k1_to_k10
20014,8,0.9,2.5603382741120124,0.9523809523809524,0,1,2.4877690110882056,1.7881053859823017,1,k1_to_k10
20014,8,0.9500000000000001,2.7402181732802116,0.9523809523809524,0,1,3.1642036064984875,1.483951953006526,1,k1_to_k10
20014,8,1.0,2.941675483095849,0.9047619047619048,0,1,4.189409455448331,1.1797985200307481,1,k1_to_k10
20015,8,0.0,1.0,1.0,0,0,1.2836953722228372e-16,8.824371171585328,1,k1_to_k10
20015,8,0.05,1.045375406645815,1.0,0,0,0.012773470818637235,8.584128309867978,1,k1_to_k10
20015,8,0.1,1.093368148339026,0.9761904761904763,0,1,0.026282506669321564,8.343885448150628,1,k1_to_k10
20015,8,0.15000000000000002,1.144211409207394,0.9285714285714287,0,1,0.04059252785399497,8.103642586433278,1,k1_to_k10
20015,8,0.2,1.198166921017397,0.880952380952381,1,1,0.055776949567954655,7.863399724715929,1,k1_to_k10
20015,8,0.25,1.2555294697972417,0.880952380952381,1,1,0.07191844169031482,7.623156862998579,1,k1_to_k10
20015,8,0.30000000000000004,1.3166322840089033,0.8095238095238096,1,1,0.08911043453886275,7.38291400128123,1,k1_to_k10
20015,8,0.35000000000000003,1.3818535122308548,0.7380952380952381,1,1,0.10745892850018948,7.1426711395638804,1,k1_to_k10
20015,8,0.4,1.4516240563362022,0.7380952380952381,1,1,0.1270846815709285,6.902428277846534,1,k1_to_k10
20015,8,0.45,1.5264371030446062,0.7380952380952381,1,1,0.14812587020419563,6.6621854161291845,1,k1_to_k10
20015,8,0.5,1.6068597995655407,0.7380952380952381,1,1,0.17074134740462482,6.421942554411833,1,k1_to_k10
20015,8,0.55,1.6935476579412068,0.7380952380952381,1,1,0.19511466055045096,6.181699692694485,1,k1_to_k10
20015,8,0.6000000000000001,1.787262462251584,0.6428571428571429,1,1,0.22145904397963184,5.941456830977135,1,k1_to_k10
20015,8,0.65,1.8888947144629984,0.6428571428571429,1,1,0.25002367386836677,5.701213969259786,1,k1_to_k10
20015,8,0.7000000000000001,1.9994920201696504,0.6428571428571429,1,1,0.2811015741235718,5.460971107542436,1,k1_to_k10
20015,8,0.75,2.120295332711172,0.6428571428571429,1,1,0.31503970511361595,5.220728245825088,1,k1_to_k10
20015,8,0.8,2.2527857165609957,0.6428571428571429,1,1,0.3522519722898251,4.980485384107738,1,k1_to_k10
20015,8,0.8500000000000001,2.398745372930671,0.6428571428571429,1,1,0.39323619059097176,4.740242522390389,1,k1_to_k10
20015,8,0.9,2.5603382741120124,0.6428571428571429,1,1,0.438596482950952,4.499999660673041,1,k1_to_k10
20015,8,0.9500000000000001,2.7402181732802116,0.6428571428571429,1,1,0.48907325822731335,4.259756798955691,1,k1_to_k10
20015,8,1.0,2.941675483095849,0.6428571428571429,1,1,0.5455839396585007,4.019513937238342,1,k1_to_k10
20016,8,0.0,1.0,1.0,0,0,3.0531133177191805e-16,8.193634490586735,1,k1_to_k10
20016,8,0.05,1.045375406645815,1.0,0,0,0.020121139564750055,7.941419429329708,1,k1_to_k10
20016,8,0.1,1.093368148339026,1.0,0,0,0.041562273814244446,7.6892043680726765,1,k1_to_k10
20016,8,0.15000000000000002,1.144211409207394,1.0,0,0,0.06445770005342888,7.436989306815649,1,k1_to_k10
20016,8,0.2,1.198166921017397,1.0,0,0,0.08896057313340758,7.184774245558619,1,k1_to_k10
20016,8,0.25,1.2555294697972417,0.9761904761904763,0,1,0.1152463357554864,6.932559184301589,1,k1_to_k10
20016,8,0.30000000000000004,1.3166322840089033,0.9761904761904763,0,1,0.14351692583788878,6.68034412304456,1,k1_to_k10
20016,8,0.35000000000000003,1.3818535122308548,0.9761904761904763,0,1,0.1740059743678016,6.428129061787531,1,k1_to_k10
20016,8,0.4,1.4516240563362022,0.9761904761904763,0,1,0.20698527688829144,6.175914000530502,1,k1_to_k10
20016,8,0.45,1.5264371030446062,0.9285714285714287,0,1,0.2427729182155608,5.923698939273474,1,k1_to_k10
20016,8,0.5,1.6068597995655407,0.9285714285714287,0,1,0.28174356502913267,5.671483878016444,1,k1_to_k10
20016,8,0.55,1.6935476579412068,0.9285714285714287,0,1,0.3243416325910217,5.419268816759415,1,k1_to_k10
20016,8,0.6000000000000001,1.787262462251584,0.9285714285714287,0,1,0.37109830764102214,5.167053755502385,1,k1_to_k10
20016,8,0.65,1.8888947144629984,0.9285714285714287,0,1,0.42265381268140195,4.914838694245356,1,k1_to_k10
20016,8,0.7000000000000001,1.9994920201696504,0.9047619047619048,0,1,0.47978689630646526,4.662623632988324,1,k1_to_k10
20016,8,0.75,2.120295332711172,0.9047619047619048,0,1,0.5434544421936679,4.410408571731297,1,k1_to_k10
20016,8,0.8,2.2527857165609957,0.9047619047619048,0,1,0.6148454929853812,4.158193510474267,1,k1_to_k10
20016,8,0.8500000000000001,2.398745372930671,0.9047619047619048,0,1,0.6954562046035606,3.9059784492172405,1,k1_to_k10
20016,8,0.9,2.5603382741120124,0.9047619047619048,0,1,0.7871958446223847,3.6537633879602107,1,k1_to_k10
20016,8,0.9500000000000001,2.7402181732802116,0.9047619047619048,0,1,0.8925399474944352,3.401548326703182,1,k1_to_k10
20016,8,1.0,2.941675483095849,0.9047619047619048,0,1,1.0147570626008262,3.149333265446151,1,k1_to_k10
20017,8,0.0,1.0,1.0,0,0,4.831690603168681e-13,0.14453825525188407,1,k1_to_k10
20017,8,0.05,1.045375406645815,0.9761904761904763,0,1,,-0.09283300836751535,0,k1_to_k10
20017,8,0.1,1.093368148339026,0.9523809523809524,0,1,,-0.33020427198691527,0,k1_to_k10
20017,8,0.15000000000000002,1.144211409207394,0.9047619047619048,0,1,,-0.5675755356063155,0,k1_to_k10
20017,8,0.2,1.198166921017397,0.9047619047619048,0,1,,-0.8049467992257158,0,k1_to_k10
20017,8,0.25,1.2555294697972417,0.9047619047619048,0,1,,-1.042318062845116,0,k1_to_k10
20017,8,0.30000000000000004,1.3166322840089033,0.880952380952381,0,1,,-1.2796893264645162,0,k1_to_k10
20017,8,0.35000000000000003,1.3818535122308548,0.880952380952381,0,1,,-1.517060590083918,0,k1_to_k10
20017,8,0.4,1.4516240563362022,0.880952380952381,0,1,,-1.754431853703317,0,k1_to_k10
20017,8,0.45,1.5264371030446062,0.880952380952381,0,1,,-1.9918031173227178,0,k1_to_k10
20017,8,0.5,1.6068597995655407,0.880952380952381,0,1,,-2.2291743809421165,0,k1_to_k10
20017,8,0.55,1.6935476579412068,0.880952380952381,0,1,,-2.4665456445615166,0,k1_to_k10
20017,8,0.6000000000000001,1.787262462251584,0.880952380952381,0,1,,-2.7039169081809176,0,k1_to_k10
20017,8,0.65,1.8888947144629984,0.880952380952381,0,1,,-2.941288171800318,0,k1_to_k10
20017,8,0.7000000000000001,1.9994920201696504,0.880952380952381,0,1,,-3.17865943541972,0,k1_to_k10
20017,8,0.75,2.120295332711172,0.880952380952381,0,1,,-3.416030699039119,0,k1_to_k10
20017,8,0.8,2.2527857165609957,0.8095238095238096,1,1,,-3.653401962658519,0,k1_to_k10
20017,8,0.8500000000000001,2.398745372930671,0.8095238095238096,1,1,,-3.8907732262779158,0,k1_to_k10
20017,8,0.9,2.5603382741120124,0.8095238095238096,1,1,,-4.128144489897319,0,k1_to_k10
20017,8,0.9500000000000001,2.7402181732802116,0.8095238095238096,1,1,,-4.365515753516718,0,k1_to_k10
20017,8,1.0,2.941675483095849,0.8095238095238096,1,1,,-4.602887017136119,0,k1_to_k10
20018,8,0.0,1.0,1.0,0,0,1.700029006457271e-16,9.059965690909749,1,k1_to_k10
20018,8,0.05,1.045375406645815,0.9761904761904763,0,1,0.013031339230778337,8.83638046225209,1,k1_to_k10
20018,8,0.1,1.093368148339026,0.9761904761904763,0,1,0.026739256711150794,8.612795233594424,1,k1_to_k10
20018,8,0.15000000000000002,1.144211409207394,0.9285714285714287,0,1,0.04117784796473108,8.38921000493676,1,k1_to_k10
20018,8,0.2,1.198166921017397,0.9285714285714287,0,1,0.05640713333306024,8.1656247762791,1,k1_to_k10
20018,8,0.25,1.2555294697972417,0.8571428571428572,0,1,0.07249389195645298,7.9420395476214365,1,k1_to_k10
20018,8,0.30000000000000004,1.3166322840089033,0.8571428571428572,0,1,0.08951264070546835,7.718454318963772,1,k1_to_k10
20018,8,0.35000000000000003,1.3818535122308548,0.8333333333333335,0,1,0.10754678833194715,7.494869090306111,1,k1_to_k10
20018,8,0.4,1.4516240563362022,0.6190476190476191,0,1,0.12669000255448568,7.27128386164845,1,k1_to_k10
20018,8,0.45,1.5264371030446062,0.6190476190476191,0,1,0.14704783736512772,7.047698632990787,1,k1_to_k10
20018,8,0.5,1.6068597995655407,0.6190476190476191,0,1,0.16873968023847913,6.824113404333127,1,k1_to_k10
20018,8,0.55,1.6935476579412068,0.523809523809524,0,1,0.19190109509751452,6.6005281756754615,1,k1_to_k10
20018,8,0.6000000000000001,1.787262462251584,0.4047619047619048,0,1,0.21668665816684973,6.376942947017801,1,k1_to_k10
20018,8,0.65,1.8888947144629984,0.4047619047619048,0,1,0.2432734120786193,6.153357718360137,1,k1_to_k10
20018,8,0.7000000000000001,1.9994920201696504,0.4047619047619048,0,1,0.27186510141175685,5.929772489702473,1,k1_to_k10
20018,8,0.75,2.120295332711172,0.38095238095238104,0,1,0.3026974039967233,5.706187261044812,1,k1_to_k10
20018,8,0.8,2.2527857165609957,0.38095238095238104,0,1,0.3360444422428885,5.48260203238715,1,k1_to_k10
20018,8,0.8500000000000001,2.398745372930671,0.30952380952380953,0,1,0.3722269554265122,5.259016803729488,1,k1_to_k10
20018,8,0.9,2.5603382741120124,0.30952380952380953,0,1,0.4116226491937505,5.035431575071827,1,k1_to_k10
20018,8,0.9500000000000001,2.7402181732802116,0.30952380952380953,0,1,0.4546794304375822,4.811846346414164,1,k1_to_k10
20018,8,1.0,2.941675483095849,0.261904761904762,0,1,0.5019325117753252,4.588261117756502,1,k1_to_k10
20019,8,0.0,1.0,1.0,0,0,1.8388068845354155e-16,7.047158009892411,1,k1_to_k10
20019,8,0.05,1.045375406645815,0.9761904761904763,0,1,0.039358302614939625,6.697508107145202,1,k1_to_k10
20019,8,0.1,1.093368148339026,0.9761904761904763,0,1,0.0830524382741886,6.34785820439799,1,k1_to_k10
20019,8,0.15000000000000002,1.144211409207394,0.9761904761904763,0,1,0.13184064520124444,5.9982083016507755,1,k1_to_k10
20019,8,0.2,1.198166921017397,0.9761904761904763,0,1,0.18666890362553412,5.648558398903565,1,k1_to_k10
20019,8,0.25,1.2555294697972417,0.9761904761904763,0,1,0.24873287681627376,5.298908496156351,1,k1_to_k10
20019,8,0.30000000000000004,1.3166322840089033,0.9761904761904763,0,1,0.31956610777792316,4.949258593409139,1,k1_to_k10
20019,8,0.35000000000000003,1.3818535122308548,0.9761904761904763,0,1,0.40116844280152986,4.599608690661928,1,k1_to_k10
20019,8,0.4,1.4516240563362022,0.9761904761904763,0,1,0.4961978484998385,4.249958787914715,1,k1_to_k10
20019,8,0.45,1.5264371030446062,0.9761904761904763,0,1,0.6082654034518618,3.9003088851675045,1,k1_to_k10
20019,8,0.5,1.6068597995655407,0.9285714285714287,0,1,0.7424045850422655,3.5506589824202903,1,k1_to_k10
20019,8,0.55,1.6935476579412068,0.9285714285714287,0,1,0.9058481207474428,3.201009079673079,1,k1_to_k10
20019,8,0.6000000000000001,1.787262462251584,0.9285714285714287,0,1,1.1093764109980568,2.8513591769258673,1,k1_to_k10
20019,8,0.65,1.8888947144629984,0.9285714285714287,0,1,1.3697967211383895,2.501709274178656,1,k1_to_k10
20019,8,0.7000000000000001,1.9994920201696504,0.9285714285714287,0,1,1.7148391725846144,2.1520593714314415,1,k1_to_k10
20019,8,0.75,2.120295332711172,0.9285714285714287,0,1,2.1937513819165404,1.8024094686842314,1,k1_to_k10
20019,8,0.8,2.2527857165609957,0.9285714285714287,0,1,2.9031925945930155,1.4527595659370203,1,k1_to_k10
20019,8,0.8500000000000001,2.398745372930671,0.9285714285714287,0,1,4.0623734103111335,1.1031096631898096,1,k1_to_k10
20019,8,0.9,2.5603382741120124,0.9285714285714287,0,1,6.297411174897208,0.7534597604425972,1,k1_to_k10
20019,8,0.9500000000000001,2.7402181732802116,0.9285714285714287,0,1,12.402987125370693,0.40380985769538413,1,k1_to_k10
20019,8,1.0,2.941675483095849,0.9285714285714287,0,1,97.34223416518302,0.054159954948171274,1,k1_to_k10
20020,8,0.0,1.0,1.0,0,0,1.36501053515925e-16,7.129758124688038,1,k1_to_k10
20020,8,0.05,1.045375406645815,1.0,0,0,0.015765380561012683,6.912280069556708,1,k1_to_k10
20020,8,0.1,1.093368148339026,0.9761904761904763,0,1,0.03255502570682611,6.694802014425377,1,k1_to_k10
20020,8,0.15000000000000002,1.144211409207394,0.9285714285714287,1,1,0.050472105390607,6.477323959294046,1,k1_to_k10
20020,8,0.2,1.198166921017397,0.9285714285714287,1,1,0.06963412678794367,6.2598459041627175,1,k1_to_k10
20020,8,0.25,1.2555294697972417,0.880952380952381,1,1,0.09017551443705418,6.042367849031386,1,k1_to_k10
20020,8,0.30000000000000004,1.3166322840089033,0.8095238095238096,1,1,0.11225076837160237,5.824889793900056,1,k1_to_k10
20020,8,0.35000000000000003,1.3818535122308548,0.8095238095238096,1,1,0.13603835716432555,5.607411738768724,1,k1_to_k10
20020,8,0.4,1.4516240563362022,0.7380952380952381,1,1,0.16174555345151903,5.389933683637395,1,k1_to_k10
20020,8,0.45,1.5264371030446062,0.6428571428571429,1,1,0.18961448932739358,5.172455628506063,1,k1_to_k10
20020,8,0.5,1.6068597995655407,0.6428571428571429,1,1,0.2199298063959631,4.954977573374733,1,k1_to_k10
20020,8,0.55,1.6935476579412068,0.6428571428571429,1,1,0.25302841290714817,4.737499518243404,1,k1_to_k10
20020,8,0.6000000000000001,1.787262462251584,0.6428571428571429,1,1,0.28931205764452583,4.52002146311207,1,k1_to_k10
20020,8,0.65,1.8888947144629984,0.6428571428571429,1,1,0.3292637172011951,4.302543407980741,1,k1_to_k10
20020,8,0.7000000000000001,1.9994920201696504,0.6428571428571429,1,1,0.3734692177465253,4.0850653528494085,1,k1_to_k10
20020,8,0.75,2.120295332711172,0.6428571428571429,1,1,0.4226461516660294,3.8675872977180816,1,k1_to_k10
20020,8,0.8,2.2527857165609957,0.6428571428571429,1,1,0.4776831315377788,3.650109242586751,1,k1_to_k10
20020,8,0.8500000000000001,2.398745372930671,0.6428571428571429,1,1,0.5396939659771571,3.4326311874554207,1,k1_to_k10
20020,8,0.9,2.5603382741120124,0.6428571428571429,1,1,0.6100938227217958,3.2151531323240885,1,k1_to_k10
20020,8,0.9500000000000001,2.7402181732802116,0.6428571428571429,1,1,0.6907085450086232,2.997675077192758,1,k1_to_k10
20020,8,1.0,2.941675483095849,0.6428571428571429,1,1,0.7839352749184882,2.7801970220614276,1,k1_to_k10
20021,8,0.0,1.0,1.0,0,0,1.5959455978986625e-16,12.76064539323673,1,k1_to_k10
20021,8,0.05,1.045375406645815,0.9761904761904763,0,1,0.011325495258527352,12.412887327660998,1,k1_to_k10
20021,8,0.1,1.093368148339026,0.9761904761904763,0,1,0.02330386911242443,12.065129262085264,1,k1_to_k10
20021,8,0.15000000000000002,1.144211409207394,0.9761904761904763,0,1,0.03599325161328073,11.717371196509532,1,k1_to_k10
20021,8,0.2,1.198166921017397,0.9761904761904763,0,1,0.04945888482047674,11.3696131309338,1,k1_to_k10
20021,8,0.25,1.2555294697972417,0.9285714285714287,0,1,0.06377424478022374,11.021855065358066,1,k1_to_k10
20021,8,0.30000000000000004,1.3166322840089033,0.9285714285714287,0,1,0.07902238282653351,10.67409699978233,1,k1_to_k10
20021,8,0.35000000000000003,1.3818535122308548,0.9047619047619048,0,1,0.09529753790654769,10.326338934206598,1,k1_to_k10
20021,8,0.4,1.4516240563362022,0.8333333333333335,0,1,0.11270708604747534,9.978580868630866,1,k1_to_k10
20021,8,0.45,1.5264371030446062,0.8333333333333335,0,1,0.13137391218174682,9.630822803055135,1,k1_to_k10
20021,8,0.5,1.6068597995655407,0.8333333333333335,0,1,0.15143931508575306,9.2830647374794,1,k1_to_k10
20021,8,0.55,1.6935476579412068,0.8333333333333335,0,1,0.17306659067194458,8.93530667190367,1,k1_to_k10
20021,8,0.6000000000000001,1.787262462251584,0.8333333333333335,0,1,0.19644548592663708,8.587548606327932,1,k1_to_k10
20021,8,0.65,1.8888947144629984,0.8333333333333335,0,1,0.22179778071105277,8.239790540752198,1,k1_to_k10
20021,8,0.7000000000000001,1.9994920201696504,0.8333333333333335,0,1,0.24938434531629528,7.892032475176466,1,k1_to_k10
20021,8,0.75,2.120295332711172,0.8333333333333335,0,1,0.27951414995288887,7.544274409600735,1,k1_to_k10
20021,8,0.8,2.2527857165609957,0.8095238095238096,1,1,0.31255588643975785,7.196516344025002,1,k1_to_k10
20021,8,0.8500000000000001,2.398745372930671,0.8095238095238096,1,1,0.34895313056663047,6.848758278449269,1,k1_to_k10
20021,8,0.9,2.5603382741120124,0.8095238095238096,1,1,0.38924437093881464,6.501000212873533,1,k1_to_k10
20021,8,0.9500000000000001,2.7402181732802116,0.7857142857142858,1,1,0.43408982955109493,6.153242147297803,1,k1_to_k10
20021,8,1.0,2.941675483095849,0.6428571428571429,1,1,0.48430792194113875,5.805484081722068,1,k1_to_k10
20022,8,0.0,1.0,1.0,0,0,2.0296264668928643e-16,10.90863751864516,1,k1_to_k10
20022,8,0.05,1.045375406645815,1.0,0,0,0.008134436283780511,10.721091645835005,1,k1_to_k10
20022,8,0.1,1.093368148339026,1.0,0,0,0.0165585338051979,10.53354577302485,1,k1_to_k10
20022,8,0.15000000000000002,1.144211409207394,0.9761904761904763,0,1,0.025288044962325736,10.345999900214697,1,k1_to_k10
20022,8,0.2,1.198166921017397,0.9761904761904763,0,1,0.034339885439397866,10.158454027404543,1,k1_to_k10
20022,8,0.25,1.2555294697972417,0.9761904761904763,0,1,0.043732243609841584,9.970908154594387,1,k1_to_k10
20022,8,0.30000000000000004,1.3166322840089033,0.9761904761904763,0,1,0.05348470252276767,9.783362281784232,1,k1_to_k10
20022,8,0.35000000000000003,1.3818535122308548,0.9761904761904763,0,1,0.06361837619448342,9.595816408974079,1,k1_to_k10
20022,8,0.4,1.4516240563362022,0.9523809523809524,0,1,0.07415606220114014,9.408270536163924,1,k1_to_k10
20022,8,0.45,1.5264371030446062,0.9523809523809524,0,1,0.08512241289342011,9.22072466335377,1,k1_to_k10
20022,8,0.5,1.6068597995655407,0.9285714285714287,1,1,0.09654412793967007,9.033178790543614,1,k1_to_k10
20022,8,0.55,1.6935476579412068,0.9285714285714287,1,1,0.10845017136293061,8.845632917733461,1,k1_to_k10
20022,8,0.6000000000000001,1.787262462251584,0.9285714285714287,1,1,0.120872016785858,8.658087044923304,1,k1_to_k10
20022,8,0.65,1.8888947144629984,0.9285714285714287,1,1,0.13384392525538868,8.47054117211315,1,k1_to_k10
20022,8,0.7000000000000001,1.9994920201696504,0.8095238095238096,1,1,0.14740326081090036,8.282995299302993,1,k1_to_k10
20022,8,0.75,2.120295332711172,0.8095238095238096,1,1,0.16159084991665013,8.095449426492843,1,k1_to_k10
20022,8,0.8,2.2527857165609957,0.8095238095238096,1,1,0.17645139204056648,7.907903553682687,1,k1_to_k10
20022,8,0.8500000000000001,2.398745372930671,0.8095238095238096,1,1,0.19203393007665837,7.720357680872533,1,k1_to_k10
20022,8,0.9,2.5603382741120124,0.8095238095238096,1,1,0.2083923910406132,7.532811808062379,1,k1_to_k10
20022,8,0.9500000000000001,2.7402181732802116,0.8095238095238096,1,1,0.22558620959852307,7.345265935252225,1,k1_to_k10
20022,8,1.0,2.941675483095849,0.7619047619047621,1,1,0.24368104962143902,7.15772006244207,1,k1_to_k10
20023,8,0.0,1.0,1.0,0,0,7.632783294297951e-17,8.811690614903233,1,k1_to_k10
20023,8,0.05,1.045375406645815,1.0,0,0,0.01654289785915977,8.531892715799616,1,k1_to_k10
20023,8,0.1,1.093368148339026,1.0,0,0,0.03420761221919442,8.252094816696001,1,k1_to_k10
20023,8,0.15000000000000002,1.144211409207394,1.0,0,0,0.0531122578104149,7.972296917592385,1,k1_to_k10
20023,8,0.2,1.198166921017397,1.0,0,0,0.0733921340274715,7.692499018488773,1,k1_to_k10
20023,8,0.25,1.2555294697972417,1.0,0,0,0.09520296816883352,7.412701119385158,1,k1_to_k10
20023,8,0.30000000000000004,1.3166322840089033,1.0,0,0,0.11872492199932799,7.132903220281541,1,k1_to_k10
20023,8,0.35000000000000003,1.3818535122308548,1.0,0,0,0.14416757978989347,6.853105321177926,1,k1_to_k10
20023,8,0.4,1.4516240563362022,1.0,0,0,0.17177621027588097,6.573307422074308,1,k1_to_k10
20023,8,0.45,1.5264371030446062,1.0,0,0,0.2018396989864916,6.293509522970696,1,k1_to_k10
20023,8,0.5,1.6068597995655407,1.0,0,0,0.23470069496285526,6.01371162386708,1,k1_to_k10
20023,8,0.55,1.6935476579412068,1.0,0,0,0.2707687282536908,5.733913724763463,1,k1_to_k10
20023,8,0.6000000000000001,1.787262462251584,1.0,0,0,0.3105373650014955,5.454115825659849,1,k1_to_k10
20023,8,0.65,1.8888947144629984,0.9761904761904763,1,1,0.35460692842995245,5.174317926556232,1,k1_to_k10
20023,8,0.7000000000000001,1.9994920201696504,0.9761904761904763,1,1,0.4037150129769405,4.894520027452616,1,k1_to_k10
20023,8,0.75,2.120295332711172,0.9761904761904763,1,1,0.4587780991483337,4.614722128349002,1,k1_to_k10
20023,8,0.8,2.2527857165609957,0.9761904761904763,1,1,0.5209492845686028,4.334924229245388,1,k1_to_k10
20023,8,0.8500000000000001,2.398745372930671,0.9761904761904763,1,1,0.5916999151894191,4.055126330141773,1,k1_to_k10
20023,8,0.9,2.5603382741120124,0.9047619047619048,1,1,0.6729375157094428,3.775328431038159,1,k1_to_k10
20023,8,0.9500000000000001,2.7402181732802116,0.9047619047619048,1,1,0.7671803580638978,3.4955305319345413,1,k1_to_k10
20023,8,1.0,2.941675483095849,0.9047619047619048,1,1,0.8778231641635442,3.2157326328309264,1,k1_to_k10
20024,8,0.0,1.0,1.0,0,0,1.5612511283791264e-16,6.924405829842749,1,k1_to_k10
20024,8,0.05,1.045375406645815,0.9761904761904763,0,1,0.0313422412691886,6.662931114102442,1,k1_to_k10
20024,8,0.1,1.093368148339026,0.9761904761904763,0,1,0.06524490101709125,6.401456398362134,1,k1_to_k10
20024,8,0.15000000000000002,1.144211409207394,0.9761904761904763,0,1,0.10203509000486563,6.139981682621826,1,k1_to_k10
20024,8,0.2,1.198166921017397,0.9761904761904763,0,1,0.14209811825669336,5.8785069668815195,1,k1_to_k10
20024,8,0.25,1.2555294697972417,0.9761904761904763,0,1,0.18589104103483947,5.617032251141211,1,k1_to_k10
20024,8,0.30000000000000004,1.3166322840089033,0.9761904761904763,0,1,0.2339601729505633,5.355557535400904,1,k1_to_k10
20024,8,0.35000000000000003,1.3818535122308548,0.9761904761904763,0,1,0.28696399597693767,5.094082819660596,1,k1_to_k10
20024,8,0.4,1.4516240563362022,0.9761904761904763,0,1,0.34570350427343666,4.83260810392029,1,k1_to_k10
20024,8,0.45,1.5264371030446062,0.9761904761904763,0,1,0.4111629635887638,4.571133388179986,1,k1_to_k10
20024,8,0.5,1.6068597995655407,0.9285714285714287,0,1,0.4845655083398128,4.309658672439675,1,k1_to_k10
20024,8,0.55,1.6935476579412068,0.9047619047619048,0,1,0.5674502849897507,4.04818395669937,1,k1_to_k10
20024,8,0.6000000000000001,1.787262462251584,0.9047619047619048,0,1,0.6617815562262408,3.7867092409590617,1,k1_to_k10
20024,8,0.65,1.8888947144629984,0.880952380952381,0,1,0.7701063601797928,3.525234525218756,1,k1_to_k10
20024,8,0.7000000000000001,1.9994920201696504,0.880952380952381,0,1,0.8957879544456259,3.2637598094784446,1,k1_to_k10
20024,8,0.75,2.120295332711172,0.880952380952381,0,1,1.0433612466071596,3.0022850937381405,1,k1_to_k10
20024,8,0.8,2.2527857165609957,0.880952380952381,0,1,1.2190916742849345,2.740810377997833,1,k1_to_k10
20024,8,0.8500000000000001,2.398745372930671,0.880952380952381,0,1,1.4318877275038102,2.479335662257525,1,k1_to_k10
20024,8,0.9,2.5603382741120124,0.880952380952381,0,1,1.69485896200575,2.2178609465172183,1,k1_to_k10
20024,8,0.9500000000000001,2.7402181732802116,0.7857142857142858,0,1,2.028123401098449,1.9563862307769113,1,k1_to_k10
20024,8,1.0,2.941675483095849,0.7857142857142858,0,1,2.464213531922004,1.6949115150366045,1,k1_to_k10
20025,8,0.0,1.0,1.0,0,0,2.0122792321330962e-16,12.386245014742236,1,k1_to_k10
20025,8,0.05,1.045375406645815,0.9523809523809524,0,1,0.007599165149752051,12.058444843348472,1,k1_to_k10
20025,8,0.1,1.093368148339026,0.9523809523809524,0,1,0.01562303119330803,11.730644671954707,1,k1_to_k10
20025,8,0.15000000000000002,1.144211409207394,0.9523809523809524,0,1,0.024108225051022926,11.402844500560942,1,k1_to_k10
20025,8,0.2,1.198166921017397,0.9047619047619048,0,1,0.03309570999095804,11.075044329167179,1,k1_to_k10
20025,8,0.25,1.2555294697972417,0.9047619047619048,0,1,0.04263144694051722,10.747244157773412,1,k1_to_k10
20025,8,0.30000000000000004,1.3166322840089033,0.880952380952381,0,1,0.052767180628965515,10.41944398637965,1,k1_to_k10
20025,8,0.35000000000000003,1.3818535122308548,0.880952380952381,0,1,0.06356137894442306,10.091643814985884,1,k1_to_k10
20025,8,0.4,1.4516240563362022,0.880952380952381,0,1,0.0750803615122767,9.763843643592118,1,k1_to_k10
20025,8,0.45,1.5264371030446062,0.8333333333333335,1,1,0.08739966350874455,9.436043472198357,1,k1_to_k10
20025,8,0.5,1.6068597995655407,0.8333333333333335,1,1,0.10060569397140014,9.108243300804592,1,k1_to_k10
20025,8,0.55,1.6935476579412068,0.8333333333333335,1,1,0.11479776556780891,8.780443129410827,1,k1_to_k10
20025,8,0.6000000000000001,1.787262462251584,0.8333333333333335,1,1,0.13009059666035205,8.45264295801706,1,k1_to_k10
20025,8,0.65,1.8888947144629984,0.8333333333333335,1,1,0.14661741905214465,8.124842786623297,1,k1_to_k10
20025,8,0.7000000000000001,1.9994920201696504,0.8333333333333335,1,1,0.16453386966067743,7.797042615229531,1,k1_to_k10
20025,8,0.75,2.120295332711172,0.7619047619047621,1,1,0.18402290694701762,7.469242443835767,1,k1_to_k10
20025,8,0.8,2.2527857165609957,0.7619047619047621,1,1,0.2053010813625379,7.141442272442003,1,k1_to_k10
20025,8,0.8500000000000001,2.398745372930671,0.7619047619047621,1,1,0.22862661579988322,6.81364210104824,1,k1_to_k10
20025,8,0.9,2.5603382741120124,0.7619047619047621,1,1,0.25430993640264593,6.485841929654475,1,k1_to_k10
20025,8,0.9500000000000001,2.7402181732802116,0.7619047619047621,1,1,0.2827275667831083,6.15804175826071,1,k1_to_k10
20025,8,1.0,2.941675483095849,0.6428571428571429,1,1,0.31434070938052694,5.830241586866945,1,k1_to_k10
20026,8,0.0,1.0,1.0,0,0,1.3704315460216776e-16,11.42205469711776,1,k1_to_k10
20026,8,0.05,1.045375406645815,1.0,0,0,0.009622741819877946,11.158196896973058,1,k1_to_k10
20026,8,0.1,1.093368148339026,1.0,0,0,0.019711603789934216,10.894339096828357,1,k1_to_k10
20026,8,0.15000000000000002,1.144211409207394,1.0,0,0,0.03030129443389314,10.630481296683655,1,k1_to_k10
20026,8,0.2,1.198166921017397,1.0,0,0,0.04143005596789852,10.366623496538955,1,k1_to_k10
20026,8,0.25,1.2555294697972417,1.0,0,0,0.053140125754503637,10.102765696394254,1,k1_to_k10
20026,8,0.30000000000000004,1.3166322840089033,1.0,0,0,0.06547827200772804,9.838907896249552,1,k1_to_k10
20026,8,0.35000000000000003,1.3818535122308548,0.9761904761904763,1,1,0.07849641807203733,9.575050096104851,1,k1_to_k10
20026,8,0.4,1.4516240563362022,0.9761904761904763,1,1,0.09225237284511545,9.31119229596015,1,k1_to_k10
20026,8,0.45,1.5264371030446062,0.9523809523809524,1,1,0.10681068901358427,9.04733449581545,1,k1_to_k10
20026,8,0.5,1.6068597995655407,0.9523809523809524,1,1,0.12224367597839436,8.78347669567075,1,k1_to_k10
20026,8,0.55,1.6935476579412068,0.9523809523809524,1,1,0.13863260100572392,8.519618895526047,1,k1_to_k10
20026,8,0.6000000000000001,1.787262462251584,0.9523809523809524,1,1,0.1560691207137829,8.255761095381347,1,k1_to_k10
20026,8,0.65,1.8888947144629984,0.9523809523809524,1,1,0.17465699612833302,7.991903295236644,1,k1_to_k10
20026,8,0.7000000000000001,1.9994920201696504,0.9523809523809524,1,1,0.19451415907990974,7.728045495091943,1,k1_to_k10
20026,8,0.75,2.120295332711172,0.9523809523809524,1,1,0.2157752168818437,7.464187694947244,1,k1_to_k10
20026,8,0.8,2.2527857165609957,0.9523809523809524,1,1,0.2385945077154102,7.200329894802543,1,k1_to_k10
20026,8,0.8500000000000001,2.398745372930671,0.9285714285714287,1,1,0.2631498533612915,6.936472094657841,1,k1_to_k10
20026,8,0.9,2.5603382741120124,0.8571428571428572,1,1,0.28964720230541274,6.67261429451314,1,k1_to_k10
20026,8,0.9500000000000001,2.7402181732802116,0.8571428571428572,1,1,0.31832641982519466,6.408756494368439,1,k1_to_k10
20026,8,1.0,2.941675483095849,0.8571428571428572,1,1,0.34946856981016283,6.144898694223736,1,k1_to_k10
20027,8,0.0,1.0,1.0,0,0,2.662800535624399e-16,6.70936180997615,1,k1_to_k10
20027,8,0.05,1.045375406645815,0.9761904761904763,0,1,0.025672547912153752,6.416429019211538,1,k1_to_k10
20027,8,0.1,1.093368148339026,0.9761904761904763,0,1,0.05380131718066591,6.123496228446926,1,k1_to_k10
20027,8,0.15000000000000002,1.144211409207394,0.9523809523809524,0,1,0.08475651616584841,5.830563437682313,1,k1_to_k10
20027,8,0.2,1.198166921017397,0.9523809523809524,0,1,0.1189866872123945,5.537630646917703,1,k1_to_k10
20027,8,0.25,1.2555294697972417,0.9523809523809524,0,1,0.15704058264041346,5.244697856153089,1,k1_to_k10
20027,8,0.30000000000000004,1.3166322840089033,0.9523809523809524,0,1,0.1995968054769402,4.951765065388476,1,k1_to_k10
20027,8,0.35000000000000003,1.3818535122308548,0.9523809523809524,0,1,0.2475046324859569,4.6588322746238635,1,k1_to_k10
20027,8,0.4,1.4516240563362022,0.9523809523809524,0,1,0.3018412714807291,4.365899483859251,1,k1_to_k10
20027,8,0.45,1.5264371030446062,0.9523809523809524,0,1,0.36399382673550595,4.07296669309464,1,k1_to_k10
20027,8,0.5,1.6068597995655407,0.9523809523809524,0,1,0.4357793757328582,3.780033902330027,1,k1_to_k10
20027,8,0.55,1.6935476579412068,0.9523809523809524,0,1,0.5196255679588337,3.4871011115654165,1,k1_to_k10
20027,8,0.6000000000000001,1.787262462251584,0.9047619047619048,0,1,0.6188505985032511,3.194168320800804,1,k1_to_k10
20027,8,0.65,1.8888947144629984,0.9047619047619048,0,1,0.7381127923942221,2.9012355300361907,1,k1_to_k10
20027,8,0.7000000000000001,1.9994920201696504,0.880952380952381,1,1,0.8841631399478693,2.6083027392715774,1,k1_to_k10
20027,8,0.75,2.120295332711172,0.880952380952381,1,1,1.0671690815124153,2.3153699485069663,1,k1_to_k10
20027,8,0.8,2.2527857165609957,0.880952380952381,1,1,1.3031887258600439,2.0224371577423557,1,k1_to_k10
20027,8,0.8500000000000001,2.398745372930671,0.880952380952381,1,1,1.6191594757545613,1.7295043669777446,1,k1_to_k10
20027,8,0.9,2.5603382741120124,0.8095238095238096,1,1,2.063990068206424,1.4365715762131317,1,k1_to_k10
20027,8,0.9500000000000001,2.7402181732802116,0.8095238095238096,1,1,2.736699372927209,1.143638785448518,1,k1_to_k10
20027,8,1.0,2.941675483095849,0.8095238095238096,1,1,3.8726912105949944,0.8507059946839064,1,k1_to_k10
20028,8,0.0,1.0,1.0,0,0,1.5612511283791264e-16,8.895037212271934,1,k1_to_k10
20028,8,0.05,1.045375406645815,1.0,0,0,0.015475605046632347,8.666553244876452,1,k1_to_k10
20028,8,0.1,1.093368148339026,1.0,0,0,0.03178929935814831,8.438069277480968,1,k1_to_k10
20028,8,0.15000000000000002,1.144211409207394,0.9761904761904763,0,1,0.04901105843990142,8.209585310085483,1,k1_to_k10
20028,8,0.2,1.198166921017397,0.9761904761904763,0,1,0.06721887086732013,7.981101342690004,1,k1_to_k10
20028,8,0.25,1.2555294697972417,0.9761904761904763,0,1,0.08649991908585815,7.752617375294519,1,k1_to_k10
20028,8,0.30000000000000004,1.3166322840089033,0.9761904761904763,0,1,0.10695197535374576,7.524133407899035,1,k1_to_k10
20028,8,0.35000000000000003,1.3818535122308548,0.9761904761904763,0,1,0.1286850599921962,7.295649440503552,1,k1_to_k10
20028,8,0.4,1.4516240563362022,0.9761904761904763,0,1,0.1518234213065161,7.067165473108071,1,k1_to_k10
20028,8,0.45,1.5264371030446062,0.9761904761904763,0,1,0.17650791240848882,6.83868150571259,1,k1_to_k10
20028,8,0.5,1.6068597995655407,0.9523809523809524,0,1,0.20289886097332066,6.610197538317106,1,k1_to_k10
20028,8,0.55,1.6935476579412068,0.9523809523809524,0,1,0.23117955547062358,6.381713570921624,1,k1_to_k10
20028,8,0.6000000000000001,1.787262462251584,0.9523809523809524,0,1,0.2615605081074055,6.153229603526141,1,k1_to_k10
20028,8,0.65,1.8888947144629984,0.9523809523809524,0,1,0.2942847041568242,5.924745636130656,1,k1_to_k10
20028,8,0.7000000000000001,1.9994920201696504,0.9523809523809524,0,1,0.32963411462862013,5.696261668735174,1,k1_to_k10
20028,8,0.75,2.120295332711172,0.9047619047619048,0,1,0.36793784182317096,5.467777701339691,1,k1_to_k10
20028,8,0.8,2.2527857165609957,0.9047619047619048,0,1,0.4095823962359948,5.23929373394421,1,k1_to_k10
20028,8,0.8500000000000001,2.398745372930671,0.9047619047619048,0,1,0.45502478511309274,5.010809766548729,1,k1_to_k10
20028,8,0.9,2.5603382741120124,0.9047619047619048,0,1,0.5048093529778312,4.782325799153245,1,k1_to_k10
20028,8,0.9500000000000001,2.7402181732802116,0.9047619047619048,0,1,0.5595896918864731,4.553841831757762,1,k1_to_k10
20028,8,1.0,2.941675483095849,0.9047619047619048,0,1,0.6201574960461369,4.325357864362278,1,k1_to_k10
20029,8,0.0,1.0,1.0,0,0,1.5265566588595902e-16,11.799767344830995,1,k1_to_k10
20029,8,0.05,1.045375406645815,1.0,0,0,0.010806683807464728,11.514151203123086,1,k1_to_k10
20029,8,0.1,1.093368148339026,1.0,0,0,0.022163138946071734,11.22853506141518,1,k1_to_k10
20029,8,0.15000000000000002,1.144211409207394,1.0,0,0,0.03411241340902308,10.942918919707273,1,k1_to_k10
20029,8,0.2,1.198166921017397,1.0,0,0,0.04670216994129517,10.657302777999366,1,k1_to_k10
20029,8,0.25,1.2555294697972417,1.0,0,0,0.059985321446224524,10.371686636291457,1,k1_to_k10
20029,8,0.30000000000000004,1.3166322840089033,1.0,0,0,0.07402077435229863,10.08607049458355,1,k1_to_k10
20029,8,0.35000000000000003,1.3818535122308548,1.0,0,0,0.08887430196426215,9.800454352875644,1,k1_to_k10
20029,8,0.4,1.4516240563362022,1.0,0,0,0.104619575111594,9.514838211167737,1,k1_to_k10
20029,8,0.45,1.5264371030446062,1.0,0,0,0.121339384169457,9.229222069459833,1,k1_to_k10
20029,8,0.5,1.6068597995655407,1.0,0,0,0.13912709523279243,8.943605927751923,1,k1_to_k10
20029,8,0.55,1.6935476579412068,1.0,0,0,0.1580883945144726,8.657989786044018,1,k1_to_k10
20029,8,0.6000000000000001,1.787262462251584,1.0,0,0,0.17834338979508013,8.372373644336111,1,k1_to_k10
20029,8,0.65,1.8888947144629984,1.0,0,0,0.20002915719924383,8.086757502628203,1,k1_to_k10
20029,8,0.7000000000000001,1.9994920201696504,1.0,0,0,0.22330284742890083,7.801141360920296,1,k1_to_k10
20029,8,0.75,2.120295332711172,0.9761904761904763,0,1,0.2483455002826751,7.515525219212391,1,k1_to_k10
20029,8,0.8,2.2527857165609957,0.9523809523809524,0,1,0.2753667633263012,7.229909077504483,1,k1_to_k10
20029,8,0.8500000000000001,2.398745372930671,0.9523809523809524,0,1,0.304610775025823,6.944292935796579,1,k1_to_k10
20029,8,0.9,2.5603382741120124,0.9523809523809524,0,1,0.3363635619814421,6.658676794088671,1,k1_to_k10
20029,8,0.9500000000000001,2.7402181732802116,0.9523809523809524,0,1,0.37096242525530515,6.373060652380764,1,k1_to_k10
20029,8,1.0,2.941675483095849,0.9523809523809524,0,1,0.4088079690758033,6.087444510672855,1,k1_to_k10
20030,8,0.0,1.0,1.0,0,0,6.678685382510707e-17,10.045460710802413,1,k1_to_k10
20030,8,0.05,1.045375406645815,1.0,0,0,0.010033501407168863,9.802398289765957,1,k1_to_k10
20030,8,0.1,1.093368148339026,1.0,0,0,0.020577240591728982,9.5593358687295,1,k1_to_k10
20030,8,0.15000000000000002,1.144211409207394,1.0,0,0,0.03167115400364831,9.316273447693042,1,k1_to_k10
20030,8,0.2,1.198166921017397,1.0,0,0,0.04335945752613568,9.073211026656587,1,k1_to_k10
20030,8,0.25,1.2555294697972417,1.0,0,0,0.05569123546312535,8.830148605620128,1,k1_to_k10
20030,8,0.30000000000000004,1.3166322840089033,1.0,0,0,0.06872112955654296,8.58708618458367,1,k1_to_k10
20030,8,0.35000000000000003,1.3818535122308548,1.0,0,0,0.08251014843050845,8.344023763547211,1,k1_to_k10
20030,8,0.4,1.4516240563362022,1.0,0,0,0.09712662275562786,8.100961342510757,1,k1_to_k10
20030,8,0.45,1.5264371030446062,1.0,0,0,0.11264733768551524,7.857898921474302,1,k1_to_k10
20030,8,0.5,1.6068597995655407,0.9761904761904763,0,1,0.1291588821747396,7.61483650043784,1,k1_to_k10
20030,8,0.55,1.6935476579412068,0.9761904761904763,0,1,0.146759265235351,7.371774079401385,1,k1_to_k10
20030,8,0.6000000000000001,1.787262462251584,0.9761904761904763,0,1,0.16555986284324647,7.128711658364927,1,k1_to_k10
20030,8,0.65,1.8888947144629984,0.9523809523809524,1,1,0.18568777719761026,6.885649237328471,1,k1_to_k10
20030,8,0.7000000000000001,1.9994920201696504,0.9523809523809524,1,1,0.20728871395384554,6.642586816292012,1,k1_to_k10
20030,8,0.75,2.120295332711172,0.9047619047619048,1,1,0.2305305151432307,6.399524395255556,1,k1_to_k10
20030,8,0.8,2.2527857165609957,0.9047619047619048,1,1,0.2556075289888454,6.1564619742190985,1,k1_to_k10
20030,8,0.8500000000000001,2.398745372930671,0.8571428571428572,1,1,0.2827460574143088,5.913399553182643,1,k1_to_k10
20030,8,0.9,2.5603382741120124,0.7857142857142858,1,1,0.31221120461701013,5.6703371321461855,1,k1_to_k10
20030,8,0.9500000000000001,2.7402181732802116,0.7857142857142858,1,1,0.344315565936006,5.427274711109728,1,k1_to_k10
20030,8,1.0,2.941675483095849,0.7857142857142858,1,1,0.3794303609916625,5.184212290073271,1,k1_to_k10
20031,8,0.0,1.0,1.0,0,0,3.677613769070831e-16,4.56945930138797,1,k1_to_k10
20031,8,0.05,1.045375406645815,0.9761904761904763,0,1,0.052595500622010204,4.3498514894955544,1,k1_to_k10
20031,8,0.1,1.093368148339026,0.9285714285714287,0,1,0.11078407695992487,4.130243677603138,1,k1_to_k10
20031,8,0.15000000000000002,1.144211409207394,0.9285714285714287,0,1,0.17550799249357008,3.9106358657107223,1,k1_to_k10
20031,8,0.2,1.198166921017397,0.9047619047619048,0,1,0.24793376087699107,3.69102805381831,1,k1_to_k10
20031,8,0.25,1.2555294697972417,0.9047619047619048,0,1,0.32952307813140064,3.471420241925893,1,k1_to_k10
20031,8,0.30000000000000004,1.3166322840089033,0.9047619047619048,0,1,0.4221324968348041,3.251812430033479,1,k1_to_k10
20031,8,0.35000000000000003,1.3818535122308548,0.9047619047619048,0,1,0.528156413808152,3.032204618141062,1,k1_to_k10
20031,8,0.4,1.4516240563362022,0.9047619047619048,0,1,0.6507370447499216,2.812596806248648,1,k1_to_k10
20031,8,0.45,1.5264371030446062,0.880952380952381,0,1,0.7940810990614825,2.592988994356234,1,k1_to_k10
20031,8,0.5,1.6068597995655407,0.880952380952381,0,1,0.9639522652821978,2.3733811824638185,1,k1_to_k10
20031,8,0.55,1.6935476579412068,0.880952380952381,0,1,1.168464991870472,2.153773370571403,1,k1_to_k10
20031,8,0.6000000000000001,1.787262462251584,0.880952380952381,0,1,1.4194190297401623,1.934165558678988,1,k1_to_k10
20031,8,0.65,1.8888947144629984,0.880952380952381,0,1,1.7346595779305694,1.7145577467865718,1,k1_to_k10
20031,8,0.7000000000000001,1.9994920201696504,0.7857142857142858,0,1,2.142517658510464,1.4949499348941562,1,k1_to_k10
20031,8,0.75,2.120295332711172,0.7857142857142858,0,1,2.690838159367003,1.2753421230017414,1,k1_to_k10
20031,8,0.8,2.2527857165609957,0.7857142857142858,0,1,3.4672756478817837,1.055734311109328,1,k1_to_k10
20031,8,0.8500000000000001,2.398745372930671,0.7857142857142858,0,1,4.651574238953821,0.8361264992169137,1,k1_to_k10
20031,8,0.9,2.5603382741120124,0.7857142857142858,0,1,6.679581958588615,0.6165186873244979,1,k1_to_k10
20031,8,0.9500000000000001,2.7402181732802116,0.7619047619047621,1,1,10.95175261442461,0.39691087543208203,1,k1_to_k10
20031,8,1.0,2.941675483095849,0.6904761904761906,1,1,25.80695585896952,0.17730306353966796,1,k1_to_k10
20032,8,0.0,1.0,1.0,0,0,2.5934115965853266e-16,4.481277550714859,1,k1_to_k10
20032,8,0.05,1.045375406645815,1.0,0,0,0.03289881205279689,4.322377657354854,1,k1_to_k10
20032,8,0.1,1.093368148339026,1.0,0,0,0.06830880251133283,4.163477763994849,1,k1_to_k10
20032,8,0.15000000000000002,1.144211409207394,1.0,0,0,0.10652889874855836,4.004577870634844,1,k1_to_k10
20032,8,0.2,1.198166921017397,1.0,0,0,0.14790743375896803,3.8456779772748404,1,k1_to_k10
20032,8,0.25,1.2555294697972417,1.0,0,0,0.19285279305383043,3.6867780839148354,1,k1_to_k10
20032,8,0.30000000000000004,1.3166322840089033,1.0,0,0,0.2418469388505073,3.5278781905548304,1,k1_to_k10
20032,8,0.35000000000000003,1.3818535122308548,1.0,0,0,0.2954627615210522,3.3689782971948277,1,k1_to_k10
20032,8,0.4,1.4516240563362022,0.9761904761904763,0,1,0.35438658445388527,3.2100784038348213,1,k1_to_k10
20032,8,0.45,1.5264371030446062,0.9761904761904763,0,1,0.41944770099195705,3.0511785104748186,1,k1_to_k10
20032,8,0.5,1.6068597995655407,0.9761904761904763,0,1,0.49165764781118354,2.892278617114813,1,k1_to_k10
20032,8,0.55,1.6935476579412068,0.9761904761904763,0,1,0.5722631768081657,2.7333787237548086,1,k1_to_k10
20032,8,0.6000000000000001,1.787262462251584,0.9761904761904763,0,1,0.6628188439151457,2.574478830394805,1,k1_to_k10
20032,8,0.65,1.8888947144629984,0.9761904761904763,0,1,0.7652882478293443,2.415578937034797,1,k1_to_k10
20032,8,0.7000000000000001,1.9994920201696504,0.9761904761904763,0,1,0.8821880399728865,2.2566790436747937,1,k1_to_k10
20032,8,0.75,2.120295332711172,0.9761904761904763,0,1,1.016797384146849,2.0977791503147905,1,k1_to_k10
20032,8,0.8,2.2527857165609957,0.9761904761904763,0,1,1.1734704131611953,1.9388792569547855,1,k1_to_k10
20032,8,0.8500000000000001,2.398745372930671,0.9761904761904763,0,1,1.3581160446808762,1.7799793635947823,1,k1_to_k10
20032,8,0.9,2.5603382741120124,0.9523809523809524,0,1,1.5789599893574273,1.621079470234779,1,k1_to_k10
20032,8,0.9500000000000001,2.7402181732802116,0.9523809523809524,0,1,1.84780361863266,1.4621795768747736,1,k1_to_k10
20032,8,1.0,2.941675483095849,0.9523809523809524,0,1,2.182203742899274,1.3032796835147669,1,k1_to_k10
20033,8,0.0,1.0,1.0,0,0,7.216449660063518e-16,3.2020961708323066,1,k1_to_k10
20033,8,0.05,1.045375406645815,0.9761904761904763,0,1,0.0793190000654987,3.024339485105338,1,k1_to_k10
20033,8,0.1,1.093368148339026,0.9761904761904763,0,1,0.16854425163360592,2.846582799378368,1,k1_to_k10
20033,8,0.15000000000000002,1.144211409207394,0.9047619047619048,0,1,0.2696551670302967,2.668826113651398,1,k1_to_k10
20033,8,0.2,1.198166921017397,0.9047619047619048,0,1,0.38519614287432624,2.4910694279244296,1,k1_to_k10
20033,8,0.25,1.2555294697972417,0.9047619047619048,0,1,0.5184936291607657,2.3133127421974615,1,k1_to_k10
20033,8,0.30000000000000004,1.3166322840089033,0.9047619047619048,0,1,0.6739816070582536,2.1355560564704907,1,k1_to_k10
20033,8,0.35000000000000003,1.3818535122308548,0.9047619047619048,0,1,0.85770437554202,1.9577993707435204,1,k1_to_k10
20033,8,0.4,1.4516240563362022,0.9047619047619048,0,1,1.0781205904168796,1.7800426850165514,1,k1_to_k10
20033,8,0.45,1.5264371030446062,0.9047619047619048,0,1,1.3474425010963729,1.6022859992895817,1,k1_to_k10
20033,8,0.5,1.6068597995655407,0.9047619047619048,0,1,1.683977869274064,1.4245293135626131,1,k1_to_k10
20033,8,0.55,1.6935476579412068,0.9047619047619048,0,1,2.116475260264241,1.2467726278356437,1,k1_to_k10
20033,8,0.6000000000000001,1.787262462251584,0.9047619047619048,0,1,2.6928045620420678,1.0690159421086742,1,k1_to_k10
20033,8,0.65,1.8888947144629984,0.8333333333333335,0,1,3.4990251908110395,0.8912592563817047,1,k1_to_k10
20033,8,0.7000000000000001,1.9994920201696504,0.8333333333333335,0,1,4.706957355960826,0.7135025706547344,1,k1_to_k10
20033,8,0.75,2.120295332711172,0.8333333333333335,0,1,6.7164561753798235,0.535745884927766,1,k1_to_k10
20033,8,0.8,2.2527857165609957,0.7857142857142858,0,1,10.721556263829445,0.3579891992007962,1,k1_to_k10
20033,8,0.8500000000000001,2.398745372930671,0.7857142857142858,0,1,22.626821577805558,0.18023251347382807,1,k1_to_k10
20033,8,0.9,2.5603382741120124,0.7857142857142858,0,1,1744.0536863629782,0.0024758277468588386,1,k1_to_k10
20033,8,0.9500000000000001,2.7402181732802116,0.7857142857142858,0,1,,-0.17528085798011228,0,k1_to_k10
20033,8,1.0,2.941675483095849,0.5714285714285715,0,1,,-0.35303754370708074,0,k1_to_k10
20034,8,0.0,1.0,1.0,0,0,1.4051260155412137e-16,12.103559978388402,1,k1_to_k10
20034,8,0.05,1.045375406645815,0.9761904761904763,0,1,0.010883650123343865,11.784165261533518,1,k1_to_k10
20034,8,0.1,1.093368148339026,0.9285714285714287,0,1,0.02237371104853448,11.464770544678634,1,k1_to_k10
20034,8,0.15000000000000002,1.144211409207394,0.9285714285714287,0,1,0.03452231679312628,11.145375827823749,1,k1_to_k10
20034,8,0.2,1.198166921017397,0.9285714285714287,0,1,0.047387753733376434,10.825981110968867,1,k1_to_k10
20034,8,0.25,1.2555294697972417,0.9285714285714287,0,1,0.061035395746636176,10.506586394113981,1,k1_to_k10
20034,8,0.30000000000000004,1.3166322840089033,0.9285714285714287,0,1,0.07553881526848921,10.187191677259097,1,k1_to_k10
20034,8,0.35000000000000003,1.3818535122308548,0.8571428571428572,0,1,0.09098111012192772,9.867796960404213,1,k1_to_k10
20034,8,0.4,1.4516240563362022,0.8333333333333335,0,1,0.10745649664169948,9.54840224354933,1,k1_to_k10
20034,8,0.45,1.5264371030446062,0.8333333333333335,0,1,0.12507223360486103,9.22900752669445,1,k1_to_k10
20034,8,0.5,1.6068597995655407,0.7380952380952381,0,1,0.14395095997948726,8.909612809839565,1,k1_to_k10
20034,8,0.55,1.6935476579412068,0.7380952380952381,0,1,0.16423355419535715,8.590218092984681,1,k1_to_k10
20034,8,0.6000000000000001,1.787262462251584,0.7380952380952381,0,1,0.18608265591406076,8.270823376129796,1,k1_to_k10
20034,8,0.65,1.8888947144629984,0.6190476190476191,0,1,0.20968703657847637,7.951428659274913,1,k1_to_k10
20034,8,0.7000000000000001,1.9994920201696504,0.6190476190476191,0,1,0.2352670673869366,7.632033942420026,1,k1_to_k10
20034,8,0.75,2.120295332711172,0.4761904761904762,0,1,0.26308162021820986,7.312639225565145,1,k1_to_k10
20034,8,0.8,2.2527857165609957,0.4047619047619048,1,1,0.29343685962634325,6.9932445087102595,1,k1_to_k10
20034,8,0.8500000000000001,2.398745372930671,0.4047619047619048,1,1,0.32669755942037093,6.673849791855377,1,k1_to_k10
20034,8,0.9,2.5603382741120124,0.4047619047619048,1,1,0.3633018320834248,6.354455075000494,1,k1_to_k10
20034,8,0.9500000000000001,2.7402181732802116,0.3571428571428572,1,1,0.4037805353599576,6.03506035814561,1,k1_to_k10
20034,8,1.0,2.941675483095849,0.3571428571428572,1,1,0.4487831855511807,5.715665641290726,1,k1_to_k10
20035,8,0.0,1.0,1.0,0,0,2.6020852139652106e-16,8.892906771331713,1,k1_to_k10
20035,8,0.05,1.045375406645815,1.0,0,0,0.012656819809849285,8.695866758592771,1,k1_to_k10
20035,8,0.1,1.093368148339026,1.0,0,0,0.02590052061189764,8.49882674585383,1,k1_to_k10
20035,8,0.15000000000000002,1.144211409207394,1.0,0,0,0.039772890653144405,8.301786733114884,1,k1_to_k10
20035,8,0.2,1.198166921017397,1.0,0,0,0.054319781950625444,8.104746720375948,1,k1_to_k10
20035,8,0.25,1.2555294697972417,1.0,0,0,0.06959161658567359,7.907706707637006,1,k1_to_k10
20035,8,0.30000000000000004,1.3166322840089033,1.0,0,0,0.08564397062588039,7.710666694898062,1,k1_to_k10
20035,8,0.35000000000000003,1.3818535122308548,1.0,0,0,0.10253824992491878,7.513626682159121,1,k1_to_k10
20035,8,0.4,1.4516240563362022,1.0,0,0,0.12034247512050791,7.316586669420179,1,k1_to_k10
20035,8,0.45,1.5264371030446062,1.0,0,0,0.1391321969856225,7.1195466566812415,1,k1_to_k10
20035,8,0.5,1.6068597995655407,0.9761904761904763,0,1,0.15899156810528953,6.922506643942299,1,k1_to_k10
20035,8,0.55,1.6935476579412068,0.9761904761904763,0,1,0.18001460293871338,6.725466631203357,1,k1_to_k10
20035,8,0.6000000000000001,1.787262462251584,0.9285714285714287,0,1,0.20230666606746123,6.528426618464414,1,k1_to_k10
20035,8,0.65,1.8888947144629984,0.9285714285714287,0,1,0.22598623833959122,6.3313866057254735,1,k1_to_k10
20035,8,0.7000000000000001,1.9994920201696504,0.9285714285714287,0,1,0.251187023393369,6.13434659298653,1,k1_to_k10
20035,8,0.75,2.120295332711172,0.9285714285714287,0,1,0.27806047363325836,5.937306580247591,1,k1_to_k10
20035,8,0.8,2.2527857165609957,0.9285714285714287,0,1,0.30677883644483245,5.740266567508648,1,k1_to_k10
20035,8,0.8500000000000001,2.398745372930671,0.8571428571428572,0,1,0.33753885009579454,5.54322655476971,1,k1_to_k10
20035,8,0.9,2.5603382741120124,0.8571428571428572,0,1,0.3705662569377674,5.346186542030767,1,k1_to_k10
20035,8,0.9500000000000001,2.7402181732802116,0.8571428571428572,0,1,0.40612135283572515,5.149146529291826,1,k1_to_k10
20035,8,1.0,2.941675483095849,0.8571428571428572,0,1,0.44450586143926607,4.952106516552885,1,k1_to_k10
20036,8,0.0,1.0,1.0,0,0,9.020562075079397e-17,10.345950302772836,1,k1_to_k10
20036,8,0.05,1.045375406645815,1.0,0,0,0.01321152799343944,10.05523891686386,1,k1_to_k10
20036,8,0.1,1.093368148339026,1.0,0,0,0.027209728276095448,9.764527530954883,1,k1_to_k10
20036,8,0.15000000000000002,1.144211409207394,1.0,0,0,0.042067019793391974,9.473816145045905,1,k1_to_k10
20036,8,0.2,1.198166921017397,0.9761904761904763,0,1,0.05786499181496988,9.18310475913693,1,k1_to_k10
20036,8,0.25,1.2555294697972417,0.9761904761904763,0,1,0.07469590292238971,8.892393373227954,1,k1_to_k10
20036,8,0.30000000000000004,1.3166322840089033,0.9761904761904763,0,1,0.09266448396491346,8.601681987318976,1,k1_to_k10
20036,8,0.35000000000000003,1.3818535122308548,0.9285714285714287,0,1,0.11189011941136051,8.310970601409998,1,k1_to_k10
20036,8,0.4,1.4516240563362022,0.9285714285714287,0,1,0.1325095031084415,8.020259215501023,1,k1_to_k10
20036,8,0.45,1.5264371030446062,0.8571428571428572,0,1,0.15467989334389157,7.729547829592046,1,k1_to_k10
20036,8,0.5,1.6068597995655407,0.8571428571428572,0,1,0.17858313116116042,7.438836443683069,1,k1_to_k10
20036,8,0.55,1.6935476579412068,0.8571428571428572,0,1,0.20443063921360455,7.148125057774092,1,k1_to_k10
20036,8,0.6000000000000001,1.787262462251584,0.8571428571428572,0,1,0.23246969213931434,6.857413671865116,1,k1_to_k10
20036,8,0.65,1.8888947144629984,0.8571428571428572,0,1,0.2629913524928168,6.566702285956138,1,k1_to_k10
20036,8,0.7000000000000001,1.9994920201696504,0.8571428571428572,0,1,0.29634061228772157,6.2759909000471605,1,k1_to_k10
20036,8,0.75,2.120295332711172,0.8095238095238096,0,1,0.3329294900523848,5.985279514138185,1,k1_to_k10
20036,8,0.8,2.2527857165609957,0.8095238095238096,0,1,0.3732541395645454,5.694568128229209,1,k1_to_k10
20036,8,0.8500000000000001,2.398745372930671,0.8095238095238096,0,1,0.4179174809795345,5.403856742320232,1,k1_to_k10
20036,8,0.9,2.5603382741120124,0.8095238095238096,0,1,0.46765955220837374,5.1131453564112554,1,k1_to_k10
20036,8,0.9500000000000001,2.7402181732802116,0.7142857142857144,1,1,0.523398838351246,4.82243397050228,1,k1_to_k10
20036,8,1.0,2.941675483095849,0.7142857142857144,1,1,0.5862895089055393,4.531722584593301,1,k1_to_k10
20037,8,0.0,1.0,1.0,0,0,9.783840404509192e-16,1.6622048954099926,1,k1_to_k10
20037,8,0.05,1.045375406645815,1.0,0,0,1.083343233195552,1.3188865846807893,1,k1_to_k10
20037,8,0.1,1.093368148339026,1.0,0,0,2.929178602905707,0.9755682739515878,1,k1_to_k10
20037,8,0.15000000000000002,1.144211409207394,1.0,0,0,6.7796296084422,0.6322499632223846,1,k1_to_k10
20037,8,0.2,1.198166921017397,0.9761904761904763,1,1,19.780551483884317,0.28893165249318753,1,k1_to_k10
20037,8,0.25,1.2555294697972417,0.9761904761904763,1,1,,-0.05438665823601729,0,k1_to_k10
20037,8,0.30000000000000004,1.3166322840089033,0.9761904761904763,1,1,,-0.39770496896522234,0,k1_to_k10
20037,8,0.35000000000000003,1.3818535122308548,0.9761904761904763,1,1,,-0.7410232796944225,0,k1_to_k10
20037,8,0.4,1.4516240563362022,0.9761904761904763,1,1,,-1.0843415904236262,0,k1_to_k10
20037,8,0.45,1.5264371030446062,0.9523809523809524,1,1,,-1.4276599011528266,0,k1_to_k10
20037,8,0.5,1.6068597995655407,0.9523809523809524,1,1,,-1.7709782118820299,0,k1_to_k10
20037,8,0.55,1.6935476579412068,0.9523809523809524,1,1,,-2.114296522611231,0,k1_to_k10
20037,8,0.6000000000000001,1.787262462251584,0.9523809523809524,1,1,,-2.4576148333404335,0,k1_to_k10
20037,8,0.65,1.8888947144629984,0.9523809523809524,1,1,,-2.800933144069636,0,k1_to_k10
20037,8,0.7000000000000001,1.9994920201696504,0.9523809523809524,1,1,,-3.1442514547988405,0,k1_to_k10
20037,8,0.75,2.120295332711172,0.9523809523809524,1,1,,-3.4875697655280398,0,k1_to_k10
20037,8,0.8,2.2527857165609957,0.8333333333333335,1,1,,-3.830888076257242,0,k1_to_k10
20037,8,0.8500000000000001,2.398745372930671,0.8333333333333335,1,1,,-4.174206386986444,0,k1_to_k10
20037,8,0.9,2.5603382741120124,0.7857142857142858,1,1,,-4.517524697715643,0,k1_to_k10
20037,8,0.9500000000000001,2.7402181732802116,0.7619047619047621,1,1,,-4.860843008444849,0,k1_to_k10
20037,8,1.0,2.941675483095849,0.7619047619047621,1,1,,-5.20416131917405,0,k1_to_k10
20038,8,0.0,1.0,1.0,0,0,1.4137996329210978e-16,9.033859824534304,1,k1_to_k10
20038,8,0.05,1.045375406645815,1.0,0,0,0.013407126498093036,8.749113792982433,1,k1_to_k10
20038,8,0.1,1.093368148339026,0.9761904761904763,0,1,0.027716299356279644,8.46436776143056,1,k1_to_k10
20038,8,0.15000000000000002,1.144211409207394,0.9047619047619048,0,1,0.04302172370890271,8.17962172987869,1,k1_to_k10
20038,8,0.2,1.198166921017397,0.9047619047619048,0,1,0.05943119555059531,7.894875698326819,1,k1_to_k10
20038,8,0.25,1.2555294697972417,0.9047619047619048,0,1,0.07706864436282082,7.610129666774945,1,k1_to_k10
20038,8,0.30000000000000004,1.3166322840089033,0.7142857142857144,0,1,0.0960772687492052,7.325383635223073,1,k1_to_k10
20038,8,0.35000000000000003,1.3818535122308548,0.7142857142857144,0,1,0.11662343296194283,7.040637603671204,1,k1_to_k10
20038,8,0.4,1.4516240563362022,0.5952380952380953,0,1,0.13890154880852096,6.755891572119333,1,k1_to_k10
20038,8,0.45,1.5264371030446062,0.5952380952380953,0,1,0.16314024645255604,6.471145540567463,1,k1_to_k10
20038,8,0.5,1.6068597995655407,0.5952380952380953,0,1,0.1896102493829913,6.186399509015589,1,k1_to_k10
20038,8,0.55,1.6935476579412068,0.5476190476190477,0,1,0.2186345291168306,5.901653477463719,1,k1_to_k10
20038,8,0.6000000000000001,1.787262462251584,0.5476190476190477,0,1,0.250601548624272,5.616907445911846,1,k1_to_k10
20038,8,0.65,1.8888947144629984,0.5476190476190477,0,1,0.2859827490755873,5.332161414359977,1,k1_to_k10
20038,8,0.7000000000000001,1.9994920201696504,0.5476190476190477,0,1,0.3253559555957394,5.047415382808103,1,k1_to_k10
20038,8,0.75,2.120295332711172,0.523809523809524,0,1,0.36943717918750585,4.762669351256231,1,k1_to_k10
20038,8,0.8,2.2527857165609957,0.523809523809524,0,1,0.4191245521425153,4.477923319704362,1,k1_to_k10
20038,8,0.8500000000000001,2.398745372930671,0.4047619047619048,1,1,0.4755601645803398,4.1931772881524925,1,k1_to_k10
20038,8,0.9,2.5603382741120124,0.4047619047619048,1,1,0.5402189313349922,3.908431256600621,1,k1_to_k10
20038,8,0.9500000000000001,2.7402181732802116,0.4047619047619048,1,1,0.6150393573370634,3.6236852250487486,1,k1_to_k10
20038,8,1.0,2.941675483095849,0.3333333333333334,1,1,0.7026212133313934,3.338939193496877,1,k1_to_k10
20039,8,0.0,1.0,1.0,0,0,2.498001805406602e-16,6.584158378032879,1,k1_to_k10
20039,8,0.05,1.045375406645815,1.0,0,0,0.02403955367710294,6.382646098553694,1,k1_to_k10
20039,8,0.1,1.093368148339026,1.0,0,0,0.04964654316806465,6.181133819074508,1,k1_to_k10
20039,8,0.15000000000000002,1.144211409207394,1.0,0,0,0.07697943547369594,5.9796215395953185,1,k1_to_k10
20039,8,0.2,1.198166921017397,1.0,0,0,0.10621880382029976,5.778109260116132,1,k1_to_k10
20039,8,0.25,1.2555294697972417,1.0,0,0,0.1375713217405644,5.576596980636946,1,k1_to_k10
20039,8,0.30000000000000004,1.3166322840089033,1.0,0,0,0.17127465558459115,5.375084701157758,1,k1_to_k10
20039,8,0.35000000000000003,1.3818535122308548,1.0,0,0,0.20760350042001663,5.173572421678571,1,k1_to_k10
20039,8,0.4,1.4516240563362022,1.0,0,0,0.24687708370359532,4.972060142199384,1,k1_to_k10
20039,8,0.45,1.5264371030446062,1.0,0,0,0.28946857072424115,4.770547862720198,1,k1_to_k10
20039,8,0.5,1.6068597995655407,0.9761904761904763,0,1,0.33581695894627883,4.569035583241011,1,k1_to_k10
20039,8,0.55,1.6935476579412068,0.9761904761904763,0,1,0.38644226509695756,4.367523303761823,1,k1_to_k10
20039,8,0.6000000000000001,1.787262462251584,0.9761904761904763,0,1,0.44196511990139276,4.166011024282637,1,k1_to_k10
20039,8,0.65,1.8888947144629984,0.9761904761904763,0,1,0.5031323387251124,3.96449874480345,1,k1_to_k10
20039,8,0.7000000000000001,1.9994920201696504,0.9761904761904763,0,1,0.5708507082415887,3.7629864653242615,1,k1_to_k10
20039,8,0.75,2.120295332711172,0.9761904761904763,0,1,0.6462322432293259,3.5614741858450754,1,k1_to_k10
20039,8,0.8,2.2527857165609957,0.9761904761904763,0,1,0.7306557289113491,3.359961906365888,1,k1_to_k10
20039,8,0.8500000000000001,2.398745372930671,0.9761904761904763,0,1,0.8258518220755635,3.158449626886702,1,k1_to_k10
20039,8,0.9,2.5603382741120124,0.9761904761904763,0,1,0.9340229495250683,2.9569373474075156,1,k1_to_k10
20039,8,0.9500000000000001,2.7402181732802116,0.9761904761904763,0,1,1.0580158176706997,2.755425067928328,1,k1_to_k10
20039,8,1.0,2.941675483095849,0.9761904761904763,0,1,1.201575591634098,2.553912788449142,1,k1_to_k10
