seed,n,perm,kappa,rho,top1_dis,D_phi,pos_both
20000,4,0,2.941675483095849,1.0,0,0.14823490552611526,1
20000,4,1,2.941675483095849,1.0,0,0.08880576933663013,1
20000,4,2,2.941675483095849,1.0,0,0.20582625977144772,1
20000,4,3,2.941675483095849,1.0,0,0.8758585541422828,1
20000,4,4,2.941675483095849,1.0,0,0.12470258268853422,1
20000,4,5,2.941675483095849,0.7999999999999999,0,0.1805136097884737,1
20000,4,6,2.941675483095849,1.0,0,0.8758585541422828,1
20000,4,7,2.941675483095849,1.0,0,0.13034209959188556,1
20000,4,8,2.941675483095849,1.0,0,0.2758108882425281,1
20000,4,9,2.941675483095849,1.0,0,0.05386424682582262,1
20000,4,10,2.941675483095849,1.0,0,0.14150326177731803,1
20000,4,11,2.941675483095849,1.0,0,0.2758108882425281,1
20000,4,12,2.941675483095849,1.0,0,0.8758585541422828,1
20000,4,13,2.941675483095849,1.0,0,0.12470258268853422,1
20000,4,14,2.941675483095849,1.0,0,0.14823490552611526,1
20000,4,15,2.941675483095849,0.7999999999999999,0,0.10430510717140752,1
20000,4,16,2.941675483095849,0.7999999999999999,0,0.10500268768836724,1
20000,4,17,2.941675483095849,1.0,0,0.23316367453477196,1
20000,4,18,2.941675483095849,1.0,0,0.13034209959188556,1
20000,4,19,2.941675483095849,1.0,0,0.7195308732416099,1
20000,4,20,2.941675483095849,0.7999999999999999,0,0.15347992353128628,1
20000,4,21,2.941675483095849,0.7999999999999999,0,0.20351320440125337,1
20000,4,22,2.941675483095849,0.7999999999999999,0,0.10500268768836724,1
20000,4,23,2.941675483095849,1.0,0,0.42209358479390213,1
20001,4,0,2.941675483095849,0.19999999999999998,0,0.3750348183565858,1
20001,4,1,2.941675483095849,1.0,0,0.13531114042147957,1
20001,4,2,2.941675483095849,0.19999999999999998,0,0.26133670638842904,1
20001,4,3,2.941675483095849,1.0,0,0.1395411389345465,1
20001,4,4,2.941675483095849,0.19999999999999998,0,0.15387112916095175,1
20001,4,5,2.941675483095849,1.0,0,0.035329018181754795,1
20001,4,6,2.941675483095849,0.19999999999999998,0,0.3750348183565858,1
20001,4,7,2.941675483095849,1.0,0,0.11936058521833298,1
20001,4,8,2.941675483095849,1.0,0,0.12195372247679032,1
20001,4,9,2.941675483095849,1.0,0,0.1395411389345465,1
20001,4,10,2.941675483095849,1.0,0,0.07856058114180978,1
20001,4,11,2.941675483095849,1.0,0,0.13531114042147957,1
20001,4,12,2.941675483095849,1.0,0,0.030159786585281748,1
20001,4,13,2.941675483095849,1.0,0,0.1395411389345465,1
20001,4,14,2.941675483095849,1.0,0,0.035329018181754795,1
20001,4,15,2.941675483095849,1.0,0,0.11936058521833298,1
20001,4,16,2.941675483095849,1.0,0,0.11936058521833298,1
20001,4,17,2.941675483095849,0.19999999999999998,0,0.20674492631637892,1
20001,4,18,2.941675483095849,1.0,0,0.11158600273973494,1
20001,4,19,2.941675483095849,1.0,0,0.13273220425661142,1
20001,4,20,2.941675483095849,1.0,0,0.1395411389345465,1
20001,4,21,2.941675483095849,1.0,0,0.1395411389345465,1
20001,4,22,2.941675483095849,0.19999999999999998,0,0.20674492631637892,1
20001,4,23,2.941675483095849,0.7999999999999999,0,0.3021303882993138,1
20002,4,0,2.941675483095849,0.7999999999999999,0,0.20470947118482646,1
20002,4,1,2.941675483095849,0.7999999999999999,0,0.11541908500416044,1
20002,4,2,2.941675483095849,1.0,0,0.08743655987154698,1
20002,4,3,2.941675483095849,1.0,0,0.08743655987154698,1
20002,4,4,2.941675483095849,0.7999999999999999,0,0.19926953780574647,1
20002,4,5,2.941675483095849,0.7999999999999999,0,0.11541908500416044,1
20002,4,6,2.941675483095849,0.7999999999999999,0,0.11541908500416044,1
20002,4,7,2.941675483095849,0.7999999999999999,0,0.20470947118482646,1
20002,4,8,2.941675483095849,1.0,0,0.0841643673543453,1
20002,4,9,2.941675483095849,0.7999999999999999,0,0.059109060618321656,1
20002,4,10,2.941675483095849,1.0,0,0.06904943204545637,1
20002,4,11,2.941675483095849,0.7999999999999999,0,0.09337295085998097,1
20002,4,12,2.941675483095849,0.39999999999999997,1,0.20213062968697754,1
20002,4,13,2.941675483095849,0.7999999999999999,0,0.21803707743334086,1
20002,4,14,2.941675483095849,1.0,0,0.0841643673543453,1
20002,4,15,2.941675483095849,1.0,0,0.053123641298653414,1
20002,4,16,2.941675483095849,0.7999999999999999,0,0.21803707743334086,1
20002,4,17,2.941675483095849,0.7999999999999999,0,0.21803707743334086,1
20002,4,18,2.941675483095849,1.0,0,0.08743655987154698,1
20002,4,19,2.941675483095849,0.7999999999999999,0,0.09337295085998097,1
20002,4,20,2.941675483095849,0.7999999999999999,0,0.21803707743334086,1
20002,4,21,2.941675483095849,0.7999999999999999,0,0.059109060618321656,1
20002,4,22,2.941675483095849,0.7999999999999999,0,0.19926953780574647,1
20002,4,23,2.941675483095849,0.7999999999999999,0,0.17600877048727281,1
20003,4,0,2.941675483095849,0.7999999999999999,0,0.07645980652461609,1
20003,4,1,2.941675483095849,1.0,0,0.18637644727964472,1
20003,4,2,2.941675483095849,1.0,0,0.05846827201659631,1
20003,4,3,2.941675483095849,0.7999999999999999,0,0.05023332056917688,1
20003,4,4,2.941675483095849,0.7999999999999999,0,0.14976626396822157,1
20003,4,5,2.941675483095849,1.0,0,0.19298073509645788,1
20003,4,6,2.941675483095849,1.0,0,0.11437481574137599,1
20003,4,7,2.941675483095849,1.0,0,0.12875394114201819,1
20003,4,8,2.941675483095849,1.0,0,0.12875394114201819,1
20003,4,9,2.941675483095849,1.0,0,0.08022678272461978,1
20003,4,10,2.941675483095849,1.0,0,0.11968259212134393,1
20003,4,11,2.941675483095849,1.0,0,0.11168499867335623,1
20003,4,12,2.941675483095849,0.7999999999999999,0,0.08577025759905443,1
20003,4,13,2.941675483095849,1.0,0,0.12875394114201819,1
20003,4,14,2.941675483095849,0.7999999999999999,0,0.08577025759905443,1
20003,4,15,2.941675483095849,1.0,0,0.10513675168849224,1
20003,4,16,2.941675483095849,0.7999999999999999,0,0.08577025759905443,1
20003,4,17,2.941675483095849,1.0,0,0.06411013283830685,1
20003,4,18,2.941675483095849,0.7999999999999999,0,0.12105048141475162,1
20003,4,19,2.941675483095849,1.0,0,0.05846827201659631,1
20003,4,20,2.941675483095849,0.7999999999999999,0,0.05023332056917688,1
20003,4,21,2.941675483095849,1.0,0,0.05846827201659631,1
20003,4,22,2.941675483095849,0.7999999999999999,0,0.14795072518449562,1
20003,4,23,2.941675483095849,1.0,0,0.11437481574137599,1
20004,4,0,2.941675483095849,1.0,0,0.12220504757103845,1
20004,4,1,2.941675483095849,1.0,0,0.2327862490348485,1
20004,4,2,2.941675483095849,1.0,0,0.12220504757103845,1
20004,4,3,2.941675483095849,1.0,0,0.13015194898140905,1
20004,4,4,2.941675483095849,1.0,0,0.19727491531687408,1
20004,4,5,2.941675483095849,1.0,0,0.07249332763316828,1
20004,4,6,2.941675483095849,1.0,0,0.21380657691015653,1
20004,4,7,2.941675483095849,1.0,0,0.10248873160181515,1
20004,4,8,2.941675483095849,0.7999999999999999,0,0.1283745346759858,1
20004,4,9,2.941675483095849,1.0,0,0.12220504757103845,1
20004,4,10,2.941675483095849,0.7999999999999999,0,0.3267361289095506,1
20004,4,11,2.941675483095849,1.0,0,0.21352004199392577,1
20004,4,12,2.941675483095849,0.7999999999999999,0,0.3267361289095506,1
20004,4,13,2.941675483095849,0.7999999999999999,0,0.30080579171962274,1
20004,4,14,2.941675483095849,0.7999999999999999,0,0.1293555938100641,1
20004,4,15,2.941675483095849,0.7999999999999999,0,0.13958350010042375,1
20004,4,16,2.941675483095849,0.7999999999999999,0,0.4706543100188111,1
20004,4,17,2.941675483095849,0.7999999999999999,0,0.13958350010042375,1
20004,4,18,2.941675483095849,0.7999999999999999,0,0.30080579171962274,1
20004,4,19,2.941675483095849,0.7999999999999999,0,0.15678736788304293,1
20004,4,20,2.941675483095849,0.7999999999999999,0,0.13958350010042375,1
20004,4,21,2.941675483095849,0.7999999999999999,0,0.15678736788304293,1
20004,4,22,2.941675483095849,1.0,0,0.13015194898140905,1
20004,4,23,2.941675483095849,0.7999999999999999,0,0.3267361289095506,1
20005,4,0,2.941675483095849,0.7999999999999999,0,0.11712785628389666,1
20005,4,1,2.941675483095849,0.7999999999999999,0,0.11712785628389666,1
20005,4,2,2.941675483095849,0.7999999999999999,0,0.11712785628389666,1
20005,4,3,2.941675483095849,1.0,0,0.12955125614153812,1
20005,4,4,2.941675483095849,1.0,0,0.1144823626845038,1
20005,4,5,2.941675483095849,1.0,0,0.1553379477385654,1
20005,4,6,2.941675483095849,1.0,0,0.02857088536259124,1
20005,4,7,2.941675483095849,1.0,0,0.1553379477385654,1
20005,4,8,2.941675483095849,1.0,0,0.1553379477385654,1
20005,4,9,2.941675483095849,1.0,0,0.047395290970910955,1
20005,4,10,2.941675483095849,1.0,0,0.1739310662350865,1
20005,4,11,2.941675483095849,1.0,0,0.2025518783241053,1
20005,4,12,2.941675483095849,1.0,0,0.12466593697521594,1
20005,4,13,2.941675483095849,1.0,0,0.18435548581143058,1
20005,4,14,2.941675483095849,0.7999999999999999,0,0.11712785628389666,1
20005,4,15,2.941675483095849,1.0,0,0.02857088536259124,1
20005,4,16,2.941675483095849,0.7999999999999999,1,0.17972535774297585,1
20005,4,17,2.941675483095849,1.0,0,0.047395290970910955,1
20005,4,18,2.941675483095849,1.0,0,0.12466593697521594,1
20005,4,19,2.941675483095849,0.7999999999999999,0,0.1123568390603876,1
20005,4,20,2.941675483095849,1.0,0,0.1553379477385654,1
20005,4,21,2.941675483095849,1.0,0,0.2025518783241053,1
20005,4,22,2.941675483095849,1.0,0,0.11674255673901003,1
20005,4,23,2.941675483095849,1.0,0,0.05444721885562223,1
20006,4,0,2.941675483095849,0.39999999999999997,0,0.1487662507127441,1
20006,4,1,2.941675483095849,0.7999999999999999,0,0.19043086126931336,1
20006,4,2,2.941675483095849,0.7999999999999999,0,0.19826843039316663,1
20006,4,3,2.941675483095849,1.0,0,0.10200134563639873,1
20006,4,4,2.941675483095849,0.7999999999999999,0,0.07063434927491401,1
20006,4,5,2.941675483095849,0.39999999999999997,0,0.05781839375931684,1
20006,4,6,2.941675483095849,0.7999999999999999,0,0.19826843039316663,1
20006,4,7,2.941675483095849,0.39999999999999997,0,0.1487662507127441,1
20006,4,8,2.941675483095849,1.0,0,0.15278082833363965,1
20006,4,9,2.941675483095849,0.7999999999999999,0,0.12468609043457893,1
20006,4,10,2.941675483095849,0.7999999999999999,0,0.397081711897567,1
20006,4,11,2.941675483095849,1.0,0,0.08197791133710258,1
20006,4,12,2.941675483095849,0.7999999999999999,0,0.19826843039316663,1
20006,4,13,2.941675483095849,0.7999999999999999,0,0.14080238901760475,1
20006,4,14,2.941675483095849,1.0,0,0.14914789820873411,1
20006,4,15,2.941675483095849,1.0,0,0.19727567091234688,1
20006,4,16,2.941675483095849,1.0,0,0.19727567091234688,1
20006,4,17,2.941675483095849,0.39999999999999997,0,0.1487662507127441,1
20006,4,18,2.941675483095849,0.39999999999999997,0,0.14518982707766165,1
20006,4,19,2.941675483095849,1.0,0,0.15809613640291853,1
20006,4,20,2.941675483095849,1.0,0,0.062418534038484505,1
20006,4,21,2.941675483095849,0.19999999999999998,0,0.3874284145287425,1
20006,4,22,2.941675483095849,0.7999999999999999,0,0.19826843039316663,1
20006,4,23,2.941675483095849,0.39999999999999997,0,0.20005474599587805,1
20007,4,0,2.941675483095849,1.0,0,0.05209352542792984,1
20007,4,1,2.941675483095849,1.0,0,0.03119058223465073,1
20007,4,2,2.941675483095849,1.0,0,0.04312114656396533,1
20007,4,3,2.941675483095849,0.7999999999999999,0,0.12457207138717319,1
20007,4,4,2.941675483095849,1.0,0,0.027705860556993638,1
20007,4,5,2.941675483095849,0.7999999999999999,0,0.12457207138717319,1
20007,4,6,2.941675483095849,1.0,0,0.05209352542792984,1
20007,4,7,2.941675483095849,0.7999999999999999,0,0.038633610355352066,1
20007,4,8,2.941675483095849,1.0,0,0.05468680410303424,1
20007,4,9,2.941675483095849,1.0,0,0.050200046134109964,1
20007,4,10,2.941675483095849,1.0,0,0.055472873472440856,1
20007,4,11,2.941675483095849,0.7999999999999999,0,0.04253362047592168,1
20007,4,12,2.941675483095849,1.0,0,0.03119058223465073,1
20007,4,13,2.941675483095849,1.0,0,0.030320298501263956,1
20007,4,14,2.941675483095849,0.7999999999999999,0,0.18338167347493944,1
20007,4,15,2.941675483095849,0.7999999999999999,0,0.18338167347493944,1
20007,4,16,2.941675483095849,1.0,0,0.027705860556993638,1
20007,4,17,2.941675483095849,1.0,0,0.009170908346243779,1
20007,4,18,2.941675483095849,0.7999999999999999,0,0.038633610355352066,1
20007,4,19,2.941675483095849,0.7999999999999999,0,0.04253362047592168,1
20007,4,20,2.941675483095849,1.0,0,0.05031687779439428,1
20007,4,21,2.941675483095849,0.7999999999999999,0,0.04253362047592168,1
20007,4,22,2.941675483095849,0.7999999999999999,0,0.18338167347493944,1
20007,4,23,2.941675483095849,1.0,0,0.04312114656396533,1
20008,4,0,2.941675483095849,1.0,0,0.16860496041186973,1
20008,4,1,2.941675483095849,0.7999999999999999,0,0.1919842298352501,1
20008,4,2,2.941675483095849,0.39999999999999997,1,0.19072968582532485,1
20008,4,3,2.941675483095849,1.0,0,0.0760085184219531,1
20008,4,4,2.941675483095849,1.0,0,0.17088871941373135,1
20008,4,5,2.941675483095849,1.0,0,0.014160369863650858,1
20008,4,6,2.941675483095849,0.7999999999999999,0,0.09494712376026274,1
20008,4,7,2.941675483095849,1.0,0,0.0760085184219531,1
20008,4,8,2.941675483095849,1.0,0,0.11431378994276475,1
20008,4,9,2.941675483095849,1.0,0,0.06876280241474919,1
20008,4,10,2.941675483095849,1.0,0,0.08264436632605296,1
20008,4,11,2.941675483095849,0.7999999999999999,0,0.07924134567398872,1
20008,4,12,2.941675483095849,1.0,0,0.19839463331590168,1
20008,4,13,2.941675483095849,1.0,0,0.0760085184219531,1
20008,4,14,2.941675483095849,1.0,0,0.11431378994276475,1
20008,4,15,2.941675483095849,1.0,0,0.014160369863650858,1
20008,4,16,2.941675483095849,1.0,0,0.19112514144792264,1
20008,4,17,2.941675483095849,0.7999999999999999,0,0.07924134567398872,1
20008,4,18,2.941675483095849,0.7999999999999999,0,0.08491006499222449,1
20008,4,19,2.941675483095849,0.39999999999999997,1,0.19072968582532485,1
20008,4,20,2.941675483095849,0.39999999999999997,1,0.19072968582532485,1
20008,4,21,2.941675483095849,1.0,0,0.20862282509702862,1
20008,4,22,2.941675483095849,0.7999999999999999,0,0.1919842298352501,1
20008,4,23,2.941675483095849,0.39999999999999997,1,0.22973200184047587,1
20009,4,0,2.941675483095849,1.0,0,0.1797579979880982,1
20009,4,1,2.941675483095849,1.0,0,0.03447635442346089,1
20009,4,2,2.941675483095849,1.0,0,0.04954519002767646,1
20009,4,3,2.941675483095849,1.0,0,0.055213026266962,1
20009,4,4,2.941675483095849,1.0,0,0.0595276892732661,1
20009,4,5,2.941675483095849,0.7999999999999999,0,0.2012322737557905,1
20009,4,6,2.941675483095849,1.0,0,0.01984407473119354,1
20009,4,7,2.941675483095849,1.0,0,0.10558709399163965,1
20009,4,8,2.941675483095849,1.0,0,0.03677495080785588,1
20009,4,9,2.941675483095849,1.0,0,0.025672133536422437,1
20009,4,10,2.941675483095849,1.0,0,0.03677495080785588,1
20009,4,11,2.941675483095849,0.7999999999999999,0,0.2012322737557905,1
20009,4,12,2.941675483095849,1.0,0,0.028222100995695984,1
20009,4,13,2.941675483095849,1.0,0,0.0595276892732661,1
20009,4,14,2.941675483095849,1.0,0,0.01984407473119354,1
20009,4,15,2.941675483095849,1.0,0,0.0595276892732661,1
20009,4,16,2.941675483095849,1.0,0,0.016878826983912715,1
20009,4,17,2.941675483095849,1.0,0,0.06720270320339633,1
20009,4,18,2.941675483095849,1.0,0,0.05278032530345834,1
20009,4,19,2.941675483095849,1.0,0,0.016878826983912715,1
20009,4,20,2.941675483095849,1.0,0,0.06134925870933114,1
20009,4,21,2.941675483095849,1.0,0,0.1797579979880982,1
20009,4,22,2.941675483095849,0.7999999999999999,0,0.10524138042050074,1
20009,4,23,2.941675483095849,1.0,0,0.02322355097390872,1
20010,4,0,2.941675483095849,1.0,0,0.015907973843337933,1
20010,4,1,2.941675483095849,0.7999999999999999,0,0.07733956981226968,1
20010,4,2,2.941675483095849,1.0,0,0.027302716920322948,1
20010,4,3,2.941675483095849,0.7999999999999999,0,0.050317128626411745,1
20010,4,4,2.941675483095849,0.7999999999999999,0,0.026178663666298528,1
20010,4,5,2.941675483095849,0.7999999999999999,0,0.06322675309507,1
20010,4,6,2.941675483095849,1.0,0,0.015907973843337933,1
20010,4,7,2.941675483095849,0.7999999999999999,0,0.06322675309507,1
20010,4,8,2.941675483095849,0.7999999999999999,0,0.07733956981226968,1
20010,4,9,2.941675483095849,1.0,0,0.027757715159193896,1
20010,4,10,2.941675483095849,1.0,0,0.034345880360864854,1
20010,4,11,2.941675483095849,0.7999999999999999,0,0.07733956981226968,1
20010,4,12,2.941675483095849,0.7999999999999999,0,0.050317128626411745,1
20010,4,13,2.941675483095849,1.0,0,0.042928565718582175,1
20010,4,14,2.941675483095849,0.7999999999999999,0,0.04197626471869128,1
20010,4,15,2.941675483095849,0.7999999999999999,0,0.026178663666298528,1
20010,4,16,2.941675483095849,0.7999999999999999,0,0.050317128626411745,1
20010,4,17,2.941675483095849,0.7999999999999999,0,0.050317128626411745,1
20010,4,18,2.941675483095849,1.0,0,0.022341800748468657,1
20010,4,19,2.941675483095849,0.7999999999999999,0,0.026178663666298528,1
20010,4,20,2.941675483095849,1.0,0,0.027757715159193896,1
20010,4,21,2.941675483095849,1.0,0,0.05414365013277484,1
20010,4,22,2.941675483095849,1.0,0,0.05414365013277484,1
20010,4,23,2.941675483095849,1.0,0,0.009945808422408262,1
20011,4,0,2.941675483095849,1.0,0,0.1976097260782697,1
20011,4,1,2.941675483095849,1.0,0,0.4588889255907904,1
20011,4,2,2.941675483095849,0.7999999999999999,0,0.12036272030279097,1
20011,4,3,2.941675483095849,1.0,0,0.16353263114886318,1
20011,4,4,2.941675483095849,0.7999999999999999,0,0.12642687732941232,1
20011,4,5,2.941675483095849,1.0,0,0.06953157166336046,1
20011,4,6,2.941675483095849,0.7999999999999999,0,0.08573416622561067,1
20011,4,7,2.941675483095849,0.7999999999999999,0,0.1173893252658047,1
20011,4,8,2.941675483095849,1.0,0,0.4588889255907904,1
20011,4,9,2.941675483095849,1.0,0,0.07727804762400389,1
20011,4,10,2.941675483095849,1.0,0,0.8023097191511759,1
20011,4,11,2.941675483095849,1.0,0,0.16353263114886318,1
20011,4,12,2.941675483095849,1.0,0,0.1976097260782697,1
20011,4,13,2.941675483095849,1.0,0,0.8075456621040809,1
20011,4,14,2.941675483095849,1.0,0,0.05990965951204626,1
20011,4,15,2.941675483095849,1.0,0,0.8023097191511759,1
20011,4,16,2.941675483095849,0.7999999999999999,0,0.12505138341275607,1
20011,4,17,2.941675483095849,1.0,0,0.19497523314272802,1
20011,4,18,2.941675483095849,1.0,0,0.0519100929925049,1
20011,4,19,2.941675483095849,0.7999999999999999,0,0.027349862577817213,1
20011,4,20,2.941675483095849,1.0,0,0.1976097260782697,1
20011,4,21,2.941675483095849,1.0,0,0.4588889255907904,1
20011,4,22,2.941675483095849,1.0,0,0.0519100929925049,1
20011,4,23,2.941675483095849,0.7999999999999999,0,0.10454201956983407,1
20012,4,0,2.941675483095849,1.0,0,0.09714203140521271,1
20012,4,1,2.941675483095849,1.0,0,0.04264606537786781,1
20012,4,2,2.941675483095849,0.7999999999999999,0,0.09466466592304298,1
20012,4,3,2.941675483095849,1.0,0,0.10043576461997908,1
20012,4,4,2.941675483095849,1.0,0,0.12103751665662234,1
20012,4,5,2.941675483095849,1.0,0,0.04138791844784369,1
20012,4,6,2.941675483095849,1.0,0,0.16920895582531473,1
20012,4,7,2.941675483095849,1.0,0,0.09745814142012578,1
20012,4,8,2.941675483095849,1.0,0,0.19234307964808203,1
20012,4,9,2.941675483095849,1.0,0,0.04138791844784369,1
20012,4,10,2.941675483095849,1.0,0,0.1816485122696874,1
20012,4,11,2.941675483095849,1.0,0,0.015454909973225156,1
20012,4,12,2.941675483095849,0.7999999999999999,0,0.10828356899604233,1
20012,4,13,2.941675483095849,1.0,0,0.05474776988221149,1
20012,4,14,2.941675483095849,1.0,0,0.1465072134379685,1
20012,4,15,2.941675483095849,1.0,0,0.09057616193524441,1
20012,4,16,2.941675483095849,1.0,0,0.1816485122696874,1
20012,4,17,2.941675483095849,1.0,0,0.0601141130597165,1
20012,4,18,2.941675483095849,1.0,0,0.12103751665662234,1
20012,4,19,2.941675483095849,1.0,0,0.0601141130597165,1
20012,4,20,2.941675483095849,1.0,0,0.16920895582531473,1
20012,4,21,2.941675483095849,0.7999999999999999,0,0.09466466592304298,1
20012,4,22,2.941675483095849,1.0,0,0.04264606537786781,1
20012,4,23,2.941675483095849,1.0,0,0.0601141130597165,1
20013,4,0,2.941675483095849,0.7999999999999999,1,0.17629029697954668,1
20013,4,1,2.941675483095849,1.0,0,0.08770186454560293,1
20013,4,2,2.941675483095849,1.0,0,0.13729056956763397,1
20013,4,3,2.941675483095849,0.7999999999999999,0,0.13856856884256552,1
20013,4,4,2.941675483095849,0.7999999999999999,0,0.05268789953551765,1
20013,4,5,2.941675483095849,1.0,0,0.16469388441812008,1
20013,4,6,2.941675483095849,0.7999999999999999,0,0.1440046359511289,1
20013,4,7,2.941675483095849,1.0,0,0.09011613999154457,1
20013,4,8,2.941675483095849,0.7999999999999999,1,0.17629029697954668,1
20013,4,9,2.941675483095849,1.0,0,0.04829826006517223,1
20013,4,10,2.941675483095849,1.0,0,0.08770186454560293,1
20013,4,11,2.941675483095849,1.0,0,0.051303880707187006,1
20013,4,12,2.941675483095849,0.7999999999999999,1,0.17629029697954668,1
20013,4,13,2.941675483095849,1.0,0,0.04941637513142208,1
20013,4,14,2.941675483095849,0.7999999999999999,0,0.05268789953551765,1
20013,4,15,2.941675483095849,0.7999999999999999,0,0.1440046359511289,1
20013,4,16,2.941675483095849,1.0,0,0.056304279282516134,1
20013,4,17,2.941675483095849,1.0,0,0.09184326268854585,1
20013,4,18,2.941675483095849,1.0,0,0.056304279282516134,1
20013,4,19,2.941675483095849,1.0,0,0.06190879782726394,1
20013,4,20,2.941675483095849,1.0,0,0.09184326268854585,1
20013,4,21,2.941675483095849,0.7999999999999999,0,0.05268789953551765,1
20013,4,22,2.941675483095849,1.0,0,0.04941637513142208,1
20013,4,23,2.941675483095849,0.7999999999999999,0,0.06618664617138448,1
20014,4,0,2.941675483095849,1.0,0,0.10670412572933374,1
20014,4,1,2.941675483095849,1.0,0,0.13596123408187114,1
20014,4,2,2.941675483095849,1.0,0,0.13168775424670603,1
20014,4,3,2.941675483095849,1.0,0,0.08323621693853282,1
20014,4,4,2.941675483095849,1.0,0,0.11153181965883166,1
20014,4,5,2.941675483095849,1.0,0,0.11153181965883166,1
20014,4,6,2.941675483095849,0.7999999999999999,0,0.09288307997915413,1
20014,4,7,2.941675483095849,1.0,0,0.13596123408187114,1
20014,4,8,2.941675483095849,1.0,0,0.21759805418112854,1
20014,4,9,2.941675483095849,0.7999999999999999,1,0.17084825392925498,1
20014,4,10,2.941675483095849,1.0,0,0.10670412572933374,1
20014,4,11,2.941675483095849,1.0,0,0.12293004301424215,1
20014,4,12,2.941675483095849,1.0,0,0.08868403214185866,1
20014,4,13,2.941675483095849,0.7999999999999999,1,0.17084825392925498,1
20014,4,14,2.941675483095849,1.0,0,0.11754490917014834,1
20014,4,15,2.941675483095849,0.7999999999999999,1,0.17084825392925498,1
20014,4,16,2.941675483095849,1.0,0,0.11754490917014834,1
20014,4,17,2.941675483095849,1.0,0,0.08822197685329648,1
20014,4,18,2.941675483095849,0.7999999999999999,0,0.11644651116162154,1
20014,4,19,2.941675483095849,1.0,0,0.05676232281140082,1
20014,4,20,2.941675483095849,1.0,0,0.022263205834265082,1
20014,4,21,2.941675483095849,0.7999999999999999,1,0.17084825392925498,1
20014,4,22,2.941675483095849,0.7999999999999999,1,0.17084825392925498,1
20014,4,23,2.941675483095849,1.0,0,0.21759805418112854,1
20015,4,0,2.941675483095849,0.7999999999999999,0,0.17295594638177184,1
20015,4,1,2.941675483095849,1.0,0,0.039705597733366876,1
20015,4,2,2.941675483095849,0.7999999999999999,0,0.11021798794388875,1
20015,4,3,2.941675483095849,1.0,0,0.055517268121957605,1
20015,4,4,2.941675483095849,1.0,0,0.02515684151987619,1
20015,4,5,2.941675483095849,0.7999999999999999,0,0.06347923635108327,1
20015,4,6,2.941675483095849,1.0,0,0.16199057374541315,1
20015,4,7,2.941675483095849,0.7999999999999999,0,0.11021798794388875,1
20015,4,8,2.941675483095849,0.7999999999999999,0,0.18003780977862247,1
20015,4,9,2.941675483095849,1.0,0,0.14461969758609702,1
20015,4,10,2.941675483095849,0.7999999999999999,0,0.1746176249344978,1
20015,4,11,2.941675483095849,0.7999999999999999,0,0.1531222955173278,1
20015,4,12,2.941675483095849,1.0,0,0.028311521100275266,1
20015,4,13,2.941675483095849,1.0,0,0.040718009391363406,1
20015,4,14,2.941675483095849,0.7999999999999999,0,0.10453479074675395,1
20015,4,15,2.941675483095849,0.7999999999999999,0,0.1709383607101082,1
20015,4,16,2.941675483095849,0.7999999999999999,0,0.18003780977862247,1
20015,4,17,2.941675483095849,0.7999999999999999,0,0.0770110697067489,1
20015,4,18,2.941675483095849,1.0,0,0.039705597733366876,1
20015,4,19,2.941675483095849,1.0,0,0.039705597733366876,1
20015,4,20,2.941675483095849,1.0,0,0.040718009391363406,1
20015,4,21,2.941675483095849,1.0,0,0.03347376517202062,1
20015,4,22,2.941675483095849,1.0,0,0.03992002399661103,1
20015,4,23,2.941675483095849,1.0,0,0.14862417105831155,1
20016,4,0,2.941675483095849,1.0,0,0.14552488083587115,1
20016,4,1,2.941675483095849,0.7999999999999999,0,0.19330984600018608,1
20016,4,2,2.941675483095849,0.7999999999999999,0,0.21435275261032924,1
20016,4,3,2.941675483095849,1.0,0,0.14552488083587115,1
20016,4,4,2.941675483095849,1.0,0,0.5159197347892273,1
20016,4,5,2.941675483095849,1.0,0,0.6406880908246958,1
20016,4,6,2.941675483095849,1.0,0,0.209477584313112,1
20016,4,7,2.941675483095849,1.0,0,0.11518650365041185,1
20016,4,8,2.941675483095849,0.7999999999999999,0,0.21435275261032924,1
20016,4,9,2.941675483095849,1.0,0,0.6406880908246958,1
20016,4,10,2.941675483095849,0.7999999999999999,0,0.19330984600018608,1
20016,4,11,2.941675483095849,1.0,0,0.209477584313112,1
20016,4,12,2.941675483095849,0.7999999999999999,0,0.15586623577952086,1
20016,4,13,2.941675483095849,0.7999999999999999,0,0.15586623577952086,1
20016,4,14,2.941675483095849,1.0,0,0.4276280457506043,1
20016,4,15,2.941675483095849,1.0,0,0.08833830104275316,1
20016,4,16,2.941675483095849,1.0,0,0.08780036571815403,1
20016,4,17,2.941675483095849,1.0,0,0.1935342742817091,1
20016,4,18,2.941675483095849,0.7999999999999999,0,0.2730893540584648,1
20016,4,19,2.941675483095849,1.0,0,0.5159197347892273,1
20016,4,20,2.941675483095849,1.0,0,0.11518650365041185,1
20016,4,21,2.941675483095849,1.0,0,0.3606964914268292,1
20016,4,22,2.941675483095849,1.0,0,0.14552488083587115,1
20016,4,23,2.941675483095849,1.0,0,0.6406880908246958,1
20017,4,0,2.941675483095849,1.0,0,0.47556383078440606,1
20017,4,1,2.941675483095849,0.39999999999999997,1,,0
20017,4,2,2.941675483095849,1.0,0,0.4531978788112343,1
20017,4,3,2.941675483095849,0.19999999999999998,1,,0
20017,4,4,2.941675483095849,0.19999999999999998,1,0.6785456691219953,1
20017,4,5,2.941675483095849,0.7999999999999999,0,0.4065919766942588,1
20017,4,6,2.941675483095849,0.39999999999999997,1,,0
20017,4,7,2.941675483095849,0.39999999999999997,1,0.3595908588638296,1
20017,4,8,2.941675483095849,0.39999999999999997,1,19.751273284279165,1
20017,4,9,2.941675483095849,0.7999999999999999,0,0.4065919766942588,1
20017,4,10,2.941675483095849,0.39999999999999997,1,0.9338792288783826,1
20017,4,11,2.941675483095849,0.39999999999999997,1,19.751273284279165,1
20017,4,12,2.941675483095849,1.0,0,0.540483763775808,1
20017,4,13,2.941675483095849,0.19999999999999998,1,0.6785456691219953,1
20017,4,14,2.941675483095849,0.19999999999999998,1,0.6711194991286447,1
20017,4,15,2.941675483095849,0.39999999999999997,1,,0
20017,4,16,2.941675483095849,0.39999999999999997,1,15.453605211944806,1
20017,4,17,2.941675483095849,0.19999999999999998,1,0.6785456691219953,1
20017,4,18,2.941675483095849,1.0,0,0.540483763775808,1
20017,4,19,2.941675483095849,1.0,0,0.6440511351315212,1
20017,4,20,2.941675483095849,1.0,0,0.540483763775808,1
20017,4,21,2.941675483095849,1.0,0,0.4531978788112343,1
20017,4,22,2.941675483095849,0.19999999999999998,1,0.6785456691219953,1
20017,4,23,2.941675483095849,1.0,0,0.23532288931182388,1
20018,4,0,2.941675483095849,0.6000000000000001,1,0.12269415266692721,1
20018,4,1,2.941675483095849,0.7999999999999999,0,0.14616797139328724,1
20018,4,2,2.941675483095849,0.7999999999999999,0,0.08966638354014729,1
20018,4,3,2.941675483095849,0.6000000000000001,1,0.10838332988828328,1
20018,4,4,2.941675483095849,0.6000000000000001,1,0.12269415266692721,1
20018,4,5,2.941675483095849,0.7999999999999999,0,0.0929887830117175,1
20018,4,6,2.941675483095849,1.0,0,0.04407711415729483,1
20018,4,7,2.941675483095849,0.6000000000000001,1,0.14068888295018034,1
20018,4,8,2.941675483095849,0.7999999999999999,1,0.04973354960062523,1
20018,4,9,2.941675483095849,0.7999999999999999,0,0.0929887830117175,1
20018,4,10,2.941675483095849,0.7999999999999999,0,0.08966638354014729,1
20018,4,11,2.941675483095849,0.7999999999999999,1,0.053319864471287254,1
20018,4,12,2.941675483095849,0.7999999999999999,1,0.04973354960062523,1
20018,4,13,2.941675483095849,0.7999999999999999,1,0.05759205516458636,1
20018,4,14,2.941675483095849,0.7999999999999999,0,0.0929887830117175,1
20018,4,15,2.941675483095849,0.7999999999999999,1,0.053319864471287254,1
20018,4,16,2.941675483095849,0.6000000000000001,1,0.14068888295018034,1
20018,4,17,2.941675483095849,0.6000000000000001,1,0.08944975999260446,1
20018,4,18,2.941675483095849,0.7999999999999999,0,0.09411475029322205,1
20018,4,19,2.941675483095849,0.7999999999999999,1,0.053319864471287254,1
20018,4,20,2.941675483095849,0.7999999999999999,1,0.053319864471287254,1
20018,4,21,2.941675483095849,0.7999999999999999,0,0.09411475029322205,1
20018,4,22,2.941675483095849,0.7999999999999999,0,0.10143905223543226,1
20018,4,23,2.941675483095849,0.7999999999999999,1,0.022121073520452963,1
20019,4,0,2.941675483095849,0.7999999999999999,0,0.08778065761926832,1
20019,4,1,2.941675483095849,1.0,0,0.01654227865553696,1
20019,4,2,2.941675483095849,0.7999999999999999,0,0.08778065761926832,1
20019,4,3,2.941675483095849,0.7999999999999999,0,0.15782600489753235,1
20019,4,4,2.941675483095849,0.7999999999999999,0,0.03247322949445823,1
20019,4,5,2.941675483095849,0.7999999999999999,0,0.03247322949445823,1
20019,4,6,2.941675483095849,0.7999999999999999,0,0.09734401842509564,1
20019,4,7,2.941675483095849,1.0,0,0.07341023007098357,1
20019,4,8,2.941675483095849,0.7999999999999999,0,0.15782600489753235,1
20019,4,9,2.941675483095849,0.7999999999999999,0,0.07542278066416444,1
20019,4,10,2.941675483095849,1.0,0,0.07978457893575422,1
20019,4,11,2.941675483095849,1.0,0,0.07341023007098357,1
20019,4,12,2.941675483095849,1.0,0,0.04844661154171703,1
20019,4,13,2.941675483095849,0.7999999999999999,0,0.18204658035558732,1
20019,4,14,2.941675483095849,0.7999999999999999,0,0.029444210755118272,1
20019,4,15,2.941675483095849,0.7999999999999999,0,0.14991814251650695,1
20019,4,16,2.941675483095849,1.0,0,0.04844661154171703,1
20019,4,17,2.941675483095849,0.7999999999999999,0,0.08778065761926832,1
20019,4,18,2.941675483095849,1.0,0,0.04844661154171703,1
20019,4,19,2.941675483095849,0.7999999999999999,0,0.07542278066416444,1
20019,4,20,2.941675483095849,1.0,0,0.1130370368884545,1
20019,4,21,2.941675483095849,1.0,0,0.04844661154171703,1
20019,4,22,2.941675483095849,0.7999999999999999,0,0.05499272264734806,1
20019,4,23,2.941675483095849,1.0,0,0.1130370368884545,1
20020,4,0,2.941675483095849,1.0,0,0.027516380625191246,1
20020,4,1,2.941675483095849,1.0,0,0.04198825021370688,1
20020,4,2,2.941675483095849,1.0,0,0.036403679632367465,1
20020,4,3,2.941675483095849,1.0,0,0.04198825021370688,1
20020,4,4,2.941675483095849,1.0,0,0.04445047776653255,1
20020,4,5,2.941675483095849,1.0,0,0.051260324917323075,1
20020,4,6,2.941675483095849,0.7999999999999999,0,0.0477598350912441,1
20020,4,7,2.941675483095849,0.7999999999999999,0,0.025145025505911064,1
20020,4,8,2.941675483095849,0.7999999999999999,0,0.02389859263504703,1
20020,4,9,2.941675483095849,1.0,0,0.019668408879402688,1
20020,4,10,2.941675483095849,1.0,0,0.019668408879402688,1
20020,4,11,2.941675483095849,1.0,0,0.01005933169932333,1
20020,4,12,2.941675483095849,1.0,0,0.05215023797240121,1
20020,4,13,2.941675483095849,0.7999999999999999,0,0.02501912788008094,1
20020,4,14,2.941675483095849,1.0,0,0.013959161470772467,1
20020,4,15,2.941675483095849,1.0,0,0.02958096823259964,1
20020,4,16,2.941675483095849,0.7999999999999999,0,0.019551634240293464,1
20020,4,17,2.941675483095849,1.0,0,0.02958096823259964,1
20020,4,18,2.941675483095849,1.0,0,0.027516380625191246,1
20020,4,19,2.941675483095849,1.0,0,0.02958096823259964,1
20020,4,20,2.941675483095849,1.0,0,0.04198825021370688,1
20020,4,21,2.941675483095849,1.0,0,0.028300579246732085,1
20020,4,22,2.941675483095849,1.0,0,0.013959161470772467,1
20020,4,23,2.941675483095849,1.0,0,0.03303921117390327,1
20021,4,0,2.941675483095849,1.0,0,0.04645805069872429,1
20021,4,1,2.941675483095849,1.0,0,0.05345029030262566,1
20021,4,2,2.941675483095849,1.0,0,0.04360266272008044,1
20021,4,3,2.941675483095849,1.0,0,0.07366568395172685,1
20021,4,4,2.941675483095849,0.7999999999999999,0,0.11076067956107181,1
20021,4,5,2.941675483095849,0.7999999999999999,0,0.10769868719114564,1
20021,4,6,2.941675483095849,0.7999999999999999,0,0.11154557885256511,1
20021,4,7,2.941675483095849,1.0,0,0.20639456344534501,1
20021,4,8,2.941675483095849,1.0,0,0.07366568395172685,1
20021,4,9,2.941675483095849,0.7999999999999999,0,0.11665253903522341,1
20021,4,10,2.941675483095849,0.7999999999999999,0,0.11076067956107181,1
20021,4,11,2.941675483095849,1.0,0,0.051036175992847016,1
20021,4,12,2.941675483095849,1.0,0,0.024806390304613367,1
20021,4,13,2.941675483095849,0.7999999999999999,0,0.11154557885256511,1
20021,4,14,2.941675483095849,0.7999999999999999,0,0.10769868719114564,1
20021,4,15,2.941675483095849,0.7999999999999999,0,0.10430956371831288,1
20021,4,16,2.941675483095849,0.7999999999999999,0,0.11721149952597608,1
20021,4,17,2.941675483095849,0.7999999999999999,0,0.10769868719114564,1
20021,4,18,2.941675483095849,0.7999999999999999,0,0.11076067956107181,1
20021,4,19,2.941675483095849,0.7999999999999999,0,0.11721149952597608,1
20021,4,20,2.941675483095849,0.7999999999999999,0,0.10430956371831288,1
20021,4,21,2.941675483095849,0.7999999999999999,0,0.11665253903522341,1
20021,4,22,2.941675483095849,1.0,0,0.04360266272008044,1
20021,4,23,2.941675483095849,1.0,0,0.21543540755414725,1
20022,4,0,2.941675483095849,1.0,0,0.04896587981143666,1
20022,4,1,2.941675483095849,1.0,0,0.061298182141054314,1
20022,4,2,2.941675483095849,0.6000000000000001,1,0.20210015551820082,1
20022,4,3,2.941675483095849,1.0,0,0.06286193591587727,1
20022,4,4,2.941675483095849,1.0,0,0.04603663810154663,1
20022,4,5,2.941675483095849,1.0,0,0.07788534897327518,1
20022,4,6,2.941675483095849,1.0,0,0.07788534897327518,1
20022,4,7,2.941675483095849,0.7999999999999999,1,0.17714355021076444,1
20022,4,8,2.941675483095849,0.7999999999999999,1,0.17714355021076444,1
20022,4,9,2.941675483095849,1.0,0,0.04603663810154663,1
20022,4,10,2.941675483095849,1.0,0,0.03381360614104656,1
20022,4,11,2.941675483095849,1.0,0,0.058419340985131955,1
20022,4,12,2.941675483095849,1.0,0,0.058419340985131955,1
20022,4,13,2.941675483095849,1.0,0,0.03272313668281306,1
20022,4,14,2.941675483095849,1.0,0,0.1752167997298364,1
20022,4,15,2.941675483095849,1.0,0,0.058419340985131955,1
20022,4,16,2.941675483095849,0.6000000000000001,1,0.18072186370798513,1
20022,4,17,2.941675483095849,1.0,0,0.03272313668281306,1
20022,4,18,2.941675483095849,1.0,0,0.04896587981143666,1
20022,4,19,2.941675483095849,0.6000000000000001,1,0.18072186370798513,1
20022,4,20,2.941675483095849,1.0,0,0.03381360614104656,1
20022,4,21,2.941675483095849,0.6000000000000001,1,0.19481689599736726,1
20022,4,22,2.941675483095849,1.0,0,0.04896587981143666,1
20022,4,23,2.941675483095849,1.0,0,0.058419340985131955,1
20023,4,0,2.941675483095849,1.0,0,0.01884267480816123,1
20023,4,1,2.941675483095849,1.0,0,0.028847822516421512,1
20023,4,2,2.941675483095849,0.7999999999999999,0,0.08543323854459078,1
20023,4,3,2.941675483095849,1.0,0,0.018401069059126307,1
20023,4,4,2.941675483095849,1.0,0,0.008198515442712245,1
20023,4,5,2.941675483095849,1.0,0,0.04634607291852389,1
20023,4,6,2.941675483095849,1.0,0,0.05171251454456242,1
20023,4,7,2.941675483095849,1.0,0,0.006215709987238485,1
20023,4,8,2.941675483095849,1.0,0,0.008198515442712245,1
20023,4,9,2.941675483095849,1.0,0,0.03974443592696473,1
20023,4,10,2.941675483095849,1.0,0,0.03974443592696473,1
20023,4,11,2.941675483095849,1.0,0,0.05171251454456242,1
20023,4,12,2.941675483095849,1.0,0,0.028211657826681884,1
20023,4,13,2.941675483095849,0.7999999999999999,0,0.09301453397853594,1
20023,4,14,2.941675483095849,1.0,0,0.0033403632994566113,1
20023,4,15,2.941675483095849,1.0,0,0.028211657826681884,1
20023,4,16,2.941675483095849,0.7999999999999999,0,0.06431998501805697,1
20023,4,17,2.941675483095849,1.0,0,0.006215709987238485,1
20023,4,18,2.941675483095849,1.0,0,0.01884267480816123,1
20023,4,19,2.941675483095849,1.0,0,0.028847822516421512,1
20023,4,20,2.941675483095849,1.0,0,0.013052434805296123,1
20023,4,21,2.941675483095849,0.7999999999999999,0,0.04882115145484741,1
20023,4,22,2.941675483095849,1.0,0,0.028211657826681884,1
20023,4,23,2.941675483095849,1.0,0,0.028847822516421512,1
20024,4,0,2.941675483095849,1.0,0,0.07972989571007841,1
20024,4,1,2.941675483095849,1.0,0,0.07568588072876146,1
20024,4,2,2.941675483095849,1.0,0,0.12135561625932707,1
20024,4,3,2.941675483095849,0.7999999999999999,1,0.20857385059316513,1
20024,4,4,2.941675483095849,0.39999999999999997,1,0.3146157074749907,1
20024,4,5,2.941675483095849,1.0,0,0.07191660981637145,1
20024,4,6,2.941675483095849,1.0,0,0.12135561625932707,1
20024,4,7,2.941675483095849,1.0,0,0.07568588072876146,1
20024,4,8,2.941675483095849,1.0,0,0.12295942645520741,1
20024,4,9,2.941675483095849,1.0,0,0.2354386683297814,1
20024,4,10,2.941675483095849,1.0,0,0.02897497019975747,1
20024,4,11,2.941675483095849,1.0,0,0.15555353304191105,1
20024,4,12,2.941675483095849,1.0,0,0.11806362987476453,1
20024,4,13,2.941675483095849,0.7999999999999999,1,0.20857385059316513,1
20024,4,14,2.941675483095849,1.0,0,0.1933815838867819,1
20024,4,15,2.941675483095849,1.0,0,0.15164836974982468,1
20024,4,16,2.941675483095849,1.0,0,0.07568588072876146,1
20024,4,17,2.941675483095849,1.0,0,0.15424341420667703,1
20024,4,18,2.941675483095849,1.0,0,0.2354386683297814,1
20024,4,19,2.941675483095849,0.7999999999999999,0,0.15833060966714246,1
20024,4,20,2.941675483095849,1.0,0,0.15424341420667703,1
20024,4,21,2.941675483095849,1.0,0,0.06001235690111791,1
20024,4,22,2.941675483095849,0.19999999999999998,1,0.27876683361199517,1
20024,4,23,2.941675483095849,1.0,0,0.15164836974982468,1
20025,4,0,2.941675483095849,1.0,0,0.036509567814764526,1
20025,4,1,2.941675483095849,1.0,0,0.0393109804640399,1
20025,4,2,2.941675483095849,1.0,0,0.04000640312136268,1
20025,4,3,2.941675483095849,1.0,0,0.14251467808513166,1
20025,4,4,2.941675483095849,1.0,0,0.036178428167050955,1
20025,4,5,2.941675483095849,1.0,0,0.033494844479812186,1
20025,4,6,2.941675483095849,1.0,0,0.04213775723536762,1
20025,4,7,2.941675483095849,1.0,0,0.13038184198244177,1
20025,4,8,2.941675483095849,1.0,0,0.033494844479812186,1
20025,4,9,2.941675483095849,1.0,0,0.020908590594706098,1
20025,4,10,2.941675483095849,1.0,0,0.03375710875161669,1
20025,4,11,2.941675483095849,1.0,0,0.14251467808513166,1
20025,4,12,2.941675483095849,1.0,0,0.010467440220904175,1
20025,4,13,2.941675483095849,1.0,0,0.04382457544985785,1
20025,4,14,2.941675483095849,1.0,0,0.04000640312136268,1
20025,4,15,2.941675483095849,1.0,0,0.04382457544985785,1
20025,4,16,2.941675483095849,1.0,0,0.03487177359265109,1
20025,4,17,2.941675483095849,1.0,0,0.04382457544985785,1
20025,4,18,2.941675483095849,1.0,0,0.03487177359265109,1
20025,4,19,2.941675483095849,1.0,0,0.11787257979026881,1
20025,4,20,2.941675483095849,1.0,0,0.11787257979026881,1
20025,4,21,2.941675483095849,1.0,0,0.039285931977238786,1
20025,4,22,2.941675483095849,1.0,0,0.036509567814764526,1
20025,4,23,2.941675483095849,1.0,0,0.11647600383167941,1
20026,4,0,2.941675483095849,1.0,0,0.04992677021312655,1
20026,4,1,2.941675483095849,1.0,0,0.017915469716024583,1
20026,4,2,2.941675483095849,1.0,0,0.058364957116646736,1
20026,4,3,2.941675483095849,1.0,0,0.03966892795870912,1
20026,4,4,2.941675483095849,1.0,0,0.020349956749777562,1
20026,4,5,2.941675483095849,0.7999999999999999,0,0.05633651740418655,1
20026,4,6,2.941675483095849,0.7999999999999999,0,0.04278642617865545,1
20026,4,7,2.941675483095849,1.0,0,0.07131994588753,1
20026,4,8,2.941675483095849,0.7999999999999999,0,0.04119561480336047,1
20026,4,9,2.941675483095849,1.0,0,0.058364957116646736,1
20026,4,10,2.941675483095849,1.0,0,0.020349956749777562,1
20026,4,11,2.941675483095849,0.7999999999999999,0,0.05089725249001226,1
20026,4,12,2.941675483095849,1.0,0,0.017951340083626637,1
20026,4,13,2.941675483095849,1.0,0,0.016771503522361925,1
20026,4,14,2.941675483095849,1.0,0,0.06975526947059142,1
20026,4,15,2.941675483095849,1.0,0,0.016771503522361925,1
20026,4,16,2.941675483095849,0.7999999999999999,0,0.04922057049171166,1
20026,4,17,2.941675483095849,1.0,0,0.029773227337762068,1
20026,4,18,2.941675483095849,1.0,0,0.017951340083626637,1
20026,4,19,2.941675483095849,1.0,0,0.009541454892435228,1
20026,4,20,2.941675483095849,1.0,0,0.07131994588753,1
20026,4,21,2.941675483095849,1.0,0,0.040224315923943675,1
20026,4,22,2.941675483095849,1.0,0,0.058364957116646736,1
20026,4,23,2.941675483095849,1.0,0,0.006974309160599587,1
20027,4,0,2.941675483095849,1.0,0,0.028094097671268713,1
20027,4,1,2.941675483095849,1.0,0,0.04308122495859156,1
20027,4,2,2.941675483095849,1.0,0,0.009280062260030301,1
20027,4,3,2.941675483095849,1.0,0,0.015935941567489797,1
20027,4,4,2.941675483095849,1.0,0,0.03702599446166778,1
20027,4,5,2.941675483095849,1.0,0,0.036361688279486826,1
20027,4,6,2.941675483095849,1.0,0,0.009280062260030301,1
20027,4,7,2.941675483095849,1.0,0,0.042434337009882556,1
20027,4,8,2.941675483095849,1.0,0,0.05919388151792392,1
20027,4,9,2.941675483095849,1.0,0,0.0154703680123949,1
20027,4,10,2.941675483095849,1.0,0,0.028094097671268713,1
20027,4,11,2.941675483095849,1.0,0,0.04308122495859156,1
20027,4,12,2.941675483095849,1.0,0,0.06421190334685795,1
20027,4,13,2.941675483095849,1.0,0,0.015935941567489797,1
20027,4,14,2.941675483095849,1.0,0,0.0154703680123949,1
20027,4,15,2.941675483095849,1.0,0,0.054250179559142554,1
20027,4,16,2.941675483095849,1.0,0,0.037691265564435396,1
20027,4,17,2.941675483095849,1.0,0,0.028094097671268713,1
20027,4,18,2.941675483095849,0.7999999999999999,0,0.0836313310891271,1
20027,4,19,2.941675483095849,1.0,0,0.028094097671268713,1
20027,4,20,2.941675483095849,1.0,0,0.03702599446166778,1
20027,4,21,2.941675483095849,1.0,0,0.04308122495859156,1
20027,4,22,2.941675483095849,1.0,0,0.02307909652031246,1
20027,4,23,2.941675483095849,1.0,0,0.06421190334685795,1
20028,4,0,2.941675483095849,1.0,0,0.022834315336917384,1
20028,4,1,2.941675483095849,1.0,0,0.048918786346774414,1
20028,4,2,2.941675483095849,1.0,0,0.022834315336917384,1
20028,4,3,2.941675483095849,1.0,0,0.03622242422888233,1
20028,4,4,2.941675483095849,1.0,0,0.08010392436944949,1
20028,4,5,2.941675483095849,1.0,0,0.023468396536951527,1
20028,4,6,2.941675483095849,1.0,0,0.030395061373642507,1
20028,4,7,2.941675483095849,1.0,0,0.041750780839007864,1
20028,4,8,2.941675483095849,1.0,0,0.041750780839007864,1
20028,4,9,2.941675483095849,1.0,0,0.058064599129194275,1
20028,4,10,2.941675483095849,1.0,0,0.048918786346774414,1
20028,4,11,2.941675483095849,1.0,0,0.058064599129194275,1
20028,4,12,2.941675483095849,1.0,0,0.03804849632581071,1
20028,4,13,2.941675483095849,1.0,0,0.015284100532572644,1
20028,4,14,2.941675483095849,1.0,0,0.08010392436944949,1
20028,4,15,2.941675483095849,1.0,0,0.03345083128075878,1
20028,4,16,2.941675483095849,1.0,0,0.04020165548525889,1
20028,4,17,2.941675483095849,1.0,0,0.015284100532572644,1
20028,4,18,2.941675483095849,1.0,0,0.03632212824015363,1
20028,4,19,2.941675483095849,1.0,0,0.041750780839007864,1
20028,4,20,2.941675483095849,1.0,0,0.03622242422888233,1
20028,4,21,2.941675483095849,1.0,0,0.03804849632581071,1
20028,4,22,2.941675483095849,1.0,0,0.041750780839007864,1
20028,4,23,2.941675483095849,1.0,0,0.03632212824015363,1
20029,4,0,2.941675483095849,1.0,0,0.08394454561698822,1
20029,4,1,2.941675483095849,1.0,0,0.19672848816648786,1
20029,4,2,2.941675483095849,1.0,0,0.8942919131770521,1
20029,4,3,2.941675483095849,1.0,0,0.17952279684556985,1
20029,4,4,2.941675483095849,1.0,0,0.14675763160003358,1
20029,4,5,2.941675483095849,1.0,0,0.09370544837779524,1
20029,4,6,2.941675483095849,1.0,0,0.8942919131770521,1
20029,4,7,2.941675483095849,1.0,0,1.501157347113156,1
20029,4,8,2.941675483095849,1.0,0,0.16991379636778922,1
20029,4,9,2.941675483095849,1.0,0,0.09370544837779524,1
20029,4,10,2.941675483095849,1.0,0,1.501157347113156,1
20029,4,11,2.941675483095849,1.0,0,0.15183582535157233,1
20029,4,12,2.941675483095849,1.0,0,0.10019063450063745,1
20029,4,13,2.941675483095849,0.7999999999999999,0,4.068632876605462,1
20029,4,14,2.941675483095849,1.0,0,4.181091940466917,1
20029,4,15,2.941675483095849,1.0,0,0.11969318295530243,1
20029,4,16,2.941675483095849,1.0,0,1.3045661693716861,1
20029,4,17,2.941675483095849,1.0,0,0.44258924409398914,1
20029,4,18,2.941675483095849,1.0,0,0.19672848816648786,1
20029,4,19,2.941675483095849,1.0,0,0.11969318295530243,1
20029,4,20,2.941675483095849,1.0,0,0.23528861685595467,1
20029,4,21,2.941675483095849,1.0,0,0.23528861685595467,1
20029,4,22,2.941675483095849,1.0,0,0.14675763160003358,1
20029,4,23,2.941675483095849,0.7999999999999999,0,10.57839133477209,1
20030,4,0,2.941675483095849,1.0,0,0.05266387115009549,1
20030,4,1,2.941675483095849,1.0,0,0.1154067290810657,1
20030,4,2,2.941675483095849,1.0,0,0.07968686254388099,1
20030,4,3,2.941675483095849,1.0,0,0.035022883103192834,1
20030,4,4,2.941675483095849,0.7999999999999999,0,0.04304235804397474,1
20030,4,5,2.941675483095849,0.7999999999999999,0,0.026375150384584184,1
20030,4,6,2.941675483095849,0.7999999999999999,0,0.026375150384584184,1
20030,4,7,2.941675483095849,0.7999999999999999,0,0.0716562780696128,1
20030,4,8,2.941675483095849,1.0,0,0.08861404755027973,1
20030,4,9,2.941675483095849,1.0,0,0.014270497075211386,1
20030,4,10,2.941675483095849,1.0,0,0.1154067290810657,1
20030,4,11,2.941675483095849,1.0,0,0.03232096703477618,1
20030,4,12,2.941675483095849,0.7999999999999999,0,0.026375150384584184,1
20030,4,13,2.941675483095849,0.7999999999999999,0,0.035397638909958624,1
20030,4,14,2.941675483095849,0.7999999999999999,0,0.035397638909958624,1
20030,4,15,2.941675483095849,1.0,0,0.1154067290810657,1
20030,4,16,2.941675483095849,0.7999999999999999,0,0.1156740717888075,1
20030,4,17,2.941675483095849,0.7999999999999999,0,0.026375150384584184,1
20030,4,18,2.941675483095849,0.7999999999999999,0,0.0716562780696128,1
20030,4,19,2.941675483095849,1.0,0,0.014270497075211386,1
20030,4,20,2.941675483095849,1.0,0,0.07968686254388099,1
20030,4,21,2.941675483095849,1.0,0,0.1154067290810657,1
20030,4,22,2.941675483095849,1.0,0,0.08861404755027973,1
20030,4,23,2.941675483095849,1.0,0,0.051580328399813524,1
20031,4,0,2.941675483095849,1.0,0,0.09416934910738312,1
20031,4,1,2.941675483095849,1.0,0,0.09402813508145579,1
20031,4,2,2.941675483095849,0.7999999999999999,0,0.12450054937685542,1
20031,4,3,2.941675483095849,0.7999999999999999,0,0.20996111592036798,1
20031,4,4,2.941675483095849,1.0,0,0.03810954447218272,1
20031,4,5,2.941675483095849,0.7999999999999999,0,0.06536240426979142,1
20031,4,6,2.941675483095849,0.7999999999999999,0,0.14243289365495798,1
20031,4,7,2.941675483095849,1.0,0,0.10425737994011905,1
20031,4,8,2.941675483095849,1.0,0,0.10365841824992267,1
20031,4,9,2.941675483095849,0.7999999999999999,0,0.14243289365495798,1
20031,4,10,2.941675483095849,0.7999999999999999,0,0.08590990610446655,1
20031,4,11,2.941675483095849,0.7999999999999999,0,0.11646465065827949,1
20031,4,12,2.941675483095849,0.7999999999999999,0,0.08590990610446655,1
20031,4,13,2.941675483095849,0.7999999999999999,0,0.09772132694211721,1
20031,4,14,2.941675483095849,0.7999999999999999,0,0.1605580422824531,1
20031,4,15,2.941675483095849,0.7999999999999999,0,0.1605580422824531,1
20031,4,16,2.941675483095849,0.7999999999999999,0,0.1605580422824531,1
20031,4,17,2.941675483095849,1.0,0,0.23339581190934988,1
20031,4,18,2.941675483095849,1.0,0,0.10365841824992267,1
20031,4,19,2.941675483095849,1.0,0,0.09416934910738312,1
20031,4,20,2.941675483095849,1.0,0,0.10661934264904452,1
20031,4,21,2.941675483095849,1.0,0,0.03810954447218272,1
20031,4,22,2.941675483095849,0.7999999999999999,0,0.12450054937685542,1
20031,4,23,2.941675483095849,0.7999999999999999,0,0.20996111592036798,1
20032,4,0,2.941675483095849,1.0,0,0.2845271643849705,1
20032,4,1,2.941675483095849,1.0,0,0.2596414710991411,1
20032,4,2,2.941675483095849,1.0,0,0.02854824374248912,1
20032,4,3,2.941675483095849,1.0,0,0.02854824374248912,1
20032,4,4,2.941675483095849,1.0,0,0.01527840128153574,1
20032,4,5,2.941675483095849,1.0,0,0.2845271643849705,1
20032,4,6,2.941675483095849,1.0,0,0.060103937955893375,1
20032,4,7,2.941675483095849,1.0,0,0.09498015527926072,1
20032,4,8,2.941675483095849,1.0,0,0.055584175197729735,1
20032,4,9,2.941675483095849,1.0,0,0.02162133728236789,1
20032,4,10,2.941675483095849,1.0,0,0.04031069373924957,1
20032,4,11,2.941675483095849,1.0,0,0.034054618992381616,1
20032,4,12,2.941675483095849,1.0,0,0.045489194470854116,1
20032,4,13,2.941675483095849,1.0,0,0.049591469654849646,1
20032,4,14,2.941675483095849,1.0,0,0.06666490346237085,1
20032,4,15,2.941675483095849,1.0,0,0.045489194470854116,1
20032,4,16,2.941675483095849,1.0,0,0.045489194470854116,1
20032,4,17,2.941675483095849,1.0,0,0.11321995971861046,1
20032,4,18,2.941675483095849,1.0,0,0.09498015527926072,1
20032,4,19,2.941675483095849,1.0,0,0.01642028674062189,1
20032,4,20,2.941675483095849,1.0,0,0.045489194470854116,1
20032,4,21,2.941675483095849,1.0,0,0.028271916827042942,1
20032,4,22,2.941675483095849,1.0,0,0.06666490346237085,1
20032,4,23,2.941675483095849,1.0,0,0.049591469654849646,1
20033,4,0,2.941675483095849,1.0,0,0.1081137616443063,1
20033,4,1,2.941675483095849,1.0,0,0.21033748483144507,1
20033,4,2,2.941675483095849,1.0,0,0.23821290319583083,1
20033,4,3,2.941675483095849,0.7999999999999999,0,0.13235829623403733,1
20033,4,4,2.941675483095849,1.0,0,0.21033748483144507,1
20033,4,5,2.941675483095849,1.0,0,0.08906792153361162,1
20033,4,6,2.941675483095849,1.0,0,0.12051850988338411,1
20033,4,7,2.941675483095849,1.0,0,0.050643705131404385,1
20033,4,8,2.941675483095849,1.0,0,0.08906792153361162,1
20033,4,9,2.941675483095849,0.7999999999999999,0,0.09638497133740531,1
20033,4,10,2.941675483095849,1.0,0,0.13888002702676996,1
20033,4,11,2.941675483095849,1.0,0,0.20384697110371355,1
20033,4,12,2.941675483095849,1.0,0,0.050643705131404385,1
20033,4,13,2.941675483095849,1.0,0,0.20384697110371355,1
20033,4,14,2.941675483095849,1.0,0,0.21033748483144507,1
20033,4,15,2.941675483095849,1.0,0,0.056008437369731504,1
20033,4,16,2.941675483095849,1.0,0,0.1081137616443063,1
20033,4,17,2.941675483095849,0.7999999999999999,0,0.11329686757794544,1
20033,4,18,2.941675483095849,1.0,0,0.16639650998523753,1
20033,4,19,2.941675483095849,1.0,0,0.050643705131404385,1
20033,4,20,2.941675483095849,1.0,0,0.21033748483144507,1
20033,4,21,2.941675483095849,0.7999999999999999,0,0.189375897028571,1
20033,4,22,2.941675483095849,1.0,0,0.19763853300910808,1
20033,4,23,2.941675483095849,0.7999999999999999,0,0.189375897028571,1
20034,4,0,2.941675483095849,1.0,0,0.119611046700147,1
20034,4,1,2.941675483095849,1.0,0,0.13635577767586515,1
20034,4,2,2.941675483095849,0.7999999999999999,1,0.20601944132230532,1
20034,4,3,2.941675483095849,1.0,0,0.12747648926858962,1
20034,4,4,2.941675483095849,1.0,0,0.119611046700147,1
20034,4,5,2.941675483095849,1.0,0,0.15293791213562904,1
20034,4,6,2.941675483095849,1.0,0,0.119611046700147,1
20034,4,7,2.941675483095849,0.7999999999999999,1,0.20601944132230532,1
20034,4,8,2.941675483095849,0.7999999999999999,1,0.1972015459914032,1
20034,4,9,2.941675483095849,1.0,0,0.13635577767586515,1
20034,4,10,2.941675483095849,1.0,0,0.15719868295219025,1
20034,4,11,2.941675483095849,1.0,0,0.15293791213562904,1
20034,4,12,2.941675483095849,1.0,0,0.17836099029809366,1
20034,4,13,2.941675483095849,1.0,0,0.15719868295219025,1
20034,4,14,2.941675483095849,1.0,0,0.2963705682741804,1
20034,4,15,2.941675483095849,0.7999999999999999,1,0.20057730825861375,1
20034,4,16,2.941675483095849,1.0,0,0.17183854403388987,1
20034,4,17,2.941675483095849,1.0,0,0.14325702042949698,1
20034,4,18,2.941675483095849,1.0,0,0.15293791213562904,1
20034,4,19,2.941675483095849,1.0,0,0.2963705682741804,1
20034,4,20,2.941675483095849,1.0,0,0.17836099029809366,1
20034,4,21,2.941675483095849,1.0,0,0.15719868295219025,1
20034,4,22,2.941675483095849,1.0,0,0.15293791213562904,1
20034,4,23,2.941675483095849,1.0,0,0.15844178624927324,1
20035,4,0,2.941675483095849,1.0,0,0.04675284848130442,1
20035,4,1,2.941675483095849,1.0,0,0.09246410732050953,1
20035,4,2,2.941675483095849,0.7999999999999999,0,0.04546258181769718,1
20035,4,3,2.941675483095849,1.0,0,0.09082805721659987,1
20035,4,4,2.941675483095849,1.0,0,0.034823133584564445,1
20035,4,5,2.941675483095849,1.0,0,0.025109211343254903,1
20035,4,6,2.941675483095849,1.0,0,0.04494630744608743,1
20035,4,7,2.941675483095849,1.0,0,0.07368616228655593,1
20035,4,8,2.941675483095849,1.0,0,0.025109211343254903,1
20035,4,9,2.941675483095849,1.0,0,0.06274019143106804,1
20035,4,10,2.941675483095849,1.0,0,0.07368616228655593,1
20035,4,11,2.941675483095849,1.0,0,0.04742103955057914,1
20035,4,12,2.941675483095849,1.0,0,0.06274019143106804,1
20035,4,13,2.941675483095849,1.0,0,0.01713800113838093,1
20035,4,14,2.941675483095849,1.0,0,0.032359056721674995,1
20035,4,15,2.941675483095849,1.0,0,0.023085478639715593,1
20035,4,16,2.941675483095849,1.0,0,0.09246410732050953,1
20035,4,17,2.941675483095849,1.0,0,0.01713800113838093,1
20035,4,18,2.941675483095849,1.0,0,0.04466827042284031,1
20035,4,19,2.941675483095849,1.0,0,0.04675284848130442,1
20035,4,20,2.941675483095849,1.0,0,0.04494630744608743,1
20035,4,21,2.941675483095849,1.0,0,0.023085478639715593,1
20035,4,22,2.941675483095849,0.7999999999999999,0,0.04546258181769718,1
20035,4,23,2.941675483095849,1.0,0,0.0037564377144003527,1
20036,4,0,2.941675483095849,1.0,0,0.08109124938495932,1
20036,4,1,2.941675483095849,1.0,0,0.08840893782534101,1
20036,4,2,2.941675483095849,1.0,0,0.047277517093276426,1
20036,4,3,2.941675483095849,0.7999999999999999,0,0.25837735305664633,1
20036,4,4,2.941675483095849,1.0,0,0.08840893782534101,1
20036,4,5,2.941675483095849,1.0,0,0.05883419689853373,1
20036,4,6,2.941675483095849,1.0,0,0.08109124938495932,1
20036,4,7,2.941675483095849,0.7999999999999999,0,0.1282071837052216,1
20036,4,8,2.941675483095849,1.0,0,0.05883419689853373,1
20036,4,9,2.941675483095849,1.0,0,0.025015717579806675,1
20036,4,10,2.941675483095849,0.7999999999999999,0,0.1282071837052216,1
20036,4,11,2.941675483095849,1.0,0,0.20337906298643327,1
20036,4,12,2.941675483095849,0.7999999999999999,0,0.28317447546555474,1
20036,4,13,2.941675483095849,0.7999999999999999,0,0.10165936164148637,1
20036,4,14,2.941675483095849,0.7999999999999999,0,0.07406881146882695,1
20036,4,15,2.941675483095849,1.0,0,0.08840893782534101,1
20036,4,16,2.941675483095849,1.0,0,0.025015717579806675,1
20036,4,17,2.941675483095849,0.7999999999999999,0,0.10165936164148637,1
20036,4,18,2.941675483095849,0.7999999999999999,0,0.060825376351552565,1
20036,4,19,2.941675483095849,0.7999999999999999,0,0.07406881146882695,1
20036,4,20,2.941675483095849,0.7999999999999999,0,0.07406881146882695,1
20036,4,21,2.941675483095849,1.0,0,0.047277517093276426,1
20036,4,22,2.941675483095849,1.0,0,0.20337906298643327,1
20036,4,23,2.941675483095849,1.0,0,0.11007211554536944,1
20037,4,0,2.941675483095849,0.7999999999999999,0,0.04709863637061245,1
20037,4,1,2.941675483095849,1.0,0,0.05809994171017836,1
20037,4,2,2.941675483095849,1.0,0,0.04953503828607117,1
20037,4,3,2.941675483095849,0.7999999999999999,0,0.05400164005477351,1
20037,4,4,2.941675483095849,1.0,0,0.09677726547168163,1
20037,4,5,2.941675483095849,1.0,0,0.09677726547168163,1
20037,4,6,2.941675483095849,0.7999999999999999,0,0.04709863637061245,1
20037,4,7,2.941675483095849,0.7999999999999999,0,0.0402321719420885,1
20037,4,8,2.941675483095849,1.0,0,0.03006630475601616,1
20037,4,9,2.941675483095849,0.7999999999999999,0,0.03283389147829304,1
20037,4,10,2.941675483095849,1.0,0,0.028518253602603134,1
20037,4,11,2.941675483095849,1.0,0,0.08928765041666845,1
20037,4,12,2.941675483095849,0.7999999999999999,0,0.12339529620049529,1
20037,4,13,2.941675483095849,1.0,0,0.028518253602603134,1
20037,4,14,2.941675483095849,1.0,0,0.027132455203943515,1
20037,4,15,2.941675483095849,1.0,0,0.10422324421298992,1
20037,4,16,2.941675483095849,1.0,0,0.04953503828607117,1
20037,4,17,2.941675483095849,0.7999999999999999,0,0.0402321719420885,1
20037,4,18,2.941675483095849,1.0,0,0.03803891685387742,1
20037,4,19,2.941675483095849,0.7999999999999999,0,0.0402321719420885,1
20037,4,20,2.941675483095849,1.0,0,0.12018414054037307,1
20037,4,21,2.941675483095849,1.0,0,0.03763628009412308,1
20037,4,22,2.941675483095849,0.7999999999999999,0,0.06636962249209921,1
20037,4,23,2.941675483095849,1.0,0,0.017111396944194716,1
20038,4,0,2.941675483095849,0.39999999999999997,1,0.2791872532198503,1
20038,4,1,2.941675483095849,1.0,0,0.03743178932139317,1
20038,4,2,2.941675483095849,1.0,0,0.07072118553445503,1
20038,4,3,2.941675483095849,0.7999999999999999,0,0.1190900422810062,1
20038,4,4,2.941675483095849,0.7999999999999999,1,0.32244570779279835,1
20038,4,5,2.941675483095849,0.7999999999999999,1,0.12689810159434806,1
20038,4,6,2.941675483095849,1.0,0,0.1012933683888051,1
20038,4,7,2.941675483095849,0.39999999999999997,1,0.250754148665805,1
20038,4,8,2.941675483095849,0.39999999999999997,1,0.15641251576584758,1
20038,4,9,2.941675483095849,0.7999999999999999,1,0.3227909439845945,1
20038,4,10,2.941675483095849,0.7999999999999999,0,0.1190900422810062,1
20038,4,11,2.941675483095849,0.19999999999999998,1,0.13716108909815475,1
20038,4,12,2.941675483095849,0.7999999999999999,1,0.32244570779279835,1
20038,4,13,2.941675483095849,1.0,0,0.03743178932139317,1
20038,4,14,2.941675483095849,1.0,0,0.27761302345635264,1
20038,4,15,2.941675483095849,0.7999999999999999,1,0.28788764150421536,1
20038,4,16,2.941675483095849,0.39999999999999997,1,0.250754148665805,1
20038,4,17,2.941675483095849,0.39999999999999997,1,0.2791872532198503,1
20038,4,18,2.941675483095849,1.0,0,0.08235307029207638,1
20038,4,19,2.941675483095849,0.39999999999999997,1,0.13794824320818797,1
20038,4,20,2.941675483095849,1.0,0,0.08235307029207638,1
20038,4,21,2.941675483095849,0.7999999999999999,0,0.11628023906343075,1
20038,4,22,2.941675483095849,1.0,0,0.1012933683888051,1
20038,4,23,2.941675483095849,0.39999999999999997,1,0.13794824320818797,1
20039,4,0,2.941675483095849,1.0,0,0.08565942980997616,1
20039,4,1,2.941675483095849,1.0,0,0.8621950753401546,1
20039,4,2,2.941675483095849,1.0,0,0.18240489969440857,1
20039,4,3,2.941675483095849,1.0,0,0.20403700543984873,1
20039,4,4,2.941675483095849,1.0,0,0.10132121232202078,1
20039,4,5,2.941675483095849,1.0,0,0.29963487294273244,1
20039,4,6,2.941675483095849,1.0,0,0.4149562287981622,1
20039,4,7,2.941675483095849,1.0,0,0.1617772645161208,1
20039,4,8,2.941675483095849,1.0,0,0.06830349210181497,1
20039,4,9,2.941675483095849,1.0,0,0.06830349210181497,1
20039,4,10,2.941675483095849,1.0,0,0.13251127073279578,1
20039,4,11,2.941675483095849,1.0,0,0.10939147051080815,1
20039,4,12,2.941675483095849,1.0,0,0.1573856843471737,1
20039,4,13,2.941675483095849,1.0,0,0.4149562287981622,1
20039,4,14,2.941675483095849,1.0,0,1.032281855280667,1
20039,4,15,2.941675483095849,1.0,0,1.9432887687812008,1
20039,4,16,2.941675483095849,1.0,0,0.08565942980997616,1
20039,4,17,2.941675483095849,1.0,0,0.4149562287981622,1
20039,4,18,2.941675483095849,1.0,0,0.29963487294273244,1
20039,4,19,2.941675483095849,1.0,0,0.19964008914769826,1
20039,4,20,2.941675483095849,1.0,0,0.18240489969440857,1
20039,4,21,2.941675483095849,1.0,0,0.1617772645161208,1
20039,4,22,2.941675483095849,1.0,0,0.06154856112419673,1
20039,4,23,2.941675483095849,1.0,0,0.10132121232202078,1
20000,6,0,2.941675483095849,0.7714285714285715,1,0.16628377924728602,1
20000,6,1,2.941675483095849,0.7714285714285715,1,0.18742945643486103,1
20000,6,2,2.941675483095849,0.8857142857142858,0,0.3321678220705238,1
20000,6,3,2.941675483095849,0.942857142857143,0,0.3929058314770614,1
20000,6,4,2.941675483095849,0.942857142857143,0,0.29602654144979024,1
20000,6,5,2.941675483095849,0.8857142857142858,0,0.2932568179048741,1
20000,6,6,2.941675483095849,0.7714285714285715,1,0.2164606506018742,1
20000,6,7,2.941675483095849,0.8857142857142858,1,0.10996219294577697,1
20000,6,8,2.941675483095849,1.0,0,0.1104405760203627,1
20000,6,9,2.941675483095849,0.942857142857143,0,0.16316068378885046,1
20000,6,10,2.941675483095849,1.0,0,0.23628410352096205,1
20000,6,11,2.941675483095849,1.0,0,0.17810069033403603,1
20000,6,12,2.941675483095849,0.7714285714285715,1,0.22677414027957168,1
20000,6,13,2.941675483095849,0.942857142857143,0,0.3950085489700706,1
20000,6,14,2.941675483095849,0.8857142857142858,1,0.13643507551518533,1
20000,6,15,2.941675483095849,0.8285714285714287,1,0.22322180697162816,1
20000,6,16,2.941675483095849,0.8857142857142858,1,0.2330956008534679,1
20000,6,17,2.941675483095849,0.7714285714285715,1,0.2359106037330667,1
20000,6,18,2.941675483095849,1.0,0,0.08091216163190909,1
20000,6,19,2.941675483095849,0.942857142857143,0,0.15018951218540033,1
20000,6,20,2.941675483095849,0.8857142857142858,1,0.1640468393471221,1
20000,6,21,2.941675483095849,1.0,0,0.2821493425660045,1
20000,6,22,2.941675483095849,1.0,0,0.11960963040272843,1
20000,6,23,2.941675483095849,0.7142857142857143,1,0.2850685606781328,1
20001,6,0,2.941675483095849,0.942857142857143,1,0.18124066294352242,1
20001,6,1,2.941675483095849,0.5428571428571429,0,0.1790291866779703,1
20001,6,2,2.941675483095849,0.942857142857143,1,0.05160090155858721,1
20001,6,3,2.941675483095849,0.7714285714285715,1,0.155613690181898,1
20001,6,4,2.941675483095849,0.8285714285714287,0,0.17963169492775666,1
20001,6,5,2.941675483095849,0.8285714285714287,1,0.18341957425613883,1
20001,6,6,2.941675483095849,0.8857142857142858,1,0.14720560396299237,1
20001,6,7,2.941675483095849,0.8285714285714287,1,0.17831518602728488,1
20001,6,8,2.941675483095849,0.5428571428571429,0,0.1742361510862542,1
20001,6,9,2.941675483095849,0.5428571428571429,1,0.1408762105394245,1
20001,6,10,2.941675483095849,0.8285714285714287,0,0.09359512333871639,1
20001,6,11,2.941675483095849,0.8857142857142858,1,0.10687054152081697,1
20001,6,12,2.941675483095849,0.7142857142857143,1,0.1764513339620128,1
20001,6,13,2.941675483095849,0.7142857142857143,0,0.2566607487448623,1
20001,6,14,2.941675483095849,0.7142857142857143,0,0.09766818329560747,1
20001,6,15,2.941675483095849,0.7142857142857143,0,0.15376168553380876,1
20001,6,16,2.941675483095849,0.7142857142857143,1,0.2600839753830694,1
20001,6,17,2.941675483095849,0.8285714285714287,1,0.12788079936882335,1
20001,6,18,2.941675483095849,0.7714285714285715,1,0.20491701934100645,1
20001,6,19,2.941675483095849,0.7142857142857143,1,0.26594695344155683,1
20001,6,20,2.941675483095849,0.8285714285714287,0,0.1514781181149538,1
20001,6,21,2.941675483095849,0.8285714285714287,1,0.19685465041573463,1
20001,6,22,2.941675483095849,0.942857142857143,0,0.12146161994399518,1
20001,6,23,2.941675483095849,0.942857142857143,1,0.15934809054172921,1
20002,6,0,2.941675483095849,0.7714285714285715,1,0.27237212273736805,1
20002,6,1,2.941675483095849,1.0,0,0.18581558146444813,1
20002,6,2,2.941675483095849,0.6,1,0.2690749909400735,1
20002,6,3,2.941675483095849,0.8857142857142858,0,0.17665069146250517,1
20002,6,4,2.941675483095849,0.7714285714285715,1,0.4149706023237783,1
20002,6,5,2.941675483095849,0.7142857142857143,0,0.15890406112551242,1
20002,6,6,2.941675483095849,0.6571428571428573,1,0.22952889378264574,1
20002,6,7,2.941675483095849,0.942857142857143,0,0.2461826113038094,1
20002,6,8,2.941675483095849,0.7142857142857143,1,0.1754270506530814,1
20002,6,9,2.941675483095849,0.6,1,0.47970582189082706,1
20002,6,10,2.941675483095849,1.0,0,0.23457385253262172,1
20002,6,11,2.941675483095849,0.7714285714285715,0,0.27274551943212083,1
20002,6,12,2.941675483095849,0.8857142857142858,0,0.24333911680739054,1
20002,6,13,2.941675483095849,0.8285714285714287,0,0.16522609135391808,1
20002,6,14,2.941675483095849,1.0,0,0.09279655683416253,1
20002,6,15,2.941675483095849,1.0,0,0.18588065196165632,1
20002,6,16,2.941675483095849,0.7714285714285715,1,0.23469061832752208,1
20002,6,17,2.941675483095849,0.7714285714285715,1,0.22371547641101103,1
20002,6,18,2.941675483095849,0.6571428571428573,1,0.31787674242855124,1
20002,6,19,2.941675483095849,0.942857142857143,0,0.22144605728967337,1
20002,6,20,2.941675483095849,0.942857142857143,0,0.21854479501118254,1
20002,6,21,2.941675483095849,0.8285714285714287,1,0.2545267458742401,1
20002,6,22,2.941675483095849,0.942857142857143,0,0.16434537538648727,1
20002,6,23,2.941675483095849,0.7714285714285715,1,0.38526174669707985,1
20003,6,0,2.941675483095849,0.942857142857143,1,0.21075842977283807,1
20003,6,1,2.941675483095849,0.942857142857143,0,0.20682904393001997,1
20003,6,2,2.941675483095849,0.8285714285714287,1,0.41397610728564876,1
20003,6,3,2.941675483095849,0.8285714285714287,0,0.2541564581554697,1
20003,6,4,2.941675483095849,0.6,0,0.19007472710297263,1
20003,6,5,2.941675483095849,0.6,0,0.17604479018722505,1
20003,6,6,2.941675483095849,0.8857142857142858,1,0.21179457614826214,1
20003,6,7,2.941675483095849,1.0,0,0.18919395735508623,1
20003,6,8,2.941675483095849,0.8285714285714287,0,0.06679037812829595,1
20003,6,9,2.941675483095849,0.942857142857143,0,0.21642986004992654,1
20003,6,10,2.941675483095849,0.5428571428571429,1,0.18380575904579102,1
20003,6,11,2.941675483095849,1.0,0,0.14027433888865257,1
20003,6,12,2.941675483095849,1.0,0,0.23797836089979624,1
20003,6,13,2.941675483095849,0.6,1,0.1469147676823927,1
20003,6,14,2.941675483095849,1.0,0,0.04409020249888308,1
20003,6,15,2.941675483095849,0.8857142857142858,1,0.17448323759690768,1
20003,6,16,2.941675483095849,1.0,0,0.22163060769105042,1
20003,6,17,2.941675483095849,0.942857142857143,0,0.19266392064279053,1
20003,6,18,2.941675483095849,0.942857142857143,0,0.226145906318839,1
20003,6,19,2.941675483095849,0.7714285714285715,0,0.2117499430853107,1
20003,6,20,2.941675483095849,0.5428571428571429,1,0.18380575904579102,1
20003,6,21,2.941675483095849,0.8857142857142858,1,0.17448323759690768,1
20003,6,22,2.941675483095849,0.942857142857143,1,0.3109546865537076,1
20003,6,23,2.941675483095849,0.942857142857143,1,0.21311640017138844,1
20004,6,0,2.941675483095849,0.7142857142857143,0,0.12956930413036394,1
20004,6,1,2.941675483095849,0.942857142857143,0,0.2446227951918448,1
20004,6,2,2.941675483095849,0.942857142857143,1,0.2572989567417202,1
20004,6,3,2.941675483095849,0.8857142857142858,1,0.14967068435294445,1
20004,6,4,2.941675483095849,0.7714285714285715,0,0.20809286653802606,1
20004,6,5,2.941675483095849,0.8857142857142858,0,0.24294490475935068,1
20004,6,6,2.941675483095849,0.7714285714285715,0,0.23410773874021368,1
20004,6,7,2.941675483095849,1.0,0,0.03531234956804624,1
20004,6,8,2.941675483095849,0.8857142857142858,1,0.13758850333361766,1
20004,6,9,2.941675483095849,0.942857142857143,1,0.2171384729644324,1
20004,6,10,2.941675483095849,0.7142857142857143,0,0.12956930413036394,1
20004,6,11,2.941675483095849,0.5428571428571429,1,0.15686411849409998,1
20004,6,12,2.941675483095849,0.942857142857143,1,0.3209086567474322,1
20004,6,13,2.941675483095849,0.942857142857143,1,0.23665938207075493,1
20004,6,14,2.941675483095849,0.8285714285714287,0,0.19177336903625578,1
20004,6,15,2.941675483095849,0.942857142857143,0,0.17617615811672538,1
20004,6,16,2.941675483095849,0.8857142857142858,0,0.2152973591026097,1
20004,6,17,2.941675483095849,1.0,0,0.1630725498942154,1
20004,6,18,2.941675483095849,1.0,0,0.18551739306316922,1
20004,6,19,2.941675483095849,0.8857142857142858,1,0.13942730976938994,1
20004,6,20,2.941675483095849,0.942857142857143,0,0.04811829237403642,1
20004,6,21,2.941675483095849,0.8857142857142858,0,0.2249750121019254,1
20004,6,22,2.941675483095849,0.942857142857143,0,0.09259868530971765,1
20004,6,23,2.941675483095849,0.942857142857143,1,0.0815048086294146,1
20005,6,0,2.941675483095849,0.942857142857143,1,0.2308280825677466,1
20005,6,1,2.941675483095849,0.7714285714285715,0,0.5607344415927101,1
20005,6,2,2.941675483095849,0.942857142857143,1,0.14007252809779794,1
20005,6,3,2.941675483095849,0.942857142857143,1,0.20025751047212792,1
20005,6,4,2.941675483095849,0.7142857142857143,1,0.26872404913798886,1
20005,6,5,2.941675483095849,0.942857142857143,1,0.13903065766128933,1
20005,6,6,2.941675483095849,1.0,0,0.16796766605598037,1
20005,6,7,2.941675483095849,0.942857142857143,1,0.10628454504320084,1
20005,6,8,2.941675483095849,0.7142857142857143,1,0.34410289392961496,1
20005,6,9,2.941675483095849,0.8285714285714287,1,0.18432416793100487,1
20005,6,10,2.941675483095849,0.8285714285714287,1,0.24357829982892884,1
20005,6,11,2.941675483095849,0.942857142857143,0,0.2191614341177536,1
20005,6,12,2.941675483095849,1.0,0,0.1547377173549135,1
20005,6,13,2.941675483095849,0.6,0,0.38231814572289086,1
20005,6,14,2.941675483095849,0.8285714285714287,0,0.26699148915551196,1
20005,6,15,2.941675483095849,0.8857142857142858,1,0.15362740395525373,1
20005,6,16,2.941675483095849,0.942857142857143,0,0.15489991416204574,1
20005,6,17,2.941675483095849,0.7142857142857143,0,0.24648971298985317,1
20005,6,18,2.941675483095849,1.0,0,0.152001583133589,1
20005,6,19,2.941675483095849,0.942857142857143,0,0.07237460429164652,1
20005,6,20,2.941675483095849,0.8857142857142858,0,0.2858831698467174,1
20005,6,21,2.941675483095849,1.0,0,0.11667271565096628,1
20005,6,22,2.941675483095849,0.6571428571428573,0,0.2652569923910721,1
20005,6,23,2.941675483095849,0.7714285714285715,1,0.27845484831022516,1
20006,6,0,2.941675483095849,0.942857142857143,1,0.3977698970239185,1
20006,6,1,2.941675483095849,0.7714285714285715,0,0.17197702932202805,1
20006,6,2,2.941675483095849,0.8285714285714287,1,0.3046401373590758,1
20006,6,3,2.941675483095849,0.942857142857143,0,0.24254558827396558,1
20006,6,4,2.941675483095849,0.8285714285714287,1,0.3217957620523543,1
20006,6,5,2.941675483095849,0.942857142857143,0,0.12168988069374857,1
20006,6,6,2.941675483095849,0.942857142857143,1,0.1319080447016543,1
20006,6,7,2.941675483095849,0.942857142857143,0,0.07970622311720131,1
20006,6,8,2.941675483095849,0.942857142857143,0,0.1962811339955402,1
20006,6,9,2.941675483095849,1.0,0,0.15213549639654955,1
20006,6,10,2.941675483095849,0.8857142857142858,1,0.23684047409171619,1
20006,6,11,2.941675483095849,0.8285714285714287,1,0.1670246035809925,1
20006,6,12,2.941675483095849,1.0,0,0.16734291498262877,1
20006,6,13,2.941675483095849,0.7142857142857143,1,0.20076837983875814,1
20006,6,14,2.941675483095849,1.0,0,0.18696818781029484,1
20006,6,15,2.941675483095849,1.0,0,0.05903512738711327,1
20006,6,16,2.941675483095849,0.942857142857143,0,0.21205698074526622,1
20006,6,17,2.941675483095849,1.0,0,0.08120274360124627,1
20006,6,18,2.941675483095849,0.942857142857143,0,0.11130499098488475,1
20006,6,19,2.941675483095849,0.942857142857143,0,0.1617898075184498,1
20006,6,20,2.941675483095849,0.942857142857143,0,0.13310553290327,1
20006,6,21,2.941675483095849,0.942857142857143,0,0.17390119663266626,1
20006,6,22,2.941675483095849,0.942857142857143,0,0.17142901384422124,1
20006,6,23,2.941675483095849,1.0,0,0.07923742481463598,1
20007,6,0,2.941675483095849,0.8857142857142858,0,0.12895230886045625,1
20007,6,1,2.941675483095849,0.8285714285714287,1,0.17108487659773136,1
20007,6,2,2.941675483095849,0.7714285714285715,1,0.22994715538636937,1
20007,6,3,2.941675483095849,1.0,0,0.15540297302758233,1
20007,6,4,2.941675483095849,0.8285714285714287,0,0.16120875869037893,1
20007,6,5,2.941675483095849,0.8285714285714287,0,0.20345863100967113,1
20007,6,6,2.941675483095849,0.8285714285714287,1,0.2608315235548056,1
20007,6,7,2.941675483095849,0.8285714285714287,0,0.15471528956372188,1
20007,6,8,2.941675483095849,0.3714285714285715,0,0.21163865564031262,1
20007,6,9,2.941675483095849,0.8857142857142858,0,0.10302156159150787,1
20007,6,10,2.941675483095849,0.942857142857143,0,0.07994135733133181,1
20007,6,11,2.941675483095849,0.942857142857143,0,0.1745895047596658,1
20007,6,12,2.941675483095849,0.8285714285714287,0,0.3262148411195096,1
20007,6,13,2.941675483095849,0.8285714285714287,0,0.16120875869037893,1
20007,6,14,2.941675483095849,0.6,0,0.16556723717379573,1
20007,6,15,2.941675483095849,0.6571428571428573,0,0.3053794918165112,1
20007,6,16,2.941675483095849,0.942857142857143,0,0.2126750975481373,1
20007,6,17,2.941675483095849,0.942857142857143,0,0.1378626695682185,1
20007,6,18,2.941675483095849,1.0,0,0.14128800618462156,1
20007,6,19,2.941675483095849,0.942857142857143,0,0.16655746821537254,1
20007,6,20,2.941675483095849,0.942857142857143,0,0.1392307045395409,1
20007,6,21,2.941675483095849,0.5428571428571429,0,0.3369885213328531,1
20007,6,22,2.941675483095849,0.7714285714285715,0,0.2811624166867427,1
20007,6,23,2.941675483095849,1.0,0,0.14128800618462156,1
20008,6,0,2.941675483095849,0.942857142857143,0,0.1878018179864811,1
20008,6,1,2.941675483095849,0.6571428571428573,0,0.3512109701113101,1
20008,6,2,2.941675483095849,0.942857142857143,0,0.1878018179864811,1
20008,6,3,2.941675483095849,0.8857142857142858,1,0.21196475111934998,1
20008,6,4,2.941675483095849,0.8857142857142858,0,0.19768510143486578,1
20008,6,5,2.941675483095849,0.942857142857143,0,0.10239489073389584,1
20008,6,6,2.941675483095849,0.7714285714285715,0,0.2193787629499268,1
20008,6,7,2.941675483095849,0.7714285714285715,1,0.24243064481726867,1
20008,6,8,2.941675483095849,1.0,0,0.14787383789839592,1
20008,6,9,2.941675483095849,0.8857142857142858,0,0.23255844544684112,1
20008,6,10,2.941675483095849,0.6571428571428573,0,0.3261477419783989,1
20008,6,11,2.941675483095849,0.7714285714285715,0,0.21351898108852935,1
20008,6,12,2.941675483095849,0.8285714285714287,1,0.29224683746198654,1
20008,6,13,2.941675483095849,0.8285714285714287,0,0.4644123672649398,1
20008,6,14,2.941675483095849,0.942857142857143,0,0.16311661024411067,1
20008,6,15,2.941675483095849,0.8285714285714287,0,0.19374241989978608,1
20008,6,16,2.941675483095849,0.942857142857143,0,0.15022039833370338,1
20008,6,17,2.941675483095849,0.8285714285714287,0,0.18203205908951103,1
20008,6,18,2.941675483095849,0.7714285714285715,0,0.31368121793234427,1
20008,6,19,2.941675483095849,1.0,0,0.23713951473639683,1
20008,6,20,2.941675483095849,0.942857142857143,0,0.17175345947658904,1
20008,6,21,2.941675483095849,0.942857142857143,0,0.0933049444794343,1
20008,6,22,2.941675483095849,0.8857142857142858,1,0.21196475111934998,1
20008,6,23,2.941675483095849,0.6571428571428573,0,0.21774134382129512,1
20009,6,0,2.941675483095849,0.942857142857143,0,0.19489268671780696,1
20009,6,1,2.941675483095849,0.942857142857143,1,0.24696500192401602,1
20009,6,2,2.941675483095849,1.0,0,0.22404003722142565,1
20009,6,3,2.941675483095849,0.8857142857142858,1,0.14871123330502542,1
20009,6,4,2.941675483095849,0.942857142857143,1,0.3174752172325688,1
20009,6,5,2.941675483095849,0.8857142857142858,0,0.17006887252873457,1
20009,6,6,2.941675483095849,0.8857142857142858,1,0.24545028223036744,1
20009,6,7,2.941675483095849,0.8857142857142858,1,0.27644408042294466,1
20009,6,8,2.941675483095849,0.8857142857142858,0,0.16063455903958276,1
20009,6,9,2.941675483095849,0.942857142857143,1,0.2294230376826026,1
20009,6,10,2.941675483095849,0.942857142857143,0,0.22087147867580753,1
20009,6,11,2.941675483095849,0.942857142857143,1,0.22297054615569425,1
20009,6,12,2.941675483095849,0.8857142857142858,1,0.2360768995390679,1
20009,6,13,2.941675483095849,1.0,0,0.14128638726934759,1
20009,6,14,2.941675483095849,0.8285714285714287,1,0.30184264296936675,1
20009,6,15,2.941675483095849,0.942857142857143,0,0.2358741218753815,1
20009,6,16,2.941675483095849,0.7714285714285715,1,0.26163807218061763,1
20009,6,17,2.941675483095849,1.0,0,0.18560745648663426,1
20009,6,18,2.941675483095849,0.8285714285714287,1,0.6112428429645254,1
20009,6,19,2.941675483095849,0.942857142857143,0,0.2387358984120359,1
20009,6,20,2.941675483095849,0.942857142857143,0,0.17003088277720568,1
20009,6,21,2.941675483095849,0.942857142857143,0,0.18295591976114098,1
20009,6,22,2.941675483095849,0.8857142857142858,0,0.25467980584868277,1
20009,6,23,2.941675483095849,1.0,0,0.11922152910733508,1
20010,6,0,2.941675483095849,0.7714285714285715,1,0.14892967056834797,1
20010,6,1,2.941675483095849,0.942857142857143,0,0.08878870400149515,1
20010,6,2,2.941675483095849,0.942857142857143,1,0.18199631917243342,1
20010,6,3,2.941675483095849,0.8285714285714287,0,0.17729436519732164,1
20010,6,4,2.941675483095849,0.8285714285714287,1,0.17126194816491416,1
20010,6,5,2.941675483095849,0.8285714285714287,0,0.14881045575133953,1
20010,6,6,2.941675483095849,0.6,1,0.20660229347564193,1
20010,6,7,2.941675483095849,0.942857142857143,1,0.12224673502242066,1
20010,6,8,2.941675483095849,0.8285714285714287,0,0.08131590877784486,1
20010,6,9,2.941675483095849,0.6571428571428573,1,0.2261667786397243,1
20010,6,10,2.941675483095849,0.7714285714285715,0,0.09915254386586313,1
20010,6,11,2.941675483095849,0.942857142857143,0,0.06087761695633426,1
20010,6,12,2.941675483095849,1.0,0,0.12319508231881592,1
20010,6,13,2.941675483095849,0.942857142857143,0,0.0415948744356232,1
20010,6,14,2.941675483095849,0.8285714285714287,0,0.09631243564262058,1
20010,6,15,2.941675483095849,0.7714285714285715,0,0.23754358087082622,1
20010,6,16,2.941675483095849,0.8285714285714287,0,0.1265572600353408,1
20010,6,17,2.941675483095849,0.8285714285714287,0,0.08857233283627343,1
20010,6,18,2.941675483095849,0.942857142857143,0,0.1517522705574461,1
20010,6,19,2.941675483095849,0.8285714285714287,1,0.22432998903908602,1
20010,6,20,2.941675483095849,0.8285714285714287,0,0.06699679385233742,1
20010,6,21,2.941675483095849,0.8285714285714287,0,0.10576870189761614,1
20010,6,22,2.941675483095849,0.8285714285714287,1,0.20209327398351395,1
20010,6,23,2.941675483095849,0.7714285714285715,0,0.1560827010640413,1
20011,6,0,2.941675483095849,0.7714285714285715,1,0.26883249179723656,1
20011,6,1,2.941675483095849,1.0,0,0.1476741924682164,1
20011,6,2,2.941675483095849,0.8857142857142858,0,0.142188182997546,1
20011,6,3,2.941675483095849,0.942857142857143,0,0.17431390816206105,1
20011,6,4,2.941675483095849,0.8285714285714287,0,0.16884439303342397,1
20011,6,5,2.941675483095849,1.0,0,0.145689273736596,1
20011,6,6,2.941675483095849,0.8857142857142858,1,0.22884695117911272,1
20011,6,7,2.941675483095849,0.942857142857143,0,0.08100029799457201,1
20011,6,8,2.941675483095849,1.0,0,0.1076456217850716,1
20011,6,9,2.941675483095849,0.942857142857143,1,0.17287619405533008,1
20011,6,10,2.941675483095849,0.8857142857142858,1,0.19483882362824184,1
20011,6,11,2.941675483095849,0.8857142857142858,0,0.14002663221346856,1
20011,6,12,2.941675483095849,0.8857142857142858,0,0.22363752178950227,1
20011,6,13,2.941675483095849,0.942857142857143,0,0.09113776899793206,1
20011,6,14,2.941675483095849,0.6571428571428573,1,0.25109119430440374,1
20011,6,15,2.941675483095849,0.8857142857142858,1,0.20028792013936955,1
20011,6,16,2.941675483095849,1.0,0,0.06780948418316607,1
20011,6,17,2.941675483095849,0.942857142857143,0,0.064843832243581,1
20011,6,18,2.941675483095849,0.8285714285714287,0,0.2398468357405373,1
20011,6,19,2.941675483095849,0.942857142857143,1,0.21021157750182567,1
20011,6,20,2.941675483095849,0.8285714285714287,0,0.15607834901912448,1
20011,6,21,2.941675483095849,0.942857142857143,0,0.24871187618380702,1
20011,6,22,2.941675483095849,0.942857142857143,0,0.1488601487185634,1
20011,6,23,2.941675483095849,0.8285714285714287,0,0.08598442543667247,1
20012,6,0,2.941675483095849,1.0,0,0.046990474994319686,1
20012,6,1,2.941675483095849,0.8857142857142858,0,0.2375597783028125,1
20012,6,2,2.941675483095849,0.6571428571428573,1,0.2147365078989225,1
20012,6,3,2.941675483095849,0.6,0,0.17314265254087036,1
20012,6,4,2.941675483095849,0.8857142857142858,0,0.2624820623289075,1
20012,6,5,2.941675483095849,0.8857142857142858,0,0.27532866772490217,1
20012,6,6,2.941675483095849,0.7142857142857143,1,0.1855448644456608,1
20012,6,7,2.941675483095849,0.8857142857142858,0,0.21074503231725492,1
20012,6,8,2.941675483095849,0.8857142857142858,0,0.23076515599871542,1
20012,6,9,2.941675483095849,0.7714285714285715,1,0.20768162419279365,1
20012,6,10,2.941675483095849,0.5428571428571429,1,0.21485629675944018,1
20012,6,11,2.941675483095849,0.7142857142857143,1,0.1855448644456608,1
20012,6,12,2.941675483095849,0.942857142857143,1,0.07093104781257116,1
20012,6,13,2.941675483095849,0.942857142857143,0,0.11741024810371944,1
20012,6,14,2.941675483095849,0.942857142857143,0,0.17383809979892934,1
20012,6,15,2.941675483095849,0.8285714285714287,0,0.09472860545581577,1
20012,6,16,2.941675483095849,0.8857142857142858,1,0.07868759730786115,1
20012,6,17,2.941675483095849,0.7142857142857143,1,0.18330155757464314,1
20012,6,18,2.941675483095849,0.942857142857143,1,0.16050031402352583,1
20012,6,19,2.941675483095849,0.8857142857142858,1,0.08127415461508772,1
20012,6,20,2.941675483095849,0.8285714285714287,0,0.10687762176131721,1
20012,6,21,2.941675483095849,0.8857142857142858,0,0.21071849481423677,1
20012,6,22,2.941675483095849,0.8857142857142858,1,0.13369570573402523,1
20012,6,23,2.941675483095849,0.8857142857142858,1,0.16152801334412784,1
20013,6,0,2.941675483095849,1.0,0,0.31581095260505215,1
20013,6,1,2.941675483095849,0.8857142857142858,1,0.2829010426154418,1
20013,6,2,2.941675483095849,0.942857142857143,0,0.15044611230090624,1
20013,6,3,2.941675483095849,0.8857142857142858,1,0.18554713871573514,1
20013,6,4,2.941675483095849,0.8857142857142858,1,0.11658319726958816,1
20013,6,5,2.941675483095849,0.8285714285714287,0,0.20323898131609897,1
20013,6,6,2.941675483095849,0.942857142857143,1,0.2509281612792118,1
20013,6,7,2.941675483095849,0.942857142857143,0,0.1313285351517937,1
20013,6,8,2.941675483095849,1.0,0,0.0784064750442296,1
20013,6,9,2.941675483095849,0.7714285714285715,1,0.14977439969278347,1
20013,6,10,2.941675483095849,0.8857142857142858,1,0.2921097161327697,1
20013,6,11,2.941675483095849,0.7714285714285715,1,0.1966976162701428,1
20013,6,12,2.941675483095849,0.8857142857142858,1,0.18470504660034892,1
20013,6,13,2.941675483095849,0.8857142857142858,1,0.24731782173561925,1
20013,6,14,2.941675483095849,1.0,0,0.15158809939295517,1
20013,6,15,2.941675483095849,0.8857142857142858,1,0.14461280261041193,1
20013,6,16,2.941675483095849,1.0,0,0.16251229972885065,1
20013,6,17,2.941675483095849,1.0,0,0.25294627233738565,1
20013,6,18,2.941675483095849,0.7714285714285715,1,0.17495736088266678,1
20013,6,19,2.941675483095849,0.8857142857142858,1,0.20713377815320944,1
20013,6,20,2.941675483095849,0.942857142857143,0,0.22232810418987553,1
20013,6,21,2.941675483095849,1.0,0,0.13827406120939756,1
20013,6,22,2.941675483095849,1.0,0,0.1660006406203363,1
20013,6,23,2.941675483095849,0.7714285714285715,1,0.15468960981448104,1
20014,6,0,2.941675483095849,0.8285714285714287,0,0.2263807255828291,1
20014,6,1,2.941675483095849,0.942857142857143,0,1.1102279653820033,1
20014,6,2,2.941675483095849,1.0,0,0.40165348411384616,1
20014,6,3,2.941675483095849,0.8285714285714287,1,0.3345080739591181,1
20014,6,4,2.941675483095849,0.942857142857143,0,0.3525631655007384,1
20014,6,5,2.941675483095849,0.942857142857143,0,0.3475603102281654,1
20014,6,6,2.941675483095849,0.942857142857143,0,0.18284998412527323,1
20014,6,7,2.941675483095849,0.8285714285714287,1,0.26416690646761476,1
20014,6,8,2.941675483095849,0.7714285714285715,1,0.4068794498320447,1
20014,6,9,2.941675483095849,0.8285714285714287,1,8.735944801444292,1
20014,6,10,2.941675483095849,0.7714285714285715,1,0.4773787577239317,1
20014,6,11,2.941675483095849,0.7714285714285715,1,0.43612629463729324,1
20014,6,12,2.941675483095849,0.7714285714285715,1,0.39639759712642275,1
20014,6,13,2.941675483095849,0.8285714285714287,0,0.6015189825724644,1
20014,6,14,2.941675483095849,0.8857142857142858,1,0.4359751610323811,1
20014,6,15,2.941675483095849,0.8285714285714287,1,2.5116337859237747,1
20014,6,16,2.941675483095849,0.7714285714285715,1,0.6337201102553961,1
20014,6,17,2.941675483095849,0.8857142857142858,0,0.33219370352450134,1
20014,6,18,2.941675483095849,1.0,0,0.2878471169034269,1
20014,6,19,2.941675483095849,0.8285714285714287,1,0.33695415691345554,1
20014,6,20,2.941675483095849,0.942857142857143,0,0.37796623495702664,1
20014,6,21,2.941675483095849,0.8285714285714287,1,6.257752812827407,1
20014,6,22,2.941675483095849,0.942857142857143,0,0.31849360986993586,1
20014,6,23,2.941675483095849,0.942857142857143,0,0.3953440635864408,1
20015,6,0,2.941675483095849,0.6571428571428573,1,0.1628391646209084,1
20015,6,1,2.941675483095849,0.942857142857143,1,0.1876194586045819,1
20015,6,2,2.941675483095849,0.942857142857143,1,0.13369410967057166,1
20015,6,3,2.941675483095849,0.8857142857142858,0,0.10166716829005706,1
20015,6,4,2.941675483095849,1.0,0,0.1370985711527456,1
20015,6,5,2.941675483095849,0.5428571428571429,1,0.161370472948413,1
20015,6,6,2.941675483095849,0.6571428571428573,0,0.12316996592824453,1
20015,6,7,2.941675483095849,0.8857142857142858,1,0.15116654948374353,1
20015,6,8,2.941675483095849,0.7714285714285715,1,0.22666966444953762,1
20015,6,9,2.941675483095849,0.8857142857142858,1,0.08659968024444865,1
20015,6,10,2.941675483095849,0.8857142857142858,1,0.07825545911817913,1
20015,6,11,2.941675483095849,0.6571428571428573,0,0.12385252054590058,1
20015,6,12,2.941675483095849,0.8285714285714287,1,0.16521699334969275,1
20015,6,13,2.941675483095849,0.8857142857142858,1,0.12387559143608498,1
20015,6,14,2.941675483095849,0.942857142857143,0,0.14375168798593785,1
20015,6,15,2.941675483095849,0.6571428571428573,1,0.1857448446401748,1
20015,6,16,2.941675483095849,0.942857142857143,0,0.14639363373818107,1
20015,6,17,2.941675483095849,0.942857142857143,1,0.11658423703116873,1
20015,6,18,2.941675483095849,0.8857142857142858,1,0.1705137714524998,1
20015,6,19,2.941675483095849,0.942857142857143,0,0.1618178776308366,1
20015,6,20,2.941675483095849,0.8857142857142858,0,0.17982560323896235,1
20015,6,21,2.941675483095849,0.7714285714285715,0,0.2223097699099122,1
20015,6,22,2.941675483095849,0.942857142857143,0,0.07061388827386957,1
20015,6,23,2.941675483095849,0.942857142857143,0,0.09007696879464797,1
20016,6,0,2.941675483095849,0.8857142857142858,1,0.14629784004264168,1
20016,6,1,2.941675483095849,0.8857142857142858,0,0.33846907606378246,1
20016,6,2,2.941675483095849,0.942857142857143,0,0.22019041210011994,1
20016,6,3,2.941675483095849,0.942857142857143,0,0.1365659603475527,1
20016,6,4,2.941675483095849,0.942857142857143,0,0.25247779213069343,1
20016,6,5,2.941675483095849,0.942857142857143,0,0.17968344356537302,1
20016,6,6,2.941675483095849,0.8857142857142858,0,0.19875774451905048,1
20016,6,7,2.941675483095849,0.7142857142857143,1,0.15496874584894926,1
20016,6,8,2.941675483095849,0.942857142857143,0,0.230529400620804,1
20016,6,9,2.941675483095849,1.0,0,0.09139929798307733,1
20016,6,10,2.941675483095849,0.942857142857143,0,0.35484937332463695,1
20016,6,11,2.941675483095849,0.942857142857143,0,0.06904392769531226,1
20016,6,12,2.941675483095849,0.8285714285714287,0,0.12540564590931327,1
20016,6,13,2.941675483095849,1.0,0,0.13415702737778704,1
20016,6,14,2.941675483095849,0.942857142857143,0,0.3108995723088829,1
20016,6,15,2.941675483095849,0.942857142857143,0,0.2564785114138467,1
20016,6,16,2.941675483095849,0.7714285714285715,1,0.2372523403076386,1
20016,6,17,2.941675483095849,0.942857142857143,0,0.20940813476619954,1
20016,6,18,2.941675483095849,0.8857142857142858,0,0.2748658458673515,1
20016,6,19,2.941675483095849,0.7714285714285715,1,0.18688495056418544,1
20016,6,20,2.941675483095849,0.8285714285714287,0,0.1713604565166763,1
20016,6,21,2.941675483095849,0.8857142857142858,1,0.24526696979922166,1
20016,6,22,2.941675483095849,0.8857142857142858,1,0.09452035914792618,1
20016,6,23,2.941675483095849,0.8857142857142858,0,0.21154815567595942,1
20017,6,0,2.941675483095849,0.8857142857142858,0,0.09120107317484978,1
20017,6,1,2.941675483095849,1.0,0,0.1289855699073144,1
20017,6,2,2.941675483095849,0.5428571428571429,1,0.42146906689183466,1
20017,6,3,2.941675483095849,0.942857142857143,0,0.24161809882789875,1
20017,6,4,2.941675483095849,0.942857142857143,0,0.0735256122932094,1
20017,6,5,2.941675483095849,0.7714285714285715,1,0.2952582248364144,1
20017,6,6,2.941675483095849,1.0,0,0.13364200384030578,1
20017,6,7,2.941675483095849,0.7714285714285715,0,0.29180418252982476,1
20017,6,8,2.941675483095849,0.6571428571428573,1,0.38174487212787594,1
20017,6,9,2.941675483095849,0.8285714285714287,0,0.1899139385377587,1
20017,6,10,2.941675483095849,0.942857142857143,0,0.13335896829982996,1
20017,6,11,2.941675483095849,0.8857142857142858,0,0.13115154370751314,1
20017,6,12,2.941675483095849,0.7142857142857143,1,0.3907537638293979,1
20017,6,13,2.941675483095849,0.7142857142857143,0,0.1980576457952837,1
20017,6,14,2.941675483095849,0.6,1,0.2752309225581465,1
20017,6,15,2.941675483095849,0.8285714285714287,1,0.27717765745167366,1
20017,6,16,2.941675483095849,0.942857142857143,0,0.15917095918552632,1
20017,6,17,2.941675483095849,0.942857142857143,0,0.21625558605681813,1
20017,6,18,2.941675483095849,0.8857142857142858,1,0.15667637396305154,1
20017,6,19,2.941675483095849,0.8285714285714287,1,0.3394990475550519,1
20017,6,20,2.941675483095849,0.942857142857143,0,0.21015836910105393,1
20017,6,21,2.941675483095849,0.8857142857142858,1,0.2703396748543807,1
20017,6,22,2.941675483095849,0.942857142857143,0,0.08810727289207035,1
20017,6,23,2.941675483095849,0.7142857142857143,0,0.2020790446701649,1
20018,6,0,2.941675483095849,0.942857142857143,0,0.2609376420452409,1
20018,6,1,2.941675483095849,1.0,0,0.2436075046905521,1
20018,6,2,2.941675483095849,0.8285714285714287,0,0.4543753080402435,1
20018,6,3,2.941675483095849,0.6,0,0.19584718001029847,1
20018,6,4,2.941675483095849,0.6,0,0.14646706232372844,1
20018,6,5,2.941675483095849,0.8857142857142858,1,0.3989706705115097,1
20018,6,6,2.941675483095849,0.6571428571428573,0,0.26302954040958393,1
20018,6,7,2.941675483095849,0.4285714285714286,1,0.24259820971434423,1
20018,6,8,2.941675483095849,0.8857142857142858,1,0.25799964785122387,1
20018,6,9,2.941675483095849,1.0,0,0.07785008512320121,1
20018,6,10,2.941675483095849,0.942857142857143,0,0.44457650541239424,1
20018,6,11,2.941675483095849,0.7714285714285715,1,0.22533269766651937,1
20018,6,12,2.941675483095849,0.8285714285714287,0,0.1995139233776201,1
20018,6,13,2.941675483095849,1.0,0,0.26492429923972954,1
20018,6,14,2.941675483095849,0.8285714285714287,0,0.46356225914152743,1
20018,6,15,2.941675483095849,0.6571428571428573,0,0.22903791296221154,1
20018,6,16,2.941675483095849,0.6571428571428573,0,0.17083964982847616,1
20018,6,17,2.941675483095849,0.48571428571428577,0,0.25644359835924896,1
20018,6,18,2.941675483095849,0.6,0,0.2122274184982242,1
20018,6,19,2.941675483095849,0.942857142857143,1,0.33132594199165066,1
20018,6,20,2.941675483095849,0.7142857142857143,0,0.22965278877063783,1
20018,6,21,2.941675483095849,0.7714285714285715,0,0.18481901041824567,1
20018,6,22,2.941675483095849,0.942857142857143,0,0.17627739448922972,1
20018,6,23,2.941675483095849,0.942857142857143,0,0.1794237923584346,1
20019,6,0,2.941675483095849,0.942857142857143,0,0.12647441321798275,1
20019,6,1,2.941675483095849,0.6571428571428573,0,0.1297556354518826,1
20019,6,2,2.941675483095849,0.5428571428571429,1,0.22445328294048764,1
20019,6,3,2.941675483095849,0.942857142857143,0,0.413671344528049,1
20019,6,4,2.941675483095849,0.942857142857143,0,0.22308505286282054,1
20019,6,5,2.941675483095849,0.942857142857143,0,0.3816743555737135,1
20019,6,6,2.941675483095849,0.8285714285714287,0,0.444122724569523,1
20019,6,7,2.941675483095849,0.8857142857142858,1,0.2035878013720685,1
20019,6,8,2.941675483095849,0.942857142857143,0,0.32054086223682776,1
20019,6,9,2.941675483095849,0.942857142857143,0,0.11074011610122793,1
20019,6,10,2.941675483095849,0.7714285714285715,1,0.1433089878255043,1
20019,6,11,2.941675483095849,0.942857142857143,0,0.25053171018043785,1
20019,6,12,2.941675483095849,0.8857142857142858,0,0.07015741740700313,1
20019,6,13,2.941675483095849,0.7714285714285715,1,0.2272265719371047,1
20019,6,14,2.941675483095849,0.8285714285714287,0,0.18869740870355625,1
20019,6,15,2.941675483095849,0.942857142857143,1,0.11016120861719812,1
20019,6,16,2.941675483095849,0.8285714285714287,0,0.25763287329483353,1
20019,6,17,2.941675483095849,0.5428571428571429,1,0.22445328294048764,1
20019,6,18,2.941675483095849,0.5428571428571429,1,0.145329746416598,1
20019,6,19,2.941675483095849,0.48571428571428577,0,0.22571806965257124,1
20019,6,20,2.941675483095849,0.942857142857143,0,0.1313332540368978,1
20019,6,21,2.941675483095849,0.942857142857143,1,0.24388520194286406,1
20019,6,22,2.941675483095849,0.942857142857143,1,0.13252534278196237,1
20019,6,23,2.941675483095849,1.0,0,0.07310220286382021,1
20020,6,0,2.941675483095849,0.8285714285714287,0,0.1235060019090965,1
20020,6,1,2.941675483095849,0.8857142857142858,1,0.29529395398079883,1
20020,6,2,2.941675483095849,0.8285714285714287,0,0.1919523007265847,1
20020,6,3,2.941675483095849,0.942857142857143,1,0.3052866240096449,1
20020,6,4,2.941675483095849,0.8857142857142858,1,0.20777019130344512,1
20020,6,5,2.941675483095849,0.942857142857143,1,0.19996876616742645,1
20020,6,6,2.941675483095849,0.8285714285714287,0,0.1919523007265847,1
20020,6,7,2.941675483095849,1.0,0,0.09897611342747067,1
20020,6,8,2.941675483095849,0.7714285714285715,0,0.13877793941771654,1
20020,6,9,2.941675483095849,0.8857142857142858,0,0.15466907674285402,1
20020,6,10,2.941675483095849,0.8285714285714287,0,0.12255999232451183,1
20020,6,11,2.941675483095849,0.942857142857143,1,0.1739606441688093,1
20020,6,12,2.941675483095849,1.0,0,0.13465081060852108,1
20020,6,13,2.941675483095849,0.942857142857143,0,0.20936239542031687,1
20020,6,14,2.941675483095849,0.8857142857142858,0,0.1943688066799079,1
20020,6,15,2.941675483095849,0.8285714285714287,0,0.1582773379701351,1
20020,6,16,2.941675483095849,0.942857142857143,1,0.21530408834490491,1
20020,6,17,2.941675483095849,0.7142857142857143,1,0.20774289681370348,1
20020,6,18,2.941675483095849,1.0,0,0.11261505965411026,1
20020,6,19,2.941675483095849,1.0,0,0.08554659214852765,1
20020,6,20,2.941675483095849,1.0,0,0.09136579066454095,1
20020,6,21,2.941675483095849,0.8857142857142858,0,0.17361835026543,1
20020,6,22,2.941675483095849,0.942857142857143,0,0.18040467706143537,1
20020,6,23,2.941675483095849,0.942857142857143,0,0.13401917523968992,1
20021,6,0,2.941675483095849,0.942857142857143,1,0.2637886367882182,1
20021,6,1,2.941675483095849,0.7714285714285715,0,0.19729373830828378,1
20021,6,2,2.941675483095849,0.8285714285714287,1,0.11727676574459717,1
20021,6,3,2.941675483095849,0.7714285714285715,0,0.29358151305613067,1
20021,6,4,2.941675483095849,0.8857142857142858,0,0.21002732369775196,1
20021,6,5,2.941675483095849,0.8285714285714287,0,0.1851064306221039,1
20021,6,6,2.941675483095849,0.942857142857143,0,0.11181992740756183,1
20021,6,7,2.941675483095849,0.8857142857142858,0,0.21599583144733042,1
20021,6,8,2.941675483095849,0.6,0,0.20426532578335427,1
20021,6,9,2.941675483095849,0.942857142857143,0,0.17170817049468692,1
20021,6,10,2.941675483095849,0.942857142857143,0,0.25819765020951546,1
20021,6,11,2.941675483095849,0.6571428571428573,0,0.2209264838932959,1
20021,6,12,2.941675483095849,0.8857142857142858,1,0.22348810149314285,1
20021,6,13,2.941675483095849,0.8285714285714287,0,0.2107953172248218,1
20021,6,14,2.941675483095849,0.942857142857143,1,0.24653570401783836,1
20021,6,15,2.941675483095849,0.8857142857142858,0,0.1984560020534492,1
20021,6,16,2.941675483095849,0.6571428571428573,0,0.17377234042800882,1
20021,6,17,2.941675483095849,0.7714285714285715,1,0.1226466088658637,1
20021,6,18,2.941675483095849,0.942857142857143,0,0.09260839140985805,1
20021,6,19,2.941675483095849,0.8857142857142858,1,0.16914179564063433,1
20021,6,20,2.941675483095849,0.8285714285714287,0,0.15272304046706392,1
20021,6,21,2.941675483095849,0.942857142857143,0,0.1931017898151365,1
20021,6,22,2.941675483095849,0.8285714285714287,0,0.1738568296492514,1
20021,6,23,2.941675483095849,0.942857142857143,0,0.17265305718551655,1
20022,6,0,2.941675483095849,0.942857142857143,0,0.1170288098291651,1
20022,6,1,2.941675483095849,1.0,0,0.21150865039484149,1
20022,6,2,2.941675483095849,1.0,0,0.1352205586869708,1
20022,6,3,2.941675483095849,0.8285714285714287,1,0.28510582837670095,1
20022,6,4,2.941675483095849,0.942857142857143,0,0.30745951279570083,1
20022,6,5,2.941675483095849,0.942857142857143,0,0.15137577677785358,1
20022,6,6,2.941675483095849,0.8285714285714287,1,0.2672831136291839,1
20022,6,7,2.941675483095849,0.8285714285714287,1,0.18521742646943123,1
20022,6,8,2.941675483095849,0.942857142857143,0,0.14680743830330653,1
20022,6,9,2.941675483095849,0.8285714285714287,1,0.29273131237634153,1
20022,6,10,2.941675483095849,0.8285714285714287,1,0.24200882870713472,1
20022,6,11,2.941675483095849,0.7142857142857143,1,0.21298140903830604,1
20022,6,12,2.941675483095849,0.7714285714285715,1,0.21319950877418775,1
20022,6,13,2.941675483095849,0.8857142857142858,0,0.14529303105280744,1
20022,6,14,2.941675483095849,0.942857142857143,0,0.2534968006203785,1
20022,6,15,2.941675483095849,0.7142857142857143,1,0.3530427036832354,1
20022,6,16,2.941675483095849,0.942857142857143,0,0.11600649421657218,1
20022,6,17,2.941675483095849,0.7142857142857143,1,0.21433714378718205,1
20022,6,18,2.941675483095849,0.942857142857143,0,0.27328494906807055,1
20022,6,19,2.941675483095849,1.0,0,0.1139573628038086,1
20022,6,20,2.941675483095849,1.0,0,0.08561609155674392,1
20022,6,21,2.941675483095849,1.0,0,0.0890061462598271,1
20022,6,22,2.941675483095849,0.942857142857143,0,0.2849085803945672,1
20022,6,23,2.941675483095849,1.0,0,0.10648301755560335,1
20023,6,0,2.941675483095849,0.942857142857143,0,0.1721547946308482,1
20023,6,1,2.941675483095849,0.8285714285714287,0,0.25324302580792546,1
20023,6,2,2.941675483095849,0.942857142857143,0,0.22739296012587001,1
20023,6,3,2.941675483095849,0.7714285714285715,1,0.3203010389144552,1
20023,6,4,2.941675483095849,0.6571428571428573,0,0.7378837746228817,1
20023,6,5,2.941675483095849,0.6571428571428573,0,0.8557092485290767,1
20023,6,6,2.941675483095849,0.6,1,0.34090545240453796,1
20023,6,7,2.941675483095849,0.2571428571428572,0,0.3305408491232661,1
20023,6,8,2.941675483095849,0.2571428571428572,0,0.3305408491232661,1
20023,6,9,2.941675483095849,1.0,0,0.13593678900467043,1
20023,6,10,2.941675483095849,1.0,0,0.18220398746350527,1
20023,6,11,2.941675483095849,1.0,0,0.05970003496500111,1
20023,6,12,2.941675483095849,0.7714285714285715,0,0.2733171682991005,1
20023,6,13,2.941675483095849,0.7142857142857143,0,0.28883549511957196,1
20023,6,14,2.941675483095849,0.4285714285714286,0,0.5810647815793889,1
20023,6,15,2.941675483095849,0.8857142857142858,0,0.15871411675357078,1
20023,6,16,2.941675483095849,0.942857142857143,0,0.37175472901972606,1
20023,6,17,2.941675483095849,0.942857142857143,0,0.18612806129587325,1
20023,6,18,2.941675483095849,0.942857142857143,0,0.30276838325076044,1
20023,6,19,2.941675483095849,1.0,0,0.15192799155141373,1
20023,6,20,2.941675483095849,0.942857142857143,0,0.19619382182216882,1
20023,6,21,2.941675483095849,0.942857142857143,0,0.17254851383813302,1
20023,6,22,2.941675483095849,0.942857142857143,0,0.12408414576190054,1
20023,6,23,2.941675483095849,0.942857142857143,0,0.2690488288134859,1
20024,6,0,2.941675483095849,1.0,0,0.06941796378014513,1
20024,6,1,2.941675483095849,0.8857142857142858,0,0.19138771783185074,1
20024,6,2,2.941675483095849,0.7142857142857143,1,0.21519814063592235,1
20024,6,3,2.941675483095849,0.942857142857143,0,0.19410498488976943,1
20024,6,4,2.941675483095849,1.0,0,0.11486017405149185,1
20024,6,5,2.941675483095849,0.8857142857142858,0,0.16609182353519,1
20024,6,6,2.941675483095849,0.8285714285714287,1,0.21082644816829552,1
20024,6,7,2.941675483095849,0.7142857142857143,1,0.2746436795880675,1
20024,6,8,2.941675483095849,0.942857142857143,0,0.1474609658128166,1
20024,6,9,2.941675483095849,0.942857142857143,1,0.2814295149464995,1
20024,6,10,2.941675483095849,1.0,0,0.08293820500524111,1
20024,6,11,2.941675483095849,0.942857142857143,0,0.21430860305605992,1
20024,6,12,2.941675483095849,0.7714285714285715,0,0.19616548111502735,1
20024,6,13,2.941675483095849,0.942857142857143,0,0.20559630855443561,1
20024,6,14,2.941675483095849,1.0,0,0.0737450915151753,1
20024,6,15,2.941675483095849,1.0,0,0.08639397676952505,1
20024,6,16,2.941675483095849,1.0,0,0.08576420194807816,1
20024,6,17,2.941675483095849,0.942857142857143,0,0.13701581263476792,1
20024,6,18,2.941675483095849,0.7714285714285715,0,0.17062918413243872,1
20024,6,19,2.941675483095849,0.8285714285714287,1,0.2068365644710362,1
20024,6,20,2.941675483095849,0.8857142857142858,0,0.21508609151448282,1
20024,6,21,2.941675483095849,0.6,0,0.2089803573927955,1
20024,6,22,2.941675483095849,1.0,0,0.06462701573226329,1
20024,6,23,2.941675483095849,0.7714285714285715,1,0.22900858651898168,1
20025,6,0,2.941675483095849,0.8285714285714287,0,0.17919204180477896,1
20025,6,1,2.941675483095849,0.7142857142857143,0,0.2270719747447529,1
20025,6,2,2.941675483095849,0.942857142857143,1,0.1670224483498648,1
20025,6,3,2.941675483095849,0.8857142857142858,0,0.2563773483596644,1
20025,6,4,2.941675483095849,0.7142857142857143,0,0.23759045222542474,1
20025,6,5,2.941675483095849,0.8285714285714287,0,0.1151381938157311,1
20025,6,6,2.941675483095849,0.7714285714285715,1,0.2638453351263923,1
20025,6,7,2.941675483095849,0.7714285714285715,0,0.18016452553449477,1
20025,6,8,2.941675483095849,0.8857142857142858,1,0.0995995586172173,1
20025,6,9,2.941675483095849,0.6571428571428573,0,0.14901046645456986,1
20025,6,10,2.941675483095849,0.942857142857143,0,0.15734391344360324,1
20025,6,11,2.941675483095849,0.942857142857143,0,0.1431921372610229,1
20025,6,12,2.941675483095849,1.0,0,0.19771182506970278,1
20025,6,13,2.941675483095849,0.8285714285714287,0,0.11530567829679063,1
20025,6,14,2.941675483095849,0.942857142857143,1,0.3200939086383905,1
20025,6,15,2.941675483095849,0.7142857142857143,1,0.17172249569985149,1
20025,6,16,2.941675483095849,0.942857142857143,1,0.1296852072801544,1
20025,6,17,2.941675483095849,0.942857142857143,0,0.14135962979924893,1
20025,6,18,2.941675483095849,0.942857142857143,1,0.41673236968067023,1
20025,6,19,2.941675483095849,0.7714285714285715,0,0.21495406488783175,1
20025,6,20,2.941675483095849,0.8857142857142858,1,0.32541891364093334,1
20025,6,21,2.941675483095849,0.942857142857143,1,0.4044926647874798,1
20025,6,22,2.941675483095849,0.8285714285714287,0,0.11498599890134487,1
20025,6,23,2.941675483095849,0.942857142857143,1,0.1638209632507453,1
20026,6,0,2.941675483095849,0.8857142857142858,0,0.15727444593688142,1
20026,6,1,2.941675483095849,0.7714285714285715,0,0.12126582128328833,1
20026,6,2,2.941675483095849,0.4285714285714286,0,0.32788840590702584,1
20026,6,3,2.941675483095849,0.8285714285714287,0,0.3383478057800303,1
20026,6,4,2.941675483095849,0.7714285714285715,0,0.209081751466966,1
20026,6,5,2.941675483095849,0.942857142857143,0,0.19040122161937365,1
20026,6,6,2.941675483095849,0.8857142857142858,0,0.13954756202493349,1
20026,6,7,2.941675483095849,0.7142857142857143,0,0.21869905023613687,1
20026,6,8,2.941675483095849,0.8285714285714287,0,0.31074906790197765,1
20026,6,9,2.941675483095849,0.942857142857143,0,0.10072253090122546,1
20026,6,10,2.941675483095849,0.8285714285714287,0,0.18352390793562556,1
20026,6,11,2.941675483095849,0.942857142857143,0,0.24384609935756058,1
20026,6,12,2.941675483095849,0.942857142857143,0,0.1359665393304787,1
20026,6,13,2.941675483095849,0.6571428571428573,0,0.24407581597462957,1
20026,6,14,2.941675483095849,0.942857142857143,0,0.13197051388864742,1
20026,6,15,2.941675483095849,0.8857142857142858,0,0.12300806217771004,1
20026,6,16,2.941675483095849,0.942857142857143,0,0.14293868092529277,1
20026,6,17,2.941675483095849,0.8285714285714287,0,0.0979006620197205,1
20026,6,18,2.941675483095849,0.942857142857143,0,0.23205262105657817,1
20026,6,19,2.941675483095849,0.8285714285714287,1,0.21378427131370203,1
20026,6,20,2.941675483095849,0.942857142857143,0,0.1668680019199758,1
20026,6,21,2.941675483095849,0.7142857142857143,1,0.26174167708467194,1
20026,6,22,2.941675483095849,0.942857142857143,0,0.16449500138938786,1
20026,6,23,2.941675483095849,0.48571428571428577,1,0.26454089044568596,1
20027,6,0,2.941675483095849,0.8857142857142858,1,0.1285432662962983,1
20027,6,1,2.941675483095849,0.8857142857142858,1,0.11417781109092352,1
20027,6,2,2.941675483095849,0.8857142857142858,1,0.15404483494340818,1
20027,6,3,2.941675483095849,0.942857142857143,0,0.07317987974822243,1
20027,6,4,2.941675483095849,0.942857142857143,1,0.11434852945649876,1
20027,6,5,2.941675483095849,0.942857142857143,0,0.14150675306526875,1
20027,6,6,2.941675483095849,0.942857142857143,0,0.08348439320700277,1
20027,6,7,2.941675483095849,0.942857142857143,0,0.06538090690336493,1
20027,6,8,2.941675483095849,0.942857142857143,0,0.10370052640236205,1
20027,6,9,2.941675483095849,1.0,0,0.12437015976942815,1
20027,6,10,2.941675483095849,0.942857142857143,0,0.1551680593726809,1
20027,6,11,2.941675483095849,0.8857142857142858,1,0.09662220819698139,1
20027,6,12,2.941675483095849,0.7714285714285715,1,0.12153759532144379,1
20027,6,13,2.941675483095849,0.942857142857143,0,0.058560348049696925,1
20027,6,14,2.941675483095849,0.8857142857142858,1,0.1324304835587492,1
20027,6,15,2.941675483095849,0.8285714285714287,0,0.09668498077495075,1
20027,6,16,2.941675483095849,0.942857142857143,0,0.07267142898323001,1
20027,6,17,2.941675483095849,0.8285714285714287,0,0.1438126800903029,1
20027,6,18,2.941675483095849,0.942857142857143,0,0.0728000847241182,1
20027,6,19,2.941675483095849,0.8857142857142858,1,0.14666195693117212,1
20027,6,20,2.941675483095849,1.0,0,0.08395830322962783,1
20027,6,21,2.941675483095849,0.8857142857142858,1,0.1305058739104396,1
20027,6,22,2.941675483095849,0.8285714285714287,0,0.09019595981847774,1
20027,6,23,2.941675483095849,0.942857142857143,0,0.0695375657992607,1
20028,6,0,2.941675483095849,0.7714285714285715,0,0.1324265053295556,1
20028,6,1,2.941675483095849,0.7714285714285715,0,0.17426368761655225,1
20028,6,2,2.941675483095849,0.8857142857142858,1,0.2714498140948531,1
20028,6,3,2.941675483095849,0.942857142857143,0,0.18752581947589472,1
20028,6,4,2.941675483095849,0.942857142857143,0,0.23308958881058384,1
20028,6,5,2.941675483095849,0.8285714285714287,0,0.23713376878513207,1
20028,6,6,2.941675483095849,1.0,0,0.15080757032527708,1
20028,6,7,2.941675483095849,0.8857142857142858,1,0.12672658019173516,1
20028,6,8,2.941675483095849,1.0,0,0.06707513476354687,1
20028,6,9,2.941675483095849,1.0,0,0.16102392003158517,1
20028,6,10,2.941675483095849,0.942857142857143,0,0.14107722493833375,1
20028,6,11,2.941675483095849,0.942857142857143,0,0.12445808667417713,1
20028,6,12,2.941675483095849,0.942857142857143,0,0.1814668843563516,1
20028,6,13,2.941675483095849,0.942857142857143,0,0.064017617418727,1
20028,6,14,2.941675483095849,0.942857142857143,1,0.15072779983142515,1
20028,6,15,2.941675483095849,0.942857142857143,0,0.20231132490862103,1
20028,6,16,2.941675483095849,0.942857142857143,0,0.21202714484417898,1
20028,6,17,2.941675483095849,0.942857142857143,0,0.19663655474983285,1
20028,6,18,2.941675483095849,0.8285714285714287,0,0.12834072876402766,1
20028,6,19,2.941675483095849,0.6,0,0.18397105168998684,1
20028,6,20,2.941675483095849,0.942857142857143,0,0.19663655474983285,1
20028,6,21,2.941675483095849,1.0,0,0.12912946462860014,1
20028,6,22,2.941675483095849,0.942857142857143,0,0.21341844332514961,1
20028,6,23,2.941675483095849,0.8857142857142858,1,0.24572420904709594,1
20029,6,0,2.941675483095849,1.0,0,0.2727473684641029,1
20029,6,1,2.941675483095849,0.942857142857143,0,0.18778127938631645,1
20029,6,2,2.941675483095849,0.8857142857142858,0,0.23178043865024425,1
20029,6,3,2.941675483095849,0.7714285714285715,0,0.2276987932378868,1
20029,6,4,2.941675483095849,0.8285714285714287,1,0.282677513323204,1
20029,6,5,2.941675483095849,0.8285714285714287,0,0.17313200616646438,1
20029,6,6,2.941675483095849,0.7142857142857143,1,0.3072316458976547,1
20029,6,7,2.941675483095849,0.942857142857143,0,0.11259071768266794,1
20029,6,8,2.941675483095849,0.8285714285714287,0,0.16573473510835834,1
20029,6,9,2.941675483095849,0.8857142857142858,1,0.20292687882667954,1
20029,6,10,2.941675483095849,0.942857142857143,0,0.374212657962435,1
20029,6,11,2.941675483095849,0.8285714285714287,0,0.28209323451503243,1
20029,6,12,2.941675483095849,0.942857142857143,0,0.2051974958401638,1
20029,6,13,2.941675483095849,0.8285714285714287,0,0.15981651414812945,1
20029,6,14,2.941675483095849,0.7714285714285715,1,0.2841011967480316,1
20029,6,15,2.941675483095849,1.0,0,0.0607632859521299,1
20029,6,16,2.941675483095849,1.0,0,0.2431830340074039,1
20029,6,17,2.941675483095849,0.8857142857142858,0,0.36227165712343856,1
20029,6,18,2.941675483095849,1.0,0,0.08582480375841742,1
20029,6,19,2.941675483095849,1.0,0,0.516536688707326,1
20029,6,20,2.941675483095849,0.942857142857143,1,0.24792267397212112,1
20029,6,21,2.941675483095849,0.942857142857143,0,0.4189278720354334,1
20029,6,22,2.941675483095849,0.942857142857143,0,0.19493647966663513,1
20029,6,23,2.941675483095849,0.942857142857143,0,0.341434822809145,1
20030,6,0,2.941675483095849,0.7714285714285715,0,0.14264096061385817,1
20030,6,1,2.941675483095849,1.0,0,0.05632582594588631,1
20030,6,2,2.941675483095849,0.942857142857143,0,0.11108548762937383,1
20030,6,3,2.941675483095849,0.8857142857142858,0,0.20770460887285486,1
20030,6,4,2.941675483095849,1.0,0,0.15183841580416416,1
20030,6,5,2.941675483095849,1.0,0,0.037342625323749684,1
20030,6,6,2.941675483095849,0.8857142857142858,1,0.14944364303814803,1
20030,6,7,2.941675483095849,0.7142857142857143,1,0.17118172954994418,1
20030,6,8,2.941675483095849,0.8285714285714287,0,0.21201248626958433,1
20030,6,9,2.941675483095849,0.942857142857143,1,0.14541218358921887,1
20030,6,10,2.941675483095849,0.8857142857142858,1,0.21404657804029995,1
20030,6,11,2.941675483095849,0.8285714285714287,0,0.11141285990397706,1
20030,6,12,2.941675483095849,0.8857142857142858,1,0.2637123200728071,1
20030,6,13,2.941675483095849,0.942857142857143,0,0.09508535859946943,1
20030,6,14,2.941675483095849,0.8857142857142858,1,0.15127793974722376,1
20030,6,15,2.941675483095849,0.942857142857143,0,0.0835113728073615,1
20030,6,16,2.941675483095849,0.8857142857142858,1,0.19455969417866614,1
20030,6,17,2.941675483095849,0.8285714285714287,0,0.12923702168231588,1
20030,6,18,2.941675483095849,0.942857142857143,0,0.1326580648327414,1
20030,6,19,2.941675483095849,0.8857142857142858,0,0.21131403296499565,1
20030,6,20,2.941675483095849,0.7714285714285715,0,0.1502233464660266,1
20030,6,21,2.941675483095849,0.8857142857142858,0,0.21814342954454183,1
20030,6,22,2.941675483095849,0.942857142857143,0,0.06825245753451643,1
20030,6,23,2.941675483095849,0.942857142857143,0,0.059520416513562546,1
20031,6,0,2.941675483095849,0.7142857142857143,0,0.1378549198302775,1
20031,6,1,2.941675483095849,0.942857142857143,0,0.278655142911572,1
20031,6,2,2.941675483095849,0.7142857142857143,0,0.17376177785531674,1
20031,6,3,2.941675483095849,0.942857142857143,0,0.1529551433786812,1
20031,6,4,2.941675483095849,0.8285714285714287,0,0.20943929532669225,1
20031,6,5,2.941675483095849,0.7714285714285715,1,0.24098147896495548,1
20031,6,6,2.941675483095849,0.8285714285714287,0,0.15859658598978046,1
20031,6,7,2.941675483095849,0.8285714285714287,0,0.4080278253540545,1
20031,6,8,2.941675483095849,0.8857142857142858,1,0.22373975756952458,1
20031,6,9,2.941675483095849,0.942857142857143,0,0.15803834252078897,1
20031,6,10,2.941675483095849,0.8285714285714287,0,0.20943929532669225,1
20031,6,11,2.941675483095849,0.8857142857142858,1,0.0769219699388464,1
20031,6,12,2.941675483095849,0.942857142857143,0,0.19854041583394494,1
20031,6,13,2.941675483095849,0.6,0,0.24752330124273766,1
20031,6,14,2.941675483095849,0.942857142857143,0,0.3243831410016594,1
20031,6,15,2.941675483095849,0.8285714285714287,1,0.24507796598850917,1
20031,6,16,2.941675483095849,0.8857142857142858,0,0.2412244747569669,1
20031,6,17,2.941675483095849,0.942857142857143,0,0.15537578665926247,1
20031,6,18,2.941675483095849,0.7142857142857143,1,0.3033481168082477,1
20031,6,19,2.941675483095849,0.8857142857142858,1,0.137803535032801,1
20031,6,20,2.941675483095849,0.7714285714285715,1,0.24005762170327882,1
20031,6,21,2.941675483095849,0.8857142857142858,1,0.06956935599102214,1
20031,6,22,2.941675483095849,1.0,0,0.08324957113095206,1
20031,6,23,2.941675483095849,0.8857142857142858,1,0.18925672010513184,1
20032,6,0,2.941675483095849,0.7714285714285715,1,0.2563740791738098,1
20032,6,1,2.941675483095849,0.6571428571428573,1,0.2989323439292632,1
20032,6,2,2.941675483095849,0.7714285714285715,1,0.27627974079812284,1
20032,6,3,2.941675483095849,0.48571428571428577,0,0.2446040753848019,1
20032,6,4,2.941675483095849,0.6,0,0.2857077739159524,1
20032,6,5,2.941675483095849,0.7714285714285715,0,0.29487600854290213,1
20032,6,6,2.941675483095849,0.7714285714285715,0,0.19083025343233742,1
20032,6,7,2.941675483095849,0.8857142857142858,0,0.151000158784113,1
20032,6,8,2.941675483095849,0.6,1,0.273111803058109,1
20032,6,9,2.941675483095849,0.8285714285714287,0,0.22343977432162082,1
20032,6,10,2.941675483095849,0.7714285714285715,0,0.14415593176118868,1
20032,6,11,2.941675483095849,0.8285714285714287,0,0.22671332885609516,1
20032,6,12,2.941675483095849,0.942857142857143,0,0.13741277468554353,1
20032,6,13,2.941675483095849,0.8285714285714287,1,0.1442596592318422,1
20032,6,14,2.941675483095849,1.0,0,0.03013874252000284,1
20032,6,15,2.941675483095849,0.8285714285714287,0,0.2211177965232506,1
20032,6,16,2.941675483095849,0.8857142857142858,1,0.2580931373693115,1
20032,6,17,2.941675483095849,0.8857142857142858,1,0.13523857798912636,1
20032,6,18,2.941675483095849,0.942857142857143,1,0.19456816051237974,1
20032,6,19,2.941675483095849,0.6571428571428573,1,0.27701519845742106,1
20032,6,20,2.941675483095849,0.8285714285714287,0,0.24930243693919205,1
20032,6,21,2.941675483095849,0.8285714285714287,0,0.22446228034329438,1
20032,6,22,2.941675483095849,0.8857142857142858,1,0.2239899779784752,1
20032,6,23,2.941675483095849,0.6571428571428573,1,0.4442218909588141,1
20033,6,0,2.941675483095849,0.942857142857143,1,0.12075098793619699,1
20033,6,1,2.941675483095849,0.8857142857142858,1,0.042606026373835745,1
20033,6,2,2.941675483095849,1.0,0,0.11255093353595103,1
20033,6,3,2.941675483095849,0.6571428571428573,1,0.19126588834666364,1
20033,6,4,2.941675483095849,0.8285714285714287,1,0.16058621556984665,1
20033,6,5,2.941675483095849,0.6,1,0.1276149464383795,1
20033,6,6,2.941675483095849,0.8285714285714287,1,0.23293332256678487,1
20033,6,7,2.941675483095849,0.8285714285714287,0,0.12698488005655004,1
20033,6,8,2.941675483095849,0.942857142857143,1,0.15970371824885252,1
20033,6,9,2.941675483095849,0.8857142857142858,0,0.06903329671704518,1
20033,6,10,2.941675483095849,0.3714285714285715,0,0.21799635234717263,1
20033,6,11,2.941675483095849,0.8285714285714287,1,0.1358951644753681,1
20033,6,12,2.941675483095849,0.7714285714285715,1,0.11982576711325142,1
20033,6,13,2.941675483095849,0.5428571428571429,1,0.12402718389670835,1
20033,6,14,2.941675483095849,0.8285714285714287,1,0.2212954827920543,1
20033,6,15,2.941675483095849,0.7142857142857143,1,0.23433991750355326,1
20033,6,16,2.941675483095849,0.6,1,0.13962711738004413,1
20033,6,17,2.941675483095849,0.7714285714285715,1,0.21924837327153568,1
20033,6,18,2.941675483095849,0.7714285714285715,1,0.21176167671141471,1
20033,6,19,2.941675483095849,0.8285714285714287,0,0.08092339902798373,1
20033,6,20,2.941675483095849,0.7714285714285715,0,0.12333456456580952,1
20033,6,21,2.941675483095849,0.6,1,0.1997162778243699,1
20033,6,22,2.941675483095849,0.8285714285714287,1,0.23293332256678487,1
20033,6,23,2.941675483095849,0.7714285714285715,1,0.16660112900472035,1
20034,6,0,2.941675483095849,1.0,0,0.12054682432659312,1
20034,6,1,2.941675483095849,0.942857142857143,0,0.1353728660136681,1
20034,6,2,2.941675483095849,0.8285714285714287,0,0.1403849471274358,1
20034,6,3,2.941675483095849,0.8285714285714287,0,0.21034900166662276,1
20034,6,4,2.941675483095849,0.8857142857142858,1,0.25284147552158265,1
20034,6,5,2.941675483095849,0.8857142857142858,1,0.18100446404926804,1
20034,6,6,2.941675483095849,0.942857142857143,0,0.149435633074191,1
20034,6,7,2.941675483095849,0.7714285714285715,0,0.27432815726492243,1
20034,6,8,2.941675483095849,0.8285714285714287,0,0.15377450446333132,1
20034,6,9,2.941675483095849,0.7714285714285715,1,0.3354834535239679,1
20034,6,10,2.941675483095849,0.942857142857143,0,0.1660060088914975,1
20034,6,11,2.941675483095849,0.7714285714285715,0,0.22883994833724317,1
20034,6,12,2.941675483095849,0.7714285714285715,1,0.22249476891226203,1
20034,6,13,2.941675483095849,0.8285714285714287,1,0.23938992462198647,1
20034,6,14,2.941675483095849,0.8285714285714287,1,0.19776994156774472,1
20034,6,15,2.941675483095849,0.942857142857143,0,0.21836516364295766,1
20034,6,16,2.941675483095849,0.8285714285714287,1,0.22305913843025818,1
20034,6,17,2.941675483095849,0.8857142857142858,1,0.24844308506867469,1
20034,6,18,2.941675483095849,0.8857142857142858,1,0.4287635457946991,1
20034,6,19,2.941675483095849,0.8857142857142858,1,0.26319989332993843,1
20034,6,20,2.941675483095849,0.8285714285714287,1,0.22305913843025818,1
20034,6,21,2.941675483095849,0.8285714285714287,0,0.2611508118704231,1
20034,6,22,2.941675483095849,0.6,1,0.26186812428422335,1
20034,6,23,2.941675483095849,1.0,0,0.12620678053176154,1
20035,6,0,2.941675483095849,0.7714285714285715,1,0.22152006900023352,1
20035,6,1,2.941675483095849,0.7714285714285715,0,0.0991612613807984,1
20035,6,2,2.941675483095849,0.8857142857142858,0,0.1542750808729858,1
20035,6,3,2.941675483095849,1.0,0,0.2531449247541302,1
20035,6,4,2.941675483095849,0.942857142857143,1,0.09363181593540193,1
20035,6,5,2.941675483095849,0.48571428571428577,0,0.18750597143241177,1
20035,6,6,2.941675483095849,0.8285714285714287,0,0.12964199529683573,1
20035,6,7,2.941675483095849,0.7714285714285715,0,0.1587367022059767,1
20035,6,8,2.941675483095849,0.7714285714285715,1,0.2200675749165977,1
20035,6,9,2.941675483095849,0.8857142857142858,1,0.15721175563110376,1
20035,6,10,2.941675483095849,0.942857142857143,0,0.20148478408791498,1
20035,6,11,2.941675483095849,0.942857142857143,0,0.17162331701490294,1
20035,6,12,2.941675483095849,0.8285714285714287,0,0.25702940013460807,1
20035,6,13,2.941675483095849,0.5428571428571429,1,0.199120662096458,1
20035,6,14,2.941675483095849,0.5428571428571429,0,0.26225450144381834,1
20035,6,15,2.941675483095849,0.942857142857143,0,0.19084379551165012,1
20035,6,16,2.941675483095849,0.8285714285714287,0,0.17625303267901457,1
20035,6,17,2.941675483095849,0.942857142857143,1,0.11824285809828644,1
20035,6,18,2.941675483095849,0.942857142857143,1,0.08207162759478742,1
20035,6,19,2.941675483095849,0.7142857142857143,0,0.11095730109562318,1
20035,6,20,2.941675483095849,0.8285714285714287,0,0.20866187276487036,1
20035,6,21,2.941675483095849,0.6571428571428573,1,0.14090692739083235,1
20035,6,22,2.941675483095849,0.48571428571428577,0,0.12501147267667478,1
20035,6,23,2.941675483095849,0.942857142857143,1,0.11025539504854101,1
20036,6,0,2.941675483095849,0.8285714285714287,0,0.3138092940726771,1
20036,6,1,2.941675483095849,0.942857142857143,1,0.11823828557733376,1
20036,6,2,2.941675483095849,0.7714285714285715,0,0.2667214438070823,1
20036,6,3,2.941675483095849,0.8285714285714287,1,0.20730764477568644,1
20036,6,4,2.941675483095849,0.942857142857143,0,0.2326310055388661,1
20036,6,5,2.941675483095849,0.6,0,0.2064054583973474,1
20036,6,6,2.941675483095849,0.7714285714285715,1,0.2044087784508636,1
20036,6,7,2.941675483095849,1.0,0,0.10684003163308939,1
20036,6,8,2.941675483095849,0.942857142857143,1,0.13797464120904807,1
20036,6,9,2.941675483095849,0.8857142857142858,1,0.13648655969438053,1
20036,6,10,2.941675483095849,0.942857142857143,0,0.12327874172268093,1
20036,6,11,2.941675483095849,1.0,0,0.11625723422568965,1
20036,6,12,2.941675483095849,0.942857142857143,0,0.17163373195882942,1
20036,6,13,2.941675483095849,0.8285714285714287,1,0.19613783202412063,1
20036,6,14,2.941675483095849,0.8857142857142858,0,0.3107615859384919,1
20036,6,15,2.941675483095849,0.7142857142857143,1,0.20218927070992862,1
20036,6,16,2.941675483095849,0.8857142857142858,1,0.16398386760369152,1
20036,6,17,2.941675483095849,1.0,0,0.11789072005039186,1
20036,6,18,2.941675483095849,0.942857142857143,0,0.1942993914258874,1
20036,6,19,2.941675483095849,0.7714285714285715,1,0.17013184738181952,1
20036,6,20,2.941675483095849,0.7714285714285715,1,0.2083269896927968,1
20036,6,21,2.941675483095849,0.48571428571428577,0,0.1776889582042103,1
20036,6,22,2.941675483095849,0.8857142857142858,1,0.09795699162371874,1
20036,6,23,2.941675483095849,0.942857142857143,0,0.23012969484605816,1
20037,6,0,2.941675483095849,0.5428571428571429,1,0.201527037022245,1
20037,6,1,2.941675483095849,0.942857142857143,1,0.1386201341131253,1
20037,6,2,2.941675483095849,0.942857142857143,0,0.2122870859638864,1
20037,6,3,2.941675483095849,0.7714285714285715,1,0.25991676419366494,1
20037,6,4,2.941675483095849,0.8285714285714287,0,0.2740663581139364,1
20037,6,5,2.941675483095849,0.8857142857142858,1,0.1833006226782295,1
20037,6,6,2.941675483095849,0.942857142857143,0,0.14853007960346987,1
20037,6,7,2.941675483095849,0.8857142857142858,1,0.12537833208838217,1
20037,6,8,2.941675483095849,0.7142857142857143,0,0.1720965819562289,1
20037,6,9,2.941675483095849,0.7714285714285715,1,0.21357704721843393,1
20037,6,10,2.941675483095849,0.6571428571428573,1,0.22878736883544035,1
20037,6,11,2.941675483095849,1.0,0,0.0614885393374746,1
20037,6,12,2.941675483095849,0.8285714285714287,1,0.21978765712630696,1
20037,6,13,2.941675483095849,0.8857142857142858,1,0.07057282003453366,1
20037,6,14,2.941675483095849,0.942857142857143,1,0.0950798303016904,1
20037,6,15,2.941675483095849,0.942857142857143,0,0.15798646420044524,1
20037,6,16,2.941675483095849,1.0,0,0.17225659543126462,1
20037,6,17,2.941675483095849,1.0,0,0.23133471382662943,1
20037,6,18,2.941675483095849,0.942857142857143,1,0.11724260557941148,1
20037,6,19,2.941675483095849,0.942857142857143,0,0.16617446411523093,1
20037,6,20,2.941675483095849,0.8285714285714287,0,0.2430237814286469,1
20037,6,21,2.941675483095849,0.7714285714285715,0,0.13804531794848257,1
20037,6,22,2.941675483095849,1.0,0,0.08569281037570083,1
20037,6,23,2.941675483095849,0.7714285714285715,1,0.1943317280442157,1
20038,6,0,2.941675483095849,0.942857142857143,0,0.14206375387866885,1
20038,6,1,2.941675483095849,0.48571428571428577,0,0.18666796419959683,1
20038,6,2,2.941675483095849,1.0,0,0.08487506398061345,1
20038,6,3,2.941675483095849,0.8285714285714287,0,0.07801025466404708,1
20038,6,4,2.941675483095849,1.0,0,0.13692417689460404,1
20038,6,5,2.941675483095849,0.8857142857142858,0,0.1031502259945762,1
20038,6,6,2.941675483095849,0.6,0,0.24619795961013224,1
20038,6,7,2.941675483095849,0.7714285714285715,1,0.17020469705101227,1
20038,6,8,2.941675483095849,0.7714285714285715,0,0.17820591373633865,1
20038,6,9,2.941675483095849,0.8285714285714287,0,0.1416431850621646,1
20038,6,10,2.941675483095849,0.942857142857143,1,0.1931117346698998,1
20038,6,11,2.941675483095849,0.942857142857143,0,0.13348036546266145,1
20038,6,12,2.941675483095849,0.7714285714285715,0,0.15896562118627364,1
20038,6,13,2.941675483095849,0.8285714285714287,0,0.11735761940459898,1
20038,6,14,2.941675483095849,1.0,0,0.11993154346786616,1
20038,6,15,2.941675483095849,0.7714285714285715,1,0.14470275194474758,1
20038,6,16,2.941675483095849,0.48571428571428577,0,0.19208630119451625,1
20038,6,17,2.941675483095849,0.8857142857142858,1,0.28832576218928363,1
20038,6,18,2.941675483095849,1.0,0,0.13688221173628926,1
20038,6,19,2.941675483095849,0.7714285714285715,0,0.1691795832654018,1
20038,6,20,2.941675483095849,0.8285714285714287,0,0.09033466444834495,1
20038,6,21,2.941675483095849,1.0,0,0.07917399768595151,1
20038,6,22,2.941675483095849,0.942857142857143,0,0.14377649410833696,1
20038,6,23,2.941675483095849,0.48571428571428577,0,0.22535541611566867,1
20039,6,0,2.941675483095849,0.8285714285714287,0,0.148004199281691,1
20039,6,1,2.941675483095849,0.8285714285714287,0,0.23275113230865488,1
20039,6,2,2.941675483095849,1.0,0,0.05774007909530096,1
20039,6,3,2.941675483095849,0.7142857142857143,0,0.19487760918103658,1
20039,6,4,2.941675483095849,0.942857142857143,0,0.23216704925933618,1
20039,6,5,2.941675483095849,0.942857142857143,0,0.11660314804799002,1
20039,6,6,2.941675483095849,0.942857142857143,0,0.12124310009674034,1
20039,6,7,2.941675483095849,0.8285714285714287,0,0.26279806585869175,1
20039,6,8,2.941675483095849,0.942857142857143,0,0.31131287290942095,1
20039,6,9,2.941675483095849,0.942857142857143,0,0.16061270090000612,1
20039,6,10,2.941675483095849,0.7714285714285715,0,0.17044434639140482,1
20039,6,11,2.941675483095849,1.0,0,0.12632245726162636,1
20039,6,12,2.941675483095849,0.7142857142857143,0,0.14789288808915,1
20039,6,13,2.941675483095849,0.8857142857142858,0,0.13867042319160638,1
20039,6,14,2.941675483095849,0.8857142857142858,0,0.14214097614722057,1
20039,6,15,2.941675483095849,1.0,0,0.17056655839403645,1
20039,6,16,2.941675483095849,0.8857142857142858,0,0.1371452296441984,1
20039,6,17,2.941675483095849,0.7714285714285715,0,0.18595177014061182,1
20039,6,18,2.941675483095849,0.942857142857143,0,0.1002589288399648,1
20039,6,19,2.941675483095849,0.8285714285714287,0,0.18975566323827042,1
20039,6,20,2.941675483095849,0.7142857142857143,0,0.19255835861265286,1
20039,6,21,2.941675483095849,0.942857142857143,0,0.2505231572948474,1
20039,6,22,2.941675483095849,0.942857142857143,0,0.1901745340589826,1
20039,6,23,2.941675483095849,0.8857142857142858,0,0.18200088886710405,1
20000,8,0,2.941675483095849,0.7142857142857144,1,0.3904157571555656,1
20000,8,1,2.941675483095849,0.7619047619047621,0,1.714663032551403,1
20000,8,2,2.941675483095849,0.9523809523809524,0,1.7142108470973334,1
20000,8,3,2.941675483095849,0.9761904761904763,0,1.97841832173495,1
20000,8,4,2.941675483095849,0.880952380952381,1,1.1354632548538923,1
20000,8,5,2.941675483095849,0.880952380952381,0,0.27345819223870643,1
20000,8,6,2.941675483095849,0.9285714285714287,1,0.27422046572097325,1
20000,8,7,2.941675483095849,0.9047619047619048,0,0.323057872497608,1
20000,8,8,2.941675483095849,0.8571428571428572,1,0.5360229335295543,1
20000,8,9,2.941675483095849,0.5000000000000001,0,0.44551702398087556,1
20000,8,10,2.941675483095849,0.9047619047619048,1,0.3165603029398377,1
20000,8,11,2.941675483095849,0.880952380952381,1,0.32345647483747075,1
20000,8,12,2.941675483095849,0.7142857142857144,0,,0
20000,8,13,2.941675483095849,0.9523809523809524,0,0.8990527021930166,1
20000,8,14,2.941675483095849,0.9285714285714287,1,0.39069380520291264,1
20000,8,15,2.941675483095849,0.9047619047619048,1,0.3948570884749836,1
20000,8,16,2.941675483095849,0.9047619047619048,1,0.569306689101506,1
20000,8,17,2.941675483095849,0.7380952380952381,0,1.0318955856272434,1
20000,8,18,2.941675483095849,0.9047619047619048,1,1.6521689168031222,1
20000,8,19,2.941675483095849,0.6428571428571429,1,0.3949558485680742,1
20000,8,20,2.941675483095849,0.7619047619047621,0,0.2865895278515259,1
20000,8,21,2.941675483095849,0.6904761904761906,0,0.4302086100248093,1
20000,8,22,2.941675483095849,0.9761904761904763,0,0.36476382267711926,1
20000,8,23,2.941675483095849,0.9047619047619048,1,2.520988005921703,1
20001,8,0,2.941675483095849,0.6904761904761906,0,0.42285718098107233,1
20001,8,1,2.941675483095849,0.7619047619047621,0,0.3982594120561541,1
20001,8,2,2.941675483095849,0.9761904761904763,0,0.3732818357602043,1
20001,8,3,2.941675483095849,0.9047619047619048,0,0.9954722891199506,1
20001,8,4,2.941675483095849,0.9285714285714287,0,0.7818718396649904,1
20001,8,5,2.941675483095849,0.9761904761904763,1,0.459898479629576,1
20001,8,6,2.941675483095849,0.8333333333333335,1,0.46908267441995055,1
20001,8,7,2.941675483095849,0.9523809523809524,0,0.611690383989367,1
20001,8,8,2.941675483095849,0.9523809523809524,0,0.26908030097466284,1
20001,8,9,2.941675483095849,0.4761904761904762,0,0.4612905812742472,1
20001,8,10,2.941675483095849,0.7857142857142858,0,0.39799393351510093,1
20001,8,11,2.941675483095849,0.5000000000000001,0,0.4704189398191494,1
20001,8,12,2.941675483095849,0.9761904761904763,0,0.15907425632095845,1
20001,8,13,2.941675483095849,0.9285714285714287,1,3.0264699049716564,1
20001,8,14,2.941675483095849,0.8095238095238096,1,0.3666268255481,1
20001,8,15,2.941675483095849,0.9285714285714287,1,1.3734427492019936,1
20001,8,16,2.941675483095849,0.8571428571428572,0,0.5549048234803875,1
20001,8,17,2.941675483095849,0.6666666666666669,0,0.631969483357288,1
20001,8,18,2.941675483095849,0.9761904761904763,0,0.35201382183900287,1
20001,8,19,2.941675483095849,0.6190476190476191,0,0.40549472945843595,1
20001,8,20,2.941675483095849,0.9285714285714287,1,0.780032109435126,1
20001,8,21,2.941675483095849,0.9047619047619048,0,0.21239483851686541,1
20001,8,22,2.941675483095849,0.9285714285714287,0,0.7511553935841553,1
20001,8,23,2.941675483095849,0.8571428571428572,0,0.3603597603380221,1
20002,8,0,2.941675483095849,0.9047619047619048,1,0.28552523948824327,1
20002,8,1,2.941675483095849,0.880952380952381,1,0.19287074823390696,1
20002,8,2,2.941675483095849,0.880952380952381,0,0.1311309588498168,1
20002,8,3,2.941675483095849,0.3571428571428572,0,0.23055235656415185,1
20002,8,4,2.941675483095849,0.880952380952381,1,0.2396980253493789,1
20002,8,5,2.941675483095849,0.30952380952380953,0,0.2514030661216358,1
20002,8,6,2.941675483095849,0.880952380952381,0,0.15467475438971914,1
20002,8,7,2.941675483095849,0.28571428571428575,0,0.24360297141217513,1
20002,8,8,2.941675483095849,0.9285714285714287,0,0.09624000830054422,1
20002,8,9,2.941675483095849,0.6904761904761906,1,0.25200613039475306,1
20002,8,10,2.941675483095849,0.8571428571428572,1,0.16520500838487717,1
20002,8,11,2.941675483095849,0.6428571428571429,0,0.19673710515216908,1
20002,8,12,2.941675483095849,0.8095238095238096,1,0.2736365643016059,1
20002,8,13,2.941675483095849,0.5476190476190477,0,0.18748825219983267,1
20002,8,14,2.941675483095849,0.9047619047619048,0,0.3049673938244709,1
20002,8,15,2.941675483095849,0.6428571428571429,0,0.1479748130403991,1
20002,8,16,2.941675483095849,0.9285714285714287,1,0.24769409435204914,1
20002,8,17,2.941675483095849,0.7857142857142858,0,0.12857755460678902,1
20002,8,18,2.941675483095849,0.6666666666666669,0,0.18770346052771794,1
20002,8,19,2.941675483095849,0.9285714285714287,0,0.10708057032332792,1
20002,8,20,2.941675483095849,0.8095238095238096,1,0.14166730952066986,1
20002,8,21,2.941675483095849,0.7857142857142858,1,0.29785951219440376,1
20002,8,22,2.941675483095849,0.7857142857142858,1,0.34540148451403707,1
20002,8,23,2.941675483095849,0.7619047619047621,0,0.4043128019972953,1
20003,8,0,2.941675483095849,0.523809523809524,1,0.24643040820892323,1
20003,8,1,2.941675483095849,0.6428571428571429,0,0.2798860218608865,1
20003,8,2,2.941675483095849,0.4523809523809524,0,0.147291366333615,1
20003,8,3,2.941675483095849,0.38095238095238104,1,0.2248298170321744,1
20003,8,4,2.941675483095849,0.30952380952380953,1,0.23681394234074604,1
20003,8,5,2.941675483095849,0.5714285714285715,0,0.21948725773548736,1
20003,8,6,2.941675483095849,0.7619047619047621,1,0.2525658764637455,1
20003,8,7,2.941675483095849,0.5952380952380953,0,0.2113826998570416,1
20003,8,8,2.941675483095849,0.7380952380952381,0,0.19330037803043065,1
20003,8,9,2.941675483095849,0.4761904761904762,0,0.34350125442336576,1
20003,8,10,2.941675483095849,0.8571428571428572,0,0.13715399418441726,1
20003,8,11,2.941675483095849,0.7380952380952381,0,0.38266362796032494,1
20003,8,12,2.941675483095849,0.9523809523809524,0,0.2171421762757697,1
20003,8,13,2.941675483095849,0.8333333333333335,0,0.15631304672806917,1
20003,8,14,2.941675483095849,0.8571428571428572,0,0.1348315591535369,1
20003,8,15,2.941675483095849,0.6428571428571429,0,0.18818562173637043,1
20003,8,16,2.941675483095849,0.6428571428571429,0,0.16817906495824084,1
20003,8,17,2.941675483095849,0.5714285714285715,0,0.2270836963316169,1
20003,8,18,2.941675483095849,0.6904761904761906,1,0.279603543236981,1
20003,8,19,2.941675483095849,0.5476190476190477,0,0.32507675325757474,1
20003,8,20,2.941675483095849,0.4523809523809524,0,0.20563118679977813,1
20003,8,21,2.941675483095849,0.6666666666666669,1,0.1608355631764349,1
20003,8,22,2.941675483095849,0.8095238095238096,0,0.4122433334511214,1
20003,8,23,2.941675483095849,0.7619047619047621,0,0.3624966818490909,1
20004,8,0,2.941675483095849,0.04761904761904763,1,0.3571464246638285,1
20004,8,1,2.941675483095849,0.7619047619047621,1,0.4469191043170842,1
20004,8,2,2.941675483095849,0.7142857142857144,0,0.3205034419941436,1
20004,8,3,2.941675483095849,0.8571428571428572,0,0.6246269851111592,1
20004,8,4,2.941675483095849,0.7619047619047621,0,0.7067634814315253,1
20004,8,5,2.941675483095849,0.9047619047619048,0,0.8656653122036387,1
20004,8,6,2.941675483095849,0.6904761904761906,0,0.3453133378369007,1
20004,8,7,2.941675483095849,0.7380952380952381,1,0.4544454051054009,1
20004,8,8,2.941675483095849,0.6190476190476191,1,2.7649090119664184,1
20004,8,9,2.941675483095849,0.9523809523809524,0,0.514549762988624,1
20004,8,10,2.941675483095849,0.8095238095238096,0,0.2960285874994275,1
20004,8,11,2.941675483095849,0.8571428571428572,0,0.3815413189198831,1
20004,8,12,2.941675483095849,0.9285714285714287,0,0.1894134352287733,1
20004,8,13,2.941675483095849,0.880952380952381,0,0.6872472769345395,1
20004,8,14,2.941675483095849,0.9761904761904763,0,0.9398283194768866,1
20004,8,15,2.941675483095849,0.9523809523809524,0,0.18995660415953627,1
20004,8,16,2.941675483095849,0.8095238095238096,0,0.38578365851135143,1
20004,8,17,2.941675483095849,0.5476190476190477,0,0.3311539889814425,1
20004,8,18,2.941675483095849,0.14285714285714288,1,0.33620693344956476,1
20004,8,19,2.941675483095849,0.9523809523809524,0,0.4519721997306814,1
20004,8,20,2.941675483095849,0.6904761904761906,1,0.4228844846971108,1
20004,8,21,2.941675483095849,0.3333333333333334,0,0.3847593572152106,1
20004,8,22,2.941675483095849,0.8571428571428572,1,0.5149537221392958,1
20004,8,23,2.941675483095849,0.4761904761904762,0,0.3091502683978854,1
20005,8,0,2.941675483095849,0.7857142857142858,1,0.4271608785433537,1
20005,8,1,2.941675483095849,0.6666666666666669,1,0.33785511276594704,1
20005,8,2,2.941675483095849,0.5952380952380953,1,0.2228751595124553,1
20005,8,3,2.941675483095849,0.6904761904761906,1,0.404487982897994,1
20005,8,4,2.941675483095849,0.9285714285714287,0,0.11150547736300305,1
20005,8,5,2.941675483095849,0.9523809523809524,0,0.1480565857786304,1
20005,8,6,2.941675483095849,0.5952380952380953,1,0.4012194339302487,1
20005,8,7,2.941675483095849,0.7857142857142858,0,0.15614815103993873,1
20005,8,8,2.941675483095849,0.9047619047619048,0,0.20866027845074586,1
20005,8,9,2.941675483095849,0.9285714285714287,0,0.1068960276619934,1
20005,8,10,2.941675483095849,0.8095238095238096,1,0.4221553682178442,1
20005,8,11,2.941675483095849,0.8095238095238096,0,0.16250464198985215,1
20005,8,12,2.941675483095849,0.8333333333333335,1,0.23471385532021813,1
20005,8,13,2.941675483095849,0.9523809523809524,0,0.08184137416331899,1
20005,8,14,2.941675483095849,0.8095238095238096,1,0.16219592260305354,1
20005,8,15,2.941675483095849,0.7857142857142858,1,0.2462460489506534,1
20005,8,16,2.941675483095849,0.6666666666666669,0,0.20159354727025317,1
20005,8,17,2.941675483095849,0.6904761904761906,1,0.2392028905600204,1
20005,8,18,2.941675483095849,0.7380952380952381,0,0.3208550912644652,1
20005,8,19,2.941675483095849,0.9761904761904763,0,0.11049573023844228,1
20005,8,20,2.941675483095849,0.880952380952381,1,0.28140856957066807,1
20005,8,21,2.941675483095849,0.8095238095238096,1,0.3478239781939382,1
20005,8,22,2.941675483095849,0.8333333333333335,0,0.1711243343727925,1
20005,8,23,2.941675483095849,0.8095238095238096,0,0.24617386686543938,1
20006,8,0,2.941675483095849,0.7142857142857144,1,0.32913063512354424,1
20006,8,1,2.941675483095849,0.6666666666666669,0,0.23393421215179086,1
20006,8,2,2.941675483095849,0.8571428571428572,0,0.2411540602297144,1
20006,8,3,2.941675483095849,0.7380952380952381,0,0.7124195979210877,1
20006,8,4,2.941675483095849,0.8571428571428572,1,0.18632971116173652,1
20006,8,5,2.941675483095849,0.8333333333333335,1,0.12838781125978949,1
20006,8,6,2.941675483095849,0.6190476190476191,1,0.8448273403409088,1
20006,8,7,2.941675483095849,0.5714285714285715,0,0.43438993479057825,1
20006,8,8,2.941675483095849,0.9523809523809524,1,0.1195482471874738,1
20006,8,9,2.941675483095849,0.7142857142857144,1,0.23571804667617932,1
20006,8,10,2.941675483095849,0.6190476190476191,1,0.22767761796429775,1
20006,8,11,2.941675483095849,0.9523809523809524,0,0.14948529315675887,1
20006,8,12,2.941675483095849,0.9047619047619048,0,0.3088259845015211,1
20006,8,13,2.941675483095849,0.7619047619047621,1,0.21876575667918852,1
20006,8,14,2.941675483095849,0.5952380952380953,0,0.2907363100913085,1
20006,8,15,2.941675483095849,0.9285714285714287,0,0.33136508051550306,1
20006,8,16,2.941675483095849,0.9285714285714287,1,0.2349892216948327,1
20006,8,17,2.941675483095849,0.7619047619047621,1,0.275917230492492,1
20006,8,18,2.941675483095849,0.5476190476190477,0,0.5259504447910852,1
20006,8,19,2.941675483095849,0.6904761904761906,1,0.5805173808517243,1
20006,8,20,2.941675483095849,0.6666666666666669,1,0.5325679168878542,1
20006,8,21,2.941675483095849,0.8333333333333335,1,0.1623465068561912,1
20006,8,22,2.941675483095849,0.6190476190476191,1,0.2864600327200346,1
20006,8,23,2.941675483095849,0.7380952380952381,1,0.24308989840467404,1
20007,8,0,2.941675483095849,0.8333333333333335,0,0.10969476140960063,1
20007,8,1,2.941675483095849,0.7619047619047621,0,0.2264431302394982,1
20007,8,2,2.941675483095849,0.9285714285714287,0,0.15009783109701583,1
20007,8,3,2.941675483095849,0.9047619047619048,0,0.10990336822634357,1
20007,8,4,2.941675483095849,0.8095238095238096,0,0.15112295826369143,1
20007,8,5,2.941675483095849,0.9761904761904763,0,0.10326344608063653,1
20007,8,6,2.941675483095849,0.8333333333333335,0,0.26695420967271827,1
20007,8,7,2.941675483095849,0.7380952380952381,0,0.10890774452097388,1
20007,8,8,2.941675483095849,0.9047619047619048,1,0.24488362230069327,1
20007,8,9,2.941675483095849,0.9047619047619048,0,0.22809561817069185,1
20007,8,10,2.941675483095849,0.7857142857142858,0,0.14931643918387616,1
20007,8,11,2.941675483095849,0.9523809523809524,0,0.14106385199204935,1
20007,8,12,2.941675483095849,0.7380952380952381,0,0.20677659510076468,1
20007,8,13,2.941675483095849,0.9761904761904763,1,0.1671324752033701,1
20007,8,14,2.941675483095849,0.9761904761904763,0,0.15202493520261753,1
20007,8,15,2.941675483095849,0.8095238095238096,0,0.1280991830191901,1
20007,8,16,2.941675483095849,0.880952380952381,0,0.24299226103321292,1
20007,8,17,2.941675483095849,0.9523809523809524,0,0.12888070887216146,1
20007,8,18,2.941675483095849,0.8571428571428572,0,0.1259915483705617,1
20007,8,19,2.941675483095849,0.880952380952381,1,0.21760512290316789,1
20007,8,20,2.941675483095849,0.9523809523809524,0,0.09073791622848462,1
20007,8,21,2.941675483095849,0.7142857142857144,0,0.16879523466624968,1
20007,8,22,2.941675483095849,0.9761904761904763,1,0.195592070951413,1
20007,8,23,2.941675483095849,0.9285714285714287,0,0.13635590752731952,1
20008,8,0,2.941675483095849,0.9285714285714287,0,0.1251684779591218,1
20008,8,1,2.941675483095849,0.7619047619047621,0,0.19931393846960732,1
20008,8,2,2.941675483095849,0.8333333333333335,0,0.27349162305307106,1
20008,8,3,2.941675483095849,0.9761904761904763,0,0.18372144720012615,1
20008,8,4,2.941675483095849,0.4761904761904762,0,0.21618695634896912,1
20008,8,5,2.941675483095849,0.5000000000000001,1,0.20149991635490747,1
20008,8,6,2.941675483095849,0.8571428571428572,1,0.3567999912372991,1
20008,8,7,2.941675483095849,0.7857142857142858,1,0.34117412088379917,1
20008,8,8,2.941675483095849,0.8095238095238096,0,0.33307151518640077,1
20008,8,9,2.941675483095849,0.8571428571428572,1,0.2987808605816805,1
20008,8,10,2.941675483095849,0.9761904761904763,0,0.3829841335815004,1
20008,8,11,2.941675483095849,0.6428571428571429,0,0.1573462288923781,1
20008,8,12,2.941675483095849,0.9761904761904763,0,0.18406262482856656,1
20008,8,13,2.941675483095849,0.9047619047619048,1,0.40035248185180716,1
20008,8,14,2.941675483095849,0.7857142857142858,1,0.19947951168432976,1
20008,8,15,2.941675483095849,0.9285714285714287,1,0.16628294813611044,1
20008,8,16,2.941675483095849,0.880952380952381,0,0.23258976974749718,1
20008,8,17,2.941675483095849,0.6190476190476191,0,0.18587679241140004,1
20008,8,18,2.941675483095849,0.8095238095238096,0,0.2538609894945598,1
20008,8,19,2.941675483095849,0.7857142857142858,0,0.14768523508781511,1
20008,8,20,2.941675483095849,0.9047619047619048,0,0.16794033838901565,1
20008,8,21,2.941675483095849,0.4047619047619048,1,0.243392377972812,1
20008,8,22,2.941675483095849,0.9285714285714287,0,0.0920276991898688,1
20008,8,23,2.941675483095849,0.9523809523809524,0,0.22825438884467752,1
20009,8,0,2.941675483095849,0.8571428571428572,1,0.28498853273709124,1
20009,8,1,2.941675483095849,0.8095238095238096,0,0.19815008630494008,1
20009,8,2,2.941675483095849,0.9047619047619048,0,0.1795240991432048,1
20009,8,3,2.941675483095849,0.6428571428571429,0,0.14673890166150838,1
20009,8,4,2.941675483095849,0.523809523809524,0,0.1918641841929129,1
20009,8,5,2.941675483095849,0.8571428571428572,0,0.14236652269425207,1
20009,8,6,2.941675483095849,0.8571428571428572,0,0.4556891540247954,1
20009,8,7,2.941675483095849,0.9285714285714287,0,0.24844531971689554,1
20009,8,8,2.941675483095849,0.7857142857142858,0,0.12283922226048316,1
20009,8,9,2.941675483095849,0.9285714285714287,1,0.35142780677788266,1
20009,8,10,2.941675483095849,0.9761904761904763,0,0.3200358924794334,1
20009,8,11,2.941675483095849,0.880952380952381,1,0.2792938976312159,1
20009,8,12,2.941675483095849,0.4761904761904762,0,0.19668857412328394,1
20009,8,13,2.941675483095849,0.9761904761904763,0,0.1969917976532519,1
20009,8,14,2.941675483095849,0.9761904761904763,0,0.6086680512462151,1
20009,8,15,2.941675483095849,0.9523809523809524,1,0.686045831699067,1
20009,8,16,2.941675483095849,0.8095238095238096,1,0.21058912987355177,1
20009,8,17,2.941675483095849,0.9523809523809524,1,0.2883956842267427,1
20009,8,18,2.941675483095849,0.9285714285714287,0,0.2688331440652634,1
20009,8,19,2.941675483095849,0.9285714285714287,1,0.2112528173859654,1
20009,8,20,2.941675483095849,0.9047619047619048,0,0.26487374729471164,1
20009,8,21,2.941675483095849,0.8095238095238096,0,0.20115711552744725,1
20009,8,22,2.941675483095849,0.8095238095238096,1,0.29732946029086793,1
20009,8,23,2.941675483095849,0.8571428571428572,1,0.30998667568694505,1
20010,8,0,2.941675483095849,0.6190476190476191,0,0.40254789092199084,1
20010,8,1,2.941675483095849,0.7619047619047621,0,1.6008281339387327,1
20010,8,2,2.941675483095849,0.4047619047619048,0,0.4142052464673381,1
20010,8,3,2.941675483095849,0.9523809523809524,0,0.6168180086290714,1
20010,8,4,2.941675483095849,0.8333333333333335,0,0.286436491747451,1
20010,8,5,2.941675483095849,0.9047619047619048,0,0.6337085208215645,1
20010,8,6,2.941675483095849,0.4761904761904762,0,0.43883496791016396,1
20010,8,7,2.941675483095849,0.6190476190476191,0,0.27035905069687827,1
20010,8,8,2.941675483095849,0.523809523809524,0,0.44603995055125994,1
20010,8,9,2.941675483095849,0.9047619047619048,0,0.17316390350685826,1
20010,8,10,2.941675483095849,0.9047619047619048,0,0.21199649681973223,1
20010,8,11,2.941675483095849,0.8333333333333335,0,3.898553498848509,1
20010,8,12,2.941675483095849,0.8333333333333335,0,0.5097476228361079,1
20010,8,13,2.941675483095849,0.9047619047619048,1,1.5093550661150479,1
20010,8,14,2.941675483095849,0.5952380952380953,0,0.334857734597483,1
20010,8,15,2.941675483095849,0.7380952380952381,0,0.26145695921811574,1
20010,8,16,2.941675483095849,0.9047619047619048,0,1.0162197012119578,1
20010,8,17,2.941675483095849,0.9047619047619048,1,0.407334975186258,1
20010,8,18,2.941675483095849,0.5714285714285715,0,0.4270369115000515,1
20010,8,19,2.941675483095849,0.8571428571428572,1,0.4349995498128032,1
20010,8,20,2.941675483095849,0.9761904761904763,0,0.626027187218956,1
20010,8,21,2.941675483095849,0.880952380952381,0,0.8809051998926558,1
20010,8,22,2.941675483095849,0.6190476190476191,0,0.3773333786236597,1
20010,8,23,2.941675483095849,0.7380952380952381,0,12.053360976169905,1
20011,8,0,2.941675483095849,0.8095238095238096,0,0.39569997611126206,1
20011,8,1,2.941675483095849,0.8095238095238096,1,0.23803985913688314,1
20011,8,2,2.941675483095849,0.6190476190476191,0,1.037278161676463,1
20011,8,3,2.941675483095849,0.8333333333333335,0,0.38618601794031576,1
20011,8,4,2.941675483095849,0.7142857142857144,0,0.5651928408242853,1
20011,8,5,2.941675483095849,0.6428571428571429,0,0.4815901024122594,1
20011,8,6,2.941675483095849,0.6190476190476191,0,1.6158681312384464,1
20011,8,7,2.941675483095849,0.7857142857142858,0,0.9730942367608802,1
20011,8,8,2.941675483095849,0.7380952380952381,1,0.24024932395747078,1
20011,8,9,2.941675483095849,0.7857142857142858,1,0.2543910407973434,1
20011,8,10,2.941675483095849,0.8333333333333335,1,0.2731721811042732,1
20011,8,11,2.941675483095849,0.9047619047619048,0,0.23992151861871217,1
20011,8,12,2.941675483095849,0.7380952380952381,1,0.2545278665446066,1
20011,8,13,2.941675483095849,0.8095238095238096,1,0.23075740453465932,1
20011,8,14,2.941675483095849,0.7380952380952381,1,0.25379734797835085,1
20011,8,15,2.941675483095849,0.9047619047619048,0,0.3049464470923194,1
20011,8,16,2.941675483095849,0.3571428571428572,1,0.3892989434135681,1
20011,8,17,2.941675483095849,0.5714285714285715,0,0.27228150568249143,1
20011,8,18,2.941675483095849,0.9047619047619048,0,0.18978069385970797,1
20011,8,19,2.941675483095849,0.7380952380952381,0,0.2386786999873915,1
20011,8,20,2.941675483095849,0.6428571428571429,0,0.4907437511861832,1
20011,8,21,2.941675483095849,0.8333333333333335,0,0.4304283920383557,1
20011,8,22,2.941675483095849,0.9761904761904763,0,0.4097072017824155,1
20011,8,23,2.941675483095849,0.8095238095238096,0,0.4547105061466188,1
20012,8,0,2.941675483095849,0.9047619047619048,0,0.28209100056276204,1
20012,8,1,2.941675483095849,0.8333333333333335,0,0.3146499459847649,1
20012,8,2,2.941675483095849,0.9047619047619048,0,0.3697177684049061,1
20012,8,3,2.941675483095849,0.8095238095238096,1,0.21553062897863495,1
20012,8,4,2.941675483095849,0.880952380952381,0,0.2930711084899009,1
20012,8,5,2.941675483095849,0.8095238095238096,1,0.7460405834633811,1
20012,8,6,2.941675483095849,0.9285714285714287,0,0.215572506914896,1
20012,8,7,2.941675483095849,0.9523809523809524,1,0.40101460043293635,1
20012,8,8,2.941675483095849,0.8333333333333335,0,0.9533586367883681,1
20012,8,9,2.941675483095849,0.4761904761904762,0,0.2918009685316303,1
20012,8,10,2.941675483095849,0.880952380952381,0,0.11096350500381985,1
20012,8,11,2.941675483095849,0.5476190476190477,1,0.2808768987434097,1
20012,8,12,2.941675483095849,0.8571428571428572,1,0.5325020589548185,1
20012,8,13,2.941675483095849,0.8571428571428572,1,0.5555036767205552,1
20012,8,14,2.941675483095849,0.8333333333333335,0,1.1150314501404088,1
20012,8,15,2.941675483095849,0.8333333333333335,1,1.38544115649879,1
20012,8,16,2.941675483095849,0.9047619047619048,1,0.15183368141243242,1
20012,8,17,2.941675483095849,0.4761904761904762,0,0.3026851590599635,1
20012,8,18,2.941675483095849,0.6428571428571429,1,0.2659336982563589,1
20012,8,19,2.941675483095849,0.8571428571428572,1,0.42731102611160043,1
20012,8,20,2.941675483095849,0.8333333333333335,0,0.17117785890556375,1
20012,8,21,2.941675483095849,0.9523809523809524,0,0.571149675594379,1
20012,8,22,2.941675483095849,0.8571428571428572,1,1.1476976057264843,1
20012,8,23,2.941675483095849,0.7857142857142858,1,0.24859343237226023,1
20013,8,0,2.941675483095849,0.30952380952380953,1,0.3051922203803471,1
20013,8,1,2.941675483095849,0.3571428571428572,0,0.2103264752463121,1
20013,8,2,2.941675483095849,-0.28571428571428575,1,0.25328302175220574,1
20013,8,3,2.941675483095849,0.4761904761904762,0,0.23359207619856664,1
20013,8,4,2.941675483095849,0.6190476190476191,1,0.35334982926667535,1
20013,8,5,2.941675483095849,0.6904761904761906,0,0.3047200992025778,1
20013,8,6,2.941675483095849,0.7857142857142858,0,0.184775394393214,1
20013,8,7,2.941675483095849,0.28571428571428575,0,0.22182603705727674,1
20013,8,8,2.941675483095849,0.523809523809524,0,0.3628012663837118,1
20013,8,9,2.941675483095849,0.14285714285714288,0,0.2188391584166642,1
20013,8,10,2.941675483095849,0.7142857142857144,0,0.2243990462653565,1
20013,8,11,2.941675483095849,0.1666666666666667,1,0.4875674088506784,1
20013,8,12,2.941675483095849,0.3333333333333334,0,0.2488035490140843,1
20013,8,13,2.941675483095849,0.9523809523809524,1,0.5864148971283495,1
20013,8,14,2.941675483095849,0.1666666666666667,1,0.26613619997971244,1
20013,8,15,2.941675483095849,0.1666666666666667,0,0.2141001028386831,1
20013,8,16,2.941675483095849,0.8333333333333335,0,0.09355612512921875,1
20013,8,17,2.941675483095849,0.4523809523809524,1,0.5929569869616096,1
20013,8,18,2.941675483095849,0.5952380952380953,1,0.3235991995469668,1
20013,8,19,2.941675483095849,0.880952380952381,0,0.3262733868939764,1
20013,8,20,2.941675483095849,0.9047619047619048,0,0.1026361623607028,1
20013,8,21,2.941675483095849,0.6904761904761906,0,0.1637291989383547,1
20013,8,22,2.941675483095849,0.6190476190476191,0,0.3465703868625154,1
20013,8,23,2.941675483095849,0.880952380952381,0,0.2581643680165156,1
20014,8,0,2.941675483095849,0.9523809523809524,0,0.40556691466697553,1
20014,8,1,2.941675483095849,0.9523809523809524,0,3.1635206591046545,1
20014,8,2,2.941675483095849,0.9047619047619048,1,0.44024225706102293,1
20014,8,3,2.941675483095849,0.8095238095238096,0,0.3774893149637143,1
20014,8,4,2.941675483095849,0.9523809523809524,0,0.6107336462930635,1
20014,8,5,2.941675483095849,0.9285714285714287,0,0.2257650591606864,1
20014,8,6,2.941675483095849,0.7142857142857144,0,0.4629722962094636,1
20014,8,7,2.941675483095849,0.9761904761904763,0,1.727490906703495,1
20014,8,8,2.941675483095849,0.8095238095238096,0,0.4990856089797938,1
20014,8,9,2.941675483095849,0.880952380952381,0,0.22134365621734353,1
20014,8,10,2.941675483095849,0.6428571428571429,0,0.48056097532450165,1
20014,8,11,2.941675483095849,0.9047619047619048,1,0.35267353979872496,1
20014,8,12,2.941675483095849,0.9047619047619048,1,0.27708510500123446,1
20014,8,13,2.941675483095849,0.9285714285714287,0,0.4358782985058907,1
20014,8,14,2.941675483095849,0.8333333333333335,0,0.3710965381336848,1
20014,8,15,2.941675483095849,0.6190476190476191,0,0.44919338776432094,1
20014,8,16,2.941675483095849,0.9047619047619048,0,0.7710687955934485,1
20014,8,17,2.941675483095849,0.5952380952380953,0,0.460088115179228,1
20014,8,18,2.941675483095849,0.9285714285714287,1,20.061781158832584,1
20014,8,19,2.941675483095849,0.9523809523809524,0,0.3300516987752281,1
20014,8,20,2.941675483095849,0.9523809523809524,0,1.0954662036310026,1
20014,8,21,2.941675483095849,0.9047619047619048,0,0.25344583608716675,1
20014,8,22,2.941675483095849,0.8095238095238096,1,0.4074524487274415,1
20014,8,23,2.941675483095849,0.9761904761904763,0,0.2399417110492658,1
20015,8,0,2.941675483095849,0.6428571428571429,1,0.3219230762901789,1
20015,8,1,2.941675483095849,0.7380952380952381,1,0.29769894618324566,1
20015,8,2,2.941675483095849,0.5000000000000001,1,0.2249609256216834,1
20015,8,3,2.941675483095849,0.7857142857142858,0,0.5999591748196229,1
20015,8,4,2.941675483095849,0.9285714285714287,1,0.25722144569236055,1
20015,8,5,2.941675483095849,0.7857142857142858,1,0.16295327672944607,1
20015,8,6,2.941675483095849,0.6904761904761906,1,0.23980641116946216,1
20015,8,7,2.941675483095849,0.7142857142857144,0,0.22003423135082734,1
20015,8,8,2.941675483095849,0.880952380952381,0,0.6390765304097072,1
20015,8,9,2.941675483095849,0.6428571428571429,1,0.4570686553516409,1
20015,8,10,2.941675483095849,0.6666666666666669,1,0.24249833265693654,1
20015,8,11,2.941675483095849,0.6904761904761906,1,0.25747611500113,1
20015,8,12,2.941675483095849,0.5952380952380953,1,0.19112670465894172,1
20015,8,13,2.941675483095849,0.7619047619047621,0,0.3005540947237312,1
20015,8,14,2.941675483095849,0.6428571428571429,1,0.4440028896838269,1
20015,8,15,2.941675483095849,0.7857142857142858,0,0.47273920016038706,1
20015,8,16,2.941675483095849,0.5714285714285715,1,0.31881534706715753,1
20015,8,17,2.941675483095849,0.7619047619047621,1,0.22757888568751994,1
20015,8,18,2.941675483095849,0.6190476190476191,1,0.33745716516802016,1
20015,8,19,2.941675483095849,0.8333333333333335,1,0.17132767115965125,1
20015,8,20,2.941675483095849,0.9047619047619048,1,0.26328624945275747,1
20015,8,21,2.941675483095849,0.523809523809524,1,0.20265463861063474,1
20015,8,22,2.941675483095849,0.6904761904761906,1,0.18230501901533555,1
20015,8,23,2.941675483095849,0.7857142857142858,0,0.6516784098432398,1
20016,8,0,2.941675483095849,0.5476190476190477,1,0.29668855253384124,1
20016,8,1,2.941675483095849,0.6190476190476191,0,0.30522785127115687,1
20016,8,2,2.941675483095849,0.9285714285714287,0,0.7473859028301012,1
20016,8,3,2.941675483095849,0.8333333333333335,1,3.612684227916454,1
20016,8,4,2.941675483095849,0.5952380952380953,1,0.3391741082698872,1
20016,8,5,2.941675483095849,0.880952380952381,1,0.270175065650331,1
20016,8,6,2.941675483095849,0.6428571428571429,0,3.947613934061505,1
20016,8,7,2.941675483095849,0.7380952380952381,0,0.23902821807323893,1
20016,8,8,2.941675483095849,0.4047619047619048,0,0.324004462259988,1
20016,8,9,2.941675483095849,0.9047619047619048,0,0.4762809366217255,1
20016,8,10,2.941675483095849,0.5476190476190477,0,0.6760440909292379,1
20016,8,11,2.941675483095849,0.7619047619047621,0,0.4906002921753557,1
20016,8,12,2.941675483095849,0.9047619047619048,0,0.9983437532936774,1
20016,8,13,2.941675483095849,0.8333333333333335,1,0.5682177376866497,1
20016,8,14,2.941675483095849,0.8333333333333335,0,0.3288753534934199,1
20016,8,15,2.941675483095849,0.8095238095238096,0,0.24242195102534878,1
20016,8,16,2.941675483095849,0.28571428571428575,0,0.2535638739132605,1
20016,8,17,2.941675483095849,0.4285714285714286,0,0.3278535877238409,1
20016,8,18,2.941675483095849,0.8095238095238096,1,0.32313322128041116,1
20016,8,19,2.941675483095849,0.8571428571428572,1,0.5549753761964562,1
20016,8,20,2.941675483095849,0.8095238095238096,0,0.6098366159070387,1
20016,8,21,2.941675483095849,0.5714285714285715,0,0.27140323478919876,1
20016,8,22,2.941675483095849,0.30952380952380953,1,0.3687377715879768,1
20016,8,23,2.941675483095849,0.8333333333333335,1,0.32448293785538784,1
20017,8,0,2.941675483095849,0.9047619047619048,1,50.95767662452485,1
20017,8,1,2.941675483095849,0.7857142857142858,1,49.470848781342696,1
20017,8,2,2.941675483095849,0.9285714285714287,1,,0
20017,8,3,2.941675483095849,0.8571428571428572,1,,0
20017,8,4,2.941675483095849,0.8333333333333335,0,,0
20017,8,5,2.941675483095849,0.8095238095238096,1,,0
20017,8,6,2.941675483095849,0.880952380952381,1,,0
20017,8,7,2.941675483095849,0.9285714285714287,0,,0
20017,8,8,2.941675483095849,0.9761904761904763,0,44.706211270019324,1
20017,8,9,2.941675483095849,0.9285714285714287,0,,0
20017,8,10,2.941675483095849,0.9523809523809524,0,48.97221510425788,1
20017,8,11,2.941675483095849,0.9047619047619048,0,41.01778775688139,1
20017,8,12,2.941675483095849,0.880952380952381,0,,0
20017,8,13,2.941675483095849,0.9761904761904763,0,45.29336340607803,1
20017,8,14,2.941675483095849,0.9047619047619048,0,,0
20017,8,15,2.941675483095849,0.9523809523809524,0,,0
20017,8,16,2.941675483095849,0.8095238095238096,1,,0
20017,8,17,2.941675483095849,0.8571428571428572,1,,0
20017,8,18,2.941675483095849,0.8571428571428572,1,,0
20017,8,19,2.941675483095849,0.9761904761904763,1,,0
20017,8,20,2.941675483095849,0.9047619047619048,1,36.60271499513466,1
20017,8,21,2.941675483095849,0.7380952380952381,1,46.85601508373672,1
20017,8,22,2.941675483095849,0.8571428571428572,1,50.39414453889827,1
20017,8,23,2.941675483095849,0.8571428571428572,1,,0
20018,8,0,2.941675483095849,0.023809523809523815,0,0.2174088847199051,1
20018,8,1,2.941675483095849,0.9523809523809524,0,0.1704962405199567,1
20018,8,2,2.941675483095849,0.8333333333333335,0,0.14109163224034746,1
20018,8,3,2.941675483095849,0.4047619047619048,1,0.2506718949059423,1
20018,8,4,2.941675483095849,0.30952380952380953,0,0.22519600603907008,1
20018,8,5,2.941675483095849,0.3571428571428572,0,0.20694384587744064,1
20018,8,6,2.941675483095849,0.3571428571428572,0,0.23115013000074394,1
20018,8,7,2.941675483095849,0.6428571428571429,0,0.27116431606284114,1
20018,8,8,2.941675483095849,0.4047619047619048,0,0.22638549949007533,1
20018,8,9,2.941675483095849,0.4047619047619048,0,0.4662579461550518,1
20018,8,10,2.941675483095849,0.3333333333333334,0,0.21867567031110105,1
20018,8,11,2.941675483095849,0.8571428571428572,1,0.5183773073487009,1
20018,8,12,2.941675483095849,0.7619047619047621,0,0.3022474884628797,1
20018,8,13,2.941675483095849,1.0,0,0.2957715385958577,1
20018,8,14,2.941675483095849,0.8333333333333335,0,0.19067995472519078,1
20018,8,15,2.941675483095849,0.8333333333333335,1,0.43656470022961147,1
20018,8,16,2.941675483095849,0.4761904761904762,0,0.25353189216211885,1
20018,8,17,2.941675483095849,0.5000000000000001,0,0.2213001899266351,1
20018,8,18,2.941675483095849,0.2380952380952381,0,0.23841669232066598,1
20018,8,19,2.941675483095849,0.261904761904762,0,0.2469517650989823,1
20018,8,20,2.941675483095849,0.9047619047619048,0,0.15493716229020477,1
20018,8,21,2.941675483095849,0.8333333333333335,0,0.16445651694941485,1
20018,8,22,2.941675483095849,0.5952380952380953,0,0.26784997677959443,1
20018,8,23,2.941675483095849,0.5714285714285715,0,0.3741943863162107,1
20019,8,0,2.941675483095849,0.7619047619047621,1,0.44685424183146255,1
20019,8,1,2.941675483095849,0.6190476190476191,0,0.4504933418505289,1
20019,8,2,2.941675483095849,0.9047619047619048,0,1.1644471689615838,1
20019,8,3,2.941675483095849,0.9285714285714287,0,0.18431122365815053,1
20019,8,4,2.941675483095849,0.9047619047619048,1,1.157782011226315,1
20019,8,5,2.941675483095849,0.880952380952381,1,0.25161983960930323,1
20019,8,6,2.941675483095849,0.9047619047619048,0,0.24447603166350532,1
20019,8,7,2.941675483095849,0.9285714285714287,0,0.4226187983944507,1
20019,8,8,2.941675483095849,0.9761904761904763,0,0.5016099173236346,1
20019,8,9,2.941675483095849,0.5952380952380953,1,0.45242885906777197,1
20019,8,10,2.941675483095849,1.0,0,0.24769545586424754,1
20019,8,11,2.941675483095849,0.9523809523809524,1,0.5169718189973597,1
20019,8,12,2.941675483095849,0.8571428571428572,1,0.7799668539951088,1
20019,8,13,2.941675483095849,0.9285714285714287,0,0.15215517023242175,1
20019,8,14,2.941675483095849,0.880952380952381,1,2.2887669760007245,1
20019,8,15,2.941675483095849,0.9047619047619048,1,0.4104021854587677,1
20019,8,16,2.941675483095849,0.9761904761904763,0,0.291081518072782,1
20019,8,17,2.941675483095849,0.5952380952380953,1,0.4594474705270293,1
20019,8,18,2.941675483095849,0.9285714285714287,0,0.5734827022815777,1
20019,8,19,2.941675483095849,0.9761904761904763,0,0.2263135855081326,1
20019,8,20,2.941675483095849,0.9761904761904763,0,5.957107117196641,1
20019,8,21,2.941675483095849,0.9047619047619048,1,3.535967162134885,1
20019,8,22,2.941675483095849,0.5476190476190477,0,0.49698152477313584,1
20019,8,23,2.941675483095849,0.9523809523809524,1,1.1544821320646554,1
20020,8,0,2.941675483095849,0.2380952380952381,1,0.2610414415335492,1
20020,8,1,2.941675483095849,0.6904761904761906,1,0.24039539873048998,1
20020,8,2,2.941675483095849,0.7380952380952381,0,0.2996514858202042,1
20020,8,3,2.941675483095849,0.9523809523809524,1,0.9380602621783911,1
20020,8,4,2.941675483095849,0.38095238095238104,1,0.1973909866622809,1
20020,8,5,2.941675483095849,0.7619047619047621,1,0.98027661580307,1
20020,8,6,2.941675483095849,0.261904761904762,1,0.2681607936743421,1
20020,8,7,2.941675483095849,0.6904761904761906,1,0.2950567169618855,1
20020,8,8,2.941675483095849,0.880952380952381,0,0.4007961555376407,1
20020,8,9,2.941675483095849,0.8095238095238096,1,0.20444244391925892,1
20020,8,10,2.941675483095849,0.3333333333333334,1,0.26230703465435296,1
20020,8,11,2.941675483095849,0.6904761904761906,1,0.5188260523974453,1
20020,8,12,2.941675483095849,0.261904761904762,1,0.35410029429395135,1
20020,8,13,2.941675483095849,0.6904761904761906,1,0.22504429596252654,1
20020,8,14,2.941675483095849,0.1666666666666667,1,0.27502204220071214,1
20020,8,15,2.941675483095849,0.7619047619047621,0,0.32559001768240725,1
20020,8,16,2.941675483095849,0.09523809523809526,1,0.2353701728109014,1
20020,8,17,2.941675483095849,0.880952380952381,0,0.1633445664846807,1
20020,8,18,2.941675483095849,0.523809523809524,1,0.32139720605259314,1
20020,8,19,2.941675483095849,0.4761904761904762,0,0.17012567759999944,1
20020,8,20,2.941675483095849,0.8571428571428572,1,0.3649278327412143,1
20020,8,21,2.941675483095849,0.6904761904761906,1,0.13082591052198847,1
20020,8,22,2.941675483095849,0.19047619047619052,1,0.2661059298665139,1
20020,8,23,2.941675483095849,0.11904761904761905,1,0.2653326934533019,1
20021,8,0,2.941675483095849,0.7380952380952381,0,0.29910383929427997,1
20021,8,1,2.941675483095849,0.9523809523809524,1,0.14180667229079277,1
20021,8,2,2.941675483095849,0.7380952380952381,0,0.294551474857203,1
20021,8,3,2.941675483095849,0.5476190476190477,0,0.2903894649084659,1
20021,8,4,2.941675483095849,0.6428571428571429,0,0.3037831952653566,1
20021,8,5,2.941675483095849,0.880952380952381,0,0.2102611334459719,1
20021,8,6,2.941675483095849,0.8095238095238096,1,0.23052850332949526,1
20021,8,7,2.941675483095849,0.9761904761904763,0,0.11487793363962043,1
20021,8,8,2.941675483095849,0.8095238095238096,0,0.2646386841250639,1
20021,8,9,2.941675483095849,0.8095238095238096,0,0.34396964275333725,1
20021,8,10,2.941675483095849,0.6428571428571429,0,0.15873392258929994,1
20021,8,11,2.941675483095849,0.7380952380952381,0,0.22431905893044513,1
20021,8,12,2.941675483095849,0.7857142857142858,0,0.1701147126163797,1
20021,8,13,2.941675483095849,0.8333333333333335,0,0.18583468354197807,1
20021,8,14,2.941675483095849,0.8095238095238096,1,0.21951733876691176,1
20021,8,15,2.941675483095849,0.8095238095238096,0,0.12328870750199629,1
20021,8,16,2.941675483095849,0.7142857142857144,0,0.1492513778833891,1
20021,8,17,2.941675483095849,0.8095238095238096,0,0.12043741510273274,1
20021,8,18,2.941675483095849,1.0,0,0.08872214842439803,1
20021,8,19,2.941675483095849,0.6904761904761906,1,0.2606470552764483,1
20021,8,20,2.941675483095849,0.6666666666666669,0,0.2107209206993283,1
20021,8,21,2.941675483095849,0.6904761904761906,0,0.17840365804589503,1
20021,8,22,2.941675483095849,0.6666666666666669,0,0.3875492745770376,1
20021,8,23,2.941675483095849,0.880952380952381,0,0.1846367344242129,1
20022,8,0,2.941675483095849,0.9047619047619048,0,0.10141999928814494,1
20022,8,1,2.941675483095849,0.7380952380952381,0,0.2481997443314419,1
20022,8,2,2.941675483095849,0.8333333333333335,1,0.15302566374206655,1
20022,8,3,2.941675483095849,0.8333333333333335,0,0.320745526008694,1
20022,8,4,2.941675483095849,0.9523809523809524,0,0.09608621517027478,1
20022,8,5,2.941675483095849,0.9523809523809524,0,0.20886442124084925,1
20022,8,6,2.941675483095849,0.880952380952381,0,0.151544494829096,1
20022,8,7,2.941675483095849,0.8095238095238096,1,0.2305353098682622,1
20022,8,8,2.941675483095849,0.8571428571428572,1,0.13190209049093377,1
20022,8,9,2.941675483095849,0.8333333333333335,0,0.2677407568255904,1
20022,8,10,2.941675483095849,0.8095238095238096,0,0.22070744687892463,1
20022,8,11,2.941675483095849,0.8333333333333335,1,0.16682155698073217,1
20022,8,12,2.941675483095849,0.9285714285714287,0,0.20598082166215265,1
20022,8,13,2.941675483095849,0.9285714285714287,0,0.10535785944008072,1
20022,8,14,2.941675483095849,0.9285714285714287,0,0.1558502614631146,1
20022,8,15,2.941675483095849,0.9285714285714287,0,0.14623253150721008,1
20022,8,16,2.941675483095849,0.7619047619047621,0,0.1730450204031473,1
20022,8,17,2.941675483095849,0.8095238095238096,1,0.18416476463851644,1
20022,8,18,2.941675483095849,0.9047619047619048,1,0.15208023159979786,1
20022,8,19,2.941675483095849,0.9761904761904763,0,0.08619424034834555,1
20022,8,20,2.941675483095849,0.8095238095238096,1,0.23147005162836548,1
20022,8,21,2.941675483095849,0.7380952380952381,1,0.2706384735728016,1
20022,8,22,2.941675483095849,0.7380952380952381,0,0.18938141187014934,1
20022,8,23,2.941675483095849,0.8095238095238096,1,0.15179839319540075,1
20023,8,0,2.941675483095849,0.4761904761904762,0,0.2499331155360229,1
20023,8,1,2.941675483095849,0.9761904761904763,1,0.6302232800294201,1
20023,8,2,2.941675483095849,0.9285714285714287,0,0.24033097049595312,1
20023,8,3,2.941675483095849,0.9761904761904763,0,0.36573734462778984,1
20023,8,4,2.941675483095849,0.8333333333333335,1,1.2030305695036707,1
20023,8,5,2.941675483095849,0.9047619047619048,1,1.2487430328893903,1
20023,8,6,2.941675483095849,0.9523809523809524,1,0.25022868093321704,1
20023,8,7,2.941675483095849,0.880952380952381,0,0.13508022553554527,1
20023,8,8,2.941675483095849,0.9285714285714287,0,0.48589891660244877,1
20023,8,9,2.941675483095849,0.9761904761904763,0,0.42017550673139437,1
20023,8,10,2.941675483095849,1.0,0,0.2850480885043717,1
20023,8,11,2.941675483095849,0.8571428571428572,0,0.3503098448996894,1
20023,8,12,2.941675483095849,0.9761904761904763,0,0.14410233613676193,1
20023,8,13,2.941675483095849,0.4047619047619048,1,0.29344474335031845,1
20023,8,14,2.941675483095849,0.9047619047619048,0,0.30459082040220964,1
20023,8,15,2.941675483095849,0.880952380952381,1,0.25902271024149337,1
20023,8,16,2.941675483095849,0.6190476190476191,0,0.2902298935443251,1
20023,8,17,2.941675483095849,0.9285714285714287,0,0.08331038766224907,1
20023,8,18,2.941675483095849,0.30952380952380953,1,0.31365089270232105,1
20023,8,19,2.941675483095849,0.8333333333333335,0,0.3728947266010586,1
20023,8,20,2.941675483095849,0.8333333333333335,0,0.96874767279117,1
20023,8,21,2.941675483095849,0.9761904761904763,1,0.15633382360913808,1
20023,8,22,2.941675483095849,0.9047619047619048,1,0.5283404674682615,1
20023,8,23,2.941675483095849,0.9523809523809524,1,0.5225330015752697,1
20024,8,0,2.941675483095849,0.9761904761904763,0,0.3757946370140288,1
20024,8,1,2.941675483095849,0.8333333333333335,1,1.990955109447249,1
20024,8,2,2.941675483095849,0.8333333333333335,1,0.7771063767482287,1
20024,8,3,2.941675483095849,0.9285714285714287,0,0.7592147383451028,1
20024,8,4,2.941675483095849,0.9285714285714287,0,0.21809356962721335,1
20024,8,5,2.941675483095849,0.9761904761904763,0,0.9750855764760884,1
20024,8,6,2.941675483095849,0.3333333333333334,0,0.5211078767538981,1
20024,8,7,2.941675483095849,0.9285714285714287,0,1.3762851348395828,1
20024,8,8,2.941675483095849,0.7857142857142858,0,0.37470077768516397,1
20024,8,9,2.941675483095849,0.9523809523809524,1,0.8448002983534545,1
20024,8,10,2.941675483095849,0.9761904761904763,0,2.6404385590567445,1
20024,8,11,2.941675483095849,0.9285714285714287,0,0.39426168116926363,1
20024,8,12,2.941675483095849,0.6666666666666669,0,0.4826727526619045,1
20024,8,13,2.941675483095849,0.7619047619047621,1,0.5007386519770237,1
20024,8,14,2.941675483095849,0.5952380952380953,1,0.4755847702416056,1
20024,8,15,2.941675483095849,0.880952380952381,0,1.8703467855835108,1
20024,8,16,2.941675483095849,0.7380952380952381,1,0.5838894141893162,1
20024,8,17,2.941675483095849,1.0,0,0.7501906039458452,1
20024,8,18,2.941675483095849,0.9523809523809524,1,,0
20024,8,19,2.941675483095849,0.9285714285714287,0,1.2653392762946873,1
20024,8,20,2.941675483095849,0.6190476190476191,0,0.46483483533805636,1
20024,8,21,2.941675483095849,0.9047619047619048,0,1.8965705636420112,1
20024,8,22,2.941675483095849,0.8333333333333335,1,1.9890726287630502,1
20024,8,23,2.941675483095849,0.9761904761904763,0,1.0829822007569456,1
20025,8,0,2.941675483095849,0.9761904761904763,0,0.18031054619118708,1
20025,8,1,2.941675483095849,0.9761904761904763,1,0.1098407364147724,1
20025,8,2,2.941675483095849,0.8095238095238096,1,0.2553469608918109,1
20025,8,3,2.941675483095849,0.880952380952381,1,0.15965637441793762,1
20025,8,4,2.941675483095849,0.9523809523809524,0,0.26744293987760726,1
20025,8,5,2.941675483095849,0.9523809523809524,0,0.3499877053318813,1
20025,8,6,2.941675483095849,0.880952380952381,0,0.06258519147620578,1
20025,8,7,2.941675483095849,0.9285714285714287,0,0.07472422366504305,1
20025,8,8,2.941675483095849,0.8095238095238096,1,0.12469347634018202,1
20025,8,9,2.941675483095849,0.9047619047619048,0,0.28376880584824904,1
20025,8,10,2.941675483095849,1.0,0,0.34267576775859776,1
20025,8,11,2.941675483095849,1.0,0,0.3639505001400841,1
20025,8,12,2.941675483095849,0.9047619047619048,1,0.1271219700102821,1
20025,8,13,2.941675483095849,0.8095238095238096,0,0.322978741834708,1
20025,8,14,2.941675483095849,0.7857142857142858,1,0.20623227712621942,1
20025,8,15,2.941675483095849,0.880952380952381,0,0.3147320662292499,1
20025,8,16,2.941675483095849,0.8095238095238096,0,0.25550049973232203,1
20025,8,17,2.941675483095849,0.9047619047619048,0,0.13160404282842708,1
20025,8,18,2.941675483095849,0.9047619047619048,0,0.24382927163393725,1
20025,8,19,2.941675483095849,0.8571428571428572,1,0.13393954018535542,1
20025,8,20,2.941675483095849,0.880952380952381,0,0.232852767687481,1
20025,8,21,2.941675483095849,0.880952380952381,0,0.13267948310833655,1
20025,8,22,2.941675483095849,0.9523809523809524,0,0.08885486567312656,1
20025,8,23,2.941675483095849,0.9047619047619048,0,0.08604760313850299,1
20026,8,0,2.941675483095849,0.8095238095238096,1,0.26955010664855505,1
20026,8,1,2.941675483095849,0.9285714285714287,1,0.28763432658474947,1
20026,8,2,2.941675483095849,0.9523809523809524,0,0.29634411866322935,1
20026,8,3,2.941675483095849,0.9523809523809524,0,0.17407223533765115,1
20026,8,4,2.941675483095849,0.8333333333333335,0,0.18582187454657492,1
20026,8,5,2.941675483095849,0.9285714285714287,0,0.23704081181985698,1
20026,8,6,2.941675483095849,0.9285714285714287,1,0.400358282589786,1
20026,8,7,2.941675483095849,0.9523809523809524,0,0.12650475808362205,1
20026,8,8,2.941675483095849,0.9761904761904763,0,0.19377552496483946,1
20026,8,9,2.941675483095849,0.9761904761904763,0,0.10610848533287284,1
20026,8,10,2.941675483095849,0.9523809523809524,1,0.17303281192555078,1
20026,8,11,2.941675483095849,0.880952380952381,0,0.18322249904663226,1
20026,8,12,2.941675483095849,0.880952380952381,1,0.232886241395406,1
20026,8,13,2.941675483095849,0.8095238095238096,1,0.14181445575514562,1
20026,8,14,2.941675483095849,0.8333333333333335,0,0.20164358272491928,1
20026,8,15,2.941675483095849,0.9047619047619048,1,0.16454933047010933,1
20026,8,16,2.941675483095849,0.9047619047619048,0,0.18647362390725092,1
20026,8,17,2.941675483095849,0.8095238095238096,1,0.2024915974746355,1
20026,8,18,2.941675483095849,0.8095238095238096,1,0.2709659043102371,1
20026,8,19,2.941675483095849,0.9047619047619048,0,0.22212969706221952,1
20026,8,20,2.941675483095849,0.9047619047619048,1,0.24645160308570846,1
20026,8,21,2.941675483095849,0.9047619047619048,0,0.437056689525108,1
20026,8,22,2.941675483095849,0.9761904761904763,0,0.12294615023883343,1
20026,8,23,2.941675483095849,0.9285714285714287,1,0.2685014014297139,1
20027,8,0,2.941675483095849,0.8333333333333335,0,0.8360034738976554,1
20027,8,1,2.941675483095849,0.9285714285714287,1,0.1795209833602769,1
20027,8,2,2.941675483095849,0.8333333333333335,0,0.15672928544737402,1
20027,8,3,2.941675483095849,0.5476190476190477,0,0.367778941977873,1
20027,8,4,2.941675483095849,0.9523809523809524,0,0.40572186123832743,1
20027,8,5,2.941675483095849,0.880952380952381,0,0.44372857117952696,1
20027,8,6,2.941675483095849,0.9523809523809524,0,0.14690397434482494,1
20027,8,7,2.941675483095849,0.9285714285714287,1,0.26199310738092507,1
20027,8,8,2.941675483095849,0.9761904761904763,0,0.5636402686745059,1
20027,8,9,2.941675483095849,0.9761904761904763,0,0.5185286532174527,1
20027,8,10,2.941675483095849,0.8333333333333335,0,0.14589414565542103,1
20027,8,11,2.941675483095849,0.9285714285714287,0,0.9293891487815382,1
20027,8,12,2.941675483095849,0.6904761904761906,0,0.366049796784373,1
20027,8,13,2.941675483095849,0.9285714285714287,0,0.3627075260563881,1
20027,8,14,2.941675483095849,0.880952380952381,1,0.6983083787608642,1
20027,8,15,2.941675483095849,0.9285714285714287,0,0.5252338459531601,1
20027,8,16,2.941675483095849,0.7142857142857144,0,0.35438778207455623,1
20027,8,17,2.941675483095849,0.6190476190476191,0,0.35561028624992086,1
20027,8,18,2.941675483095849,0.5714285714285715,0,0.36235097014331485,1
20027,8,19,2.941675483095849,0.7380952380952381,0,0.30181008512739393,1
20027,8,20,2.941675483095849,0.5952380952380953,0,0.34868515538842637,1
20027,8,21,2.941675483095849,0.8095238095238096,1,0.32061158321486394,1
20027,8,22,2.941675483095849,0.8571428571428572,0,0.17545368583156415,1
20027,8,23,2.941675483095849,0.9285714285714287,0,0.7545869216125289,1
20028,8,0,2.941675483095849,0.30952380952380953,1,0.2694921089561652,1
20028,8,1,2.941675483095849,0.880952380952381,1,0.6755225901996915,1
20028,8,2,2.941675483095849,0.6666666666666669,0,0.27962842039733965,1
20028,8,3,2.941675483095849,0.8095238095238096,1,0.7807654129386652,1
20028,8,4,2.941675483095849,0.880952380952381,0,0.6939124958322411,1
20028,8,5,2.941675483095849,0.7619047619047621,0,0.23208073289005549,1
20028,8,6,2.941675483095849,0.4285714285714286,0,0.24839679704261647,1
20028,8,7,2.941675483095849,0.5952380952380953,0,0.25934256664893574,1
20028,8,8,2.941675483095849,0.9047619047619048,0,0.12305806075178156,1
20028,8,9,2.941675483095849,0.8333333333333335,1,0.21686254896511392,1
20028,8,10,2.941675483095849,0.7619047619047621,1,0.230386239312856,1
20028,8,11,2.941675483095849,0.5714285714285715,1,0.2777369108908039,1
20028,8,12,2.941675483095849,0.9761904761904763,0,0.35196345492054826,1
20028,8,13,2.941675483095849,0.9047619047619048,1,0.32464876550644284,1
20028,8,14,2.941675483095849,0.7380952380952381,1,0.22706096947450355,1
20028,8,15,2.941675483095849,0.8333333333333335,0,0.9603296538368113,1
20028,8,16,2.941675483095849,0.880952380952381,0,0.13542287489680171,1
20028,8,17,2.941675483095849,0.8333333333333335,1,0.22752552477950494,1
20028,8,18,2.941675483095849,0.3571428571428572,1,0.29085475912153336,1
20028,8,19,2.941675483095849,0.880952380952381,1,0.19807609657154007,1
20028,8,20,2.941675483095849,0.9761904761904763,0,0.16048370964332226,1
20028,8,21,2.941675483095849,0.8095238095238096,1,0.5136464571150805,1
20028,8,22,2.941675483095849,0.8333333333333335,0,0.8292236951257073,1
20028,8,23,2.941675483095849,0.7857142857142858,1,0.25425170499839694,1
20029,8,0,2.941675483095849,0.7619047619047621,1,0.36801905266332136,1
20029,8,1,2.941675483095849,0.880952380952381,1,0.42682189956708605,1
20029,8,2,2.941675483095849,0.6666666666666669,1,0.1689087498537728,1
20029,8,3,2.941675483095849,0.7142857142857144,1,0.24737750317630483,1
20029,8,4,2.941675483095849,0.30952380952380953,1,0.1370284434772451,1
20029,8,5,2.941675483095849,0.4523809523809524,0,0.1836269588401774,1
20029,8,6,2.941675483095849,0.4047619047619048,0,0.1712088885007396,1
20029,8,7,2.941675483095849,0.5952380952380953,1,0.16141601015812018,1
20029,8,8,2.941675483095849,0.9285714285714287,1,0.36259415664879124,1
20029,8,9,2.941675483095849,0.6904761904761906,1,0.1716926441418598,1
20029,8,10,2.941675483095849,0.7619047619047621,1,0.18654297363735273,1
20029,8,11,2.941675483095849,0.8095238095238096,1,0.09229447666396678,1
20029,8,12,2.941675483095849,0.880952380952381,1,0.27489714028850876,1
20029,8,13,2.941675483095849,0.8333333333333335,1,0.2951055360309877,1
20029,8,14,2.941675483095849,0.9285714285714287,0,0.3478120308615894,1
20029,8,15,2.941675483095849,0.7857142857142858,1,0.13692755661628575,1
20029,8,16,2.941675483095849,0.8333333333333335,1,0.2283384899037066,1
20029,8,17,2.941675483095849,0.6666666666666669,0,0.1460509795141473,1
20029,8,18,2.941675483095849,0.6428571428571429,1,0.28626444220493824,1
20029,8,19,2.941675483095849,0.8333333333333335,1,0.16950807022294825,1
20029,8,20,2.941675483095849,0.4047619047619048,1,0.16690351170289044,1
20029,8,21,2.941675483095849,0.6190476190476191,0,0.09023157904498158,1
20029,8,22,2.941675483095849,0.6428571428571429,0,0.1995196021715765,1
20029,8,23,2.941675483095849,0.5000000000000001,1,0.18619587646636565,1
20030,8,0,2.941675483095849,0.9285714285714287,0,0.20422974464624055,1
20030,8,1,2.941675483095849,0.8333333333333335,0,0.15949480783857317,1
20030,8,2,2.941675483095849,0.9047619047619048,1,0.2684719184487804,1
20030,8,3,2.941675483095849,0.7857142857142858,0,0.2573451040632644,1
20030,8,4,2.941675483095849,0.9761904761904763,0,0.12493348731667873,1
20030,8,5,2.941675483095849,0.8095238095238096,1,0.24449791519375305,1
20030,8,6,2.941675483095849,0.7857142857142858,1,0.405949685422033,1
20030,8,7,2.941675483095849,1.0,0,0.17064457677459044,1
20030,8,8,2.941675483095849,0.9047619047619048,0,0.17617431671643724,1
20030,8,9,2.941675483095849,0.8333333333333335,0,0.1773458103595475,1
20030,8,10,2.941675483095849,0.8333333333333335,0,0.17153147275947114,1
20030,8,11,2.941675483095849,0.9047619047619048,0,0.25475425993689343,1
20030,8,12,2.941675483095849,0.9047619047619048,1,0.23449705416757832,1
20030,8,13,2.941675483095849,0.9285714285714287,1,0.191478197958905,1
20030,8,14,2.941675483095849,0.8095238095238096,1,0.2371754968265551,1
20030,8,15,2.941675483095849,0.9523809523809524,0,0.26030937971230955,1
20030,8,16,2.941675483095849,0.9047619047619048,1,0.21251972707040098,1
20030,8,17,2.941675483095849,0.9047619047619048,1,0.2289647633269044,1
20030,8,18,2.941675483095849,0.9285714285714287,0,0.11140915956484385,1
20030,8,19,2.941675483095849,0.9523809523809524,0,0.2703273721107797,1
20030,8,20,2.941675483095849,0.9523809523809524,0,0.18574196028121798,1
20030,8,21,2.941675483095849,0.9047619047619048,0,0.39530745288762464,1
20030,8,22,2.941675483095849,1.0,0,0.04973865261899087,1
20030,8,23,2.941675483095849,0.7857142857142858,0,0.1703325878608598,1
20031,8,0,2.941675483095849,0.6904761904761906,0,0.41500547276899913,1
20031,8,1,2.941675483095849,0.7857142857142858,1,0.6902430390344467,1
20031,8,2,2.941675483095849,0.9047619047619048,0,0.6442494658815272,1
20031,8,3,2.941675483095849,0.7857142857142858,0,0.41055098771273546,1
20031,8,4,2.941675483095849,0.8333333333333335,0,0.5359928009736895,1
20031,8,5,2.941675483095849,0.7619047619047621,1,4.449506392926139,1
20031,8,6,2.941675483095849,0.8571428571428572,0,0.39326512695016047,1
20031,8,7,2.941675483095849,0.9523809523809524,0,2.1709985640476557,1
20031,8,8,2.941675483095849,0.880952380952381,0,0.6320137727644234,1
20031,8,9,2.941675483095849,0.6428571428571429,0,2.8915020444338664,1
20031,8,10,2.941675483095849,0.9761904761904763,0,1.3892031280930182,1
20031,8,11,2.941675483095849,0.7619047619047621,0,0.5050071261808272,1
20031,8,12,2.941675483095849,0.9523809523809524,0,0.6416084038039892,1
20031,8,13,2.941675483095849,0.8571428571428572,1,0.36493656643516426,1
20031,8,14,2.941675483095849,1.0,0,0.5749949523578496,1
20031,8,15,2.941675483095849,0.9761904761904763,1,0.5742484274219763,1
20031,8,16,2.941675483095849,0.8095238095238096,0,0.3770813130943121,1
20031,8,17,2.941675483095849,0.6666666666666669,1,0.4403893053337969,1
20031,8,18,2.941675483095849,0.5714285714285715,0,0.3170057666167795,1
20031,8,19,2.941675483095849,0.7380952380952381,0,2.071970770397169,1
20031,8,20,2.941675483095849,0.9285714285714287,0,0.6536067764912841,1
20031,8,21,2.941675483095849,0.7857142857142858,0,0.8081430871157269,1
20031,8,22,2.941675483095849,0.8095238095238096,1,,0
20031,8,23,2.941675483095849,0.880952380952381,0,0.6191464595028832,1
20032,8,0,2.941675483095849,0.9761904761904763,0,1.6107598348314622,1
20032,8,1,2.941675483095849,0.8571428571428572,0,0.460154399336977,1
20032,8,2,2.941675483095849,0.9285714285714287,0,0.6637541140930266,1
20032,8,3,2.941675483095849,0.880952380952381,0,25.083292261101494,1
20032,8,4,2.941675483095849,0.9285714285714287,1,0.4708485226463285,1
20032,8,5,2.941675483095849,0.9285714285714287,0,0.43386274196194297,1
20032,8,6,2.941675483095849,0.9285714285714287,0,0.29992497553814235,1
20032,8,7,2.941675483095849,0.9047619047619048,0,3.3747317573785107,1
20032,8,8,2.941675483095849,0.9761904761904763,0,1.081288484840935,1
20032,8,9,2.941675483095849,0.9047619047619048,0,0.48771618827380026,1
20032,8,10,2.941675483095849,0.9761904761904763,0,0.5335674052088824,1
20032,8,11,2.941675483095849,0.9523809523809524,0,14.374534940885233,1
20032,8,12,2.941675483095849,0.8571428571428572,1,,0
20032,8,13,2.941675483095849,0.880952380952381,1,7.174123944558821,1
20032,8,14,2.941675483095849,0.9523809523809524,0,0.3366183544425873,1
20032,8,15,2.941675483095849,0.9047619047619048,1,0.2777998905769061,1
20032,8,16,2.941675483095849,0.8571428571428572,0,0.22432284390479046,1
20032,8,17,2.941675483095849,0.9523809523809524,0,,0
20032,8,18,2.941675483095849,0.9047619047619048,1,0.4205480378741504,1
20032,8,19,2.941675483095849,0.9285714285714287,0,0.2931361633152621,1
20032,8,20,2.941675483095849,0.7619047619047621,0,0.43856512044699547,1
20032,8,21,2.941675483095849,0.9047619047619048,1,5.735427303010785,1
20032,8,22,2.941675483095849,0.880952380952381,1,2.5839534982522765,1
20032,8,23,2.941675483095849,0.9047619047619048,0,0.5323964637825431,1
20033,8,0,2.941675483095849,0.7857142857142858,1,2.583286327117566,1
20033,8,1,2.941675483095849,0.880952380952381,1,0.5925841057278628,1
20033,8,2,2.941675483095849,0.9285714285714287,0,0.9025352837613826,1
20033,8,3,2.941675483095849,0.7142857142857144,0,0.3943327800864167,1
20033,8,4,2.941675483095849,0.7857142857142858,1,1.583712525385543,1
20033,8,5,2.941675483095849,0.7380952380952381,0,0.5302021580084944,1
20033,8,6,2.941675483095849,0.9523809523809524,0,0.9073193006612773,1
20033,8,7,2.941675483095849,0.880952380952381,0,0.9296633769350151,1
20033,8,8,2.941675483095849,0.9047619047619048,1,,0
20033,8,9,2.941675483095849,0.7619047619047621,0,6.357605147502584,1
20033,8,10,2.941675483095849,0.8571428571428572,0,0.8356252509120663,1
20033,8,11,2.941675483095849,0.8571428571428572,1,0.9063218568572284,1
20033,8,12,2.941675483095849,0.7142857142857144,0,1.0090468738453575,1
20033,8,13,2.941675483095849,0.9285714285714287,0,2.7511482864420103,1
20033,8,14,2.941675483095849,0.7380952380952381,1,0.2930584875815825,1
20033,8,15,2.941675483095849,0.8095238095238096,1,0.8204790672306133,1
20033,8,16,2.941675483095849,0.8333333333333335,1,0.456337490279915,1
20033,8,17,2.941675483095849,0.9523809523809524,0,0.4188877218967981,1
20033,8,18,2.941675483095849,0.5714285714285715,1,0.7464464006626699,1
20033,8,19,2.941675483095849,0.880952380952381,1,0.29690623982178577,1
20033,8,20,2.941675483095849,0.6904761904761906,1,0.6542807671054058,1
20033,8,21,2.941675483095849,0.8571428571428572,0,0.9674015205291896,1
20033,8,22,2.941675483095849,0.9761904761904763,0,1.9799821923852097,1
20033,8,23,2.941675483095849,0.9285714285714287,1,1.7896003868787305,1
20034,8,0,2.941675483095849,0.880952380952381,0,0.13181779806791316,1
20034,8,1,2.941675483095849,0.8095238095238096,1,0.22311207447122286,1
20034,8,2,2.941675483095849,0.3571428571428572,1,0.32182629078327424,1
20034,8,3,2.941675483095849,0.2380952380952381,0,0.4557153200721127,1
20034,8,4,2.941675483095849,0.5952380952380953,0,0.18212330332105092,1
20034,8,5,2.941675483095849,0.5714285714285715,0,0.23636290648043054,1
20034,8,6,2.941675483095849,0.28571428571428575,1,0.4352264819847763,1
20034,8,7,2.941675483095849,0.8571428571428572,0,0.17719448092929913,1
20034,8,8,2.941675483095849,0.4761904761904762,0,0.35786112843092494,1
20034,8,9,2.941675483095849,0.8095238095238096,1,0.223666485842397,1
20034,8,10,2.941675483095849,0.7619047619047621,0,0.16978372150643678,1
20034,8,11,2.941675483095849,0.7380952380952381,0,0.2527759640092368,1
20034,8,12,2.941675483095849,0.8571428571428572,0,0.19024577000171594,1
20034,8,13,2.941675483095849,0.7380952380952381,0,0.2274181545082808,1
20034,8,14,2.941675483095849,0.7619047619047621,1,0.21591759712077938,1
20034,8,15,2.941675483095849,0.7619047619047621,1,0.24655309115007462,1
20034,8,16,2.941675483095849,0.9761904761904763,0,0.12126558504693144,1
20034,8,17,2.941675483095849,0.9285714285714287,0,0.1158588044656218,1
20034,8,18,2.941675483095849,0.7380952380952381,0,0.22337305764163834,1
20034,8,19,2.941675483095849,0.9523809523809524,0,0.07350666737819322,1
20034,8,20,2.941675483095849,0.9285714285714287,0,0.21068492127942162,1
20034,8,21,2.941675483095849,0.7380952380952381,0,0.23756728194382573,1
20034,8,22,2.941675483095849,0.7619047619047621,0,0.2382621229643332,1
20034,8,23,2.941675483095849,0.4285714285714286,0,0.2748961805918105,1
20035,8,0,2.941675483095849,0.6904761904761906,0,0.2335449705568809,1
20035,8,1,2.941675483095849,0.880952380952381,0,0.18071208206198291,1
20035,8,2,2.941675483095849,0.9047619047619048,1,0.16012406392326237,1
20035,8,3,2.941675483095849,0.9047619047619048,1,0.22334097388276153,1
20035,8,4,2.941675483095849,0.5952380952380953,0,0.22690463862769644,1
20035,8,5,2.941675483095849,0.8333333333333335,1,0.21061614002885523,1
20035,8,6,2.941675483095849,0.8095238095238096,0,0.33744179870407387,1
20035,8,7,2.941675483095849,0.9047619047619048,1,0.15974845381061015,1
20035,8,8,2.941675483095849,0.7619047619047621,0,0.21122875455145207,1
20035,8,9,2.941675483095849,0.9047619047619048,0,0.1732517911870291,1
20035,8,10,2.941675483095849,0.7857142857142858,0,0.2582759906423154,1
20035,8,11,2.941675483095849,0.9047619047619048,1,0.26506558915476136,1
20035,8,12,2.941675483095849,1.0,0,0.13812864996541835,1
20035,8,13,2.941675483095849,0.9047619047619048,0,0.3252521421024,1
20035,8,14,2.941675483095849,0.9285714285714287,0,0.15508278735570893,1
20035,8,15,2.941675483095849,0.9047619047619048,0,0.32320387272930634,1
20035,8,16,2.941675483095849,0.7857142857142858,0,0.5011882644570289,1
20035,8,17,2.941675483095849,0.880952380952381,1,0.24093479399163514,1
20035,8,18,2.941675483095849,0.9523809523809524,0,0.22372756011291806,1
20035,8,19,2.941675483095849,0.6904761904761906,1,0.23761173986376488,1
20035,8,20,2.941675483095849,0.9761904761904763,0,0.2974044030046402,1
20035,8,21,2.941675483095849,0.7619047619047621,0,0.22647922726959607,1
20035,8,22,2.941675483095849,0.8095238095238096,0,0.20554187210958721,1
20035,8,23,2.941675483095849,0.6428571428571429,1,0.4124334668261064,1
20036,8,0,2.941675483095849,0.9047619047619048,0,0.4379022588041568,1
20036,8,1,2.941675483095849,0.6904761904761906,0,0.2086886780453217,1
20036,8,2,2.941675483095849,0.8333333333333335,0,0.30229862399760654,1
20036,8,3,2.941675483095849,0.7380952380952381,0,0.17310270101292713,1
20036,8,4,2.941675483095849,0.9523809523809524,0,0.4088694229590141,1
20036,8,5,2.941675483095849,0.9285714285714287,0,0.16395464134835053,1
20036,8,6,2.941675483095849,0.4047619047619048,0,0.2453428148299267,1
20036,8,7,2.941675483095849,0.6190476190476191,0,0.1974898664581955,1
20036,8,8,2.941675483095849,0.6904761904761906,0,0.17704019454557315,1
20036,8,9,2.941675483095849,0.9761904761904763,0,0.5261001985346454,1
20036,8,10,2.941675483095849,0.6904761904761906,1,0.39156977966052986,1
20036,8,11,2.941675483095849,0.8095238095238096,0,0.23773798211096714,1
20036,8,12,2.941675483095849,0.9047619047619048,0,0.1991913192261078,1
20036,8,13,2.941675483095849,0.9047619047619048,0,0.22116657788307645,1
20036,8,14,2.941675483095849,0.7380952380952381,0,0.20725977910199767,1
20036,8,15,2.941675483095849,0.9285714285714287,0,0.40549079187981596,1
20036,8,16,2.941675483095849,0.9047619047619048,0,0.4337228109378298,1
20036,8,17,2.941675483095849,0.7142857142857144,0,0.17045652154314545,1
20036,8,18,2.941675483095849,0.8333333333333335,1,0.25881302837809617,1
20036,8,19,2.941675483095849,0.5476190476190477,1,0.263821397399104,1
20036,8,20,2.941675483095849,0.28571428571428575,0,0.24410571038761206,1
20036,8,21,2.941675483095849,0.3333333333333334,0,0.20689078523573806,1
20036,8,22,2.941675483095849,0.6666666666666669,0,0.20753297088327494,1
20036,8,23,2.941675483095849,0.6190476190476191,0,0.19813562279442487,1
20037,8,0,2.941675483095849,0.880952380952381,1,,0
20037,8,1,2.941675483095849,0.7857142857142858,1,4.3716609900566095,1
20037,8,2,2.941675483095849,0.7142857142857144,1,,0
20037,8,3,2.941675483095849,0.8571428571428572,1,1.9797230261854193,1
20037,8,4,2.941675483095849,0.8095238095238096,1,,0
20037,8,5,2.941675483095849,0.8333333333333335,1,2.4248406553553212,1
20037,8,6,2.941675483095849,1.0,0,3.3075392413623588,1
20037,8,7,2.941675483095849,0.8095238095238096,0,1.1790597619854928,1
20037,8,8,2.941675483095849,0.9047619047619048,1,3.627651279934257,1
20037,8,9,2.941675483095849,0.9285714285714287,1,49.68697652917647,1
20037,8,10,2.941675483095849,0.9285714285714287,0,3.5294113997962397,1
20037,8,11,2.941675483095849,0.9285714285714287,0,3.167838962583276,1
20037,8,12,2.941675483095849,0.880952380952381,1,,0
20037,8,13,2.941675483095849,0.9285714285714287,1,3.590878702588354,1
20037,8,14,2.941675483095849,0.7857142857142858,1,,0
20037,8,15,2.941675483095849,1.0,0,3.5425797761524196,1
20037,8,16,2.941675483095849,0.9761904761904763,0,,0
20037,8,17,2.941675483095849,0.880952380952381,0,1.2686641566371115,1
20037,8,18,2.941675483095849,0.7857142857142858,1,,0
20037,8,19,2.941675483095849,0.9523809523809524,1,3.608006306194349,1
20037,8,20,2.941675483095849,0.9285714285714287,1,3.6296723254270225,1
20037,8,21,2.941675483095849,0.7857142857142858,1,,0
20037,8,22,2.941675483095849,0.9761904761904763,0,2.2272998540537334,1
20037,8,23,2.941675483095849,1.0,0,2.465808715167631,1
20038,8,0,2.941675483095849,0.7619047619047621,0,0.25143917340894956,1
20038,8,1,2.941675483095849,0.4761904761904762,0,0.8732840111111201,1
20038,8,2,2.941675483095849,0.5952380952380953,0,0.3779469236756844,1
20038,8,3,2.941675483095849,0.7619047619047621,1,0.2663826939475516,1
20038,8,4,2.941675483095849,0.7380952380952381,1,0.2710522284777355,1
20038,8,5,2.941675483095849,0.7857142857142858,1,0.31107458283607037,1
20038,8,6,2.941675483095849,0.7857142857142858,0,0.37947342203401224,1
20038,8,7,2.941675483095849,0.4761904761904762,1,0.4499009212442703,1
20038,8,8,2.941675483095849,0.7857142857142858,0,0.2005555977174797,1
20038,8,9,2.941675483095849,0.8571428571428572,1,0.22002018676211016,1
20038,8,10,2.941675483095849,0.6904761904761906,1,0.24203990549027776,1
20038,8,11,2.941675483095849,0.5476190476190477,0,0.4030368719298413,1
20038,8,12,2.941675483095849,0.8571428571428572,1,0.2491162429949144,1
20038,8,13,2.941675483095849,0.8095238095238096,1,0.23146943465265143,1
20038,8,14,2.941675483095849,0.7142857142857144,0,0.5525916285605815,1
20038,8,15,2.941675483095849,0.4761904761904762,0,0.394575059323105,1
20038,8,16,2.941675483095849,0.9285714285714287,0,0.17044521913860158,1
20038,8,17,2.941675483095849,0.7619047619047621,0,0.37160098371729844,1
20038,8,18,2.941675483095849,0.30952380952380953,1,0.44194526757783537,1
20038,8,19,2.941675483095849,0.880952380952381,0,0.22391441457990469,1
20038,8,20,2.941675483095849,0.9285714285714287,1,0.17927285954976996,1
20038,8,21,2.941675483095849,0.880952380952381,0,0.1977434328389562,1
20038,8,22,2.941675483095849,0.6666666666666669,1,0.2998629708257628,1
20038,8,23,2.941675483095849,0.261904761904762,0,0.42986785863391164,1
20039,8,0,2.941675483095849,0.9047619047619048,1,0.2018001583256595,1
20039,8,1,2.941675483095849,0.8571428571428572,1,0.24359109685043057,1
20039,8,2,2.941675483095849,0.8333333333333335,0,0.40360581813467467,1
20039,8,3,2.941675483095849,0.9523809523809524,0,0.37093011038263013,1
20039,8,4,2.941675483095849,1.0,0,0.2574533970059644,1
20039,8,5,2.941675483095849,0.8095238095238096,1,0.5681423926501796,1
20039,8,6,2.941675483095849,0.9285714285714287,0,1.0901169250372145,1
20039,8,7,2.941675483095849,0.7857142857142858,1,0.3971479515481427,1
20039,8,8,2.941675483095849,0.7142857142857144,1,0.4502984688352203,1
20039,8,9,2.941675483095849,0.8571428571428572,0,0.43704309321773416,1
20039,8,10,2.941675483095849,0.880952380952381,1,3.3891922983952707,1
20039,8,11,2.941675483095849,0.9047619047619048,1,0.299336027142245,1
20039,8,12,2.941675483095849,0.880952380952381,1,0.5089515874821292,1
20039,8,13,2.941675483095849,0.9285714285714287,1,0.6827367579157555,1
20039,8,14,2.941675483095849,0.7619047619047621,0,0.41071931784837773,1
20039,8,15,2.941675483095849,0.880952380952381,0,0.3421168282661504,1
20039,8,16,2.941675483095849,0.8571428571428572,1,0.4050071110580589,1
20039,8,17,2.941675483095849,0.9523809523809524,0,0.27007596358319946,1
20039,8,18,2.941675483095849,0.9047619047619048,0,0.29243449165606183,1
20039,8,19,2.941675483095849,0.7619047619047621,0,0.37555858555503563,1
20039,8,20,2.941675483095849,0.9285714285714287,0,1.0376599877491062,1
20039,8,21,2.941675483095849,0.8571428571428572,0,0.354200592670824,1
20039,8,22,2.941675483095849,0.9047619047619048,0,0.35880143921386354,1
20039,8,23,2.941675483095849,0.9047619047619048,1,0.37254767289243107,1
