schedule,kappa_eff,seed,n_firms,shared_factor_correlation,n_periods,v_op_N,v_acc_N,eff_gap_op,eff_gap_acc,spearman_rho,displacement,rank_reversal,firm,metric,value
kappa_1,1.0,737920414,4,0.6,400,70.55192063872323,0.09699111551755646,0.0,0.0,-1.0,,,_summary,spearman_rho,-1.0
kappa_1,1.0,737920414,4,0.6,400,70.55192063872323,0.09699111551755646,0.0,0.0,-1.0,,,_summary,displacement,
kappa_1,1.0,737920414,4,0.6,400,70.55192063872323,0.09699111551755646,0.0,0.0,-1.0,,,_summary,rank_reversal,
kappa_1,1.0,737920414,4,0.6,400,70.55192063872323,0.09699111551755646,0.0,0.0,-1.0,,,_summary,v_op_N,70.55192063872323
kappa_1,1.0,737920414,4,0.6,400,70.55192063872323,0.09699111551755646,0.0,0.0,-1.0,,,_summary,eff_gap_op,0.0
kappa_1,1.0,737920414,4,0.6,400,70.55192063872323,0.09699111551755646,0.0,0.0,-1.0,,,firm_0,phi_op,8.573181282280016
kappa_1,1.0,737920414,4,0.6,400,70.55192063872323,0.09699111551755646,0.0,0.0,-1.0,,,firm_0,phi_acc,0.03809380478157152
kappa_1,1.0,737920414,4,0.6,400,70.55192063872323,0.09699111551755646,0.0,0.0,-1.0,,,firm_1,phi_op,19.737401401072304
kappa_1,1.0,737920414,4,0.6,400,70.55192063872323,0.09699111551755646,0.0,0.0,-1.0,,,firm_1,phi_acc,0.013004235266762438
kappa_1,1.0,737920414,4,0.6,400,70.55192063872323,0.09699111551755646,0.0,0.0,-1.0,,,firm_2,phi_op,17.611682680539822
kappa_1,1.0,737920414,4,0.6,400,70.55192063872323,0.09699111551755646,0.0,0.0,-1.0,,,firm_2,phi_acc,0.03342269984946994
kappa_1,1.0,737920414,4,0.6,400,70.55192063872323,0.09699111551755646,0.0,0.0,-1.0,,,firm_3,phi_op,24.629655274831084
kappa_1,1.0,737920414,4,0.6,400,70.55192063872323,0.09699111551755646,0.0,0.0,-1.0,,,firm_3,phi_acc,0.012470375619752559
kappa_1,1.0,347795941,4,0.6,400,-57.90711341412691,0.09334976094755265,0.0,0.0,-0.19999999999999996,,,_summary,spearman_rho,-0.19999999999999996
kappa_1,1.0,347795941,4,0.6,400,-57.90711341412691,0.09334976094755265,0.0,0.0,-0.19999999999999996,,,_summary,displacement,
kappa_1,1.0,347795941,4,0.6,400,-57.90711341412691,0.09334976094755265,0.0,0.0,-0.19999999999999996,,,_summary,rank_reversal,
kappa_1,1.0,347795941,4,0.6,400,-57.90711341412691,0.09334976094755265,0.0,0.0,-0.19999999999999996,,,_summary,v_op_N,-57.90711341412691
kappa_1,1.0,347795941,4,0.6,400,-57.90711341412691,0.09334976094755265,0.0,0.0,-0.19999999999999996,,,_summary,eff_gap_op,0.0
kappa_1,1.0,347795941,4,0.6,400,-57.90711341412691,0.09334976094755265,0.0,0.0,-0.19999999999999996,,,firm_0,phi_op,12.499192799012889
kappa_1,1.0,347795941,4,0.6,400,-57.90711341412691,0.09334976094755265,0.0,0.0,-0.19999999999999996,,,firm_0,phi_acc,0.004094623478354745
kappa_1,1.0,347795941,4,0.6,400,-57.90711341412691,0.09334976094755265,0.0,0.0,-0.19999999999999996,,,firm_1,phi_op,-24.91937203643663
kappa_1,1.0,347795941,4,0.6,400,-57.90711341412691,0.09334976094755265,0.0,0.0,-0.19999999999999996,,,firm_1,phi_acc,0.03162905910625845
kappa_1,1.0,347795941,4,0.6,400,-57.90711341412691,0.09334976094755265,0.0,0.0,-0.19999999999999996,,,firm_2,phi_op,-18.403826156950714
kappa_1,1.0,347795941,4,0.6,400,-57.90711341412691,0.09334976094755265,0.0,0.0,-0.19999999999999996,,,firm_2,phi_acc,0.04233682865257521
kappa_1,1.0,347795941,4,0.6,400,-57.90711341412691,0.09334976094755265,0.0,0.0,-0.19999999999999996,,,firm_3,phi_op,-27.08310801975245
kappa_1,1.0,347795941,4,0.6,400,-57.90711341412691,0.09334976094755265,0.0,0.0,-0.19999999999999996,,,firm_3,phi_acc,0.015289249710364253
kappa_1,1.0,1237264847,4,0.6,400,89.32136871603552,0.0655220585124644,1.4210854715202004e-14,0.0,-0.3999999999999999,,,_summary,spearman_rho,-0.3999999999999999
kappa_1,1.0,1237264847,4,0.6,400,89.32136871603552,0.0655220585124644,1.4210854715202004e-14,0.0,-0.3999999999999999,,,_summary,displacement,
kappa_1,1.0,1237264847,4,0.6,400,89.32136871603552,0.0655220585124644,1.4210854715202004e-14,0.0,-0.3999999999999999,,,_summary,rank_reversal,
kappa_1,1.0,1237264847,4,0.6,400,89.32136871603552,0.0655220585124644,1.4210854715202004e-14,0.0,-0.3999999999999999,,,_summary,v_op_N,89.32136871603552
kappa_1,1.0,1237264847,4,0.6,400,89.32136871603552,0.0655220585124644,1.4210854715202004e-14,0.0,-0.3999999999999999,,,_summary,eff_gap_op,1.4210854715202004e-14
kappa_1,1.0,1237264847,4,0.6,400,89.32136871603552,0.0655220585124644,1.4210854715202004e-14,0.0,-0.3999999999999999,,,firm_0,phi_op,-10.8968761213856
kappa_1,1.0,1237264847,4,0.6,400,89.32136871603552,0.0655220585124644,1.4210854715202004e-14,0.0,-0.3999999999999999,,,firm_0,phi_acc,0.022684501646144706
kappa_1,1.0,1237264847,4,0.6,400,89.32136871603552,0.0655220585124644,1.4210854715202004e-14,0.0,-0.3999999999999999,,,firm_1,phi_op,13.866874209175174
kappa_1,1.0,1237264847,4,0.6,400,89.32136871603552,0.0655220585124644,1.4210854715202004e-14,0.0,-0.3999999999999999,,,firm_1,phi_acc,0.00926491890308507
kappa_1,1.0,1237264847,4,0.6,400,89.32136871603552,0.0655220585124644,1.4210854715202004e-14,0.0,-0.3999999999999999,,,firm_2,phi_op,22.42233144085069
kappa_1,1.0,1237264847,4,0.6,400,89.32136871603552,0.0655220585124644,1.4210854715202004e-14,0.0,-0.3999999999999999,,,firm_2,phi_acc,0.03716797172668537
kappa_1,1.0,1237264847,4,0.6,400,89.32136871603552,0.0655220585124644,1.4210854715202004e-14,0.0,-0.3999999999999999,,,firm_3,phi_op,63.92903918739525
kappa_1,1.0,1237264847,4,0.6,400,89.32136871603552,0.0655220585124644,1.4210854715202004e-14,0.0,-0.3999999999999999,,,firm_3,phi_acc,-0.003595333763450753
kappa_1,1.0,1381950912,4,0.6,400,-17.93843370261311,0.0453233436845486,3.552713678800501e-15,0.0,0.19999999999999996,,,_summary,spearman_rho,0.19999999999999996
kappa_1,1.0,1381950912,4,0.6,400,-17.93843370261311,0.0453233436845486,3.552713678800501e-15,0.0,0.19999999999999996,,,_summary,displacement,
kappa_1,1.0,1381950912,4,0.6,400,-17.93843370261311,0.0453233436845486,3.552713678800501e-15,0.0,0.19999999999999996,,,_summary,rank_reversal,
kappa_1,1.0,1381950912,4,0.6,400,-17.93843370261311,0.0453233436845486,3.552713678800501e-15,0.0,0.19999999999999996,,,_summary,v_op_N,-17.93843370261311
kappa_1,1.0,1381950912,4,0.6,400,-17.93843370261311,0.0453233436845486,3.552713678800501e-15,0.0,0.19999999999999996,,,_summary,eff_gap_op,3.552713678800501e-15
kappa_1,1.0,1381950912,4,0.6,400,-17.93843370261311,0.0453233436845486,3.552713678800501e-15,0.0,0.19999999999999996,,,firm_0,phi_op,33.610924871041426
kappa_1,1.0,1381950912,4,0.6,400,-17.93843370261311,0.0453233436845486,3.552713678800501e-15,0.0,0.19999999999999996,,,firm_0,phi_acc,0.02115329743277531
kappa_1,1.0,1381950912,4,0.6,400,-17.93843370261311,0.0453233436845486,3.552713678800501e-15,0.0,0.19999999999999996,,,firm_1,phi_op,-6.412606579126891
kappa_1,1.0,1381950912,4,0.6,400,-17.93843370261311,0.0453233436845486,3.552713678800501e-15,0.0,0.19999999999999996,,,firm_1,phi_acc,0.010499571096350283
kappa_1,1.0,1381950912,4,0.6,400,-17.93843370261311,0.0453233436845486,3.552713678800501e-15,0.0,0.19999999999999996,,,firm_2,phi_op,16.938649314188467
kappa_1,1.0,1381950912,4,0.6,400,-17.93843370261311,0.0453233436845486,3.552713678800501e-15,0.0,0.19999999999999996,,,firm_2,phi_acc,-0.0007125861484345759
kappa_1,1.0,1381950912,4,0.6,400,-17.93843370261311,0.0453233436845486,3.552713678800501e-15,0.0,0.19999999999999996,,,firm_3,phi_op,-62.07540130871611
kappa_1,1.0,1381950912,4,0.6,400,-17.93843370261311,0.0453233436845486,3.552713678800501e-15,0.0,0.19999999999999996,,,firm_3,phi_acc,0.01438306130385758
kappa_1,1.0,522391825,4,0.6,400,103.1746190089716,0.012576058249693656,1.4210854715202004e-14,0.0,-0.19999999999999996,,,_summary,spearman_rho,-0.19999999999999996
kappa_1,1.0,522391825,4,0.6,400,103.1746190089716,0.012576058249693656,1.4210854715202004e-14,0.0,-0.19999999999999996,,,_summary,displacement,
kappa_1,1.0,522391825,4,0.6,400,103.1746190089716,0.012576058249693656,1.4210854715202004e-14,0.0,-0.19999999999999996,,,_summary,rank_reversal,
kappa_1,1.0,522391825,4,0.6,400,103.1746190089716,0.012576058249693656,1.4210854715202004e-14,0.0,-0.19999999999999996,,,_summary,v_op_N,103.1746190089716
kappa_1,1.0,522391825,4,0.6,400,103.1746190089716,0.012576058249693656,1.4210854715202004e-14,0.0,-0.19999999999999996,,,_summary,eff_gap_op,1.4210854715202004e-14
kappa_1,1.0,522391825,4,0.6,400,103.1746190089716,0.012576058249693656,1.4210854715202004e-14,0.0,-0.19999999999999996,,,firm_0,phi_op,98.93684096719383
kappa_1,1.0,522391825,4,0.6,400,103.1746190089716,0.012576058249693656,1.4210854715202004e-14,0.0,-0.19999999999999996,,,firm_0,phi_acc,-0.006642806287576871
kappa_1,1.0,522391825,4,0.6,400,103.1746190089716,0.012576058249693656,1.4210854715202004e-14,0.0,-0.19999999999999996,,,firm_1,phi_op,6.098263584708869
kappa_1,1.0,522391825,4,0.6,400,103.1746190089716,0.012576058249693656,1.4210854715202004e-14,0.0,-0.19999999999999996,,,firm_1,phi_acc,0.016487646256796717
kappa_1,1.0,522391825,4,0.6,400,103.1746190089716,0.012576058249693656,1.4210854715202004e-14,0.0,-0.19999999999999996,,,firm_2,phi_op,4.199428952784521
kappa_1,1.0,522391825,4,0.6,400,103.1746190089716,0.012576058249693656,1.4210854715202004e-14,0.0,-0.19999999999999996,,,firm_2,phi_acc,0.0031239373693629866
kappa_1,1.0,522391825,4,0.6,400,103.1746190089716,0.012576058249693656,1.4210854715202004e-14,0.0,-0.19999999999999996,,,firm_3,phi_op,-6.059914495715606
kappa_1,1.0,522391825,4,0.6,400,103.1746190089716,0.012576058249693656,1.4210854715202004e-14,0.0,-0.19999999999999996,,,firm_3,phi_acc,-0.00039271908888917784
kappa_1,1.0,1947842845,4,0.6,400,-26.35654665922948,0.08511924364570345,3.552713678800501e-15,0.0,-0.3999999999999999,,,_summary,spearman_rho,-0.3999999999999999
kappa_1,1.0,1947842845,4,0.6,400,-26.35654665922948,0.08511924364570345,3.552713678800501e-15,0.0,-0.3999999999999999,,,_summary,displacement,
kappa_1,1.0,1947842845,4,0.6,400,-26.35654665922948,0.08511924364570345,3.552713678800501e-15,0.0,-0.3999999999999999,,,_summary,rank_reversal,
kappa_1,1.0,1947842845,4,0.6,400,-26.35654665922948,0.08511924364570345,3.552713678800501e-15,0.0,-0.3999999999999999,,,_summary,v_op_N,-26.35654665922948
kappa_1,1.0,1947842845,4,0.6,400,-26.35654665922948,0.08511924364570345,3.552713678800501e-15,0.0,-0.3999999999999999,,,_summary,eff_gap_op,3.552713678800501e-15
kappa_1,1.0,1947842845,4,0.6,400,-26.35654665922948,0.08511924364570345,3.552713678800501e-15,0.0,-0.3999999999999999,,,firm_0,phi_op,-1.9989918524514114
kappa_1,1.0,1947842845,4,0.6,400,-26.35654665922948,0.08511924364570345,3.552713678800501e-15,0.0,-0.3999999999999999,,,firm_0,phi_acc,0.031175800046129732
kappa_1,1.0,1947842845,4,0.6,400,-26.35654665922948,0.08511924364570345,3.552713678800501e-15,0.0,-0.3999999999999999,,,firm_1,phi_op,-63.96142879142161
kappa_1,1.0,1947842845,4,0.6,400,-26.35654665922948,0.08511924364570345,3.552713678800501e-15,0.0,-0.3999999999999999,,,firm_1,phi_acc,0.02511257708562204
kappa_1,1.0,1947842845,4,0.6,400,-26.35654665922948,0.08511924364570345,3.552713678800501e-15,0.0,-0.3999999999999999,,,firm_2,phi_op,43.709508335472584
kappa_1,1.0,1947842845,4,0.6,400,-26.35654665922948,0.08511924364570345,3.552713678800501e-15,0.0,-0.3999999999999999,,,firm_2,phi_acc,0.011314440480149021
kappa_1,1.0,1947842845,4,0.6,400,-26.35654665922948,0.08511924364570345,3.552713678800501e-15,0.0,-0.3999999999999999,,,firm_3,phi_op,-4.105634350829046
kappa_1,1.0,1947842845,4,0.6,400,-26.35654665922948,0.08511924364570345,3.552713678800501e-15,0.0,-0.3999999999999999,,,firm_3,phi_acc,0.017516426033802646
kappa_1,1.0,1100027996,4,0.6,400,-0.26926945192440144,0.10169605152007433,3.552713678800501e-15,0.0,0.8,,,_summary,spearman_rho,0.8
kappa_1,1.0,1100027996,4,0.6,400,-0.26926945192440144,0.10169605152007433,3.552713678800501e-15,0.0,0.8,,,_summary,displacement,
kappa_1,1.0,1100027996,4,0.6,400,-0.26926945192440144,0.10169605152007433,3.552713678800501e-15,0.0,0.8,,,_summary,rank_reversal,
kappa_1,1.0,1100027996,4,0.6,400,-0.26926945192440144,0.10169605152007433,3.552713678800501e-15,0.0,0.8,,,_summary,v_op_N,-0.26926945192440144
kappa_1,1.0,1100027996,4,0.6,400,-0.26926945192440144,0.10169605152007433,3.552713678800501e-15,0.0,0.8,,,_summary,eff_gap_op,3.552713678800501e-15
kappa_1,1.0,1100027996,4,0.6,400,-0.26926945192440144,0.10169605152007433,3.552713678800501e-15,0.0,0.8,,,firm_0,phi_op,-27.152279576545407
kappa_1,1.0,1100027996,4,0.6,400,-0.26926945192440144,0.10169605152007433,3.552713678800501e-15,0.0,0.8,,,firm_0,phi_acc,0.023953064767903827
kappa_1,1.0,1100027996,4,0.6,400,-0.26926945192440144,0.10169605152007433,3.552713678800501e-15,0.0,0.8,,,firm_1,phi_op,45.413506837963475
kappa_1,1.0,1100027996,4,0.6,400,-0.26926945192440144,0.10169605152007433,3.552713678800501e-15,0.0,0.8,,,firm_1,phi_acc,0.025865405135828475
kappa_1,1.0,1100027996,4,0.6,400,-0.26926945192440144,0.10169605152007433,3.552713678800501e-15,0.0,0.8,,,firm_2,phi_op,-44.350698760953776
kappa_1,1.0,1100027996,4,0.6,400,-0.26926945192440144,0.10169605152007433,3.552713678800501e-15,0.0,0.8,,,firm_2,phi_acc,0.02000916050347628
kappa_1,1.0,1100027996,4,0.6,400,-0.26926945192440144,0.10169605152007433,3.552713678800501e-15,0.0,0.8,,,firm_3,phi_op,25.820202047611303
kappa_1,1.0,1100027996,4,0.6,400,-0.26926945192440144,0.10169605152007433,3.552713678800501e-15,0.0,0.8,,,firm_3,phi_acc,0.03186842111286574
kappa_1,1.0,1824186758,4,0.6,400,78.1533137455807,0.12299026614073805,0.0,1.3877787807814457e-17,1.0,,,_summary,spearman_rho,1.0
kappa_1,1.0,1824186758,4,0.6,400,78.1533137455807,0.12299026614073805,0.0,1.3877787807814457e-17,1.0,,,_summary,displacement,
kappa_1,1.0,1824186758,4,0.6,400,78.1533137455807,0.12299026614073805,0.0,1.3877787807814457e-17,1.0,,,_summary,rank_reversal,
kappa_1,1.0,1824186758,4,0.6,400,78.1533137455807,0.12299026614073805,0.0,1.3877787807814457e-17,1.0,,,_summary,v_op_N,78.1533137455807
kappa_1,1.0,1824186758,4,0.6,400,78.1533137455807,0.12299026614073805,0.0,1.3877787807814457e-17,1.0,,,_summary,eff_gap_op,0.0
kappa_1,1.0,1824186758,4,0.6,400,78.1533137455807,0.12299026614073805,0.0,1.3877787807814457e-17,1.0,,,firm_0,phi_op,65.400881338794
kappa_1,1.0,1824186758,4,0.6,400,78.1533137455807,0.12299026614073805,0.0,1.3877787807814457e-17,1.0,,,firm_0,phi_acc,0.04731758697848027
kappa_1,1.0,1824186758,4,0.6,400,78.1533137455807,0.12299026614073805,0.0,1.3877787807814457e-17,1.0,,,firm_1,phi_op,-20.16404343609574
kappa_1,1.0,1824186758,4,0.6,400,78.1533137455807,0.12299026614073805,0.0,1.3877787807814457e-17,1.0,,,firm_1,phi_acc,-0.0014023940441643215
kappa_1,1.0,1824186758,4,0.6,400,78.1533137455807,0.12299026614073805,0.0,1.3877787807814457e-17,1.0,,,firm_2,phi_op,37.30930511650484
kappa_1,1.0,1824186758,4,0.6,400,78.1533137455807,0.12299026614073805,0.0,1.3877787807814457e-17,1.0,,,firm_2,phi_acc,0.04085803446705628
kappa_1,1.0,1824186758,4,0.6,400,78.1533137455807,0.12299026614073805,0.0,1.3877787807814457e-17,1.0,,,firm_3,phi_op,-4.392829273622388
kappa_1,1.0,1824186758,4,0.6,400,78.1533137455807,0.12299026614073805,0.0,1.3877787807814457e-17,1.0,,,firm_3,phi_acc,0.03621703873936581
kappa_1,1.0,779812376,4,0.6,400,32.376416909321506,0.11589487921761754,0.0,0.0,0.4,,,_summary,spearman_rho,0.4
kappa_1,1.0,779812376,4,0.6,400,32.376416909321506,0.11589487921761754,0.0,0.0,0.4,,,_summary,displacement,
kappa_1,1.0,779812376,4,0.6,400,32.376416909321506,0.11589487921761754,0.0,0.0,0.4,,,_summary,rank_reversal,
kappa_1,1.0,779812376,4,0.6,400,32.376416909321506,0.11589487921761754,0.0,0.0,0.4,,,_summary,v_op_N,32.376416909321506
kappa_1,1.0,779812376,4,0.6,400,32.376416909321506,0.11589487921761754,0.0,0.0,0.4,,,_summary,eff_gap_op,0.0
kappa_1,1.0,779812376,4,0.6,400,32.376416909321506,0.11589487921761754,0.0,0.0,0.4,,,firm_0,phi_op,15.543802811694016
kappa_1,1.0,779812376,4,0.6,400,32.376416909321506,0.11589487921761754,0.0,0.0,0.4,,,firm_0,phi_acc,0.009303334400873848
kappa_1,1.0,779812376,4,0.6,400,32.376416909321506,0.11589487921761754,0.0,0.0,0.4,,,firm_1,phi_op,34.765910903466434
kappa_1,1.0,779812376,4,0.6,400,32.376416909321506,0.11589487921761754,0.0,0.0,0.4,,,firm_1,phi_acc,0.052310053572772686
kappa_1,1.0,779812376,4,0.6,400,32.376416909321506,0.11589487921761754,0.0,0.0,0.4,,,firm_2,phi_op,2.2132877877669253
kappa_1,1.0,779812376,4,0.6,400,32.376416909321506,0.11589487921761754,0.0,0.0,0.4,,,firm_2,phi_acc,0.03295183436021222
kappa_1,1.0,779812376,4,0.6,400,32.376416909321506,0.11589487921761754,0.0,0.0,0.4,,,firm_3,phi_op,-20.146584593605873
kappa_1,1.0,779812376,4,0.6,400,32.376416909321506,0.11589487921761754,0.0,0.0,0.4,,,firm_3,phi_acc,0.02132965688375878
kappa_1,1.0,1071592025,4,0.6,400,-69.79161457754321,0.05960115041620073,0.0,6.938893903907228e-18,-0.8,,,_summary,spearman_rho,-0.8
kappa_1,1.0,1071592025,4,0.6,400,-69.79161457754321,0.05960115041620073,0.0,6.938893903907228e-18,-0.8,,,_summary,displacement,
kappa_1,1.0,1071592025,4,0.6,400,-69.79161457754321,0.05960115041620073,0.0,6.938893903907228e-18,-0.8,,,_summary,rank_reversal,
kappa_1,1.0,1071592025,4,0.6,400,-69.79161457754321,0.05960115041620073,0.0,6.938893903907228e-18,-0.8,,,_summary,v_op_N,-69.79161457754321
kappa_1,1.0,1071592025,4,0.6,400,-69.79161457754321,0.05960115041620073,0.0,6.938893903907228e-18,-0.8,,,_summary,eff_gap_op,0.0
kappa_1,1.0,1071592025,4,0.6,400,-69.79161457754321,0.05960115041620073,0.0,6.938893903907228e-18,-0.8,,,firm_0,phi_op,22.44652399228221
kappa_1,1.0,1071592025,4,0.6,400,-69.79161457754321,0.05960115041620073,0.0,6.938893903907228e-18,-0.8,,,firm_0,phi_acc,0.008278016470215921
kappa_1,1.0,1071592025,4,0.6,400,-69.79161457754321,0.05960115041620073,0.0,6.938893903907228e-18,-0.8,,,firm_1,phi_op,-12.767641929020366
kappa_1,1.0,1071592025,4,0.6,400,-69.79161457754321,0.05960115041620073,0.0,6.938893903907228e-18,-0.8,,,firm_1,phi_acc,0.005416084872515436
kappa_1,1.0,1071592025,4,0.6,400,-69.79161457754321,0.05960115041620073,0.0,6.938893903907228e-18,-0.8,,,firm_2,phi_op,-62.11727025091674
kappa_1,1.0,1071592025,4,0.6,400,-69.79161457754321,0.05960115041620073,0.0,6.938893903907228e-18,-0.8,,,firm_2,phi_acc,0.02550821180585679
kappa_1,1.0,1071592025,4,0.6,400,-69.79161457754321,0.05960115041620073,0.0,6.938893903907228e-18,-0.8,,,firm_3,phi_op,-17.353226389888313
kappa_1,1.0,1071592025,4,0.6,400,-69.79161457754321,0.05960115041620073,0.0,6.938893903907228e-18,-0.8,,,firm_3,phi_acc,0.02039883726761258
kappa_1,1.0,940982480,4,0.6,400,-4.487039817473715,0.036835979000242824,8.881784197001252e-16,0.0,-0.3999999999999999,,,_summary,spearman_rho,-0.3999999999999999
kappa_1,1.0,940982480,4,0.6,400,-4.487039817473715,0.036835979000242824,8.881784197001252e-16,0.0,-0.3999999999999999,,,_summary,displacement,
kappa_1,1.0,940982480,4,0.6,400,-4.487039817473715,0.036835979000242824,8.881784197001252e-16,0.0,-0.3999999999999999,,,_summary,rank_reversal,
kappa_1,1.0,940982480,4,0.6,400,-4.487039817473715,0.036835979000242824,8.881784197001252e-16,0.0,-0.3999999999999999,,,_summary,v_op_N,-4.487039817473715
kappa_1,1.0,940982480,4,0.6,400,-4.487039817473715,0.036835979000242824,8.881784197001252e-16,0.0,-0.3999999999999999,,,_summary,eff_gap_op,8.881784197001252e-16
kappa_1,1.0,940982480,4,0.6,400,-4.487039817473715,0.036835979000242824,8.881784197001252e-16,0.0,-0.3999999999999999,,,firm_0,phi_op,-14.479255847037923
kappa_1,1.0,940982480,4,0.6,400,-4.487039817473715,0.036835979000242824,8.881784197001252e-16,0.0,-0.3999999999999999,,,firm_0,phi_acc,0.016208958435323318
kappa_1,1.0,940982480,4,0.6,400,-4.487039817473715,0.036835979000242824,8.881784197001252e-16,0.0,-0.3999999999999999,,,firm_1,phi_op,11.001857334487681
kappa_1,1.0,940982480,4,0.6,400,-4.487039817473715,0.036835979000242824,8.881784197001252e-16,0.0,-0.3999999999999999,,,firm_1,phi_acc,0.010703631561007463
kappa_1,1.0,940982480,4,0.6,400,-4.487039817473715,0.036835979000242824,8.881784197001252e-16,0.0,-0.3999999999999999,,,firm_2,phi_op,-5.249529608307057
kappa_1,1.0,940982480,4,0.6,400,-4.487039817473715,0.036835979000242824,8.881784197001252e-16,0.0,-0.3999999999999999,,,firm_2,phi_acc,0.0051586305657251585
kappa_1,1.0,940982480,4,0.6,400,-4.487039817473715,0.036835979000242824,8.881784197001252e-16,0.0,-0.3999999999999999,,,firm_3,phi_op,4.239888303383585
kappa_1,1.0,940982480,4,0.6,400,-4.487039817473715,0.036835979000242824,8.881784197001252e-16,0.0,-0.3999999999999999,,,firm_3,phi_acc,0.0047647584381868835
kappa_1,1.0,2112564304,4,0.6,400,74.31897203535323,0.02247076919598401,0.0,0.0,0.4,,,_summary,spearman_rho,0.4
kappa_1,1.0,2112564304,4,0.6,400,74.31897203535323,0.02247076919598401,0.0,0.0,0.4,,,_summary,displacement,
kappa_1,1.0,2112564304,4,0.6,400,74.31897203535323,0.02247076919598401,0.0,0.0,0.4,,,_summary,rank_reversal,
kappa_1,1.0,2112564304,4,0.6,400,74.31897203535323,0.02247076919598401,0.0,0.0,0.4,,,_summary,v_op_N,74.31897203535323
kappa_1,1.0,2112564304,4,0.6,400,74.31897203535323,0.02247076919598401,0.0,0.0,0.4,,,_summary,eff_gap_op,0.0
kappa_1,1.0,2112564304,4,0.6,400,74.31897203535323,0.02247076919598401,0.0,0.0,0.4,,,firm_0,phi_op,10.402389698047196
kappa_1,1.0,2112564304,4,0.6,400,74.31897203535323,0.02247076919598401,0.0,0.0,0.4,,,firm_0,phi_acc,0.003304348436641624
kappa_1,1.0,2112564304,4,0.6,400,74.31897203535323,0.02247076919598401,0.0,0.0,0.4,,,firm_1,phi_op,27.365579145835984
kappa_1,1.0,2112564304,4,0.6,400,74.31897203535323,0.02247076919598401,0.0,0.0,0.4,,,firm_1,phi_acc,0.03062641869925712
kappa_1,1.0,2112564304,4,0.6,400,74.31897203535323,0.02247076919598401,0.0,0.0,0.4,,,firm_2,phi_op,14.329646546864675
kappa_1,1.0,2112564304,4,0.6,400,74.31897203535323,0.02247076919598401,0.0,0.0,0.4,,,firm_2,phi_acc,-0.011119067793743867
kappa_1,1.0,2112564304,4,0.6,400,74.31897203535323,0.02247076919598401,0.0,0.0,0.4,,,firm_3,phi_op,22.22135664460537
kappa_1,1.0,2112564304,4,0.6,400,74.31897203535323,0.02247076919598401,0.0,0.0,0.4,,,firm_3,phi_acc,-0.0003409301461708696
kappa_1,1.0,628345251,4,0.6,400,-29.652317945166487,0.00810910340979576,0.0,0.0,0.19999999999999996,,,_summary,spearman_rho,0.19999999999999996
kappa_1,1.0,628345251,4,0.6,400,-29.652317945166487,0.00810910340979576,0.0,0.0,0.19999999999999996,,,_summary,displacement,
kappa_1,1.0,628345251,4,0.6,400,-29.652317945166487,0.00810910340979576,0.0,0.0,0.19999999999999996,,,_summary,rank_reversal,
kappa_1,1.0,628345251,4,0.6,400,-29.652317945166487,0.00810910340979576,0.0,0.0,0.19999999999999996,,,_summary,v_op_N,-29.652317945166487
kappa_1,1.0,628345251,4,0.6,400,-29.652317945166487,0.00810910340979576,0.0,0.0,0.19999999999999996,,,_summary,eff_gap_op,0.0
kappa_1,1.0,628345251,4,0.6,400,-29.652317945166487,0.00810910340979576,0.0,0.0,0.19999999999999996,,,firm_0,phi_op,-63.465651717559595
kappa_1,1.0,628345251,4,0.6,400,-29.652317945166487,0.00810910340979576,0.0,0.0,0.19999999999999996,,,firm_0,phi_acc,-0.005246314878925518
kappa_1,1.0,628345251,4,0.6,400,-29.652317945166487,0.00810910340979576,0.0,0.0,0.19999999999999996,,,firm_1,phi_op,-9.910222667020832
kappa_1,1.0,628345251,4,0.6,400,-29.652317945166487,0.00810910340979576,0.0,0.0,0.19999999999999996,,,firm_1,phi_acc,0.008854942607582739
kappa_1,1.0,628345251,4,0.6,400,-29.652317945166487,0.00810910340979576,0.0,0.0,0.19999999999999996,,,firm_2,phi_op,-0.8157403751980051
kappa_1,1.0,628345251,4,0.6,400,-29.652317945166487,0.00810910340979576,0.0,0.0,0.19999999999999996,,,firm_2,phi_acc,0.004889265666746448
kappa_1,1.0,628345251,4,0.6,400,-29.652317945166487,0.00810910340979576,0.0,0.0,0.19999999999999996,,,firm_3,phi_op,44.539296814611944
kappa_1,1.0,628345251,4,0.6,400,-29.652317945166487,0.00810910340979576,0.0,0.0,0.19999999999999996,,,firm_3,phi_acc,-0.00038878998560791045
kappa_1,1.0,1535084896,4,0.6,400,-110.31910926115484,0.01588048057057001,0.0,0.0,0.8,,,_summary,spearman_rho,0.8
kappa_1,1.0,1535084896,4,0.6,400,-110.31910926115484,0.01588048057057001,0.0,0.0,0.8,,,_summary,displacement,
kappa_1,1.0,1535084896,4,0.6,400,-110.31910926115484,0.01588048057057001,0.0,0.0,0.8,,,_summary,rank_reversal,
kappa_1,1.0,1535084896,4,0.6,400,-110.31910926115484,0.01588048057057001,0.0,0.0,0.8,,,_summary,v_op_N,-110.31910926115484
kappa_1,1.0,1535084896,4,0.6,400,-110.31910926115484,0.01588048057057001,0.0,0.0,0.8,,,_summary,eff_gap_op,0.0
kappa_1,1.0,1535084896,4,0.6,400,-110.31910926115484,0.01588048057057001,0.0,0.0,0.8,,,firm_0,phi_op,-22.44767339212355
kappa_1,1.0,1535084896,4,0.6,400,-110.31910926115484,0.01588048057057001,0.0,0.0,0.8,,,firm_0,phi_acc,0.0025433684898783504
kappa_1,1.0,1535084896,4,0.6,400,-110.31910926115484,0.01588048057057001,0.0,0.0,0.8,,,firm_1,phi_op,-7.744245296943574
kappa_1,1.0,1535084896,4,0.6,400,-110.31910926115484,0.01588048057057001,0.0,0.0,0.8,,,firm_1,phi_acc,0.009221554289745896
kappa_1,1.0,1535084896,4,0.6,400,-110.31910926115484,0.01588048057057001,0.0,0.0,0.8,,,firm_2,phi_op,1.1038801291955265
kappa_1,1.0,1535084896,4,0.6,400,-110.31910926115484,0.01588048057057001,0.0,0.0,0.8,,,firm_2,phi_acc,0.006811373284557072
kappa_1,1.0,1535084896,4,0.6,400,-110.31910926115484,0.01588048057057001,0.0,0.0,0.8,,,firm_3,phi_op,-81.23107070128323
kappa_1,1.0,1535084896,4,0.6,400,-110.31910926115484,0.01588048057057001,0.0,0.0,0.8,,,firm_3,phi_acc,-0.002695815493611309
kappa_1,1.0,1695629020,4,0.6,400,183.926764717168,0.09862587037757242,0.0,0.0,-0.8,,,_summary,spearman_rho,-0.8
kappa_1,1.0,1695629020,4,0.6,400,183.926764717168,0.09862587037757242,0.0,0.0,-0.8,,,_summary,displacement,
kappa_1,1.0,1695629020,4,0.6,400,183.926764717168,0.09862587037757242,0.0,0.0,-0.8,,,_summary,rank_reversal,
kappa_1,1.0,1695629020,4,0.6,400,183.926764717168,0.09862587037757242,0.0,0.0,-0.8,,,_summary,v_op_N,183.926764717168
kappa_1,1.0,1695629020,4,0.6,400,183.926764717168,0.09862587037757242,0.0,0.0,-0.8,,,_summary,eff_gap_op,0.0
kappa_1,1.0,1695629020,4,0.6,400,183.926764717168,0.09862587037757242,0.0,0.0,-0.8,,,firm_0,phi_op,-0.8221282364884814
kappa_1,1.0,1695629020,4,0.6,400,183.926764717168,0.09862587037757242,0.0,0.0,-0.8,,,firm_0,phi_acc,0.03494888007592034
kappa_1,1.0,1695629020,4,0.6,400,183.926764717168,0.09862587037757242,0.0,0.0,-0.8,,,firm_1,phi_op,69.22117860337246
kappa_1,1.0,1695629020,4,0.6,400,183.926764717168,0.09862587037757242,0.0,0.0,-0.8,,,firm_1,phi_acc,-0.0013837256392672534
kappa_1,1.0,1695629020,4,0.6,400,183.926764717168,0.09862587037757242,0.0,0.0,-0.8,,,firm_2,phi_op,51.77043409350962
kappa_1,1.0,1695629020,4,0.6,400,183.926764717168,0.09862587037757242,0.0,0.0,-0.8,,,firm_2,phi_acc,0.04726916610339249
kappa_1,1.0,1695629020,4,0.6,400,183.926764717168,0.09862587037757242,0.0,0.0,-0.8,,,firm_3,phi_op,63.75728025677439
kappa_1,1.0,1695629020,4,0.6,400,183.926764717168,0.09862587037757242,0.0,0.0,-0.8,,,firm_3,phi_acc,0.017791549837526843
kappa_1,1.0,1325493252,4,0.6,400,-11.312303262775345,0.03051164042168708,7.105427357601002e-15,0.0,0.0,,,_summary,spearman_rho,0.0
kappa_1,1.0,1325493252,4,0.6,400,-11.312303262775345,0.03051164042168708,7.105427357601002e-15,0.0,0.0,,,_summary,displacement,
kappa_1,1.0,1325493252,4,0.6,400,-11.312303262775345,0.03051164042168708,7.105427357601002e-15,0.0,0.0,,,_summary,rank_reversal,
kappa_1,1.0,1325493252,4,0.6,400,-11.312303262775345,0.03051164042168708,7.105427357601002e-15,0.0,0.0,,,_summary,v_op_N,-11.312303262775345
kappa_1,1.0,1325493252,4,0.6,400,-11.312303262775345,0.03051164042168708,7.105427357601002e-15,0.0,0.0,,,_summary,eff_gap_op,7.105427357601002e-15
kappa_1,1.0,1325493252,4,0.6,400,-11.312303262775345,0.03051164042168708,7.105427357601002e-15,0.0,0.0,,,firm_0,phi_op,-2.5809784943016982
kappa_1,1.0,1325493252,4,0.6,400,-11.312303262775345,0.03051164042168708,7.105427357601002e-15,0.0,0.0,,,firm_0,phi_acc,-0.01298219089374041
kappa_1,1.0,1325493252,4,0.6,400,-11.312303262775345,0.03051164042168708,7.105427357601002e-15,0.0,0.0,,,firm_1,phi_op,31.966158298090466
kappa_1,1.0,1325493252,4,0.6,400,-11.312303262775345,0.03051164042168708,7.105427357601002e-15,0.0,0.0,,,firm_1,phi_acc,0.012295880562702763
kappa_1,1.0,1325493252,4,0.6,400,-11.312303262775345,0.03051164042168708,7.105427357601002e-15,0.0,0.0,,,firm_2,phi_op,-37.455464133270866
kappa_1,1.0,1325493252,4,0.6,400,-11.312303262775345,0.03051164042168708,7.105427357601002e-15,0.0,0.0,,,firm_2,phi_acc,0.002501136881952276
kappa_1,1.0,1325493252,4,0.6,400,-11.312303262775345,0.03051164042168708,7.105427357601002e-15,0.0,0.0,,,firm_3,phi_op,-3.2420189332932408
kappa_1,1.0,1325493252,4,0.6,400,-11.312303262775345,0.03051164042168708,7.105427357601002e-15,0.0,0.0,,,firm_3,phi_acc,0.02869681387077245
kappa_1,1.0,735937165,4,0.6,400,-143.3477293626279,0.04279670161992155,0.0,0.0,-0.8,,,_summary,spearman_rho,-0.8
kappa_1,1.0,735937165,4,0.6,400,-143.3477293626279,0.04279670161992155,0.0,0.0,-0.8,,,_summary,displacement,
kappa_1,1.0,735937165,4,0.6,400,-143.3477293626279,0.04279670161992155,0.0,0.0,-0.8,,,_summary,rank_reversal,
kappa_1,1.0,735937165,4,0.6,400,-143.3477293626279,0.04279670161992155,0.0,0.0,-0.8,,,_summary,v_op_N,-143.3477293626279
kappa_1,1.0,735937165,4,0.6,400,-143.3477293626279,0.04279670161992155,0.0,0.0,-0.8,,,_summary,eff_gap_op,0.0
kappa_1,1.0,735937165,4,0.6,400,-143.3477293626279,0.04279670161992155,0.0,0.0,-0.8,,,firm_0,phi_op,-67.42419746090869
kappa_1,1.0,735937165,4,0.6,400,-143.3477293626279,0.04279670161992155,0.0,0.0,-0.8,,,firm_0,phi_acc,0.0443585864021378
kappa_1,1.0,735937165,4,0.6,400,-143.3477293626279,0.04279670161992155,0.0,0.0,-0.8,,,firm_1,phi_op,-18.30922660901869
kappa_1,1.0,735937165,4,0.6,400,-143.3477293626279,0.04279670161992155,0.0,0.0,-0.8,,,firm_1,phi_acc,-0.00417831664890439
kappa_1,1.0,735937165,4,0.6,400,-143.3477293626279,0.04279670161992155,0.0,0.0,-0.8,,,firm_2,phi_op,-47.11529963485732
kappa_1,1.0,735937165,4,0.6,400,-143.3477293626279,0.04279670161992155,0.0,0.0,-0.8,,,firm_2,phi_acc,0.004240473859575322
kappa_1,1.0,735937165,4,0.6,400,-143.3477293626279,0.04279670161992155,0.0,0.0,-0.8,,,firm_3,phi_op,-10.499005657843174
kappa_1,1.0,735937165,4,0.6,400,-143.3477293626279,0.04279670161992155,0.0,0.0,-0.8,,,firm_3,phi_acc,-0.0016240419928871819
kappa_1,1.0,741817580,4,0.6,400,-97.82851227148751,0.027966437359605356,0.0,0.0,0.19999999999999996,,,_summary,spearman_rho,0.19999999999999996
kappa_1,1.0,741817580,4,0.6,400,-97.82851227148751,0.027966437359605356,0.0,0.0,0.19999999999999996,,,_summary,displacement,
kappa_1,1.0,741817580,4,0.6,400,-97.82851227148751,0.027966437359605356,0.0,0.0,0.19999999999999996,,,_summary,rank_reversal,
kappa_1,1.0,741817580,4,0.6,400,-97.82851227148751,0.027966437359605356,0.0,0.0,0.19999999999999996,,,_summary,v_op_N,-97.82851227148751
kappa_1,1.0,741817580,4,0.6,400,-97.82851227148751,0.027966437359605356,0.0,0.0,0.19999999999999996,,,_summary,eff_gap_op,0.0
kappa_1,1.0,741817580,4,0.6,400,-97.82851227148751,0.027966437359605356,0.0,0.0,0.19999999999999996,,,firm_0,phi_op,36.787721015073004
kappa_1,1.0,741817580,4,0.6,400,-97.82851227148751,0.027966437359605356,0.0,0.0,0.19999999999999996,,,firm_0,phi_acc,0.038819589739387574
kappa_1,1.0,741817580,4,0.6,400,-97.82851227148751,0.027966437359605356,0.0,0.0,0.19999999999999996,,,firm_1,phi_op,-46.85369344481308
kappa_1,1.0,741817580,4,0.6,400,-97.82851227148751,0.027966437359605356,0.0,0.0,0.19999999999999996,,,firm_1,phi_acc,-0.015569448230639715
kappa_1,1.0,741817580,4,0.6,400,-97.82851227148751,0.027966437359605356,0.0,0.0,0.19999999999999996,,,firm_2,phi_op,-49.165037440160944
kappa_1,1.0,741817580,4,0.6,400,-97.82851227148751,0.027966437359605356,0.0,0.0,0.19999999999999996,,,firm_2,phi_acc,0.023437560797001822
kappa_1,1.0,741817580,4,0.6,400,-97.82851227148751,0.027966437359605356,0.0,0.0,0.19999999999999996,,,firm_3,phi_op,-38.59750240158648
kappa_1,1.0,741817580,4,0.6,400,-97.82851227148751,0.027966437359605356,0.0,0.0,0.19999999999999996,,,firm_3,phi_acc,-0.018721264946144324
kappa_1,1.0,1575893166,4,0.6,400,52.19560887600437,0.013034183796898358,7.105427357601002e-15,0.0,-0.3999999999999999,,,_summary,spearman_rho,-0.3999999999999999
kappa_1,1.0,1575893166,4,0.6,400,52.19560887600437,0.013034183796898358,7.105427357601002e-15,0.0,-0.3999999999999999,,,_summary,displacement,
kappa_1,1.0,1575893166,4,0.6,400,52.19560887600437,0.013034183796898358,7.105427357601002e-15,0.0,-0.3999999999999999,,,_summary,rank_reversal,
kappa_1,1.0,1575893166,4,0.6,400,52.19560887600437,0.013034183796898358,7.105427357601002e-15,0.0,-0.3999999999999999,,,_summary,v_op_N,52.19560887600437
kappa_1,1.0,1575893166,4,0.6,400,52.19560887600437,0.013034183796898358,7.105427357601002e-15,0.0,-0.3999999999999999,,,_summary,eff_gap_op,7.105427357601002e-15
kappa_1,1.0,1575893166,4,0.6,400,52.19560887600437,0.013034183796898358,7.105427357601002e-15,0.0,-0.3999999999999999,,,firm_0,phi_op,25.360983304947805
kappa_1,1.0,1575893166,4,0.6,400,52.19560887600437,0.013034183796898358,7.105427357601002e-15,0.0,-0.3999999999999999,,,firm_0,phi_acc,0.0017951916369681278
kappa_1,1.0,1575893166,4,0.6,400,52.19560887600437,0.013034183796898358,7.105427357601002e-15,0.0,-0.3999999999999999,,,firm_1,phi_op,4.151472021855777
kappa_1,1.0,1575893166,4,0.6,400,52.19560887600437,0.013034183796898358,7.105427357601002e-15,0.0,-0.3999999999999999,,,firm_1,phi_acc,0.007913637296180451
kappa_1,1.0,1575893166,4,0.6,400,52.19560887600437,0.013034183796898358,7.105427357601002e-15,0.0,-0.3999999999999999,,,firm_2,phi_op,5.552486343219242
kappa_1,1.0,1575893166,4,0.6,400,52.19560887600437,0.013034183796898358,7.105427357601002e-15,0.0,-0.3999999999999999,,,firm_2,phi_acc,-0.0032089461874152308
kappa_1,1.0,1575893166,4,0.6,400,52.19560887600437,0.013034183796898358,7.105427357601002e-15,0.0,-0.3999999999999999,,,firm_3,phi_op,17.130667205981542
kappa_1,1.0,1575893166,4,0.6,400,52.19560887600437,0.013034183796898358,7.105427357601002e-15,0.0,-0.3999999999999999,,,firm_3,phi_acc,0.006534301051165009
kappa_1,1.0,881711363,4,0.6,400,18.601997361399526,0.017611718238736085,7.105427357601002e-15,3.469446951953614e-18,0.8,,,_summary,spearman_rho,0.8
kappa_1,1.0,881711363,4,0.6,400,18.601997361399526,0.017611718238736085,7.105427357601002e-15,3.469446951953614e-18,0.8,,,_summary,displacement,
kappa_1,1.0,881711363,4,0.6,400,18.601997361399526,0.017611718238736085,7.105427357601002e-15,3.469446951953614e-18,0.8,,,_summary,rank_reversal,
kappa_1,1.0,881711363,4,0.6,400,18.601997361399526,0.017611718238736085,7.105427357601002e-15,3.469446951953614e-18,0.8,,,_summary,v_op_N,18.601997361399526
kappa_1,1.0,881711363,4,0.6,400,18.601997361399526,0.017611718238736085,7.105427357601002e-15,3.469446951953614e-18,0.8,,,_summary,eff_gap_op,7.105427357601002e-15
kappa_1,1.0,881711363,4,0.6,400,18.601997361399526,0.017611718238736085,7.105427357601002e-15,3.469446951953614e-18,0.8,,,firm_0,phi_op,48.934487700966464
kappa_1,1.0,881711363,4,0.6,400,18.601997361399526,0.017611718238736085,7.105427357601002e-15,3.469446951953614e-18,0.8,,,firm_0,phi_acc,0.005320238373893892
kappa_1,1.0,881711363,4,0.6,400,18.601997361399526,0.017611718238736085,7.105427357601002e-15,3.469446951953614e-18,0.8,,,firm_1,phi_op,34.32504826530858
kappa_1,1.0,881711363,4,0.6,400,18.601997361399526,0.017611718238736085,7.105427357601002e-15,3.469446951953614e-18,0.8,,,firm_1,phi_acc,0.020715370807468193
kappa_1,1.0,881711363,4,0.6,400,18.601997361399526,0.017611718238736085,7.105427357601002e-15,3.469446951953614e-18,0.8,,,firm_2,phi_op,-42.44911819083385
kappa_1,1.0,881711363,4,0.6,400,18.601997361399526,0.017611718238736085,7.105427357601002e-15,3.469446951953614e-18,0.8,,,firm_2,phi_acc,-0.008450975353408274
kappa_1,1.0,881711363,4,0.6,400,18.601997361399526,0.017611718238736085,7.105427357601002e-15,3.469446951953614e-18,0.8,,,firm_3,phi_op,-22.208420414041676
kappa_1,1.0,881711363,4,0.6,400,18.601997361399526,0.017611718238736085,7.105427357601002e-15,3.469446951953614e-18,0.8,,,firm_3,phi_acc,2.7084410782270748e-05
kappa_2,2.0,737920414,4,0.6,400,115.54442235082342,0.09699111551755646,0.0,0.0,0.0,,,_summary,spearman_rho,0.0
kappa_2,2.0,737920414,4,0.6,400,115.54442235082342,0.09699111551755646,0.0,0.0,0.0,,,_summary,displacement,
kappa_2,2.0,737920414,4,0.6,400,115.54442235082342,0.09699111551755646,0.0,0.0,0.0,,,_summary,rank_reversal,
kappa_2,2.0,737920414,4,0.6,400,115.54442235082342,0.09699111551755646,0.0,0.0,0.0,,,_summary,v_op_N,115.54442235082342
kappa_2,2.0,737920414,4,0.6,400,115.54442235082342,0.09699111551755646,0.0,0.0,0.0,,,_summary,eff_gap_op,0.0
kappa_2,2.0,737920414,4,0.6,400,115.54442235082342,0.09699111551755646,0.0,0.0,0.0,,,firm_0,phi_op,27.726747239234555
kappa_2,2.0,737920414,4,0.6,400,115.54442235082342,0.09699111551755646,0.0,0.0,0.0,,,firm_0,phi_acc,0.03809380478157152
kappa_2,2.0,737920414,4,0.6,400,115.54442235082342,0.09699111551755646,0.0,0.0,0.0,,,firm_1,phi_op,19.421393554269834
kappa_2,2.0,737920414,4,0.6,400,115.54442235082342,0.09699111551755646,0.0,0.0,0.0,,,firm_1,phi_acc,0.013004235266762438
kappa_2,2.0,737920414,4,0.6,400,115.54442235082342,0.09699111551755646,0.0,0.0,0.0,,,firm_2,phi_op,35.07548846130673
kappa_2,2.0,737920414,4,0.6,400,115.54442235082342,0.09699111551755646,0.0,0.0,0.0,,,firm_2,phi_acc,0.03342269984946994
kappa_2,2.0,737920414,4,0.6,400,115.54442235082342,0.09699111551755646,0.0,0.0,0.0,,,firm_3,phi_op,33.3207930960123
kappa_2,2.0,737920414,4,0.6,400,115.54442235082342,0.09699111551755646,0.0,0.0,0.0,,,firm_3,phi_acc,0.012470375619752559
kappa_2,2.0,347795941,4,0.6,400,-96.90393770647336,0.09334976094755265,0.0,0.0,-0.19999999999999996,,,_summary,spearman_rho,-0.19999999999999996
kappa_2,2.0,347795941,4,0.6,400,-96.90393770647336,0.09334976094755265,0.0,0.0,-0.19999999999999996,,,_summary,displacement,
kappa_2,2.0,347795941,4,0.6,400,-96.90393770647336,0.09334976094755265,0.0,0.0,-0.19999999999999996,,,_summary,rank_reversal,
kappa_2,2.0,347795941,4,0.6,400,-96.90393770647336,0.09334976094755265,0.0,0.0,-0.19999999999999996,,,_summary,v_op_N,-96.90393770647336
kappa_2,2.0,347795941,4,0.6,400,-96.90393770647336,0.09334976094755265,0.0,0.0,-0.19999999999999996,,,_summary,eff_gap_op,0.0
kappa_2,2.0,347795941,4,0.6,400,-96.90393770647336,0.09334976094755265,0.0,0.0,-0.19999999999999996,,,firm_0,phi_op,11.256333901856587
kappa_2,2.0,347795941,4,0.6,400,-96.90393770647336,0.09334976094755265,0.0,0.0,-0.19999999999999996,,,firm_0,phi_acc,0.004094623478354745
kappa_2,2.0,347795941,4,0.6,400,-96.90393770647336,0.09334976094755265,0.0,0.0,-0.19999999999999996,,,firm_1,phi_op,-34.60257016543093
kappa_2,2.0,347795941,4,0.6,400,-96.90393770647336,0.09334976094755265,0.0,0.0,-0.19999999999999996,,,firm_1,phi_acc,0.03162905910625845
kappa_2,2.0,347795941,4,0.6,400,-96.90393770647336,0.09334976094755265,0.0,0.0,-0.19999999999999996,,,firm_2,phi_op,-30.64924485380346
kappa_2,2.0,347795941,4,0.6,400,-96.90393770647336,0.09334976094755265,0.0,0.0,-0.19999999999999996,,,firm_2,phi_acc,0.04233682865257521
kappa_2,2.0,347795941,4,0.6,400,-96.90393770647336,0.09334976094755265,0.0,0.0,-0.19999999999999996,,,firm_3,phi_op,-42.90845658909555
kappa_2,2.0,347795941,4,0.6,400,-96.90393770647336,0.09334976094755265,0.0,0.0,-0.19999999999999996,,,firm_3,phi_acc,0.015289249710364253
kappa_2,2.0,1237264847,4,0.6,400,222.92420984791534,0.0655220585124644,2.842170943040401e-14,0.0,-0.8,,,_summary,spearman_rho,-0.8
kappa_2,2.0,1237264847,4,0.6,400,222.92420984791534,0.0655220585124644,2.842170943040401e-14,0.0,-0.8,,,_summary,displacement,
kappa_2,2.0,1237264847,4,0.6,400,222.92420984791534,0.0655220585124644,2.842170943040401e-14,0.0,-0.8,,,_summary,rank_reversal,
kappa_2,2.0,1237264847,4,0.6,400,222.92420984791534,0.0655220585124644,2.842170943040401e-14,0.0,-0.8,,,_summary,v_op_N,222.92420984791534
kappa_2,2.0,1237264847,4,0.6,400,222.92420984791534,0.0655220585124644,2.842170943040401e-14,0.0,-0.8,,,_summary,eff_gap_op,2.842170943040401e-14
kappa_2,2.0,1237264847,4,0.6,400,222.92420984791534,0.0655220585124644,2.842170943040401e-14,0.0,-0.8,,,firm_0,phi_op,-3.352098222957295
kappa_2,2.0,1237264847,4,0.6,400,222.92420984791534,0.0655220585124644,2.842170943040401e-14,0.0,-0.8,,,firm_0,phi_acc,0.022684501646144706
kappa_2,2.0,1237264847,4,0.6,400,222.92420984791534,0.0655220585124644,2.842170943040401e-14,0.0,-0.8,,,firm_1,phi_op,48.67931213105393
kappa_2,2.0,1237264847,4,0.6,400,222.92420984791534,0.0655220585124644,2.842170943040401e-14,0.0,-0.8,,,firm_1,phi_acc,0.00926491890308507
kappa_2,2.0,1237264847,4,0.6,400,222.92420984791534,0.0655220585124644,2.842170943040401e-14,0.0,-0.8,,,firm_2,phi_op,41.8545638210789
kappa_2,2.0,1237264847,4,0.6,400,222.92420984791534,0.0655220585124644,2.842170943040401e-14,0.0,-0.8,,,firm_2,phi_acc,0.03716797172668537
kappa_2,2.0,1237264847,4,0.6,400,222.92420984791534,0.0655220585124644,2.842170943040401e-14,0.0,-0.8,,,firm_3,phi_op,135.74243211873977
kappa_2,2.0,1237264847,4,0.6,400,222.92420984791534,0.0655220585124644,2.842170943040401e-14,0.0,-0.8,,,firm_3,phi_acc,-0.003595333763450753
kappa_2,2.0,1381950912,4,0.6,400,-28.208795330642715,0.0453233436845486,3.552713678800501e-15,0.0,0.19999999999999996,,,_summary,spearman_rho,0.19999999999999996
kappa_2,2.0,1381950912,4,0.6,400,-28.208795330642715,0.0453233436845486,3.552713678800501e-15,0.0,0.19999999999999996,,,_summary,displacement,
kappa_2,2.0,1381950912,4,0.6,400,-28.208795330642715,0.0453233436845486,3.552713678800501e-15,0.0,0.19999999999999996,,,_summary,rank_reversal,
kappa_2,2.0,1381950912,4,0.6,400,-28.208795330642715,0.0453233436845486,3.552713678800501e-15,0.0,0.19999999999999996,,,_summary,v_op_N,-28.208795330642715
kappa_2,2.0,1381950912,4,0.6,400,-28.208795330642715,0.0453233436845486,3.552713678800501e-15,0.0,0.19999999999999996,,,_summary,eff_gap_op,3.552713678800501e-15
kappa_2,2.0,1381950912,4,0.6,400,-28.208795330642715,0.0453233436845486,3.552713678800501e-15,0.0,0.19999999999999996,,,firm_0,phi_op,45.95057594409667
kappa_2,2.0,1381950912,4,0.6,400,-28.208795330642715,0.0453233436845486,3.552713678800501e-15,0.0,0.19999999999999996,,,firm_0,phi_acc,0.02115329743277531
kappa_2,2.0,1381950912,4,0.6,400,-28.208795330642715,0.0453233436845486,3.552713678800501e-15,0.0,0.19999999999999996,,,firm_1,phi_op,-13.37476025940693
kappa_2,2.0,1381950912,4,0.6,400,-28.208795330642715,0.0453233436845486,3.552713678800501e-15,0.0,0.19999999999999996,,,firm_1,phi_acc,0.010499571096350283
kappa_2,2.0,1381950912,4,0.6,400,-28.208795330642715,0.0453233436845486,3.552713678800501e-15,0.0,0.19999999999999996,,,firm_2,phi_op,21.45698363607329
kappa_2,2.0,1381950912,4,0.6,400,-28.208795330642715,0.0453233436845486,3.552713678800501e-15,0.0,0.19999999999999996,,,firm_2,phi_acc,-0.0007125861484345759
kappa_2,2.0,1381950912,4,0.6,400,-28.208795330642715,0.0453233436845486,3.552713678800501e-15,0.0,0.19999999999999996,,,firm_3,phi_op,-82.24159465140575
kappa_2,2.0,1381950912,4,0.6,400,-28.208795330642715,0.0453233436845486,3.552713678800501e-15,0.0,0.19999999999999996,,,firm_3,phi_acc,0.01438306130385758
kappa_2,2.0,522391825,4,0.6,400,122.46577445467074,0.012576058249693656,1.4210854715202004e-14,0.0,-0.19999999999999996,,,_summary,spearman_rho,-0.19999999999999996
kappa_2,2.0,522391825,4,0.6,400,122.46577445467074,0.012576058249693656,1.4210854715202004e-14,0.0,-0.19999999999999996,,,_summary,displacement,
kappa_2,2.0,522391825,4,0.6,400,122.46577445467074,0.012576058249693656,1.4210854715202004e-14,0.0,-0.19999999999999996,,,_summary,rank_reversal,
kappa_2,2.0,522391825,4,0.6,400,122.46577445467074,0.012576058249693656,1.4210854715202004e-14,0.0,-0.19999999999999996,,,_summary,v_op_N,122.46577445467074
kappa_2,2.0,522391825,4,0.6,400,122.46577445467074,0.012576058249693656,1.4210854715202004e-14,0.0,-0.19999999999999996,,,_summary,eff_gap_op,1.4210854715202004e-14
kappa_2,2.0,522391825,4,0.6,400,122.46577445467074,0.012576058249693656,1.4210854715202004e-14,0.0,-0.19999999999999996,,,firm_0,phi_op,116.18579484105733
kappa_2,2.0,522391825,4,0.6,400,122.46577445467074,0.012576058249693656,1.4210854715202004e-14,0.0,-0.19999999999999996,,,firm_0,phi_acc,-0.006642806287576871
kappa_2,2.0,522391825,4,0.6,400,122.46577445467074,0.012576058249693656,1.4210854715202004e-14,0.0,-0.19999999999999996,,,firm_1,phi_op,14.91040093739328
kappa_2,2.0,522391825,4,0.6,400,122.46577445467074,0.012576058249693656,1.4210854715202004e-14,0.0,-0.19999999999999996,,,firm_1,phi_acc,0.016487646256796717
kappa_2,2.0,522391825,4,0.6,400,122.46577445467074,0.012576058249693656,1.4210854715202004e-14,0.0,-0.19999999999999996,,,firm_2,phi_op,-3.361105463311599
kappa_2,2.0,522391825,4,0.6,400,122.46577445467074,0.012576058249693656,1.4210854715202004e-14,0.0,-0.19999999999999996,,,firm_2,phi_acc,0.0031239373693629866
kappa_2,2.0,522391825,4,0.6,400,122.46577445467074,0.012576058249693656,1.4210854715202004e-14,0.0,-0.19999999999999996,,,firm_3,phi_op,-5.269315860468284
kappa_2,2.0,522391825,4,0.6,400,122.46577445467074,0.012576058249693656,1.4210854715202004e-14,0.0,-0.19999999999999996,,,firm_3,phi_acc,-0.00039271908888917784
kappa_2,2.0,1947842845,4,0.6,400,46.85308543636256,0.08511924364570345,0.0,0.0,-0.3999999999999999,,,_summary,spearman_rho,-0.3999999999999999
kappa_2,2.0,1947842845,4,0.6,400,46.85308543636256,0.08511924364570345,0.0,0.0,-0.3999999999999999,,,_summary,displacement,
kappa_2,2.0,1947842845,4,0.6,400,46.85308543636256,0.08511924364570345,0.0,0.0,-0.3999999999999999,,,_summary,rank_reversal,
kappa_2,2.0,1947842845,4,0.6,400,46.85308543636256,0.08511924364570345,0.0,0.0,-0.3999999999999999,,,_summary,v_op_N,46.85308543636256
kappa_2,2.0,1947842845,4,0.6,400,46.85308543636256,0.08511924364570345,0.0,0.0,-0.3999999999999999,,,_summary,eff_gap_op,0.0
kappa_2,2.0,1947842845,4,0.6,400,46.85308543636256,0.08511924364570345,0.0,0.0,-0.3999999999999999,,,firm_0,phi_op,29.201541809289303
kappa_2,2.0,1947842845,4,0.6,400,46.85308543636256,0.08511924364570345,0.0,0.0,-0.3999999999999999,,,firm_0,phi_acc,0.031175800046129732
kappa_2,2.0,1947842845,4,0.6,400,46.85308543636256,0.08511924364570345,0.0,0.0,-0.3999999999999999,,,firm_1,phi_op,-76.85274598284428
kappa_2,2.0,1947842845,4,0.6,400,46.85308543636256,0.08511924364570345,0.0,0.0,-0.3999999999999999,,,firm_1,phi_acc,0.02511257708562204
kappa_2,2.0,1947842845,4,0.6,400,46.85308543636256,0.08511924364570345,0.0,0.0,-0.3999999999999999,,,firm_2,phi_op,75.8470119095004
kappa_2,2.0,1947842845,4,0.6,400,46.85308543636256,0.08511924364570345,0.0,0.0,-0.3999999999999999,,,firm_2,phi_acc,0.011314440480149021
kappa_2,2.0,1947842845,4,0.6,400,46.85308543636256,0.08511924364570345,0.0,0.0,-0.3999999999999999,,,firm_3,phi_op,18.657277700417147
kappa_2,2.0,1947842845,4,0.6,400,46.85308543636256,0.08511924364570345,0.0,0.0,-0.3999999999999999,,,firm_3,phi_acc,0.017516426033802646
kappa_2,2.0,1100027996,4,0.6,400,18.221022156653135,0.10169605152007433,1.0658141036401503e-14,0.0,1.0,,,_summary,spearman_rho,1.0
kappa_2,2.0,1100027996,4,0.6,400,18.221022156653135,0.10169605152007433,1.0658141036401503e-14,0.0,1.0,,,_summary,displacement,
kappa_2,2.0,1100027996,4,0.6,400,18.221022156653135,0.10169605152007433,1.0658141036401503e-14,0.0,1.0,,,_summary,rank_reversal,
kappa_2,2.0,1100027996,4,0.6,400,18.221022156653135,0.10169605152007433,1.0658141036401503e-14,0.0,1.0,,,_summary,v_op_N,18.221022156653135
kappa_2,2.0,1100027996,4,0.6,400,18.221022156653135,0.10169605152007433,1.0658141036401503e-14,0.0,1.0,,,_summary,eff_gap_op,1.0658141036401503e-14
kappa_2,2.0,1100027996,4,0.6,400,18.221022156653135,0.10169605152007433,1.0658141036401503e-14,0.0,1.0,,,firm_0,phi_op,-26.00893902992696
kappa_2,2.0,1100027996,4,0.6,400,18.221022156653135,0.10169605152007433,1.0658141036401503e-14,0.0,1.0,,,firm_0,phi_acc,0.023953064767903827
kappa_2,2.0,1100027996,4,0.6,400,18.221022156653135,0.10169605152007433,1.0658141036401503e-14,0.0,1.0,,,firm_1,phi_op,49.51673273148524
kappa_2,2.0,1100027996,4,0.6,400,18.221022156653135,0.10169605152007433,1.0658141036401503e-14,0.0,1.0,,,firm_1,phi_acc,0.025865405135828475
kappa_2,2.0,1100027996,4,0.6,400,18.221022156653135,0.10169605152007433,1.0658141036401503e-14,0.0,1.0,,,firm_2,phi_op,-64.75345159001868
kappa_2,2.0,1100027996,4,0.6,400,18.221022156653135,0.10169605152007433,1.0658141036401503e-14,0.0,1.0,,,firm_2,phi_acc,0.02000916050347628
kappa_2,2.0,1100027996,4,0.6,400,18.221022156653135,0.10169605152007433,1.0658141036401503e-14,0.0,1.0,,,firm_3,phi_op,59.46668004511353
kappa_2,2.0,1100027996,4,0.6,400,18.221022156653135,0.10169605152007433,1.0658141036401503e-14,0.0,1.0,,,firm_3,phi_acc,0.03186842111286574
kappa_2,2.0,1824186758,4,0.6,400,77.18122029349809,0.12299026614073805,0.0,1.3877787807814457e-17,1.0,,,_summary,spearman_rho,1.0
kappa_2,2.0,1824186758,4,0.6,400,77.18122029349809,0.12299026614073805,0.0,1.3877787807814457e-17,1.0,,,_summary,displacement,
kappa_2,2.0,1824186758,4,0.6,400,77.18122029349809,0.12299026614073805,0.0,1.3877787807814457e-17,1.0,,,_summary,rank_reversal,
kappa_2,2.0,1824186758,4,0.6,400,77.18122029349809,0.12299026614073805,0.0,1.3877787807814457e-17,1.0,,,_summary,v_op_N,77.18122029349809
kappa_2,2.0,1824186758,4,0.6,400,77.18122029349809,0.12299026614073805,0.0,1.3877787807814457e-17,1.0,,,_summary,eff_gap_op,0.0
kappa_2,2.0,1824186758,4,0.6,400,77.18122029349809,0.12299026614073805,0.0,1.3877787807814457e-17,1.0,,,firm_0,phi_op,62.1522614760541
kappa_2,2.0,1824186758,4,0.6,400,77.18122029349809,0.12299026614073805,0.0,1.3877787807814457e-17,1.0,,,firm_0,phi_acc,0.04731758697848027
kappa_2,2.0,1824186758,4,0.6,400,77.18122029349809,0.12299026614073805,0.0,1.3877787807814457e-17,1.0,,,firm_1,phi_op,-20.32177811458292
kappa_2,2.0,1824186758,4,0.6,400,77.18122029349809,0.12299026614073805,0.0,1.3877787807814457e-17,1.0,,,firm_1,phi_acc,-0.0014023940441643215
kappa_2,2.0,1824186758,4,0.6,400,77.18122029349809,0.12299026614073805,0.0,1.3877787807814457e-17,1.0,,,firm_2,phi_op,55.47463985750832
kappa_2,2.0,1824186758,4,0.6,400,77.18122029349809,0.12299026614073805,0.0,1.3877787807814457e-17,1.0,,,firm_2,phi_acc,0.04085803446705628
kappa_2,2.0,1824186758,4,0.6,400,77.18122029349809,0.12299026614073805,0.0,1.3877787807814457e-17,1.0,,,firm_3,phi_op,-20.123902925481417
kappa_2,2.0,1824186758,4,0.6,400,77.18122029349809,0.12299026614073805,0.0,1.3877787807814457e-17,1.0,,,firm_3,phi_acc,0.03621703873936581
kappa_2,2.0,779812376,4,0.6,400,-18.214363244653896,0.11589487921761754,0.0,0.0,0.4,,,_summary,spearman_rho,0.4
kappa_2,2.0,779812376,4,0.6,400,-18.214363244653896,0.11589487921761754,0.0,0.0,0.4,,,_summary,displacement,
kappa_2,2.0,779812376,4,0.6,400,-18.214363244653896,0.11589487921761754,0.0,0.0,0.4,,,_summary,rank_reversal,
kappa_2,2.0,779812376,4,0.6,400,-18.214363244653896,0.11589487921761754,0.0,0.0,0.4,,,_summary,v_op_N,-18.214363244653896
kappa_2,2.0,779812376,4,0.6,400,-18.214363244653896,0.11589487921761754,0.0,0.0,0.4,,,_summary,eff_gap_op,0.0
kappa_2,2.0,779812376,4,0.6,400,-18.214363244653896,0.11589487921761754,0.0,0.0,0.4,,,firm_0,phi_op,12.067406683694095
kappa_2,2.0,779812376,4,0.6,400,-18.214363244653896,0.11589487921761754,0.0,0.0,0.4,,,firm_0,phi_acc,0.009303334400873848
kappa_2,2.0,779812376,4,0.6,400,-18.214363244653896,0.11589487921761754,0.0,0.0,0.4,,,firm_1,phi_op,27.94331320535535
kappa_2,2.0,779812376,4,0.6,400,-18.214363244653896,0.11589487921761754,0.0,0.0,0.4,,,firm_1,phi_acc,0.052310053572772686
kappa_2,2.0,779812376,4,0.6,400,-18.214363244653896,0.11589487921761754,0.0,0.0,0.4,,,firm_2,phi_op,4.072626251535648
kappa_2,2.0,779812376,4,0.6,400,-18.214363244653896,0.11589487921761754,0.0,0.0,0.4,,,firm_2,phi_acc,0.03295183436021222
kappa_2,2.0,779812376,4,0.6,400,-18.214363244653896,0.11589487921761754,0.0,0.0,0.4,,,firm_3,phi_op,-62.29770938523899
kappa_2,2.0,779812376,4,0.6,400,-18.214363244653896,0.11589487921761754,0.0,0.0,0.4,,,firm_3,phi_acc,0.02132965688375878
kappa_2,2.0,1071592025,4,0.6,400,-109.01486426129418,0.05960115041620073,0.0,6.938893903907228e-18,-0.3999999999999999,,,_summary,spearman_rho,-0.3999999999999999
kappa_2,2.0,1071592025,4,0.6,400,-109.01486426129418,0.05960115041620073,0.0,6.938893903907228e-18,-0.3999999999999999,,,_summary,displacement,
kappa_2,2.0,1071592025,4,0.6,400,-109.01486426129418,0.05960115041620073,0.0,6.938893903907228e-18,-0.3999999999999999,,,_summary,rank_reversal,
kappa_2,2.0,1071592025,4,0.6,400,-109.01486426129418,0.05960115041620073,0.0,6.938893903907228e-18,-0.3999999999999999,,,_summary,v_op_N,-109.01486426129418
kappa_2,2.0,1071592025,4,0.6,400,-109.01486426129418,0.05960115041620073,0.0,6.938893903907228e-18,-0.3999999999999999,,,_summary,eff_gap_op,0.0
kappa_2,2.0,1071592025,4,0.6,400,-109.01486426129418,0.05960115041620073,0.0,6.938893903907228e-18,-0.3999999999999999,,,firm_0,phi_op,10.200931082197751
kappa_2,2.0,1071592025,4,0.6,400,-109.01486426129418,0.05960115041620073,0.0,6.938893903907228e-18,-0.3999999999999999,,,firm_0,phi_acc,0.008278016470215921
kappa_2,2.0,1071592025,4,0.6,400,-109.01486426129418,0.05960115041620073,0.0,6.938893903907228e-18,-0.3999999999999999,,,firm_1,phi_op,-14.735408386477769
kappa_2,2.0,1071592025,4,0.6,400,-109.01486426129418,0.05960115041620073,0.0,6.938893903907228e-18,-0.3999999999999999,,,firm_1,phi_acc,0.005416084872515436
kappa_2,2.0,1071592025,4,0.6,400,-109.01486426129418,0.05960115041620073,0.0,6.938893903907228e-18,-0.3999999999999999,,,firm_2,phi_op,-109.86809167759304
kappa_2,2.0,1071592025,4,0.6,400,-109.01486426129418,0.05960115041620073,0.0,6.938893903907228e-18,-0.3999999999999999,,,firm_2,phi_acc,0.02550821180585679
kappa_2,2.0,1071592025,4,0.6,400,-109.01486426129418,0.05960115041620073,0.0,6.938893903907228e-18,-0.3999999999999999,,,firm_3,phi_op,5.387704720578882
kappa_2,2.0,1071592025,4,0.6,400,-109.01486426129418,0.05960115041620073,0.0,6.938893903907228e-18,-0.3999999999999999,,,firm_3,phi_acc,0.02039883726761258
kappa_2,2.0,940982480,4,0.6,400,2.5471049306938767,0.036835979000242824,1.3322676295501878e-15,0.0,-0.8,,,_summary,spearman_rho,-0.8
kappa_2,2.0,940982480,4,0.6,400,2.5471049306938767,0.036835979000242824,1.3322676295501878e-15,0.0,-0.8,,,_summary,displacement,
kappa_2,2.0,940982480,4,0.6,400,2.5471049306938767,0.036835979000242824,1.3322676295501878e-15,0.0,-0.8,,,_summary,rank_reversal,
kappa_2,2.0,940982480,4,0.6,400,2.5471049306938767,0.036835979000242824,1.3322676295501878e-15,0.0,-0.8,,,_summary,v_op_N,2.5471049306938767
kappa_2,2.0,940982480,4,0.6,400,2.5471049306938767,0.036835979000242824,1.3322676295501878e-15,0.0,-0.8,,,_summary,eff_gap_op,1.3322676295501878e-15
kappa_2,2.0,940982480,4,0.6,400,2.5471049306938767,0.036835979000242824,1.3322676295501878e-15,0.0,-0.8,,,firm_0,phi_op,-26.22682096269911
kappa_2,2.0,940982480,4,0.6,400,2.5471049306938767,0.036835979000242824,1.3322676295501878e-15,0.0,-0.8,,,firm_0,phi_acc,0.016208958435323318
kappa_2,2.0,940982480,4,0.6,400,2.5471049306938767,0.036835979000242824,1.3322676295501878e-15,0.0,-0.8,,,firm_1,phi_op,13.342069284184257
kappa_2,2.0,940982480,4,0.6,400,2.5471049306938767,0.036835979000242824,1.3322676295501878e-15,0.0,-0.8,,,firm_1,phi_acc,0.010703631561007463
kappa_2,2.0,940982480,4,0.6,400,2.5471049306938767,0.036835979000242824,1.3322676295501878e-15,0.0,-0.8,,,firm_2,phi_op,0.2538701916914577
kappa_2,2.0,940982480,4,0.6,400,2.5471049306938767,0.036835979000242824,1.3322676295501878e-15,0.0,-0.8,,,firm_2,phi_acc,0.0051586305657251585
kappa_2,2.0,940982480,4,0.6,400,2.5471049306938767,0.036835979000242824,1.3322676295501878e-15,0.0,-0.8,,,firm_3,phi_op,15.177986417517275
kappa_2,2.0,940982480,4,0.6,400,2.5471049306938767,0.036835979000242824,1.3322676295501878e-15,0.0,-0.8,,,firm_3,phi_acc,0.0047647584381868835
kappa_2,2.0,2112564304,4,0.6,400,117.52012064221026,0.02247076919598401,1.4210854715202004e-14,0.0,0.4,,,_summary,spearman_rho,0.4
kappa_2,2.0,2112564304,4,0.6,400,117.52012064221026,0.02247076919598401,1.4210854715202004e-14,0.0,0.4,,,_summary,displacement,
kappa_2,2.0,2112564304,4,0.6,400,117.52012064221026,0.02247076919598401,1.4210854715202004e-14,0.0,0.4,,,_summary,rank_reversal,
kappa_2,2.0,2112564304,4,0.6,400,117.52012064221026,0.02247076919598401,1.4210854715202004e-14,0.0,0.4,,,_summary,v_op_N,117.52012064221026
kappa_2,2.0,2112564304,4,0.6,400,117.52012064221026,0.02247076919598401,1.4210854715202004e-14,0.0,0.4,,,_summary,eff_gap_op,1.4210854715202004e-14
kappa_2,2.0,2112564304,4,0.6,400,117.52012064221026,0.02247076919598401,1.4210854715202004e-14,0.0,0.4,,,firm_0,phi_op,23.342793418816065
kappa_2,2.0,2112564304,4,0.6,400,117.52012064221026,0.02247076919598401,1.4210854715202004e-14,0.0,0.4,,,firm_0,phi_acc,0.003304348436641624
kappa_2,2.0,2112564304,4,0.6,400,117.52012064221026,0.02247076919598401,1.4210854715202004e-14,0.0,0.4,,,firm_1,phi_op,29.353625636938485
kappa_2,2.0,2112564304,4,0.6,400,117.52012064221026,0.02247076919598401,1.4210854715202004e-14,0.0,0.4,,,firm_1,phi_acc,0.03062641869925712
kappa_2,2.0,2112564304,4,0.6,400,117.52012064221026,0.02247076919598401,1.4210854715202004e-14,0.0,0.4,,,firm_2,phi_op,21.07067292913638
kappa_2,2.0,2112564304,4,0.6,400,117.52012064221026,0.02247076919598401,1.4210854715202004e-14,0.0,0.4,,,firm_2,phi_acc,-0.011119067793743867
kappa_2,2.0,2112564304,4,0.6,400,117.52012064221026,0.02247076919598401,1.4210854715202004e-14,0.0,0.4,,,firm_3,phi_op,43.75302865731932
kappa_2,2.0,2112564304,4,0.6,400,117.52012064221026,0.02247076919598401,1.4210854715202004e-14,0.0,0.4,,,firm_3,phi_acc,-0.0003409301461708696
kappa_2,2.0,628345251,4,0.6,400,-70.54984810934866,0.00810910340979576,0.0,0.0,0.19999999999999996,,,_summary,spearman_rho,0.19999999999999996
kappa_2,2.0,628345251,4,0.6,400,-70.54984810934866,0.00810910340979576,0.0,0.0,0.19999999999999996,,,_summary,displacement,
kappa_2,2.0,628345251,4,0.6,400,-70.54984810934866,0.00810910340979576,0.0,0.0,0.19999999999999996,,,_summary,rank_reversal,
kappa_2,2.0,628345251,4,0.6,400,-70.54984810934866,0.00810910340979576,0.0,0.0,0.19999999999999996,,,_summary,v_op_N,-70.54984810934866
kappa_2,2.0,628345251,4,0.6,400,-70.54984810934866,0.00810910340979576,0.0,0.0,0.19999999999999996,,,_summary,eff_gap_op,0.0
kappa_2,2.0,628345251,4,0.6,400,-70.54984810934866,0.00810910340979576,0.0,0.0,0.19999999999999996,,,firm_0,phi_op,-83.65547138177863
kappa_2,2.0,628345251,4,0.6,400,-70.54984810934866,0.00810910340979576,0.0,0.0,0.19999999999999996,,,firm_0,phi_acc,-0.005246314878925518
kappa_2,2.0,628345251,4,0.6,400,-70.54984810934866,0.00810910340979576,0.0,0.0,0.19999999999999996,,,firm_1,phi_op,-16.411777593545708
kappa_2,2.0,628345251,4,0.6,400,-70.54984810934866,0.00810910340979576,0.0,0.0,0.19999999999999996,,,firm_1,phi_acc,0.008854942607582739
kappa_2,2.0,628345251,4,0.6,400,-70.54984810934866,0.00810910340979576,0.0,0.0,0.19999999999999996,,,firm_2,phi_op,-3.8059908483895315
kappa_2,2.0,628345251,4,0.6,400,-70.54984810934866,0.00810910340979576,0.0,0.0,0.19999999999999996,,,firm_2,phi_acc,0.004889265666746448
kappa_2,2.0,628345251,4,0.6,400,-70.54984810934866,0.00810910340979576,0.0,0.0,0.19999999999999996,,,firm_3,phi_op,33.3233917143652
kappa_2,2.0,628345251,4,0.6,400,-70.54984810934866,0.00810910340979576,0.0,0.0,0.19999999999999996,,,firm_3,phi_acc,-0.00038878998560791045
kappa_2,2.0,1535084896,4,0.6,400,-217.42774435849628,0.01588048057057001,2.842170943040401e-14,0.0,0.8,,,_summary,spearman_rho,0.8
kappa_2,2.0,1535084896,4,0.6,400,-217.42774435849628,0.01588048057057001,2.842170943040401e-14,0.0,0.8,,,_summary,displacement,
kappa_2,2.0,1535084896,4,0.6,400,-217.42774435849628,0.01588048057057001,2.842170943040401e-14,0.0,0.8,,,_summary,rank_reversal,
kappa_2,2.0,1535084896,4,0.6,400,-217.42774435849628,0.01588048057057001,2.842170943040401e-14,0.0,0.8,,,_summary,v_op_N,-217.42774435849628
kappa_2,2.0,1535084896,4,0.6,400,-217.42774435849628,0.01588048057057001,2.842170943040401e-14,0.0,0.8,,,_summary,eff_gap_op,2.842170943040401e-14
kappa_2,2.0,1535084896,4,0.6,400,-217.42774435849628,0.01588048057057001,2.842170943040401e-14,0.0,0.8,,,firm_0,phi_op,-53.75191681315207
kappa_2,2.0,1535084896,4,0.6,400,-217.42774435849628,0.01588048057057001,2.842170943040401e-14,0.0,0.8,,,firm_0,phi_acc,0.0025433684898783504
kappa_2,2.0,1535084896,4,0.6,400,-217.42774435849628,0.01588048057057001,2.842170943040401e-14,0.0,0.8,,,firm_1,phi_op,-8.918317902317332
kappa_2,2.0,1535084896,4,0.6,400,-217.42774435849628,0.01588048057057001,2.842170943040401e-14,0.0,0.8,,,firm_1,phi_acc,0.009221554289745896
kappa_2,2.0,1535084896,4,0.6,400,-217.42774435849628,0.01588048057057001,2.842170943040401e-14,0.0,0.8,,,firm_2,phi_op,-6.280987985392565
kappa_2,2.0,1535084896,4,0.6,400,-217.42774435849628,0.01588048057057001,2.842170943040401e-14,0.0,0.8,,,firm_2,phi_acc,0.006811373284557072
kappa_2,2.0,1535084896,4,0.6,400,-217.42774435849628,0.01588048057057001,2.842170943040401e-14,0.0,0.8,,,firm_3,phi_op,-148.4765216576343
kappa_2,2.0,1535084896,4,0.6,400,-217.42774435849628,0.01588048057057001,2.842170943040401e-14,0.0,0.8,,,firm_3,phi_acc,-0.002695815493611309
kappa_2,2.0,1695629020,4,0.6,400,315.77150880708746,0.09862587037757242,0.0,0.0,-0.6000000000000001,,,_summary,spearman_rho,-0.6000000000000001
kappa_2,2.0,1695629020,4,0.6,400,315.77150880708746,0.09862587037757242,0.0,0.0,-0.6000000000000001,,,_summary,displacement,
kappa_2,2.0,1695629020,4,0.6,400,315.77150880708746,0.09862587037757242,0.0,0.0,-0.6000000000000001,,,_summary,rank_reversal,
kappa_2,2.0,1695629020,4,0.6,400,315.77150880708746,0.09862587037757242,0.0,0.0,-0.6000000000000001,,,_summary,v_op_N,315.77150880708746
kappa_2,2.0,1695629020,4,0.6,400,315.77150880708746,0.09862587037757242,0.0,0.0,-0.6000000000000001,,,_summary,eff_gap_op,0.0
kappa_2,2.0,1695629020,4,0.6,400,315.77150880708746,0.09862587037757242,0.0,0.0,-0.6000000000000001,,,firm_0,phi_op,2.5809302096496545
kappa_2,2.0,1695629020,4,0.6,400,315.77150880708746,0.09862587037757242,0.0,0.0,-0.6000000000000001,,,firm_0,phi_acc,0.03494888007592034
kappa_2,2.0,1695629020,4,0.6,400,315.77150880708746,0.09862587037757242,0.0,0.0,-0.6000000000000001,,,firm_1,phi_op,109.0480164297631
kappa_2,2.0,1695629020,4,0.6,400,315.77150880708746,0.09862587037757242,0.0,0.0,-0.6000000000000001,,,firm_1,phi_acc,-0.0013837256392672534
kappa_2,2.0,1695629020,4,0.6,400,315.77150880708746,0.09862587037757242,0.0,0.0,-0.6000000000000001,,,firm_2,phi_op,76.86901456711675
kappa_2,2.0,1695629020,4,0.6,400,315.77150880708746,0.09862587037757242,0.0,0.0,-0.6000000000000001,,,firm_2,phi_acc,0.04726916610339249
kappa_2,2.0,1695629020,4,0.6,400,315.77150880708746,0.09862587037757242,0.0,0.0,-0.6000000000000001,,,firm_3,phi_op,127.27354760055795
kappa_2,2.0,1695629020,4,0.6,400,315.77150880708746,0.09862587037757242,0.0,0.0,-0.6000000000000001,,,firm_3,phi_acc,0.017791549837526843
kappa_2,2.0,1325493252,4,0.6,400,-18.916620422496862,0.03051164042168708,0.0,0.0,0.6,,,_summary,spearman_rho,0.6
kappa_2,2.0,1325493252,4,0.6,400,-18.916620422496862,0.03051164042168708,0.0,0.0,0.6,,,_summary,displacement,
kappa_2,2.0,1325493252,4,0.6,400,-18.916620422496862,0.03051164042168708,0.0,0.0,0.6,,,_summary,rank_reversal,
kappa_2,2.0,1325493252,4,0.6,400,-18.916620422496862,0.03051164042168708,0.0,0.0,0.6,,,_summary,v_op_N,-18.916620422496862
kappa_2,2.0,1325493252,4,0.6,400,-18.916620422496862,0.03051164042168708,0.0,0.0,0.6,,,_summary,eff_gap_op,0.0
kappa_2,2.0,1325493252,4,0.6,400,-18.916620422496862,0.03051164042168708,0.0,0.0,0.6,,,firm_0,phi_op,-16.37078546176872
kappa_2,2.0,1325493252,4,0.6,400,-18.916620422496862,0.03051164042168708,0.0,0.0,0.6,,,firm_0,phi_acc,-0.01298219089374041
kappa_2,2.0,1325493252,4,0.6,400,-18.916620422496862,0.03051164042168708,0.0,0.0,0.6,,,firm_1,phi_op,51.25860493922194
kappa_2,2.0,1325493252,4,0.6,400,-18.916620422496862,0.03051164042168708,0.0,0.0,0.6,,,firm_1,phi_acc,0.012295880562702763
kappa_2,2.0,1325493252,4,0.6,400,-18.916620422496862,0.03051164042168708,0.0,0.0,0.6,,,firm_2,phi_op,-67.56200614486154
kappa_2,2.0,1325493252,4,0.6,400,-18.916620422496862,0.03051164042168708,0.0,0.0,0.6,,,firm_2,phi_acc,0.002501136881952276
kappa_2,2.0,1325493252,4,0.6,400,-18.916620422496862,0.03051164042168708,0.0,0.0,0.6,,,firm_3,phi_op,13.757566244911459
kappa_2,2.0,1325493252,4,0.6,400,-18.916620422496862,0.03051164042168708,0.0,0.0,0.6,,,firm_3,phi_acc,0.02869681387077245
kappa_2,2.0,735937165,4,0.6,400,-188.69154750112693,0.04279670161992155,0.0,0.0,-1.0,,,_summary,spearman_rho,-1.0
kappa_2,2.0,735937165,4,0.6,400,-188.69154750112693,0.04279670161992155,0.0,0.0,-1.0,,,_summary,displacement,
kappa_2,2.0,735937165,4,0.6,400,-188.69154750112693,0.04279670161992155,0.0,0.0,-1.0,,,_summary,rank_reversal,
kappa_2,2.0,735937165,4,0.6,400,-188.69154750112693,0.04279670161992155,0.0,0.0,-1.0,,,_summary,v_op_N,-188.69154750112693
kappa_2,2.0,735937165,4,0.6,400,-188.69154750112693,0.04279670161992155,0.0,0.0,-1.0,,,_summary,eff_gap_op,0.0
kappa_2,2.0,735937165,4,0.6,400,-188.69154750112693,0.04279670161992155,0.0,0.0,-1.0,,,firm_0,phi_op,-66.9225551414221
kappa_2,2.0,735937165,4,0.6,400,-188.69154750112693,0.04279670161992155,0.0,0.0,-1.0,,,firm_0,phi_acc,0.0443585864021378
kappa_2,2.0,735937165,4,0.6,400,-188.69154750112693,0.04279670161992155,0.0,0.0,-1.0,,,firm_1,phi_op,-28.24310683274374
kappa_2,2.0,735937165,4,0.6,400,-188.69154750112693,0.04279670161992155,0.0,0.0,-1.0,,,firm_1,phi_acc,-0.00417831664890439
kappa_2,2.0,735937165,4,0.6,400,-188.69154750112693,0.04279670161992155,0.0,0.0,-1.0,,,firm_2,phi_op,-50.3884693298955
kappa_2,2.0,735937165,4,0.6,400,-188.69154750112693,0.04279670161992155,0.0,0.0,-1.0,,,firm_2,phi_acc,0.004240473859575322
kappa_2,2.0,735937165,4,0.6,400,-188.69154750112693,0.04279670161992155,0.0,0.0,-1.0,,,firm_3,phi_op,-43.13741619706559
kappa_2,2.0,735937165,4,0.6,400,-188.69154750112693,0.04279670161992155,0.0,0.0,-1.0,,,firm_3,phi_acc,-0.0016240419928871819
kappa_2,2.0,741817580,4,0.6,400,-93.02950052144752,0.027966437359605356,0.0,0.0,0.19999999999999996,,,_summary,spearman_rho,0.19999999999999996
kappa_2,2.0,741817580,4,0.6,400,-93.02950052144752,0.027966437359605356,0.0,0.0,0.19999999999999996,,,_summary,displacement,
kappa_2,2.0,741817580,4,0.6,400,-93.02950052144752,0.027966437359605356,0.0,0.0,0.19999999999999996,,,_summary,rank_reversal,
kappa_2,2.0,741817580,4,0.6,400,-93.02950052144752,0.027966437359605356,0.0,0.0,0.19999999999999996,,,_summary,v_op_N,-93.02950052144752
kappa_2,2.0,741817580,4,0.6,400,-93.02950052144752,0.027966437359605356,0.0,0.0,0.19999999999999996,,,_summary,eff_gap_op,0.0
kappa_2,2.0,741817580,4,0.6,400,-93.02950052144752,0.027966437359605356,0.0,0.0,0.19999999999999996,,,firm_0,phi_op,40.69491510695589
kappa_2,2.0,741817580,4,0.6,400,-93.02950052144752,0.027966437359605356,0.0,0.0,0.19999999999999996,,,firm_0,phi_acc,0.038819589739387574
kappa_2,2.0,741817580,4,0.6,400,-93.02950052144752,0.027966437359605356,0.0,0.0,0.19999999999999996,,,firm_1,phi_op,-37.89852446525022
kappa_2,2.0,741817580,4,0.6,400,-93.02950052144752,0.027966437359605356,0.0,0.0,0.19999999999999996,,,firm_1,phi_acc,-0.015569448230639715
kappa_2,2.0,741817580,4,0.6,400,-93.02950052144752,0.027966437359605356,0.0,0.0,0.19999999999999996,,,firm_2,phi_op,-70.24152158283478
kappa_2,2.0,741817580,4,0.6,400,-93.02950052144752,0.027966437359605356,0.0,0.0,0.19999999999999996,,,firm_2,phi_acc,0.023437560797001822
kappa_2,2.0,741817580,4,0.6,400,-93.02950052144752,0.027966437359605356,0.0,0.0,0.19999999999999996,,,firm_3,phi_op,-25.584369580318402
kappa_2,2.0,741817580,4,0.6,400,-93.02950052144752,0.027966437359605356,0.0,0.0,0.19999999999999996,,,firm_3,phi_acc,-0.018721264946144324
kappa_2,2.0,1575893166,4,0.6,400,75.41338667340392,0.013034183796898358,1.4210854715202004e-14,0.0,0.4,,,_summary,spearman_rho,0.4
kappa_2,2.0,1575893166,4,0.6,400,75.41338667340392,0.013034183796898358,1.4210854715202004e-14,0.0,0.4,,,_summary,displacement,
kappa_2,2.0,1575893166,4,0.6,400,75.41338667340392,0.013034183796898358,1.4210854715202004e-14,0.0,0.4,,,_summary,rank_reversal,
kappa_2,2.0,1575893166,4,0.6,400,75.41338667340392,0.013034183796898358,1.4210854715202004e-14,0.0,0.4,,,_summary,v_op_N,75.41338667340392
kappa_2,2.0,1575893166,4,0.6,400,75.41338667340392,0.013034183796898358,1.4210854715202004e-14,0.0,0.4,,,_summary,eff_gap_op,1.4210854715202004e-14
kappa_2,2.0,1575893166,4,0.6,400,75.41338667340392,0.013034183796898358,1.4210854715202004e-14,0.0,0.4,,,firm_0,phi_op,26.24691744850236
kappa_2,2.0,1575893166,4,0.6,400,75.41338667340392,0.013034183796898358,1.4210854715202004e-14,0.0,0.4,,,firm_0,phi_acc,0.0017951916369681278
kappa_2,2.0,1575893166,4,0.6,400,75.41338667340392,0.013034183796898358,1.4210854715202004e-14,0.0,0.4,,,firm_1,phi_op,7.3093647897819665
kappa_2,2.0,1575893166,4,0.6,400,75.41338667340392,0.013034183796898358,1.4210854715202004e-14,0.0,0.4,,,firm_1,phi_acc,0.007913637296180451
kappa_2,2.0,1575893166,4,0.6,400,75.41338667340392,0.013034183796898358,1.4210854715202004e-14,0.0,0.4,,,firm_2,phi_op,-3.91331324152865
kappa_2,2.0,1575893166,4,0.6,400,75.41338667340392,0.013034183796898358,1.4210854715202004e-14,0.0,0.4,,,firm_2,phi_acc,-0.0032089461874152308
kappa_2,2.0,1575893166,4,0.6,400,75.41338667340392,0.013034183796898358,1.4210854715202004e-14,0.0,0.4,,,firm_3,phi_op,45.770417676648236
kappa_2,2.0,1575893166,4,0.6,400,75.41338667340392,0.013034183796898358,1.4210854715202004e-14,0.0,0.4,,,firm_3,phi_acc,0.006534301051165009
kappa_2,2.0,881711363,4,0.6,400,-18.05093636051697,0.017611718238736085,7.105427357601002e-15,3.469446951953614e-18,0.8,,,_summary,spearman_rho,0.8
kappa_2,2.0,881711363,4,0.6,400,-18.05093636051697,0.017611718238736085,7.105427357601002e-15,3.469446951953614e-18,0.8,,,_summary,displacement,
kappa_2,2.0,881711363,4,0.6,400,-18.05093636051697,0.017611718238736085,7.105427357601002e-15,3.469446951953614e-18,0.8,,,_summary,rank_reversal,
kappa_2,2.0,881711363,4,0.6,400,-18.05093636051697,0.017611718238736085,7.105427357601002e-15,3.469446951953614e-18,0.8,,,_summary,v_op_N,-18.05093636051697
kappa_2,2.0,881711363,4,0.6,400,-18.05093636051697,0.017611718238736085,7.105427357601002e-15,3.469446951953614e-18,0.8,,,_summary,eff_gap_op,7.105427357601002e-15
kappa_2,2.0,881711363,4,0.6,400,-18.05093636051697,0.017611718238736085,7.105427357601002e-15,3.469446951953614e-18,0.8,,,firm_0,phi_op,41.652590793956975
kappa_2,2.0,881711363,4,0.6,400,-18.05093636051697,0.017611718238736085,7.105427357601002e-15,3.469446951953614e-18,0.8,,,firm_0,phi_acc,0.005320238373893892
kappa_2,2.0,881711363,4,0.6,400,-18.05093636051697,0.017611718238736085,7.105427357601002e-15,3.469446951953614e-18,0.8,,,firm_1,phi_op,36.80502630288164
kappa_2,2.0,881711363,4,0.6,400,-18.05093636051697,0.017611718238736085,7.105427357601002e-15,3.469446951953614e-18,0.8,,,firm_1,phi_acc,0.020715370807468193
kappa_2,2.0,881711363,4,0.6,400,-18.05093636051697,0.017611718238736085,7.105427357601002e-15,3.469446951953614e-18,0.8,,,firm_2,phi_op,-60.24271731621511
kappa_2,2.0,881711363,4,0.6,400,-18.05093636051697,0.017611718238736085,7.105427357601002e-15,3.469446951953614e-18,0.8,,,firm_2,phi_acc,-0.008450975353408274
kappa_2,2.0,881711363,4,0.6,400,-18.05093636051697,0.017611718238736085,7.105427357601002e-15,3.469446951953614e-18,0.8,,,firm_3,phi_op,-36.26583614114048
kappa_2,2.0,881711363,4,0.6,400,-18.05093636051697,0.017611718238736085,7.105427357601002e-15,3.469446951953614e-18,0.8,,,firm_3,phi_acc,2.7084410782270748e-05
kappa_5,5.0,737920414,4,0.6,400,267.0475535373823,0.09699111551755646,0.0,0.0,0.8,,,_summary,spearman_rho,0.8
kappa_5,5.0,737920414,4,0.6,400,267.0475535373823,0.09699111551755646,0.0,0.0,0.8,,,_summary,displacement,
kappa_5,5.0,737920414,4,0.6,400,267.0475535373823,0.09699111551755646,0.0,0.0,0.8,,,_summary,rank_reversal,
kappa_5,5.0,737920414,4,0.6,400,267.0475535373823,0.09699111551755646,0.0,0.0,0.8,,,_summary,v_op_N,267.0475535373823
kappa_5,5.0,737920414,4,0.6,400,267.0475535373823,0.09699111551755646,0.0,0.0,0.8,,,_summary,eff_gap_op,0.0
kappa_5,5.0,737920414,4,0.6,400,267.0475535373823,0.09699111551755646,0.0,0.0,0.8,,,firm_0,phi_op,88.53625954717072
kappa_5,5.0,737920414,4,0.6,400,267.0475535373823,0.09699111551755646,0.0,0.0,0.8,,,firm_0,phi_acc,0.03809380478157152
kappa_5,5.0,737920414,4,0.6,400,267.0475535373823,0.09699111551755646,0.0,0.0,0.8,,,firm_1,phi_op,28.79952104332026
kappa_5,5.0,737920414,4,0.6,400,267.0475535373823,0.09699111551755646,0.0,0.0,0.8,,,firm_1,phi_acc,0.013004235266762438
kappa_5,5.0,737920414,4,0.6,400,267.0475535373823,0.09699111551755646,0.0,0.0,0.8,,,firm_2,phi_op,80.8154754670175
kappa_5,5.0,737920414,4,0.6,400,267.0475535373823,0.09699111551755646,0.0,0.0,0.8,,,firm_2,phi_acc,0.03342269984946994
kappa_5,5.0,737920414,4,0.6,400,267.0475535373823,0.09699111551755646,0.0,0.0,0.8,,,firm_3,phi_op,68.89629747987382
kappa_5,5.0,737920414,4,0.6,400,267.0475535373823,0.09699111551755646,0.0,0.0,0.8,,,firm_3,phi_acc,0.012470375619752559
kappa_5,5.0,347795941,4,0.6,400,-229.0691410743218,0.09334976094755265,0.0,0.0,-0.19999999999999996,,,_summary,spearman_rho,-0.19999999999999996
kappa_5,5.0,347795941,4,0.6,400,-229.0691410743218,0.09334976094755265,0.0,0.0,-0.19999999999999996,,,_summary,displacement,
kappa_5,5.0,347795941,4,0.6,400,-229.0691410743218,0.09334976094755265,0.0,0.0,-0.19999999999999996,,,_summary,rank_reversal,
kappa_5,5.0,347795941,4,0.6,400,-229.0691410743218,0.09334976094755265,0.0,0.0,-0.19999999999999996,,,_summary,v_op_N,-229.0691410743218
kappa_5,5.0,347795941,4,0.6,400,-229.0691410743218,0.09334976094755265,0.0,0.0,-0.19999999999999996,,,_summary,eff_gap_op,0.0
kappa_5,5.0,347795941,4,0.6,400,-229.0691410743218,0.09334976094755265,0.0,0.0,-0.19999999999999996,,,firm_0,phi_op,3.673969155738064
kappa_5,5.0,347795941,4,0.6,400,-229.0691410743218,0.09334976094755265,0.0,0.0,-0.19999999999999996,,,firm_0,phi_acc,0.004094623478354745
kappa_5,5.0,347795941,4,0.6,400,-229.0691410743218,0.09334976094755265,0.0,0.0,-0.19999999999999996,,,firm_1,phi_op,-72.23647032993983
kappa_5,5.0,347795941,4,0.6,400,-229.0691410743218,0.09334976094755265,0.0,0.0,-0.19999999999999996,,,firm_1,phi_acc,0.03162905910625845
kappa_5,5.0,347795941,4,0.6,400,-229.0691410743218,0.09334976094755265,0.0,0.0,-0.19999999999999996,,,firm_2,phi_op,-65.83388053920737
kappa_5,5.0,347795941,4,0.6,400,-229.0691410743218,0.09334976094755265,0.0,0.0,-0.19999999999999996,,,firm_2,phi_acc,0.04233682865257521
kappa_5,5.0,347795941,4,0.6,400,-229.0691410743218,0.09334976094755265,0.0,0.0,-0.19999999999999996,,,firm_3,phi_op,-94.67275936091266
kappa_5,5.0,347795941,4,0.6,400,-229.0691410743218,0.09334976094755265,0.0,0.0,-0.19999999999999996,,,firm_3,phi_acc,0.015289249710364253
kappa_5,5.0,1237264847,4,0.6,400,606.8834286849353,0.0655220585124644,0.0,0.0,-0.8,,,_summary,spearman_rho,-0.8
kappa_5,5.0,1237264847,4,0.6,400,606.8834286849353,0.0655220585124644,0.0,0.0,-0.8,,,_summary,displacement,
kappa_5,5.0,1237264847,4,0.6,400,606.8834286849353,0.0655220585124644,0.0,0.0,-0.8,,,_summary,rank_reversal,
kappa_5,5.0,1237264847,4,0.6,400,606.8834286849353,0.0655220585124644,0.0,0.0,-0.8,,,_summary,v_op_N,606.8834286849353
kappa_5,5.0,1237264847,4,0.6,400,606.8834286849353,0.0655220585124644,0.0,0.0,-0.8,,,_summary,eff_gap_op,0.0
kappa_5,5.0,1237264847,4,0.6,400,606.8834286849353,0.0655220585124644,0.0,0.0,-0.8,,,firm_0,phi_op,19.042334995011363
kappa_5,5.0,1237264847,4,0.6,400,606.8834286849353,0.0655220585124644,0.0,0.0,-0.8,,,firm_0,phi_acc,0.022684501646144706
kappa_5,5.0,1237264847,4,0.6,400,606.8834286849353,0.0655220585124644,0.0,0.0,-0.8,,,firm_1,phi_op,142.1557915360077
kappa_5,5.0,1237264847,4,0.6,400,606.8834286849353,0.0655220585124644,0.0,0.0,-0.8,,,firm_1,phi_acc,0.00926491890308507
kappa_5,5.0,1237264847,4,0.6,400,606.8834286849353,0.0655220585124644,0.0,0.0,-0.8,,,firm_2,phi_op,98.03620639469045
kappa_5,5.0,1237264847,4,0.6,400,606.8834286849353,0.0655220585124644,0.0,0.0,-0.8,,,firm_2,phi_acc,0.03716797172668537
kappa_5,5.0,1237264847,4,0.6,400,606.8834286849353,0.0655220585124644,0.0,0.0,-0.8,,,firm_3,phi_op,347.64909575922576
kappa_5,5.0,1237264847,4,0.6,400,606.8834286849353,0.0655220585124644,0.0,0.0,-0.8,,,firm_3,phi_acc,-0.003595333763450753
kappa_5,5.0,1381950912,4,0.6,400,-69.59575644028428,0.0453233436845486,0.0,0.0,0.19999999999999996,,,_summary,spearman_rho,0.19999999999999996
kappa_5,5.0,1381950912,4,0.6,400,-69.59575644028428,0.0453233436845486,0.0,0.0,0.19999999999999996,,,_summary,displacement,
kappa_5,5.0,1381950912,4,0.6,400,-69.59575644028428,0.0453233436845486,0.0,0.0,0.19999999999999996,,,_summary,rank_reversal,
kappa_5,5.0,1381950912,4,0.6,400,-69.59575644028428,0.0453233436845486,0.0,0.0,0.19999999999999996,,,_summary,v_op_N,-69.59575644028428
kappa_5,5.0,1381950912,4,0.6,400,-69.59575644028428,0.0453233436845486,0.0,0.0,0.19999999999999996,,,_summary,eff_gap_op,0.0
kappa_5,5.0,1381950912,4,0.6,400,-69.59575644028428,0.0453233436845486,0.0,0.0,0.19999999999999996,,,firm_0,phi_op,87.18023919040556
kappa_5,5.0,1381950912,4,0.6,400,-69.59575644028428,0.0453233436845486,0.0,0.0,0.19999999999999996,,,firm_0,phi_acc,0.02115329743277531
kappa_5,5.0,1381950912,4,0.6,400,-69.59575644028428,0.0453233436845486,0.0,0.0,0.19999999999999996,,,firm_1,phi_op,-40.64580740468536
kappa_5,5.0,1381950912,4,0.6,400,-69.59575644028428,0.0453233436845486,0.0,0.0,0.19999999999999996,,,firm_1,phi_acc,0.010499571096350283
kappa_5,5.0,1381950912,4,0.6,400,-69.59575644028428,0.0453233436845486,0.0,0.0,0.19999999999999996,,,firm_2,phi_op,35.80302342948518
kappa_5,5.0,1381950912,4,0.6,400,-69.59575644028428,0.0453233436845486,0.0,0.0,0.19999999999999996,,,firm_2,phi_acc,-0.0007125861484345759
kappa_5,5.0,1381950912,4,0.6,400,-69.59575644028428,0.0453233436845486,0.0,0.0,0.19999999999999996,,,firm_3,phi_op,-151.93321165548966
kappa_5,5.0,1381950912,4,0.6,400,-69.59575644028428,0.0453233436845486,0.0,0.0,0.19999999999999996,,,firm_3,phi_acc,0.01438306130385758
kappa_5,5.0,522391825,4,0.6,400,172.70909802743654,0.012576058249693656,2.842170943040401e-14,0.0,-0.3999999999999999,,,_summary,spearman_rho,-0.3999999999999999
kappa_5,5.0,522391825,4,0.6,400,172.70909802743654,0.012576058249693656,2.842170943040401e-14,0.0,-0.3999999999999999,,,_summary,displacement,
kappa_5,5.0,522391825,4,0.6,400,172.70909802743654,0.012576058249693656,2.842170943040401e-14,0.0,-0.3999999999999999,,,_summary,rank_reversal,
kappa_5,5.0,522391825,4,0.6,400,172.70909802743654,0.012576058249693656,2.842170943040401e-14,0.0,-0.3999999999999999,,,_summary,v_op_N,172.70909802743654
kappa_5,5.0,522391825,4,0.6,400,172.70909802743654,0.012576058249693656,2.842170943040401e-14,0.0,-0.3999999999999999,,,_summary,eff_gap_op,2.842170943040401e-14
kappa_5,5.0,522391825,4,0.6,400,172.70909802743654,0.012576058249693656,2.842170943040401e-14,0.0,-0.3999999999999999,,,firm_0,phi_op,165.13867336505382
kappa_5,5.0,522391825,4,0.6,400,172.70909802743654,0.012576058249693656,2.842170943040401e-14,0.0,-0.3999999999999999,,,firm_0,phi_acc,-0.006642806287576871
kappa_5,5.0,522391825,4,0.6,400,172.70909802743654,0.012576058249693656,2.842170943040401e-14,0.0,-0.3999999999999999,,,firm_1,phi_op,36.11363562586065
kappa_5,5.0,522391825,4,0.6,400,172.70909802743654,0.012576058249693656,2.842170943040401e-14,0.0,-0.3999999999999999,,,firm_1,phi_acc,0.016487646256796717
kappa_5,5.0,522391825,4,0.6,400,172.70909802743654,0.012576058249693656,2.842170943040401e-14,0.0,-0.3999999999999999,,,firm_2,phi_op,-27.028548529245594
kappa_5,5.0,522391825,4,0.6,400,172.70909802743654,0.012576058249693656,2.842170943040401e-14,0.0,-0.3999999999999999,,,firm_2,phi_acc,0.0031239373693629866
kappa_5,5.0,522391825,4,0.6,400,172.70909802743654,0.012576058249693656,2.842170943040401e-14,0.0,-0.3999999999999999,,,firm_3,phi_op,-1.5146624342323634
kappa_5,5.0,522391825,4,0.6,400,172.70909802743654,0.012576058249693656,2.842170943040401e-14,0.0,-0.3999999999999999,,,firm_3,phi_acc,-0.00039271908888917784
kappa_5,5.0,1947842845,4,0.6,400,236.4092482776764,0.08511924364570345,0.0,0.0,-0.3999999999999999,,,_summary,spearman_rho,-0.3999999999999999
kappa_5,5.0,1947842845,4,0.6,400,236.4092482776764,0.08511924364570345,0.0,0.0,-0.3999999999999999,,,_summary,displacement,
kappa_5,5.0,1947842845,4,0.6,400,236.4092482776764,0.08511924364570345,0.0,0.0,-0.3999999999999999,,,_summary,rank_reversal,
kappa_5,5.0,1947842845,4,0.6,400,236.4092482776764,0.08511924364570345,0.0,0.0,-0.3999999999999999,,,_summary,v_op_N,236.4092482776764
kappa_5,5.0,1947842845,4,0.6,400,236.4092482776764,0.08511924364570345,0.0,0.0,-0.3999999999999999,,,_summary,eff_gap_op,0.0
kappa_5,5.0,1947842845,4,0.6,400,236.4092482776764,0.08511924364570345,0.0,0.0,-0.3999999999999999,,,firm_0,phi_op,122.09182314254845
kappa_5,5.0,1947842845,4,0.6,400,236.4092482776764,0.08511924364570345,0.0,0.0,-0.3999999999999999,,,firm_0,phi_acc,0.031175800046129732
kappa_5,5.0,1947842845,4,0.6,400,236.4092482776764,0.08511924364570345,0.0,0.0,-0.3999999999999999,,,firm_1,phi_op,-135.24026008751486
kappa_5,5.0,1947842845,4,0.6,400,236.4092482776764,0.08511924364570345,0.0,0.0,-0.3999999999999999,,,firm_1,phi_acc,0.02511257708562204
kappa_5,5.0,1947842845,4,0.6,400,236.4092482776764,0.08511924364570345,0.0,0.0,-0.3999999999999999,,,firm_2,phi_op,173.57639491645514
kappa_5,5.0,1947842845,4,0.6,400,236.4092482776764,0.08511924364570345,0.0,0.0,-0.3999999999999999,,,firm_2,phi_acc,0.011314440480149021
kappa_5,5.0,1947842845,4,0.6,400,236.4092482776764,0.08511924364570345,0.0,0.0,-0.3999999999999999,,,firm_3,phi_op,75.98129030618767
kappa_5,5.0,1947842845,4,0.6,400,236.4092482776764,0.08511924364570345,0.0,0.0,-0.3999999999999999,,,firm_3,phi_acc,0.017516426033802646
kappa_5,5.0,1100027996,4,0.6,400,99.97476865212911,0.10169605152007433,1.4210854715202004e-14,0.0,1.0,,,_summary,spearman_rho,1.0
kappa_5,5.0,1100027996,4,0.6,400,99.97476865212911,0.10169605152007433,1.4210854715202004e-14,0.0,1.0,,,_summary,displacement,
kappa_5,5.0,1100027996,4,0.6,400,99.97476865212911,0.10169605152007433,1.4210854715202004e-14,0.0,1.0,,,_summary,rank_reversal,
kappa_5,5.0,1100027996,4,0.6,400,99.97476865212911,0.10169605152007433,1.4210854715202004e-14,0.0,1.0,,,_summary,v_op_N,99.97476865212911
kappa_5,5.0,1100027996,4,0.6,400,99.97476865212911,0.10169605152007433,1.4210854715202004e-14,0.0,1.0,,,_summary,eff_gap_op,1.4210854715202004e-14
kappa_5,5.0,1100027996,4,0.6,400,99.97476865212911,0.10169605152007433,1.4210854715202004e-14,0.0,1.0,,,firm_0,phi_op,-18.970604796592625
kappa_5,5.0,1100027996,4,0.6,400,99.97476865212911,0.10169605152007433,1.4210854715202004e-14,0.0,1.0,,,firm_0,phi_acc,0.023953064767903827
kappa_5,5.0,1100027996,4,0.6,400,99.97476865212911,0.10169605152007433,1.4210854715202004e-14,0.0,1.0,,,firm_1,phi_op,79.55993987069269
kappa_5,5.0,1100027996,4,0.6,400,99.97476865212911,0.10169605152007433,1.4210854715202004e-14,0.0,1.0,,,firm_1,phi_acc,0.025865405135828475
kappa_5,5.0,1100027996,4,0.6,400,99.97476865212911,0.10169605152007433,1.4210854715202004e-14,0.0,1.0,,,firm_2,phi_op,-122.55527283954534
kappa_5,5.0,1100027996,4,0.6,400,99.97476865212911,0.10169605152007433,1.4210854715202004e-14,0.0,1.0,,,firm_2,phi_acc,0.02000916050347628
kappa_5,5.0,1100027996,4,0.6,400,99.97476865212911,0.10169605152007433,1.4210854715202004e-14,0.0,1.0,,,firm_3,phi_op,161.94070641757438
kappa_5,5.0,1100027996,4,0.6,400,99.97476865212911,0.10169605152007433,1.4210854715202004e-14,0.0,1.0,,,firm_3,phi_acc,0.03186842111286574
kappa_5,5.0,1824186758,4,0.6,400,52.57299488976423,0.12299026614073805,0.0,1.3877787807814457e-17,0.6,,,_summary,spearman_rho,0.6
kappa_5,5.0,1824186758,4,0.6,400,52.57299488976423,0.12299026614073805,0.0,1.3877787807814457e-17,0.6,,,_summary,displacement,
kappa_5,5.0,1824186758,4,0.6,400,52.57299488976423,0.12299026614073805,0.0,1.3877787807814457e-17,0.6,,,_summary,rank_reversal,
kappa_5,5.0,1824186758,4,0.6,400,52.57299488976423,0.12299026614073805,0.0,1.3877787807814457e-17,0.6,,,_summary,v_op_N,52.57299488976423
kappa_5,5.0,1824186758,4,0.6,400,52.57299488976423,0.12299026614073805,0.0,1.3877787807814457e-17,0.6,,,_summary,eff_gap_op,0.0
kappa_5,5.0,1824186758,4,0.6,400,52.57299488976423,0.12299026614073805,0.0,1.3877787807814457e-17,0.6,,,firm_0,phi_op,54.72776257704818
kappa_5,5.0,1824186758,4,0.6,400,52.57299488976423,0.12299026614073805,0.0,1.3877787807814457e-17,0.6,,,firm_0,phi_acc,0.04731758697848027
kappa_5,5.0,1824186758,4,0.6,400,52.57299488976423,0.12299026614073805,0.0,1.3877787807814457e-17,0.6,,,firm_1,phi_op,-35.12285284431023
kappa_5,5.0,1824186758,4,0.6,400,52.57299488976423,0.12299026614073805,0.0,1.3877787807814457e-17,0.6,,,firm_1,phi_acc,-0.0014023940441643215
kappa_5,5.0,1824186758,4,0.6,400,52.57299488976423,0.12299026614073805,0.0,1.3877787807814457e-17,0.6,,,firm_2,phi_op,106.14632323542574
kappa_5,5.0,1824186758,4,0.6,400,52.57299488976423,0.12299026614073805,0.0,1.3877787807814457e-17,0.6,,,firm_2,phi_acc,0.04085803446705628
kappa_5,5.0,1824186758,4,0.6,400,52.57299488976423,0.12299026614073805,0.0,1.3877787807814457e-17,0.6,,,firm_3,phi_op,-73.17823807839946
kappa_5,5.0,1824186758,4,0.6,400,52.57299488976423,0.12299026614073805,0.0,1.3877787807814457e-17,0.6,,,firm_3,phi_acc,0.03621703873936581
kappa_5,5.0,779812376,4,0.6,400,-147.87847070214207,0.11589487921761754,2.842170943040401e-14,0.0,0.8,,,_summary,spearman_rho,0.8
kappa_5,5.0,779812376,4,0.6,400,-147.87847070214207,0.11589487921761754,2.842170943040401e-14,0.0,0.8,,,_summary,displacement,
kappa_5,5.0,779812376,4,0.6,400,-147.87847070214207,0.11589487921761754,2.842170943040401e-14,0.0,0.8,,,_summary,rank_reversal,
kappa_5,5.0,779812376,4,0.6,400,-147.87847070214207,0.11589487921761754,2.842170943040401e-14,0.0,0.8,,,_summary,v_op_N,-147.87847070214207
kappa_5,5.0,779812376,4,0.6,400,-147.87847070214207,0.11589487921761754,2.842170943040401e-14,0.0,0.8,,,_summary,eff_gap_op,2.842170943040401e-14
kappa_5,5.0,779812376,4,0.6,400,-147.87847070214207,0.11589487921761754,2.842170943040401e-14,0.0,0.8,,,firm_0,phi_op,2.0834920266334507
kappa_5,5.0,779812376,4,0.6,400,-147.87847070214207,0.11589487921761754,2.842170943040401e-14,0.0,0.8,,,firm_0,phi_acc,0.009303334400873848
kappa_5,5.0,779812376,4,0.6,400,-147.87847070214207,0.11589487921761754,2.842170943040401e-14,0.0,0.8,,,firm_1,phi_op,22.049723369538604
kappa_5,5.0,779812376,4,0.6,400,-147.87847070214207,0.11589487921761754,2.842170943040401e-14,0.0,0.8,,,firm_1,phi_acc,0.052310053572772686
kappa_5,5.0,779812376,4,0.6,400,-147.87847070214207,0.11589487921761754,2.842170943040401e-14,0.0,0.8,,,firm_2,phi_op,8.177273730921398
kappa_5,5.0,779812376,4,0.6,400,-147.87847070214207,0.11589487921761754,2.842170943040401e-14,0.0,0.8,,,firm_2,phi_acc,0.03295183436021222
kappa_5,5.0,779812376,4,0.6,400,-147.87847070214207,0.11589487921761754,2.842170943040401e-14,0.0,0.8,,,firm_3,phi_op,-180.1889598292355
kappa_5,5.0,779812376,4,0.6,400,-147.87847070214207,0.11589487921761754,2.842170943040401e-14,0.0,0.8,,,firm_3,phi_acc,0.02132965688375878
kappa_5,5.0,1071592025,4,0.6,400,-239.03156415419812,0.05960115041620073,2.842170943040401e-14,6.938893903907228e-18,-0.3999999999999999,,,_summary,spearman_rho,-0.3999999999999999
kappa_5,5.0,1071592025,4,0.6,400,-239.03156415419812,0.05960115041620073,2.842170943040401e-14,6.938893903907228e-18,-0.3999999999999999,,,_summary,displacement,
kappa_5,5.0,1071592025,4,0.6,400,-239.03156415419812,0.05960115041620073,2.842170943040401e-14,6.938893903907228e-18,-0.3999999999999999,,,_summary,rank_reversal,
kappa_5,5.0,1071592025,4,0.6,400,-239.03156415419812,0.05960115041620073,2.842170943040401e-14,6.938893903907228e-18,-0.3999999999999999,,,_summary,v_op_N,-239.03156415419812
kappa_5,5.0,1071592025,4,0.6,400,-239.03156415419812,0.05960115041620073,2.842170943040401e-14,6.938893903907228e-18,-0.3999999999999999,,,_summary,eff_gap_op,2.842170943040401e-14
kappa_5,5.0,1071592025,4,0.6,400,-239.03156415419812,0.05960115041620073,2.842170943040401e-14,6.938893903907228e-18,-0.3999999999999999,,,firm_0,phi_op,-33.23847476919767
kappa_5,5.0,1071592025,4,0.6,400,-239.03156415419812,0.05960115041620073,2.842170943040401e-14,6.938893903907228e-18,-0.3999999999999999,,,firm_0,phi_acc,0.008278016470215921
kappa_5,5.0,1071592025,4,0.6,400,-239.03156415419812,0.05960115041620073,2.842170943040401e-14,6.938893903907228e-18,-0.3999999999999999,,,firm_1,phi_op,-28.498378748161066
kappa_5,5.0,1071592025,4,0.6,400,-239.03156415419812,0.05960115041620073,2.842170943040401e-14,6.938893903907228e-18,-0.3999999999999999,,,firm_1,phi_acc,0.005416084872515436
kappa_5,5.0,1071592025,4,0.6,400,-239.03156415419812,0.05960115041620073,2.842170943040401e-14,6.938893903907228e-18,-0.3999999999999999,,,firm_2,phi_op,-239.418840090002
kappa_5,5.0,1071592025,4,0.6,400,-239.03156415419812,0.05960115041620073,2.842170943040401e-14,6.938893903907228e-18,-0.3999999999999999,,,firm_2,phi_acc,0.02550821180585679
kappa_5,5.0,1071592025,4,0.6,400,-239.03156415419812,0.05960115041620073,2.842170943040401e-14,6.938893903907228e-18,-0.3999999999999999,,,firm_3,phi_op,62.12412945316263
kappa_5,5.0,1071592025,4,0.6,400,-239.03156415419812,0.05960115041620073,2.842170943040401e-14,6.938893903907228e-18,-0.3999999999999999,,,firm_3,phi_acc,0.02039883726761258
kappa_5,5.0,940982480,4,0.6,400,28.317663683796354,0.036835979000242824,7.105427357601002e-15,0.0,-0.8,,,_summary,spearman_rho,-0.8
kappa_5,5.0,940982480,4,0.6,400,28.317663683796354,0.036835979000242824,7.105427357601002e-15,0.0,-0.8,,,_summary,displacement,
kappa_5,5.0,940982480,4,0.6,400,28.317663683796354,0.036835979000242824,7.105427357601002e-15,0.0,-0.8,,,_summary,rank_reversal,
kappa_5,5.0,940982480,4,0.6,400,28.317663683796354,0.036835979000242824,7.105427357601002e-15,0.0,-0.8,,,_summary,v_op_N,28.317663683796354
kappa_5,5.0,940982480,4,0.6,400,28.317663683796354,0.036835979000242824,7.105427357601002e-15,0.0,-0.8,,,_summary,eff_gap_op,7.105427357601002e-15
kappa_5,5.0,940982480,4,0.6,400,28.317663683796354,0.036835979000242824,7.105427357601002e-15,0.0,-0.8,,,firm_0,phi_op,-59.26771865703341
kappa_5,5.0,940982480,4,0.6,400,28.317663683796354,0.036835979000242824,7.105427357601002e-15,0.0,-0.8,,,firm_0,phi_acc,0.016208958435323318
kappa_5,5.0,940982480,4,0.6,400,28.317663683796354,0.036835979000242824,7.105427357601002e-15,0.0,-0.8,,,firm_1,phi_op,23.63893419557475
kappa_5,5.0,940982480,4,0.6,400,28.317663683796354,0.036835979000242824,7.105427357601002e-15,0.0,-0.8,,,firm_1,phi_acc,0.010703631561007463
kappa_5,5.0,940982480,4,0.6,400,28.317663683796354,0.036835979000242824,7.105427357601002e-15,0.0,-0.8,,,firm_2,phi_op,15.708026296805485
kappa_5,5.0,940982480,4,0.6,400,28.317663683796354,0.036835979000242824,7.105427357601002e-15,0.0,-0.8,,,firm_2,phi_acc,0.0051586305657251585
kappa_5,5.0,940982480,4,0.6,400,28.317663683796354,0.036835979000242824,7.105427357601002e-15,0.0,-0.8,,,firm_3,phi_op,48.238421848449526
kappa_5,5.0,940982480,4,0.6,400,28.317663683796354,0.036835979000242824,7.105427357601002e-15,0.0,-0.8,,,firm_3,phi_acc,0.0047647584381868835
kappa_5,5.0,2112564304,4,0.6,400,260.5049446317248,0.02247076919598401,0.0,0.0,0.19999999999999996,,,_summary,spearman_rho,0.19999999999999996
kappa_5,5.0,2112564304,4,0.6,400,260.5049446317248,0.02247076919598401,0.0,0.0,0.19999999999999996,,,_summary,displacement,
kappa_5,5.0,2112564304,4,0.6,400,260.5049446317248,0.02247076919598401,0.0,0.0,0.19999999999999996,,,_summary,rank_reversal,
kappa_5,5.0,2112564304,4,0.6,400,260.5049446317248,0.02247076919598401,0.0,0.0,0.19999999999999996,,,_summary,v_op_N,260.5049446317248
kappa_5,5.0,2112564304,4,0.6,400,260.5049446317248,0.02247076919598401,0.0,0.0,0.19999999999999996,,,_summary,eff_gap_op,0.0
kappa_5,5.0,2112564304,4,0.6,400,260.5049446317248,0.02247076919598401,0.0,0.0,0.19999999999999996,,,firm_0,phi_op,62.346479330523984
kappa_5,5.0,2112564304,4,0.6,400,260.5049446317248,0.02247076919598401,0.0,0.0,0.19999999999999996,,,firm_0,phi_acc,0.003304348436641624
kappa_5,5.0,2112564304,4,0.6,400,260.5049446317248,0.02247076919598401,0.0,0.0,0.19999999999999996,,,firm_1,phi_op,44.260452326841005
kappa_5,5.0,2112564304,4,0.6,400,260.5049446317248,0.02247076919598401,0.0,0.0,0.19999999999999996,,,firm_1,phi_acc,0.03062641869925712
kappa_5,5.0,2112564304,4,0.6,400,260.5049446317248,0.02247076919598401,0.0,0.0,0.19999999999999996,,,firm_2,phi_op,39.98073057120594
kappa_5,5.0,2112564304,4,0.6,400,260.5049446317248,0.02247076919598401,0.0,0.0,0.19999999999999996,,,firm_2,phi_acc,-0.011119067793743867
kappa_5,5.0,2112564304,4,0.6,400,260.5049446317248,0.02247076919598401,0.0,0.0,0.19999999999999996,,,firm_3,phi_op,113.91728240315388
kappa_5,5.0,2112564304,4,0.6,400,260.5049446317248,0.02247076919598401,0.0,0.0,0.19999999999999996,,,firm_3,phi_acc,-0.0003409301461708696
kappa_5,5.0,628345251,4,0.6,400,-181.3636351097448,0.00810910340979576,0.0,0.0,0.19999999999999996,,,_summary,spearman_rho,0.19999999999999996
kappa_5,5.0,628345251,4,0.6,400,-181.3636351097448,0.00810910340979576,0.0,0.0,0.19999999999999996,,,_summary,displacement,
kappa_5,5.0,628345251,4,0.6,400,-181.3636351097448,0.00810910340979576,0.0,0.0,0.19999999999999996,,,_summary,rank_reversal,
kappa_5,5.0,628345251,4,0.6,400,-181.3636351097448,0.00810910340979576,0.0,0.0,0.19999999999999996,,,_summary,v_op_N,-181.3636351097448
kappa_5,5.0,628345251,4,0.6,400,-181.3636351097448,0.00810910340979576,0.0,0.0,0.19999999999999996,,,_summary,eff_gap_op,0.0
kappa_5,5.0,628345251,4,0.6,400,-181.3636351097448,0.00810910340979576,0.0,0.0,0.19999999999999996,,,firm_0,phi_op,-161.23262322452405
kappa_5,5.0,628345251,4,0.6,400,-181.3636351097448,0.00810910340979576,0.0,0.0,0.19999999999999996,,,firm_0,phi_acc,-0.005246314878925518
kappa_5,5.0,628345251,4,0.6,400,-181.3636351097448,0.00810910340979576,0.0,0.0,0.19999999999999996,,,firm_1,phi_op,-30.657306620299533
kappa_5,5.0,628345251,4,0.6,400,-181.3636351097448,0.00810910340979576,0.0,0.0,0.19999999999999996,,,firm_1,phi_acc,0.008854942607582739
kappa_5,5.0,628345251,4,0.6,400,-181.3636351097448,0.00810910340979576,0.0,0.0,0.19999999999999996,,,firm_2,phi_op,-5.279159481079638
kappa_5,5.0,628345251,4,0.6,400,-181.3636351097448,0.00810910340979576,0.0,0.0,0.19999999999999996,,,firm_2,phi_acc,0.004889265666746448
kappa_5,5.0,628345251,4,0.6,400,-181.3636351097448,0.00810910340979576,0.0,0.0,0.19999999999999996,,,firm_3,phi_op,15.805454216158427
kappa_5,5.0,628345251,4,0.6,400,-181.3636351097448,0.00810910340979576,0.0,0.0,0.19999999999999996,,,firm_3,phi_acc,-0.00038878998560791045
kappa_5,5.0,1535084896,4,0.6,400,-558.818851432168,0.01588048057057001,0.0,0.0,0.8,,,_summary,spearman_rho,0.8
kappa_5,5.0,1535084896,4,0.6,400,-558.818851432168,0.01588048057057001,0.0,0.0,0.8,,,_summary,displacement,
kappa_5,5.0,1535084896,4,0.6,400,-558.818851432168,0.01588048057057001,0.0,0.0,0.8,,,_summary,rank_reversal,
kappa_5,5.0,1535084896,4,0.6,400,-558.818851432168,0.01588048057057001,0.0,0.0,0.8,,,_summary,v_op_N,-558.818851432168
kappa_5,5.0,1535084896,4,0.6,400,-558.818851432168,0.01588048057057001,0.0,0.0,0.8,,,_summary,eff_gap_op,0.0
kappa_5,5.0,1535084896,4,0.6,400,-558.818851432168,0.01588048057057001,0.0,0.0,0.8,,,firm_0,phi_op,-154.64655585207618
kappa_5,5.0,1535084896,4,0.6,400,-558.818851432168,0.01588048057057001,0.0,0.0,0.8,,,firm_0,phi_acc,0.0025433684898783504
kappa_5,5.0,1535084896,4,0.6,400,-558.818851432168,0.01588048057057001,0.0,0.0,0.8,,,firm_1,phi_op,-24.766578889489814
kappa_5,5.0,1535084896,4,0.6,400,-558.818851432168,0.01588048057057001,0.0,0.0,0.8,,,firm_1,phi_acc,0.009221554289745896
kappa_5,5.0,1535084896,4,0.6,400,-558.818851432168,0.01588048057057001,0.0,0.0,0.8,,,firm_2,phi_op,-23.924806830326776
kappa_5,5.0,1535084896,4,0.6,400,-558.818851432168,0.01588048057057001,0.0,0.0,0.8,,,firm_2,phi_acc,0.006811373284557072
kappa_5,5.0,1535084896,4,0.6,400,-558.818851432168,0.01588048057057001,0.0,0.0,0.8,,,firm_3,phi_op,-355.48090986027523
kappa_5,5.0,1535084896,4,0.6,400,-558.818851432168,0.01588048057057001,0.0,0.0,0.8,,,firm_3,phi_acc,-0.002695815493611309
kappa_5,5.0,1695629020,4,0.6,400,716.7266092340622,0.09862587037757242,0.0,0.0,-0.6000000000000001,,,_summary,spearman_rho,-0.6000000000000001
kappa_5,5.0,1695629020,4,0.6,400,716.7266092340622,0.09862587037757242,0.0,0.0,-0.6000000000000001,,,_summary,displacement,
kappa_5,5.0,1695629020,4,0.6,400,716.7266092340622,0.09862587037757242,0.0,0.0,-0.6000000000000001,,,_summary,rank_reversal,
kappa_5,5.0,1695629020,4,0.6,400,716.7266092340622,0.09862587037757242,0.0,0.0,-0.6000000000000001,,,_summary,v_op_N,716.7266092340622
kappa_5,5.0,1695629020,4,0.6,400,716.7266092340622,0.09862587037757242,0.0,0.0,-0.6000000000000001,,,_summary,eff_gap_op,0.0
kappa_5,5.0,1695629020,4,0.6,400,716.7266092340622,0.09862587037757242,0.0,0.0,-0.6000000000000001,,,firm_0,phi_op,12.153231136453083
kappa_5,5.0,1695629020,4,0.6,400,716.7266092340622,0.09862587037757242,0.0,0.0,-0.6000000000000001,,,firm_0,phi_acc,0.03494888007592034
kappa_5,5.0,1695629020,4,0.6,400,716.7266092340622,0.09862587037757242,0.0,0.0,-0.6000000000000001,,,firm_1,phi_op,231.78765860797117
kappa_5,5.0,1695629020,4,0.6,400,716.7266092340622,0.09862587037757242,0.0,0.0,-0.6000000000000001,,,firm_1,phi_acc,-0.0013837256392672534
kappa_5,5.0,1695629020,4,0.6,400,716.7266092340622,0.09862587037757242,0.0,0.0,-0.6000000000000001,,,firm_2,phi_op,149.83761409475545
kappa_5,5.0,1695629020,4,0.6,400,716.7266092340622,0.09862587037757242,0.0,0.0,-0.6000000000000001,,,firm_2,phi_acc,0.04726916610339249
kappa_5,5.0,1695629020,4,0.6,400,716.7266092340622,0.09862587037757242,0.0,0.0,-0.6000000000000001,,,firm_3,phi_op,322.9481053948824
kappa_5,5.0,1695629020,4,0.6,400,716.7266092340622,0.09862587037757242,0.0,0.0,-0.6000000000000001,,,firm_3,phi_acc,0.017791549837526843
kappa_5,5.0,1325493252,4,0.6,400,-27.910689981925543,0.03051164042168708,1.4210854715202004e-14,0.0,0.6,,,_summary,spearman_rho,0.6
kappa_5,5.0,1325493252,4,0.6,400,-27.910689981925543,0.03051164042168708,1.4210854715202004e-14,0.0,0.6,,,_summary,displacement,
kappa_5,5.0,1325493252,4,0.6,400,-27.910689981925543,0.03051164042168708,1.4210854715202004e-14,0.0,0.6,,,_summary,rank_reversal,
kappa_5,5.0,1325493252,4,0.6,400,-27.910689981925543,0.03051164042168708,1.4210854715202004e-14,0.0,0.6,,,_summary,v_op_N,-27.910689981925543
kappa_5,5.0,1325493252,4,0.6,400,-27.910689981925543,0.03051164042168708,1.4210854715202004e-14,0.0,0.6,,,_summary,eff_gap_op,1.4210854715202004e-14
kappa_5,5.0,1325493252,4,0.6,400,-27.910689981925543,0.03051164042168708,1.4210854715202004e-14,0.0,0.6,,,firm_0,phi_op,-53.12366114772607
kappa_5,5.0,1325493252,4,0.6,400,-27.910689981925543,0.03051164042168708,1.4210854715202004e-14,0.0,0.6,,,firm_0,phi_acc,-0.01298219089374041
kappa_5,5.0,1325493252,4,0.6,400,-27.910689981925543,0.03051164042168708,1.4210854715202004e-14,0.0,0.6,,,firm_1,phi_op,116.96560427157694
kappa_5,5.0,1325493252,4,0.6,400,-27.910689981925543,0.03051164042168708,1.4210854715202004e-14,0.0,0.6,,,firm_1,phi_acc,0.012295880562702763
kappa_5,5.0,1325493252,4,0.6,400,-27.910689981925543,0.03051164042168708,1.4210854715202004e-14,0.0,0.6,,,firm_2,phi_op,-159.7439847565493
kappa_5,5.0,1325493252,4,0.6,400,-27.910689981925543,0.03051164042168708,1.4210854715202004e-14,0.0,0.6,,,firm_2,phi_acc,0.002501136881952276
kappa_5,5.0,1325493252,4,0.6,400,-27.910689981925543,0.03051164042168708,1.4210854715202004e-14,0.0,0.6,,,firm_3,phi_op,67.99135165077288
kappa_5,5.0,1325493252,4,0.6,400,-27.910689981925543,0.03051164042168708,1.4210854715202004e-14,0.0,0.6,,,firm_3,phi_acc,0.02869681387077245
kappa_5,5.0,735937165,4,0.6,400,-314.11271390644515,0.04279670161992155,0.0,0.0,-0.19999999999999996,,,_summary,spearman_rho,-0.19999999999999996
kappa_5,5.0,735937165,4,0.6,400,-314.11271390644515,0.04279670161992155,0.0,0.0,-0.19999999999999996,,,_summary,displacement,
kappa_5,5.0,735937165,4,0.6,400,-314.11271390644515,0.04279670161992155,0.0,0.0,-0.19999999999999996,,,_summary,rank_reversal,
kappa_5,5.0,735937165,4,0.6,400,-314.11271390644515,0.04279670161992155,0.0,0.0,-0.19999999999999996,,,_summary,v_op_N,-314.11271390644515
kappa_5,5.0,735937165,4,0.6,400,-314.11271390644515,0.04279670161992155,0.0,0.0,-0.19999999999999996,,,_summary,eff_gap_op,0.0
kappa_5,5.0,735937165,4,0.6,400,-314.11271390644515,0.04279670161992155,0.0,0.0,-0.19999999999999996,,,firm_0,phi_op,-57.65938985318542
kappa_5,5.0,735937165,4,0.6,400,-314.11271390644515,0.04279670161992155,0.0,0.0,-0.19999999999999996,,,firm_0,phi_acc,0.0443585864021378
kappa_5,5.0,735937165,4,0.6,400,-314.11271390644515,0.04279670161992155,0.0,0.0,-0.19999999999999996,,,firm_1,phi_op,-50.747337708055696
kappa_5,5.0,735937165,4,0.6,400,-314.11271390644515,0.04279670161992155,0.0,0.0,-0.19999999999999996,,,firm_1,phi_acc,-0.00417831664890439
kappa_5,5.0,735937165,4,0.6,400,-314.11271390644515,0.04279670161992155,0.0,0.0,-0.19999999999999996,,,firm_2,phi_op,-71.40628889728808
kappa_5,5.0,735937165,4,0.6,400,-314.11271390644515,0.04279670161992155,0.0,0.0,-0.19999999999999996,,,firm_2,phi_acc,0.004240473859575322
kappa_5,5.0,735937165,4,0.6,400,-314.11271390644515,0.04279670161992155,0.0,0.0,-0.19999999999999996,,,firm_3,phi_op,-134.29969744791595
kappa_5,5.0,735937165,4,0.6,400,-314.11271390644515,0.04279670161992155,0.0,0.0,-0.19999999999999996,,,firm_3,phi_acc,-0.0016240419928871819
kappa_5,5.0,741817580,4,0.6,400,-124.89320804515842,0.027966437359605356,1.4210854715202004e-14,0.0,0.19999999999999996,,,_summary,spearman_rho,0.19999999999999996
kappa_5,5.0,741817580,4,0.6,400,-124.89320804515842,0.027966437359605356,1.4210854715202004e-14,0.0,0.19999999999999996,,,_summary,displacement,
kappa_5,5.0,741817580,4,0.6,400,-124.89320804515842,0.027966437359605356,1.4210854715202004e-14,0.0,0.19999999999999996,,,_summary,rank_reversal,
kappa_5,5.0,741817580,4,0.6,400,-124.89320804515842,0.027966437359605356,1.4210854715202004e-14,0.0,0.19999999999999996,,,_summary,v_op_N,-124.89320804515842
kappa_5,5.0,741817580,4,0.6,400,-124.89320804515842,0.027966437359605356,1.4210854715202004e-14,0.0,0.19999999999999996,,,_summary,eff_gap_op,1.4210854715202004e-14
kappa_5,5.0,741817580,4,0.6,400,-124.89320804515842,0.027966437359605356,1.4210854715202004e-14,0.0,0.19999999999999996,,,firm_0,phi_op,62.45774987501734
kappa_5,5.0,741817580,4,0.6,400,-124.89320804515842,0.027966437359605356,1.4210854715202004e-14,0.0,0.19999999999999996,,,firm_0,phi_acc,0.038819589739387574
kappa_5,5.0,741817580,4,0.6,400,-124.89320804515842,0.027966437359605356,1.4210854715202004e-14,0.0,0.19999999999999996,,,firm_1,phi_op,-41.82947848282394
kappa_5,5.0,741817580,4,0.6,400,-124.89320804515842,0.027966437359605356,1.4210854715202004e-14,0.0,0.19999999999999996,,,firm_1,phi_acc,-0.015569448230639715
kappa_5,5.0,741817580,4,0.6,400,-124.89320804515842,0.027966437359605356,1.4210854715202004e-14,0.0,0.19999999999999996,,,firm_2,phi_op,-140.60641633922495
kappa_5,5.0,741817580,4,0.6,400,-124.89320804515842,0.027966437359605356,1.4210854715202004e-14,0.0,0.19999999999999996,,,firm_2,phi_acc,0.023437560797001822
kappa_5,5.0,741817580,4,0.6,400,-124.89320804515842,0.027966437359605356,1.4210854715202004e-14,0.0,0.19999999999999996,,,firm_3,phi_op,-4.915063098126852
kappa_5,5.0,741817580,4,0.6,400,-124.89320804515842,0.027966437359605356,1.4210854715202004e-14,0.0,0.19999999999999996,,,firm_3,phi_acc,-0.018721264946144324
kappa_5,5.0,1575893166,4,0.6,400,142.6591388329707,0.013034183796898358,2.842170943040401e-14,0.0,0.4,,,_summary,spearman_rho,0.4
kappa_5,5.0,1575893166,4,0.6,400,142.6591388329707,0.013034183796898358,2.842170943040401e-14,0.0,0.4,,,_summary,displacement,
kappa_5,5.0,1575893166,4,0.6,400,142.6591388329707,0.013034183796898358,2.842170943040401e-14,0.0,0.4,,,_summary,rank_reversal,
kappa_5,5.0,1575893166,4,0.6,400,142.6591388329707,0.013034183796898358,2.842170943040401e-14,0.0,0.4,,,_summary,v_op_N,142.6591388329707
kappa_5,5.0,1575893166,4,0.6,400,142.6591388329707,0.013034183796898358,2.842170943040401e-14,0.0,0.4,,,_summary,eff_gap_op,2.842170943040401e-14
kappa_5,5.0,1575893166,4,0.6,400,142.6591388329707,0.013034183796898358,2.842170943040401e-14,0.0,0.4,,,firm_0,phi_op,26.937246511152313
kappa_5,5.0,1575893166,4,0.6,400,142.6591388329707,0.013034183796898358,2.842170943040401e-14,0.0,0.4,,,firm_0,phi_acc,0.0017951916369681278
kappa_5,5.0,1575893166,4,0.6,400,142.6591388329707,0.013034183796898358,2.842170943040401e-14,0.0,0.4,,,firm_1,phi_op,15.22178863901752
kappa_5,5.0,1575893166,4,0.6,400,142.6591388329707,0.013034183796898358,2.842170943040401e-14,0.0,0.4,,,firm_1,phi_acc,0.007913637296180451
kappa_5,5.0,1575893166,4,0.6,400,142.6591388329707,0.013034183796898358,2.842170943040401e-14,0.0,0.4,,,firm_2,phi_op,-29.303275433587295
kappa_5,5.0,1575893166,4,0.6,400,142.6591388329707,0.013034183796898358,2.842170943040401e-14,0.0,0.4,,,firm_2,phi_acc,-0.0032089461874152308
kappa_5,5.0,1575893166,4,0.6,400,142.6591388329707,0.013034183796898358,2.842170943040401e-14,0.0,0.4,,,firm_3,phi_op,129.80337911638816
kappa_5,5.0,1575893166,4,0.6,400,142.6591388329707,0.013034183796898358,2.842170943040401e-14,0.0,0.4,,,firm_3,phi_acc,0.006534301051165009
kappa_5,5.0,881711363,4,0.6,400,-127.28499781913024,0.017611718238736085,2.842170943040401e-14,3.469446951953614e-18,1.0,,,_summary,spearman_rho,1.0
kappa_5,5.0,881711363,4,0.6,400,-127.28499781913024,0.017611718238736085,2.842170943040401e-14,3.469446951953614e-18,1.0,,,_summary,displacement,
kappa_5,5.0,881711363,4,0.6,400,-127.28499781913024,0.017611718238736085,2.842170943040401e-14,3.469446951953614e-18,1.0,,,_summary,rank_reversal,
kappa_5,5.0,881711363,4,0.6,400,-127.28499781913024,0.017611718238736085,2.842170943040401e-14,3.469446951953614e-18,1.0,,,_summary,v_op_N,-127.28499781913024
kappa_5,5.0,881711363,4,0.6,400,-127.28499781913024,0.017611718238736085,2.842170943040401e-14,3.469446951953614e-18,1.0,,,_summary,eff_gap_op,2.842170943040401e-14
kappa_5,5.0,881711363,4,0.6,400,-127.28499781913024,0.017611718238736085,2.842170943040401e-14,3.469446951953614e-18,1.0,,,firm_0,phi_op,28.388729127621808
kappa_5,5.0,881711363,4,0.6,400,-127.28499781913024,0.017611718238736085,2.842170943040401e-14,3.469446951953614e-18,1.0,,,firm_0,phi_acc,0.005320238373893892
kappa_5,5.0,881711363,4,0.6,400,-127.28499781913024,0.017611718238736085,2.842170943040401e-14,3.469446951953614e-18,1.0,,,firm_1,phi_op,43.98080220900057
kappa_5,5.0,881711363,4,0.6,400,-127.28499781913024,0.017611718238736085,2.842170943040401e-14,3.469446951953614e-18,1.0,,,firm_1,phi_acc,0.020715370807468193
kappa_5,5.0,881711363,4,0.6,400,-127.28499781913024,0.017611718238736085,2.842170943040401e-14,3.469446951953614e-18,1.0,,,firm_2,phi_op,-122.85408289877473
kappa_5,5.0,881711363,4,0.6,400,-127.28499781913024,0.017611718238736085,2.842170943040401e-14,3.469446951953614e-18,1.0,,,firm_2,phi_acc,-0.008450975353408274
kappa_5,5.0,881711363,4,0.6,400,-127.28499781913024,0.017611718238736085,2.842170943040401e-14,3.469446951953614e-18,1.0,,,firm_3,phi_op,-76.80044625697786
kappa_5,5.0,881711363,4,0.6,400,-127.28499781913024,0.017611718238736085,2.842170943040401e-14,3.469446951953614e-18,1.0,,,firm_3,phi_acc,2.7084410782270748e-05
kappa_10,10.0,737920414,4,0.6,400,470.79339195658326,0.09699111551755646,0.0,0.0,0.8,,,_summary,spearman_rho,0.8
kappa_10,10.0,737920414,4,0.6,400,470.79339195658326,0.09699111551755646,0.0,0.0,0.8,,,_summary,displacement,
kappa_10,10.0,737920414,4,0.6,400,470.79339195658326,0.09699111551755646,0.0,0.0,0.8,,,_summary,rank_reversal,
kappa_10,10.0,737920414,4,0.6,400,470.79339195658326,0.09699111551755646,0.0,0.0,0.8,,,_summary,v_op_N,470.79339195658326
kappa_10,10.0,737920414,4,0.6,400,470.79339195658326,0.09699111551755646,0.0,0.0,0.8,,,_summary,eff_gap_op,0.0
kappa_10,10.0,737920414,4,0.6,400,470.79339195658326,0.09699111551755646,0.0,0.0,0.8,,,firm_0,phi_op,177.02735429282717
kappa_10,10.0,737920414,4,0.6,400,470.79339195658326,0.09699111551755646,0.0,0.0,0.8,,,firm_0,phi_acc,0.03809380478157152
kappa_10,10.0,737920414,4,0.6,400,470.79339195658326,0.09699111551755646,0.0,0.0,0.8,,,firm_1,phi_op,38.73913929205084
kappa_10,10.0,737920414,4,0.6,400,470.79339195658326,0.09699111551755646,0.0,0.0,0.8,,,firm_1,phi_acc,0.013004235266762438
kappa_10,10.0,737920414,4,0.6,400,470.79339195658326,0.09699111551755646,0.0,0.0,0.8,,,firm_2,phi_op,137.0333028346999
kappa_10,10.0,737920414,4,0.6,400,470.79339195658326,0.09699111551755646,0.0,0.0,0.8,,,firm_2,phi_acc,0.03342269984946994
kappa_10,10.0,737920414,4,0.6,400,470.79339195658326,0.09699111551755646,0.0,0.0,0.8,,,firm_3,phi_op,117.99359553700535
kappa_10,10.0,737920414,4,0.6,400,470.79339195658326,0.09699111551755646,0.0,0.0,0.8,,,firm_3,phi_acc,0.012470375619752559
kappa_10,10.0,347795941,4,0.6,400,-421.3464228454991,0.09334976094755265,5.684341886080802e-14,0.0,-0.19999999999999996,,,_summary,spearman_rho,-0.19999999999999996
kappa_10,10.0,347795941,4,0.6,400,-421.3464228454991,0.09334976094755265,5.684341886080802e-14,0.0,-0.19999999999999996,,,_summary,displacement,
kappa_10,10.0,347795941,4,0.6,400,-421.3464228454991,0.09334976094755265,5.684341886080802e-14,0.0,-0.19999999999999996,,,_summary,rank_reversal,
kappa_10,10.0,347795941,4,0.6,400,-421.3464228454991,0.09334976094755265,5.684341886080802e-14,0.0,-0.19999999999999996,,,_summary,v_op_N,-421.3464228454991
kappa_10,10.0,347795941,4,0.6,400,-421.3464228454991,0.09334976094755265,5.684341886080802e-14,0.0,-0.19999999999999996,,,_summary,eff_gap_op,5.684341886080802e-14
kappa_10,10.0,347795941,4,0.6,400,-421.3464228454991,0.09334976094755265,5.684341886080802e-14,0.0,-0.19999999999999996,,,firm_0,phi_op,-9.610208106445402
kappa_10,10.0,347795941,4,0.6,400,-421.3464228454991,0.09334976094755265,5.684341886080802e-14,0.0,-0.19999999999999996,,,firm_0,phi_acc,0.004094623478354745
kappa_10,10.0,347795941,4,0.6,400,-421.3464228454991,0.09334976094755265,5.684341886080802e-14,0.0,-0.19999999999999996,,,firm_1,phi_op,-122.61135029738361
kappa_10,10.0,347795941,4,0.6,400,-421.3464228454991,0.09334976094755265,5.684341886080802e-14,0.0,-0.19999999999999996,,,firm_1,phi_acc,0.03162905910625845
kappa_10,10.0,347795941,4,0.6,400,-421.3464228454991,0.09334976094755265,5.684341886080802e-14,0.0,-0.19999999999999996,,,firm_2,phi_op,-113.2336126165479
kappa_10,10.0,347795941,4,0.6,400,-421.3464228454991,0.09334976094755265,5.684341886080802e-14,0.0,-0.19999999999999996,,,firm_2,phi_acc,0.04233682865257521
kappa_10,10.0,347795941,4,0.6,400,-421.3464228454991,0.09334976094755265,5.684341886080802e-14,0.0,-0.19999999999999996,,,firm_3,phi_op,-175.89125182512214
kappa_10,10.0,347795941,4,0.6,400,-421.3464228454991,0.09334976094755265,5.684341886080802e-14,0.0,-0.19999999999999996,,,firm_3,phi_acc,0.015289249710364253
kappa_10,10.0,1237264847,4,0.6,400,1237.0457524330618,0.0655220585124644,0.0,0.0,-0.8,,,_summary,spearman_rho,-0.8
kappa_10,10.0,1237264847,4,0.6,400,1237.0457524330618,0.0655220585124644,0.0,0.0,-0.8,,,_summary,displacement,
kappa_10,10.0,1237264847,4,0.6,400,1237.0457524330618,0.0655220585124644,0.0,0.0,-0.8,,,_summary,rank_reversal,
kappa_10,10.0,1237264847,4,0.6,400,1237.0457524330618,0.0655220585124644,0.0,0.0,-0.8,,,_summary,v_op_N,1237.0457524330618
kappa_10,10.0,1237264847,4,0.6,400,1237.0457524330618,0.0655220585124644,0.0,0.0,-0.8,,,_summary,eff_gap_op,0.0
kappa_10,10.0,1237264847,4,0.6,400,1237.0457524330618,0.0655220585124644,0.0,0.0,-0.8,,,firm_0,phi_op,53.918008419000344
kappa_10,10.0,1237264847,4,0.6,400,1237.0457524330618,0.0655220585124644,0.0,0.0,-0.8,,,firm_0,phi_acc,0.022684501646144706
kappa_10,10.0,1237264847,4,0.6,400,1237.0457524330618,0.0655220585124644,0.0,0.0,-0.8,,,firm_1,phi_op,302.18628891225944
kappa_10,10.0,1237264847,4,0.6,400,1237.0457524330618,0.0655220585124644,0.0,0.0,-0.8,,,firm_1,phi_acc,0.00926491890308507
kappa_10,10.0,1237264847,4,0.6,400,1237.0457524330618,0.0655220585124644,0.0,0.0,-0.8,,,firm_2,phi_op,179.75315858289096
kappa_10,10.0,1237264847,4,0.6,400,1237.0457524330618,0.0655220585124644,0.0,0.0,-0.8,,,firm_2,phi_acc,0.03716797172668537
kappa_10,10.0,1237264847,4,0.6,400,1237.0457524330618,0.0655220585124644,0.0,0.0,-0.8,,,firm_3,phi_op,701.188296518911
kappa_10,10.0,1237264847,4,0.6,400,1237.0457524330618,0.0655220585124644,0.0,0.0,-0.8,,,firm_3,phi_acc,-0.003595333763450753
kappa_10,10.0,1381950912,4,0.6,400,-128.64470575665155,0.0453233436845486,0.0,0.0,0.19999999999999996,,,_summary,spearman_rho,0.19999999999999996
kappa_10,10.0,1381950912,4,0.6,400,-128.64470575665155,0.0453233436845486,0.0,0.0,0.19999999999999996,,,_summary,displacement,
kappa_10,10.0,1381950912,4,0.6,400,-128.64470575665155,0.0453233436845486,0.0,0.0,0.19999999999999996,,,_summary,rank_reversal,
kappa_10,10.0,1381950912,4,0.6,400,-128.64470575665155,0.0453233436845486,0.0,0.0,0.19999999999999996,,,_summary,v_op_N,-128.64470575665155
kappa_10,10.0,1381950912,4,0.6,400,-128.64470575665155,0.0453233436845486,0.0,0.0,0.19999999999999996,,,_summary,eff_gap_op,0.0
kappa_10,10.0,1381950912,4,0.6,400,-128.64470575665155,0.0453233436845486,0.0,0.0,0.19999999999999996,,,firm_0,phi_op,150.03288192484422
kappa_10,10.0,1381950912,4,0.6,400,-128.64470575665155,0.0453233436845486,0.0,0.0,0.19999999999999996,,,firm_0,phi_acc,0.02115329743277531
kappa_10,10.0,1381950912,4,0.6,400,-128.64470575665155,0.0453233436845486,0.0,0.0,0.19999999999999996,,,firm_1,phi_op,-91.24261119016275
kappa_10,10.0,1381950912,4,0.6,400,-128.64470575665155,0.0453233436845486,0.0,0.0,0.19999999999999996,,,firm_1,phi_acc,0.010499571096350283
kappa_10,10.0,1381950912,4,0.6,400,-128.64470575665155,0.0453233436845486,0.0,0.0,0.19999999999999996,,,firm_2,phi_op,61.84221469187163
kappa_10,10.0,1381950912,4,0.6,400,-128.64470575665155,0.0453233436845486,0.0,0.0,0.19999999999999996,,,firm_2,phi_acc,-0.0007125861484345759
kappa_10,10.0,1381950912,4,0.6,400,-128.64470575665155,0.0453233436845486,0.0,0.0,0.19999999999999996,,,firm_3,phi_op,-249.27719118320465
kappa_10,10.0,1381950912,4,0.6,400,-128.64470575665155,0.0453233436845486,0.0,0.0,0.19999999999999996,,,firm_3,phi_acc,0.01438306130385758
kappa_10,10.0,522391825,4,0.6,400,272.86697435632004,0.012576058249693656,0.0,0.0,-0.3999999999999999,,,_summary,spearman_rho,-0.3999999999999999
kappa_10,10.0,522391825,4,0.6,400,272.86697435632004,0.012576058249693656,0.0,0.0,-0.3999999999999999,,,_summary,displacement,
kappa_10,10.0,522391825,4,0.6,400,272.86697435632004,0.012576058249693656,0.0,0.0,-0.3999999999999999,,,_summary,rank_reversal,
kappa_10,10.0,522391825,4,0.6,400,272.86697435632004,0.012576058249693656,0.0,0.0,-0.3999999999999999,,,_summary,v_op_N,272.86697435632004
kappa_10,10.0,522391825,4,0.6,400,272.86697435632004,0.012576058249693656,0.0,0.0,-0.3999999999999999,,,_summary,eff_gap_op,0.0
kappa_10,10.0,522391825,4,0.6,400,272.86697435632004,0.012576058249693656,0.0,0.0,-0.3999999999999999,,,firm_0,phi_op,233.60033483615143
kappa_10,10.0,522391825,4,0.6,400,272.86697435632004,0.012576058249693656,0.0,0.0,-0.3999999999999999,,,firm_0,phi_acc,-0.006642806287576871
kappa_10,10.0,522391825,4,0.6,400,272.86697435632004,0.012576058249693656,0.0,0.0,-0.3999999999999999,,,firm_1,phi_op,73.27158945814685
kappa_10,10.0,522391825,4,0.6,400,272.86697435632004,0.012576058249693656,0.0,0.0,-0.3999999999999999,,,firm_1,phi_acc,0.016487646256796717
kappa_10,10.0,522391825,4,0.6,400,272.86697435632004,0.012576058249693656,0.0,0.0,-0.3999999999999999,,,firm_2,phi_op,-58.15369215783879
kappa_10,10.0,522391825,4,0.6,400,272.86697435632004,0.012576058249693656,0.0,0.0,-0.3999999999999999,,,firm_2,phi_acc,0.0031239373693629866
kappa_10,10.0,522391825,4,0.6,400,272.86697435632004,0.012576058249693656,0.0,0.0,-0.3999999999999999,,,firm_3,phi_op,24.14874221986055
kappa_10,10.0,522391825,4,0.6,400,272.86697435632004,0.012576058249693656,0.0,0.0,-0.3999999999999999,,,firm_3,phi_acc,-0.00039271908888917784
kappa_10,10.0,1947842845,4,0.6,400,536.1648444313091,0.08511924364570345,0.0,0.0,-0.3999999999999999,,,_summary,spearman_rho,-0.3999999999999999
kappa_10,10.0,1947842845,4,0.6,400,536.1648444313091,0.08511924364570345,0.0,0.0,-0.3999999999999999,,,_summary,displacement,
kappa_10,10.0,1947842845,4,0.6,400,536.1648444313091,0.08511924364570345,0.0,0.0,-0.3999999999999999,,,_summary,rank_reversal,
kappa_10,10.0,1947842845,4,0.6,400,536.1648444313091,0.08511924364570345,0.0,0.0,-0.3999999999999999,,,_summary,v_op_N,536.1648444313091
kappa_10,10.0,1947842845,4,0.6,400,536.1648444313091,0.08511924364570345,0.0,0.0,-0.3999999999999999,,,_summary,eff_gap_op,0.0
kappa_10,10.0,1947842845,4,0.6,400,536.1648444313091,0.08511924364570345,0.0,0.0,-0.3999999999999999,,,firm_0,phi_op,263.02999036392515
kappa_10,10.0,1947842845,4,0.6,400,536.1648444313091,0.08511924364570345,0.0,0.0,-0.3999999999999999,,,firm_0,phi_acc,0.031175800046129732
kappa_10,10.0,1947842845,4,0.6,400,536.1648444313091,0.08511924364570345,0.0,0.0,-0.3999999999999999,,,firm_1,phi_op,-220.19106117447905
kappa_10,10.0,1947842845,4,0.6,400,536.1648444313091,0.08511924364570345,0.0,0.0,-0.3999999999999999,,,firm_1,phi_acc,0.02511257708562204
kappa_10,10.0,1947842845,4,0.6,400,536.1648444313091,0.08511924364570345,0.0,0.0,-0.3999999999999999,,,firm_2,phi_op,313.90497122505104
kappa_10,10.0,1947842845,4,0.6,400,536.1648444313091,0.08511924364570345,0.0,0.0,-0.3999999999999999,,,firm_2,phi_acc,0.011314440480149021
kappa_10,10.0,1947842845,4,0.6,400,536.1648444313091,0.08511924364570345,0.0,0.0,-0.3999999999999999,,,firm_3,phi_op,179.42094401681192
kappa_10,10.0,1947842845,4,0.6,400,536.1648444313091,0.08511924364570345,0.0,0.0,-0.3999999999999999,,,firm_3,phi_acc,0.017516426033802646
kappa_10,10.0,1100027996,4,0.6,400,245.66209284850038,0.10169605152007433,5.684341886080802e-14,0.0,1.0,,,_summary,spearman_rho,1.0
kappa_10,10.0,1100027996,4,0.6,400,245.66209284850038,0.10169605152007433,5.684341886080802e-14,0.0,1.0,,,_summary,displacement,
kappa_10,10.0,1100027996,4,0.6,400,245.66209284850038,0.10169605152007433,5.684341886080802e-14,0.0,1.0,,,_summary,rank_reversal,
kappa_10,10.0,1100027996,4,0.6,400,245.66209284850038,0.10169605152007433,5.684341886080802e-14,0.0,1.0,,,_summary,v_op_N,245.66209284850038
kappa_10,10.0,1100027996,4,0.6,400,245.66209284850038,0.10169605152007433,5.684341886080802e-14,0.0,1.0,,,_summary,eff_gap_op,5.684341886080802e-14
kappa_10,10.0,1100027996,4,0.6,400,245.66209284850038,0.10169605152007433,5.684341886080802e-14,0.0,1.0,,,firm_0,phi_op,-3.6658515883676346
kappa_10,10.0,1100027996,4,0.6,400,245.66209284850038,0.10169605152007433,5.684341886080802e-14,0.0,1.0,,,firm_0,phi_acc,0.023953064767903827
kappa_10,10.0,1100027996,4,0.6,400,245.66209284850038,0.10169605152007433,5.684341886080802e-14,0.0,1.0,,,firm_1,phi_op,126.8866275074511
kappa_10,10.0,1100027996,4,0.6,400,245.66209284850038,0.10169605152007433,5.684341886080802e-14,0.0,1.0,,,firm_1,phi_acc,0.025865405135828475
kappa_10,10.0,1100027996,4,0.6,400,245.66209284850038,0.10169605152007433,5.684341886080802e-14,0.0,1.0,,,firm_2,phi_op,-204.35673443916664
kappa_10,10.0,1100027996,4,0.6,400,245.66209284850038,0.10169605152007433,5.684341886080802e-14,0.0,1.0,,,firm_2,phi_acc,0.02000916050347628
kappa_10,10.0,1100027996,4,0.6,400,245.66209284850038,0.10169605152007433,5.684341886080802e-14,0.0,1.0,,,firm_3,phi_op,326.7980513685835
kappa_10,10.0,1100027996,4,0.6,400,245.66209284850038,0.10169605152007433,5.684341886080802e-14,0.0,1.0,,,firm_3,phi_acc,0.03186842111286574
kappa_10,10.0,1824186758,4,0.6,400,3.0812428257004285,0.12299026614073805,0.0,1.3877787807814457e-17,0.6,,,_summary,spearman_rho,0.6
kappa_10,10.0,1824186758,4,0.6,400,3.0812428257004285,0.12299026614073805,0.0,1.3877787807814457e-17,0.6,,,_summary,displacement,
kappa_10,10.0,1824186758,4,0.6,400,3.0812428257004285,0.12299026614073805,0.0,1.3877787807814457e-17,0.6,,,_summary,rank_reversal,
kappa_10,10.0,1824186758,4,0.6,400,3.0812428257004285,0.12299026614073805,0.0,1.3877787807814457e-17,0.6,,,_summary,v_op_N,3.0812428257004285
kappa_10,10.0,1824186758,4,0.6,400,3.0812428257004285,0.12299026614073805,0.0,1.3877787807814457e-17,0.6,,,_summary,eff_gap_op,0.0
kappa_10,10.0,1824186758,4,0.6,400,3.0812428257004285,0.12299026614073805,0.0,1.3877787807814457e-17,0.6,,,firm_0,phi_op,36.57492720886199
kappa_10,10.0,1824186758,4,0.6,400,3.0812428257004285,0.12299026614073805,0.0,1.3877787807814457e-17,0.6,,,firm_0,phi_acc,0.04731758697848027
kappa_10,10.0,1824186758,4,0.6,400,3.0812428257004285,0.12299026614073805,0.0,1.3877787807814457e-17,0.6,,,firm_1,phi_op,-54.74561276355115
kappa_10,10.0,1824186758,4,0.6,400,3.0812428257004285,0.12299026614073805,0.0,1.3877787807814457e-17,0.6,,,firm_1,phi_acc,-0.0014023940441643215
kappa_10,10.0,1824186758,4,0.6,400,3.0812428257004285,0.12299026614073805,0.0,1.3877787807814457e-17,0.6,,,firm_2,phi_op,177.15364952245778
kappa_10,10.0,1824186758,4,0.6,400,3.0812428257004285,0.12299026614073805,0.0,1.3877787807814457e-17,0.6,,,firm_2,phi_acc,0.04085803446705628
kappa_10,10.0,1824186758,4,0.6,400,3.0812428257004285,0.12299026614073805,0.0,1.3877787807814457e-17,0.6,,,firm_3,phi_op,-155.9017211420682
kappa_10,10.0,1824186758,4,0.6,400,3.0812428257004285,0.12299026614073805,0.0,1.3877787807814457e-17,0.6,,,firm_3,phi_acc,0.03621703873936581
kappa_10,10.0,779812376,4,0.6,400,-392.92190922206805,0.11589487921761754,5.684341886080802e-14,0.0,0.6,,,_summary,spearman_rho,0.6
kappa_10,10.0,779812376,4,0.6,400,-392.92190922206805,0.11589487921761754,5.684341886080802e-14,0.0,0.6,,,_summary,displacement,
kappa_10,10.0,779812376,4,0.6,400,-392.92190922206805,0.11589487921761754,5.684341886080802e-14,0.0,0.6,,,_summary,rank_reversal,
kappa_10,10.0,779812376,4,0.6,400,-392.92190922206805,0.11589487921761754,5.684341886080802e-14,0.0,0.6,,,_summary,v_op_N,-392.92190922206805
kappa_10,10.0,779812376,4,0.6,400,-392.92190922206805,0.11589487921761754,5.684341886080802e-14,0.0,0.6,,,_summary,eff_gap_op,5.684341886080802e-14
kappa_10,10.0,779812376,4,0.6,400,-392.92190922206805,0.11589487921761754,5.684341886080802e-14,0.0,0.6,,,firm_0,phi_op,-16.527548184274696
kappa_10,10.0,779812376,4,0.6,400,-392.92190922206805,0.11589487921761754,5.684341886080802e-14,0.0,0.6,,,firm_0,phi_acc,0.009303334400873848
kappa_10,10.0,779812376,4,0.6,400,-392.92190922206805,0.11589487921761754,5.684341886080802e-14,0.0,0.6,,,firm_1,phi_op,-2.428164953113596
kappa_10,10.0,779812376,4,0.6,400,-392.92190922206805,0.11589487921761754,5.684341886080802e-14,0.0,0.6,,,firm_1,phi_acc,0.052310053572772686
kappa_10,10.0,779812376,4,0.6,400,-392.92190922206805,0.11589487921761754,5.684341886080802e-14,0.0,0.6,,,firm_2,phi_op,7.101697297129037
kappa_10,10.0,779812376,4,0.6,400,-392.92190922206805,0.11589487921761754,5.684341886080802e-14,0.0,0.6,,,firm_2,phi_acc,0.03295183436021222
kappa_10,10.0,779812376,4,0.6,400,-392.92190922206805,0.11589487921761754,5.684341886080802e-14,0.0,0.6,,,firm_3,phi_op,-381.06789338180874
kappa_10,10.0,779812376,4,0.6,400,-392.92190922206805,0.11589487921761754,5.684341886080802e-14,0.0,0.6,,,firm_3,phi_acc,0.02132965688375878
kappa_10,10.0,1071592025,4,0.6,400,-349.51032575089334,0.05960115041620073,0.0,6.938893903907228e-18,-0.3999999999999999,,,_summary,spearman_rho,-0.3999999999999999
kappa_10,10.0,1071592025,4,0.6,400,-349.51032575089334,0.05960115041620073,0.0,6.938893903907228e-18,-0.3999999999999999,,,_summary,displacement,
kappa_10,10.0,1071592025,4,0.6,400,-349.51032575089334,0.05960115041620073,0.0,6.938893903907228e-18,-0.3999999999999999,,,_summary,rank_reversal,
kappa_10,10.0,1071592025,4,0.6,400,-349.51032575089334,0.05960115041620073,0.0,6.938893903907228e-18,-0.3999999999999999,,,_summary,v_op_N,-349.51032575089334
kappa_10,10.0,1071592025,4,0.6,400,-349.51032575089334,0.05960115041620073,0.0,6.938893903907228e-18,-0.3999999999999999,,,_summary,eff_gap_op,0.0
kappa_10,10.0,1071592025,4,0.6,400,-349.51032575089334,0.05960115041620073,0.0,6.938893903907228e-18,-0.3999999999999999,,,firm_0,phi_op,-88.50839828782337
kappa_10,10.0,1071592025,4,0.6,400,-349.51032575089334,0.05960115041620073,0.0,6.938893903907228e-18,-0.3999999999999999,,,firm_0,phi_acc,0.008278016470215921
kappa_10,10.0,1071592025,4,0.6,400,-349.51032575089334,0.05960115041620073,0.0,6.938893903907228e-18,-0.3999999999999999,,,firm_1,phi_op,-39.859606679982974
kappa_10,10.0,1071592025,4,0.6,400,-349.51032575089334,0.05960115041620073,0.0,6.938893903907228e-18,-0.3999999999999999,,,firm_1,phi_acc,0.005416084872515436
kappa_10,10.0,1071592025,4,0.6,400,-349.51032575089334,0.05960115041620073,0.0,6.938893903907228e-18,-0.3999999999999999,,,firm_2,phi_op,-400.0817367652805
kappa_10,10.0,1071592025,4,0.6,400,-349.51032575089334,0.05960115041620073,0.0,6.938893903907228e-18,-0.3999999999999999,,,firm_2,phi_acc,0.02550821180585679
kappa_10,10.0,1071592025,4,0.6,400,-349.51032575089334,0.05960115041620073,0.0,6.938893903907228e-18,-0.3999999999999999,,,firm_3,phi_op,178.9394159821935
kappa_10,10.0,1071592025,4,0.6,400,-349.51032575089334,0.05960115041620073,0.0,6.938893903907228e-18,-0.3999999999999999,,,firm_3,phi_acc,0.02039883726761258
kappa_10,10.0,940982480,4,0.6,400,81.31441469936112,0.036835979000242824,1.4210854715202004e-14,0.0,-1.0,,,_summary,spearman_rho,-1.0
kappa_10,10.0,940982480,4,0.6,400,81.31441469936112,0.036835979000242824,1.4210854715202004e-14,0.0,-1.0,,,_summary,displacement,
kappa_10,10.0,940982480,4,0.6,400,81.31441469936112,0.036835979000242824,1.4210854715202004e-14,0.0,-1.0,,,_summary,rank_reversal,
kappa_10,10.0,940982480,4,0.6,400,81.31441469936112,0.036835979000242824,1.4210854715202004e-14,0.0,-1.0,,,_summary,v_op_N,81.31441469936112
kappa_10,10.0,940982480,4,0.6,400,81.31441469936112,0.036835979000242824,1.4210854715202004e-14,0.0,-1.0,,,_summary,eff_gap_op,1.4210854715202004e-14
kappa_10,10.0,940982480,4,0.6,400,81.31441469936112,0.036835979000242824,1.4210854715202004e-14,0.0,-1.0,,,firm_0,phi_op,-113.60601694237707
kappa_10,10.0,940982480,4,0.6,400,81.31441469936112,0.036835979000242824,1.4210854715202004e-14,0.0,-1.0,,,firm_0,phi_acc,0.016208958435323318
kappa_10,10.0,940982480,4,0.6,400,81.31441469936112,0.036835979000242824,1.4210854715202004e-14,0.0,-1.0,,,firm_1,phi_op,40.18082417722802
kappa_10,10.0,940982480,4,0.6,400,81.31441469936112,0.036835979000242824,1.4210854715202004e-14,0.0,-1.0,,,firm_1,phi_acc,0.010703631561007463
kappa_10,10.0,940982480,4,0.6,400,81.31441469936112,0.036835979000242824,1.4210854715202004e-14,0.0,-1.0,,,firm_2,phi_op,50.35684826396363
kappa_10,10.0,940982480,4,0.6,400,81.31441469936112,0.036835979000242824,1.4210854715202004e-14,0.0,-1.0,,,firm_2,phi_acc,0.0051586305657251585
kappa_10,10.0,940982480,4,0.6,400,81.31441469936112,0.036835979000242824,1.4210854715202004e-14,0.0,-1.0,,,firm_3,phi_op,104.38275920054656
kappa_10,10.0,940982480,4,0.6,400,81.31441469936112,0.036835979000242824,1.4210854715202004e-14,0.0,-1.0,,,firm_3,phi_acc,0.0047647584381868835
kappa_10,10.0,2112564304,4,0.6,400,479.10020376383227,0.02247076919598401,5.684341886080802e-14,0.0,-0.3999999999999999,,,_summary,spearman_rho,-0.3999999999999999
kappa_10,10.0,2112564304,4,0.6,400,479.10020376383227,0.02247076919598401,5.684341886080802e-14,0.0,-0.3999999999999999,,,_summary,displacement,
kappa_10,10.0,2112564304,4,0.6,400,479.10020376383227,0.02247076919598401,5.684341886080802e-14,0.0,-0.3999999999999999,,,_summary,rank_reversal,
kappa_10,10.0,2112564304,4,0.6,400,479.10020376383227,0.02247076919598401,5.684341886080802e-14,0.0,-0.3999999999999999,,,_summary,v_op_N,479.10020376383227
kappa_10,10.0,2112564304,4,0.6,400,479.10020376383227,0.02247076919598401,5.684341886080802e-14,0.0,-0.3999999999999999,,,_summary,eff_gap_op,5.684341886080802e-14
kappa_10,10.0,2112564304,4,0.6,400,479.10020376383227,0.02247076919598401,5.684341886080802e-14,0.0,-0.3999999999999999,,,firm_0,phi_op,125.76603009572071
kappa_10,10.0,2112564304,4,0.6,400,479.10020376383227,0.02247076919598401,5.684341886080802e-14,0.0,-0.3999999999999999,,,firm_0,phi_acc,0.003304348436641624
kappa_10,10.0,2112564304,4,0.6,400,479.10020376383227,0.02247076919598401,5.684341886080802e-14,0.0,-0.3999999999999999,,,firm_1,phi_op,62.453092456027164
kappa_10,10.0,2112564304,4,0.6,400,479.10020376383227,0.02247076919598401,5.684341886080802e-14,0.0,-0.3999999999999999,,,firm_1,phi_acc,0.03062641869925712
kappa_10,10.0,2112564304,4,0.6,400,479.10020376383227,0.02247076919598401,5.684341886080802e-14,0.0,-0.3999999999999999,,,firm_2,phi_op,65.53989175348968
kappa_10,10.0,2112564304,4,0.6,400,479.10020376383227,0.02247076919598401,5.684341886080802e-14,0.0,-0.3999999999999999,,,firm_2,phi_acc,-0.011119067793743867
kappa_10,10.0,2112564304,4,0.6,400,479.10020376383227,0.02247076919598401,5.684341886080802e-14,0.0,-0.3999999999999999,,,firm_3,phi_op,225.34118945859467
kappa_10,10.0,2112564304,4,0.6,400,479.10020376383227,0.02247076919598401,5.684341886080802e-14,0.0,-0.3999999999999999,,,firm_3,phi_acc,-0.0003409301461708696
kappa_10,10.0,628345251,4,0.6,400,-362.60995909163375,0.00810910340979576,5.684341886080802e-14,0.0,0.4,,,_summary,spearman_rho,0.4
kappa_10,10.0,628345251,4,0.6,400,-362.60995909163375,0.00810910340979576,5.684341886080802e-14,0.0,0.4,,,_summary,displacement,
kappa_10,10.0,628345251,4,0.6,400,-362.60995909163375,0.00810910340979576,5.684341886080802e-14,0.0,0.4,,,_summary,rank_reversal,
kappa_10,10.0,628345251,4,0.6,400,-362.60995909163375,0.00810910340979576,5.684341886080802e-14,0.0,0.4,,,_summary,v_op_N,-362.60995909163375
kappa_10,10.0,628345251,4,0.6,400,-362.60995909163375,0.00810910340979576,5.684341886080802e-14,0.0,0.4,,,_summary,eff_gap_op,5.684341886080802e-14
kappa_10,10.0,628345251,4,0.6,400,-362.60995909163375,0.00810910340979576,5.684341886080802e-14,0.0,0.4,,,firm_0,phi_op,-272.0942135974592
kappa_10,10.0,628345251,4,0.6,400,-362.60995909163375,0.00810910340979576,5.684341886080802e-14,0.0,0.4,,,firm_0,phi_acc,-0.005246314878925518
kappa_10,10.0,628345251,4,0.6,400,-362.60995909163375,0.00810910340979576,5.684341886080802e-14,0.0,0.4,,,firm_1,phi_op,-54.16921146531272
kappa_10,10.0,628345251,4,0.6,400,-362.60995909163375,0.00810910340979576,5.684341886080802e-14,0.0,0.4,,,firm_1,phi_acc,0.008854942607582739
kappa_10,10.0,628345251,4,0.6,400,-362.60995909163375,0.00810910340979576,5.684341886080802e-14,0.0,0.4,,,firm_2,phi_op,-4.8019292674495695
kappa_10,10.0,628345251,4,0.6,400,-362.60995909163375,0.00810910340979576,5.684341886080802e-14,0.0,0.4,,,firm_2,phi_acc,0.004889265666746448
kappa_10,10.0,628345251,4,0.6,400,-362.60995909163375,0.00810910340979576,5.684341886080802e-14,0.0,0.4,,,firm_3,phi_op,-31.54460476141221
kappa_10,10.0,628345251,4,0.6,400,-362.60995909163375,0.00810910340979576,5.684341886080802e-14,0.0,0.4,,,firm_3,phi_acc,-0.00038878998560791045
kappa_10,10.0,1535084896,4,0.6,400,-1106.6750923277239,0.01588048057057001,0.0,0.0,1.0,,,_summary,spearman_rho,1.0
kappa_10,10.0,1535084896,4,0.6,400,-1106.6750923277239,0.01588048057057001,0.0,0.0,1.0,,,_summary,displacement,
kappa_10,10.0,1535084896,4,0.6,400,-1106.6750923277239,0.01588048057057001,0.0,0.0,1.0,,,_summary,rank_reversal,
kappa_10,10.0,1535084896,4,0.6,400,-1106.6750923277239,0.01588048057057001,0.0,0.0,1.0,,,_summary,v_op_N,-1106.6750923277239
kappa_10,10.0,1535084896,4,0.6,400,-1106.6750923277239,0.01588048057057001,0.0,0.0,1.0,,,_summary,eff_gap_op,0.0
kappa_10,10.0,1535084896,4,0.6,400,-1106.6750923277239,0.01588048057057001,0.0,0.0,1.0,,,firm_0,phi_op,-313.68924766949186
kappa_10,10.0,1535084896,4,0.6,400,-1106.6750923277239,0.01588048057057001,0.0,0.0,1.0,,,firm_0,phi_acc,0.0025433684898783504
kappa_10,10.0,1535084896,4,0.6,400,-1106.6750923277239,0.01588048057057001,0.0,0.0,1.0,,,firm_1,phi_op,-47.72162044770778
kappa_10,10.0,1535084896,4,0.6,400,-1106.6750923277239,0.01588048057057001,0.0,0.0,1.0,,,firm_1,phi_acc,0.009221554289745896
kappa_10,10.0,1535084896,4,0.6,400,-1106.6750923277239,0.01588048057057001,0.0,0.0,1.0,,,firm_2,phi_op,-51.55154424030873
kappa_10,10.0,1535084896,4,0.6,400,-1106.6750923277239,0.01588048057057001,0.0,0.0,1.0,,,firm_2,phi_acc,0.006811373284557072
kappa_10,10.0,1535084896,4,0.6,400,-1106.6750923277239,0.01588048057057001,0.0,0.0,1.0,,,firm_3,phi_op,-693.7126799702154
kappa_10,10.0,1535084896,4,0.6,400,-1106.6750923277239,0.01588048057057001,0.0,0.0,1.0,,,firm_3,phi_acc,-0.002695815493611309
kappa_10,10.0,1695629020,4,0.6,400,1337.2247286245845,0.09862587037757242,0.0,0.0,-0.6000000000000001,,,_summary,spearman_rho,-0.6000000000000001
kappa_10,10.0,1695629020,4,0.6,400,1337.2247286245845,0.09862587037757242,0.0,0.0,-0.6000000000000001,,,_summary,displacement,
kappa_10,10.0,1695629020,4,0.6,400,1337.2247286245845,0.09862587037757242,0.0,0.0,-0.6000000000000001,,,_summary,rank_reversal,
kappa_10,10.0,1695629020,4,0.6,400,1337.2247286245845,0.09862587037757242,0.0,0.0,-0.6000000000000001,,,_summary,v_op_N,1337.2247286245845
kappa_10,10.0,1695629020,4,0.6,400,1337.2247286245845,0.09862587037757242,0.0,0.0,-0.6000000000000001,,,_summary,eff_gap_op,0.0
kappa_10,10.0,1695629020,4,0.6,400,1337.2247286245845,0.09862587037757242,0.0,0.0,-0.6000000000000001,,,firm_0,phi_op,29.689293261957076
kappa_10,10.0,1695629020,4,0.6,400,1337.2247286245845,0.09862587037757242,0.0,0.0,-0.6000000000000001,,,firm_0,phi_acc,0.03494888007592034
kappa_10,10.0,1695629020,4,0.6,400,1337.2247286245845,0.09862587037757242,0.0,0.0,-0.6000000000000001,,,firm_1,phi_op,426.0227851270365
kappa_10,10.0,1695629020,4,0.6,400,1337.2247286245845,0.09862587037757242,0.0,0.0,-0.6000000000000001,,,firm_1,phi_acc,-0.0013837256392672534
kappa_10,10.0,1695629020,4,0.6,400,1337.2247286245845,0.09862587037757242,0.0,0.0,-0.6000000000000001,,,firm_2,phi_op,243.02719358037425
kappa_10,10.0,1695629020,4,0.6,400,1337.2247286245845,0.09862587037757242,0.0,0.0,-0.6000000000000001,,,firm_2,phi_acc,0.04726916610339249
kappa_10,10.0,1695629020,4,0.6,400,1337.2247286245845,0.09862587037757242,0.0,0.0,-0.6000000000000001,,,firm_3,phi_op,638.4854566552167
kappa_10,10.0,1695629020,4,0.6,400,1337.2247286245845,0.09862587037757242,0.0,0.0,-0.6000000000000001,,,firm_3,phi_acc,0.017791549837526843
kappa_10,10.0,1325493252,4,0.6,400,-8.489338798127392,0.03051164042168708,1.4210854715202004e-14,0.0,0.6,,,_summary,spearman_rho,0.6
kappa_10,10.0,1325493252,4,0.6,400,-8.489338798127392,0.03051164042168708,1.4210854715202004e-14,0.0,0.6,,,_summary,displacement,
kappa_10,10.0,1325493252,4,0.6,400,-8.489338798127392,0.03051164042168708,1.4210854715202004e-14,0.0,0.6,,,_summary,rank_reversal,
kappa_10,10.0,1325493252,4,0.6,400,-8.489338798127392,0.03051164042168708,1.4210854715202004e-14,0.0,0.6,,,_summary,v_op_N,-8.489338798127392
kappa_10,10.0,1325493252,4,0.6,400,-8.489338798127392,0.03051164042168708,1.4210854715202004e-14,0.0,0.6,,,_summary,eff_gap_op,1.4210854715202004e-14
kappa_10,10.0,1325493252,4,0.6,400,-8.489338798127392,0.03051164042168708,1.4210854715202004e-14,0.0,0.6,,,firm_0,phi_op,-113.90149256895445
kappa_10,10.0,1325493252,4,0.6,400,-8.489338798127392,0.03051164042168708,1.4210854715202004e-14,0.0,0.6,,,firm_0,phi_acc,-0.01298219089374041
kappa_10,10.0,1325493252,4,0.6,400,-8.489338798127392,0.03051164042168708,1.4210854715202004e-14,0.0,0.6,,,firm_1,phi_op,229.61229592927359
kappa_10,10.0,1325493252,4,0.6,400,-8.489338798127392,0.03051164042168708,1.4210854715202004e-14,0.0,0.6,,,firm_1,phi_acc,0.012295880562702763
kappa_10,10.0,1325493252,4,0.6,400,-8.489338798127392,0.03051164042168708,1.4210854715202004e-14,0.0,0.6,,,firm_2,phi_op,-285.3497548207867
kappa_10,10.0,1325493252,4,0.6,400,-8.489338798127392,0.03051164042168708,1.4210854715202004e-14,0.0,0.6,,,firm_2,phi_acc,0.002501136881952276
kappa_10,10.0,1325493252,4,0.6,400,-8.489338798127392,0.03051164042168708,1.4210854715202004e-14,0.0,0.6,,,firm_3,phi_op,161.14961266234016
kappa_10,10.0,1325493252,4,0.6,400,-8.489338798127392,0.03051164042168708,1.4210854715202004e-14,0.0,0.6,,,firm_3,phi_acc,0.02869681387077245
kappa_10,10.0,735937165,4,0.6,400,-540.1735535637258,0.04279670161992155,0.0,0.0,0.4,,,_summary,spearman_rho,0.4
kappa_10,10.0,735937165,4,0.6,400,-540.1735535637258,0.04279670161992155,0.0,0.0,0.4,,,_summary,displacement,
kappa_10,10.0,735937165,4,0.6,400,-540.1735535637258,0.04279670161992155,0.0,0.0,0.4,,,_summary,rank_reversal,
kappa_10,10.0,735937165,4,0.6,400,-540.1735535637258,0.04279670161992155,0.0,0.0,0.4,,,_summary,v_op_N,-540.1735535637258
kappa_10,10.0,735937165,4,0.6,400,-540.1735535637258,0.04279670161992155,0.0,0.0,0.4,,,_summary,eff_gap_op,0.0
kappa_10,10.0,735937165,4,0.6,400,-540.1735535637258,0.04279670161992155,0.0,0.0,0.4,,,firm_0,phi_op,-49.0956095861397
kappa_10,10.0,735937165,4,0.6,400,-540.1735535637258,0.04279670161992155,0.0,0.0,0.4,,,firm_0,phi_acc,0.0443585864021378
kappa_10,10.0,735937165,4,0.6,400,-540.1735535637258,0.04279670161992155,0.0,0.0,0.4,,,firm_1,phi_op,-93.38013281062622
kappa_10,10.0,735937165,4,0.6,400,-540.1735535637258,0.04279670161992155,0.0,0.0,0.4,,,firm_1,phi_acc,-0.00417831664890439
kappa_10,10.0,735937165,4,0.6,400,-540.1735535637258,0.04279670161992155,0.0,0.0,0.4,,,firm_2,phi_op,-104.84442071721776
kappa_10,10.0,735937165,4,0.6,400,-540.1735535637258,0.04279670161992155,0.0,0.0,0.4,,,firm_2,phi_acc,0.004240473859575322
kappa_10,10.0,735937165,4,0.6,400,-540.1735535637258,0.04279670161992155,0.0,0.0,0.4,,,firm_3,phi_op,-292.8533904497421
kappa_10,10.0,735937165,4,0.6,400,-540.1735535637258,0.04279670161992155,0.0,0.0,0.4,,,firm_3,phi_acc,-0.0016240419928871819
kappa_10,10.0,741817580,4,0.6,400,-114.54891175442322,0.027966437359605356,0.0,0.0,0.19999999999999996,,,_summary,spearman_rho,0.19999999999999996
kappa_10,10.0,741817580,4,0.6,400,-114.54891175442322,0.027966437359605356,0.0,0.0,0.19999999999999996,,,_summary,displacement,
kappa_10,10.0,741817580,4,0.6,400,-114.54891175442322,0.027966437359605356,0.0,0.0,0.19999999999999996,,,_summary,rank_reversal,
kappa_10,10.0,741817580,4,0.6,400,-114.54891175442322,0.027966437359605356,0.0,0.0,0.19999999999999996,,,_summary,v_op_N,-114.54891175442322
kappa_10,10.0,741817580,4,0.6,400,-114.54891175442322,0.027966437359605356,0.0,0.0,0.19999999999999996,,,_summary,eff_gap_op,0.0
kappa_10,10.0,741817580,4,0.6,400,-114.54891175442322,0.027966437359605356,0.0,0.0,0.19999999999999996,,,firm_0,phi_op,94.58731308168478
kappa_10,10.0,741817580,4,0.6,400,-114.54891175442322,0.027966437359605356,0.0,0.0,0.19999999999999996,,,firm_0,phi_acc,0.038819589739387574
kappa_10,10.0,741817580,4,0.6,400,-114.54891175442322,0.027966437359605356,0.0,0.0,0.19999999999999996,,,firm_1,phi_op,-29.762425440305794
kappa_10,10.0,741817580,4,0.6,400,-114.54891175442322,0.027966437359605356,0.0,0.0,0.19999999999999996,,,firm_1,phi_acc,-0.015569448230639715
kappa_10,10.0,741817580,4,0.6,400,-114.54891175442322,0.027966437359605356,0.0,0.0,0.19999999999999996,,,firm_2,phi_op,-231.82725959432355
kappa_10,10.0,741817580,4,0.6,400,-114.54891175442322,0.027966437359605356,0.0,0.0,0.19999999999999996,,,firm_2,phi_acc,0.023437560797001822
kappa_10,10.0,741817580,4,0.6,400,-114.54891175442322,0.027966437359605356,0.0,0.0,0.19999999999999996,,,firm_3,phi_op,52.45346019852134
kappa_10,10.0,741817580,4,0.6,400,-114.54891175442322,0.027966437359605356,0.0,0.0,0.19999999999999996,,,firm_3,phi_acc,-0.018721264946144324
kappa_10,10.0,1575893166,4,0.6,400,277.94527472103437,0.013034183796898358,0.0,0.0,0.4,,,_summary,spearman_rho,0.4
kappa_10,10.0,1575893166,4,0.6,400,277.94527472103437,0.013034183796898358,0.0,0.0,0.4,,,_summary,displacement,
kappa_10,10.0,1575893166,4,0.6,400,277.94527472103437,0.013034183796898358,0.0,0.0,0.4,,,_summary,rank_reversal,
kappa_10,10.0,1575893166,4,0.6,400,277.94527472103437,0.013034183796898358,0.0,0.0,0.4,,,_summary,v_op_N,277.94527472103437
kappa_10,10.0,1575893166,4,0.6,400,277.94527472103437,0.013034183796898358,0.0,0.0,0.4,,,_summary,eff_gap_op,0.0
kappa_10,10.0,1575893166,4,0.6,400,277.94527472103437,0.013034183796898358,0.0,0.0,0.4,,,firm_0,phi_op,35.91964976844341
kappa_10,10.0,1575893166,4,0.6,400,277.94527472103437,0.013034183796898358,0.0,0.0,0.4,,,firm_0,phi_acc,0.0017951916369681278
kappa_10,10.0,1575893166,4,0.6,400,277.94527472103437,0.013034183796898358,0.0,0.0,0.4,,,firm_1,phi_op,28.696437551750584
kappa_10,10.0,1575893166,4,0.6,400,277.94527472103437,0.013034183796898358,0.0,0.0,0.4,,,firm_1,phi_acc,0.007913637296180451
kappa_10,10.0,1575893166,4,0.6,400,277.94527472103437,0.013034183796898358,0.0,0.0,0.4,,,firm_2,phi_op,-59.58568595938402
kappa_10,10.0,1575893166,4,0.6,400,277.94527472103437,0.013034183796898358,0.0,0.0,0.4,,,firm_2,phi_acc,-0.0032089461874152308
kappa_10,10.0,1575893166,4,0.6,400,277.94527472103437,0.013034183796898358,0.0,0.0,0.4,,,firm_3,phi_op,272.9148733602244
kappa_10,10.0,1575893166,4,0.6,400,277.94527472103437,0.013034183796898358,0.0,0.0,0.4,,,firm_3,phi_acc,0.006534301051165009
kappa_10,10.0,881711363,4,0.6,400,-288.5237263449726,0.017611718238736085,0.0,3.469446951953614e-18,1.0,,,_summary,spearman_rho,1.0
kappa_10,10.0,881711363,4,0.6,400,-288.5237263449726,0.017611718238736085,0.0,3.469446951953614e-18,1.0,,,_summary,displacement,
kappa_10,10.0,881711363,4,0.6,400,-288.5237263449726,0.017611718238736085,0.0,3.469446951953614e-18,1.0,,,_summary,rank_reversal,
kappa_10,10.0,881711363,4,0.6,400,-288.5237263449726,0.017611718238736085,0.0,3.469446951953614e-18,1.0,,,_summary,v_op_N,-288.5237263449726
kappa_10,10.0,881711363,4,0.6,400,-288.5237263449726,0.017611718238736085,0.0,3.469446951953614e-18,1.0,,,_summary,eff_gap_op,0.0
kappa_10,10.0,881711363,4,0.6,400,-288.5237263449726,0.017611718238736085,0.0,3.469446951953614e-18,1.0,,,firm_0,phi_op,9.721211195065944
kappa_10,10.0,881711363,4,0.6,400,-288.5237263449726,0.017611718238736085,0.0,3.469446951953614e-18,1.0,,,firm_0,phi_acc,0.005320238373893892
kappa_10,10.0,881711363,4,0.6,400,-288.5237263449726,0.017611718238736085,0.0,3.469446951953614e-18,1.0,,,firm_1,phi_op,49.799410752759684
kappa_10,10.0,881711363,4,0.6,400,-288.5237263449726,0.017611718238736085,0.0,3.469446951953614e-18,1.0,,,firm_1,phi_acc,0.020715370807468193
kappa_10,10.0,881711363,4,0.6,400,-288.5237263449726,0.017611718238736085,0.0,3.469446951953614e-18,1.0,,,firm_2,phi_op,-206.7855028198133
kappa_10,10.0,881711363,4,0.6,400,-288.5237263449726,0.017611718238736085,0.0,3.469446951953614e-18,1.0,,,firm_2,phi_acc,-0.008450975353408274
kappa_10,10.0,881711363,4,0.6,400,-288.5237263449726,0.017611718238736085,0.0,3.469446951953614e-18,1.0,,,firm_3,phi_op,-141.25884547298492
kappa_10,10.0,881711363,4,0.6,400,-288.5237263449726,0.017611718238736085,0.0,3.469446951953614e-18,1.0,,,firm_3,phi_acc,2.7084410782270748e-05
